datetime,n_sec,latitude,longitude,temp_c,rh,wspd,wspd_max,wdir,pres_hpa,heading,sog_ms,cog_deg,qc_bad_temp,qc_bad_wspd,qc_bad_pres,wspd_zero_frac,cruise_year,t2m_C,wind_ms,siconc,d2m_C,era5_lat,era5_lon,era5_region
2020-08-03 23:00:00,3589,65.14645449999999,-168.674748,,93.0,21.0,44.7,208.9273327617325,1006.36,354.30402250063446,5.212076037746875,337.27409760818676,0.9919197548063527,0.0,0.0,0.0,2020,5.598541259765625,10.942691802978516,0.0,3.862213134765625,65.25,191.25,chukchi
2020-08-04 00:00:00,3592,65.17388683333333,-168.69072491666668,,91.8,13.8,41.7,220.25512920709872,1006.3,12.815085143678466,0.046518816718425,32.86769942527913,0.9465478841870824,0.0,0.0,0.0,2020,5.598541259765625,10.942691802978516,0.0,3.862213134765625,65.25,191.25,chukchi
2020-08-04 01:00:00,3063,65.25884766666667,-168.5310038333333,,90.3,22.5,40.2,219.85126809827707,1005.82,33.10740604560718,5.1935511646645045,34.95713673898162,0.7120470127326151,0.0003264773098269,0.0003264773098269,0.0,2020,6.026275634765625,10.848769187927246,0.0,4.082916259765625,65.25,191.5,chukchi
2020-08-04 02:00:00,3594,65.42756925,-168.39935258333335,,90.3,22.7,43.6,209.85287174526204,1005.79,3.3828895950746403,5.5364904484113735,0.939878520880698,0.9977740678909294,0.0,0.0,0.0,2020,5.827056884765625,10.74665355682373,0.0,3.998931884765625,65.5,191.5,chukchi
2020-08-04 03:00:00,3592,65.6072805,-168.41729241666667,,95.5,21.6,40.8,206.8183747450236,1006.39,359.20358571696937,5.6366765801258065,357.53834869483563,1.0,0.0,0.0,0.0,2020,6.040435791015625,9.201921463012695,0.0,4.524810791015625,65.5,191.5,chukchi
2020-08-04 04:00:00,3594,65.79297508333333,-168.42048683333337,,95.8,21.1,37.2,203.8483668170519,1006.71,1.912103708183231,5.774281019090425,359.99736621976933,1.0,0.0,0.0,0.0,2020,5.841217041015625,8.875041007995605,0.0,4.450592041015625,65.75,191.5,chukchi
2020-08-04 05:00:00,3598,65.9115865,-168.42163833333336,,96.4,20.5,35.6,202.6735067462015,1007.08,357.32331534107016,5.779819641350133,1.8554116668318008,1.0,0.0,0.0,0.0,2020,5.558013916015625,8.555127143859863,0.0,4.407623291015625,66.0,191.5,chukchi
2020-08-04 06:00:00,3590,66.10149433333333,-168.42183691666668,,97.3,21.5,39.6,199.54106204840903,1006.82,0.4705839923686702,5.939057299332025,359.5540012265875,1.0,0.0,0.0,0.0,2020,5.558013916015625,8.555127143859863,0.0,4.407623291015625,66.0,191.5,chukchi
2020-08-04 07:00:00,3584,66.29600758333333,-168.4218638333333,,96.6,21.0,38.5,198.83528826613585,1007.14,359.6734056234666,5.956334991667614,357.38934433278837,1.0,0.0,0.0,0.0,2020,5.257232666015625,8.395294189453125,0.0,4.333404541015625,66.25,191.5,chukchi
2020-08-04 08:00:00,3594,66.47620308333333,-168.5407245,,96.7,20.7,37.2,188.39290579509571,1007.37,339.2291104209107,5.912119741690371,337.36273815141345,1.0,0.0,0.0,0.0,2020,5.190826416015625,8.238166809082031,0.0,4.261138916015625,66.5,191.5,chukchi
2020-08-04 09:00:00,3593,66.629966,-168.687219,,98.0,9.6,30.8,180.4032339097025,1007.8,335.7738055278818,0.0155892212784441,336.5769835439224,1.0,0.0,0.0,0.0,2020,4.645172119140625,7.092668533325195,0.0,3.719390869140625,66.75,191.25,chukchi
2020-08-04 10:00:00,3596,66.64201341666667,-168.69350266666666,,98.6,17.9,34.3,184.45024856035295,1008.23,344.5096124927568,5.299692109814066,345.86530820028935,1.0,0.0,0.0,0.0,2020,4.645172119140625,7.092668533325195,0.0,3.719390869140625,66.75,191.25,chukchi
2020-08-04 11:00:00,3589,66.82593266666666,-168.73865983333332,,98.3,19.0,35.2,187.88511894114396,1008.81,355.02963634457467,5.7015170183783725,354.1226979161861,1.0,0.0,0.0,0.0,2020,4.645172119140625,7.092668533325195,0.0,3.719390869140625,66.75,191.25,chukchi
2020-08-04 12:00:00,3593,67.008798,-168.7864733333333,,98.1,18.7,33.6,188.7990739072584,1007.63,355.08594573780914,5.703112401365927,354.1938015290316,1.0,0.0,0.0,0.0,2020,4.459625244140625,6.4367547035217285,0.0,3.641265869140625,67.0,191.25,chukchi
2020-08-04 13:00:00,3593,67.1499045,-168.82339516666664,,97.4,17.7,32.9,173.91974312842794,1007.51,349.95116082190737,5.317109139360662,352.90147287600206,0.9997216810464792,0.0,0.0,0.0,2020,4.420562744140625,6.0542192459106445,0.0,3.668609619140625,67.25,191.25,chukchi
2020-08-04 14:00:00,3594,67.30350158333334,-168.86346874999998,,96.8,17.5,32.0,177.57596713506015,1007.2,355.02981353232275,5.649745155923414,354.31691464748485,0.9994435169727324,0.0,0.0,0.0,2020,4.420562744140625,6.0542192459106445,0.0,3.668609619140625,67.25,191.25,chukchi
2020-08-04 15:00:00,3593,67.48555466666667,-168.91112383333336,,97.5,17.1,30.4,176.0545736637906,1006.88,355.6728021867007,5.676333060688494,354.4109729952159,1.0,0.0,0.0,0.0,2020,4.178863525390625,3.9732367992401123,0.0,3.492584228515625,67.5,191.0,chukchi
2020-08-04 16:00:00,3594,67.66802458333333,-168.95912791666666,,98.5,10.7,26.0,155.6123457713929,1006.85,334.6755744030277,3.0833270909564465,348.0276915697575,1.0,0.0,0.0,0.0,2020,4.528472900390625,4.5211052894592285,0.0,3.766021728515625,67.75,191.0,chukchi
2020-08-04 17:00:00,3593,67.67001816666667,-168.96015616666665,,98.7,5.7,15.4,137.07684187317994,1007.05,279.6777746657527,0.016864276418847,301.8362413352111,1.0,0.0,0.0,0.0,2020,4.528472900390625,4.5211052894592285,0.0,3.766021728515625,67.75,191.0,chukchi
2020-08-04 18:00:00,3595,67.71691816666666,-168.8117585,25.265,98.4,10.2,15.4,187.6453510570319,1007.2,45.27537786243904,5.973803563545652,48.667257522904315,0.1521557719054242,0.0,0.0,0.0,2020,4.653472900390625,4.597102165222168,0.0,3.838287353515625,67.75,191.25,chukchi
2020-08-04 19:00:00,3592,67.78336416666667,-168.60171016666666,,98.5,7.3,13.7,162.0567202342837,1007.23,6.320807795952058,2.9714588607942227,50.34021115490411,0.446826280623608,0.0,0.0,0.0,2020,4.782379150390625,4.69523811340332,0.0,3.918365478515625,67.75,191.5,chukchi
2020-08-04 20:00:00,3592,67.89801733333334,-168.23494075000002,,98.5,7.0,13.9,158.47762610139543,1007.14,48.277343307989334,1.7274518493969917,55.56724914969923,0.6951559020044543,0.0,0.0,0.0,2020,5.686676025390625,5.417113780975342,0.0,4.037506103515625,68.0,191.75,chukchi
2020-08-04 21:00:00,3595,67.95860983333334,-168.04041666666666,,98.4,9.1,14.0,186.15121416103003,1007.11,50.56936609195429,5.676391364442165,50.061877030350615,1.0,0.0,0.0,0.0,2020,5.753570556640625,3.622467041015625,0.0,4.328277587890625,68.0,192.0,chukchi
2020-08-04 22:00:00,3594,68.01301733333334,-167.86720341666663,,97.35,5.3,11.1,134.00815282455287,1007.05,337.85571511498927,0.0102958434811037,42.37948470406228,1.0,0.0,0.0,0.0,2020,5.927398681640625,3.8286986351013184,0.0,4.078277587890625,68.0,192.25,chukchi
2020-08-04 23:00:00,3594,68.08584875,-167.63183516666663,,88.9,9.4,14.4,205.63382319334931,1007.0,52.84351438039704,4.8914189610259005,50.77229205638109,0.9574290484140232,0.0,0.0,0.0,2020,5.927398681640625,3.8286986351013184,0.0,4.078277587890625,68.0,192.25,chukchi
2020-08-05 00:00:00,3590,68.14935391666666,-167.42738574999998,,87.5,8.7,11.7,176.52042746279844,1007.0,51.739549668523125,5.577547607817835,47.82078887410043,0.9618384401114206,0.0,0.0,0.0,2020,6.743804931640625,4.665113925933838,0.0,3.707183837890625,68.25,192.5,chukchi
2020-08-05 01:00:00,3588,68.24198299999999,-167.12179366666666,,82.5,5.7,12.6,149.3341822319344,1006.79,55.13572954990926,0.0208893437409753,47.21022482793306,0.9130434782608696,0.0,0.0,0.0,2020,7.025054931640625,4.8359880447387695,0.0,3.877105712890625,68.25,193.0,chukchi
2020-08-05 02:00:00,3595,68.256077,-167.26422599999998,,87.8,15.5,28.3,142.04032455349395,1012.32,296.392317517761,5.693707821744088,287.8490895312248,0.9830319888734352,0.0,0.0,0.0,2020,6.886383056640625,4.838894844055176,0.0,3.742340087890625,68.25,192.75,chukchi
2020-08-05 03:00:00,3595,68.30721766666667,-167.74637333333334,,94.9,15.6,28.5,145.8178321731842,1013.39,285.26060870916416,5.711853962868015,285.66586336247497,1.0,0.0,0.0,0.0,2020,6.044097900390625,3.1240105628967285,0.0,4.286773681640625,68.25,192.25,chukchi
2020-08-05 04:00:00,3592,68.3578575,-168.2284418333333,,97.7,14.9,27.1,140.94311333701114,1012.7,284.35430427135816,5.67644307779866,285.74732001960547,1.0,0.0,0.0,0.0,2020,5.749176025390625,3.141190767288208,0.0,4.157867431640625,68.25,191.75,chukchi
2020-08-05 05:00:00,3594,68.40647233333334,-168.69974658333334,,98.4,13.5,24.8,120.47857558827276,1011.32,284.2236809489298,5.506472296305763,289.297299844166,1.0,0.0,0.0,0.0,2020,6.014801025390625,4.348978042602539,0.0,4.321929931640625,68.5,191.25,chukchi
2020-08-05 06:00:00,3583,68.49497416666667,-168.798443,,98.7,9.6,19.2,164.16113321555528,1009.66,359.61910033476966,5.7101639606760815,3.0939661992381975,0.9997209042701648,0.0005581914596706,0.0002790957298353,0.0,2020,6.014801025390625,4.348978042602539,0.0,4.321929931640625,68.5,191.25,chukchi
2020-08-05 07:00:00,3593,68.68063216666665,-168.76073250000002,,96.7,11.0,18.8,170.66112660715504,1008.9,5.43580472489366,5.816913512040636,4.06644124964948,1.0,0.0,0.0,0.0,2020,6.407379150390625,5.298980712890625,0.0,4.118804931640625,68.75,191.25,chukchi
2020-08-05 08:00:00,3596,68.8668475,-168.72611925,,92.7,12.6,23.1,169.7853091983312,1008.52,5.276125338091372,5.668043939507935,4.0385376594788465,1.0,0.0,0.0,0.0,2020,6.407379150390625,5.298980712890625,0.0,4.118804931640625,68.75,191.25,chukchi
2020-08-05 09:00:00,3593,69.0498025,-168.69051350000004,,97.9,14.1,25.9,183.79628812728492,1005.61,6.474673060018866,5.722664680009702,4.21282989677332,1.0,0.0,0.0,0.0,2020,6.195220947265625,3.009888172149658,0.0,2.900543212890625,69.0,191.25,chukchi
2020-08-05 10:00:00,3531,69.16666466666668,-168.6663053333333,,95.2,4.9,21.3,132.6551078981654,1006.39,345.13594371920306,0.0147865993342708,359.64165529879136,1.0,0.0,0.0,0.0,2020,5.718658447265625,1.677140235900879,0.0,2.619293212890625,69.25,191.25,chukchi
2020-08-05 11:00:00,3589,69.26994633333334,-168.66696683333333,,96.8,14.0,23.4,190.59718433196144,1004.17,359.54980467692286,5.840285000107556,359.6657947272688,0.9997213708553916,0.0,0.0,0.0,2020,5.718658447265625,1.677140235900879,0.0,2.619293212890625,69.25,191.25,chukchi
2020-08-05 12:00:00,3589,69.45962966666666,-168.6665961666667,,92.7,14.4,26.1,208.92164302572283,1007.28,1.3984113099289028,5.851465924810878,0.2246012634354507,1.0,0.0,0.0,0.0,2020,4.882720947265625,1.6213767528533936,0.0,1.931793212890625,69.5,191.25,chukchi
2020-08-05 13:00:00,3593,69.64808816666667,-168.6665945,,86.4,14.0,23.4,204.88318839455656,1010.31,359.78584489154025,5.777345312523964,359.966590157849,1.0,0.0,0.0,0.0,2020,4.179595947265625,1.5270705223083496,0.0,1.033355712890625,69.75,191.25,chukchi
2020-08-05 14:00:00,3593,69.83081,-168.6664803333333,,85.4,13.0,22.9,203.14931533047553,1007.92,352.42217000354333,5.586236455279059,0.768956330359502,0.989423879766212,0.0,0.0,0.0,2020,4.179595947265625,1.5270705223083496,0.0,1.033355712890625,69.75,191.25,chukchi
2020-08-05 15:00:00,3591,69.96178333333334,-168.66674199999997,,87.9,12.1,21.5,198.67127306530523,1005.96,0.0097568845741108,5.7592685920910105,0.1146301205513209,0.9974937343358397,0.0,0.0,0.0,2020,3.954986572265625,1.446425437927246,0.0,0.418609619140625,70.0,191.25,chukchi
2020-08-05 16:00:00,3596,70.14750683333332,-168.66724725,,88.6,10.8,16.9,192.2206481882438,1005.99,1.6259206934996004,5.7244106878610905,359.88095870474365,1.0,0.0,0.0,0.0,2020,3.671783447265625,2.505314826965332,0.0,0.301422119140625,70.25,191.25,chukchi
2020-08-05 17:00:00,3593,70.33111366666667,-168.66552249999998,,87.0,9.8,15.2,186.40355605085543,1006.48,1.1118533193248907,5.657926795915618,0.0378770249450636,1.0,0.0,0.0,0.0,2020,3.671783447265625,2.505314826965332,0.0,0.301422119140625,70.25,191.25,chukchi
2020-08-05 18:00:00,3593,70.49993283333333,-168.66686416666664,,85.0,4.9,14.3,120.01490550481492,1006.19,301.41366255473315,0.0580404167062473,5.5567561491155,1.0,0.0,0.0,0.0,2020,3.558502197265625,3.306739330291748,0.0,0.268218994140625,70.5,191.25,chukchi
2020-08-05 19:00:00,3591,70.50360983333333,-168.66811266666664,,85.6,6.4,13.7,129.86536410377613,1005.61,325.00013661063565,2.7476809328661935,345.3797304337804,1.0,0.0,0.0,0.0,2020,3.558502197265625,3.306739330291748,0.0,0.268218994140625,70.5,191.25,chukchi
2020-08-05 20:00:00,3593,70.68715900000001,-168.66682533333332,,84.6,8.6,12.7,168.46724877275724,1005.33,0.8731952232016731,5.69766328728089,0.0320135900347363,1.0,0.0,0.0,0.0,2020,3.515533447265625,3.873161792755127,0.0,0.455718994140625,70.75,191.25,chukchi
2020-08-05 21:00:00,3591,70.87107533333332,-168.66661233333332,,83.4,8.5,13.4,161.13299985250967,1003.97,1.9619944116555477,5.710399408372864,0.0047220704510337,1.0,0.0,0.0,0.0,2020,4.027740478515625,5.009522914886475,0.0,1.129058837890625,70.75,191.25,chukchi
2020-08-05 22:00:00,3590,70.98715525,-168.66665516666666,,92.0,7.8,14.6,135.0671825629317,1001.35,359.052432828682,5.7486979873586925,3.519592389016997,0.9988857938718664,0.0,0.0,0.0,2020,4.033599853515625,4.988926410675049,0.0,1.422027587890625,71.0,191.25,chukchi
2020-08-05 23:00:00,3594,71.17609408333334,-168.66711358333333,,91.7,9.8,23.4,164.1685749830967,1001.15,1.7488849962675337,5.815882689954005,0.136712845746853,1.0,0.0,0.0,0.0,2020,4.055084228515625,3.749058485031128,0.0,1.039215087890625,71.25,191.25,chukchi
2020-08-06 00:00:00,3590,71.36559891666667,-168.66665,,91.2,9.0,14.9,163.5660478007099,1005.61,359.84664920130695,5.8759934595208705,356.967681668003,1.0,0.0,0.0,0.0,2020,4.055084228515625,3.749058485031128,0.0,1.039215087890625,71.25,191.25,chukchi
2020-08-06 01:00:00,3589,71.43007083333333,-168.6667401666667,,89.5,4.5,10.5,119.95136133183142,1006.71,200.47932667996503,0.0070451072968621,48.0767536477632,1.0,0.0,0.0,0.0,2020,3.683990478515625,2.619011163711548,0.0,0.781402587890625,71.5,191.25,chukchi
2020-08-06 02:00:00,3593,71.43007233333333,-168.66672233333333,,90.8,4.0,25.9,156.52262362322625,1006.68,220.52191361250817,0.0061409858156595,348.4005153968685,1.0,0.0,0.0,0.0,2020,3.683990478515625,2.619011163711548,0.0,0.781402587890625,71.5,191.25,chukchi
2020-08-06 03:00:00,3593,71.57754766666667,-168.66738083333337,,97.1,15.1,25.4,188.5651383676602,1006.13,0.5597517356342564,5.713344523827221,359.9827926965373,1.0,0.0,0.0,0.0,2020,2.321685791015625,2.8084115982055664,0.0,0.522369384765625,71.5,191.25,chukchi
2020-08-06 04:00:00,3593,71.76561199999999,-168.66675866666665,,95.1,14.2,23.9,185.163776436698,1002.53,2.330543123532961,5.8047207869237205,0.0623163233282072,1.0,0.0,0.0,0.0,2020,1.960357666015625,2.8166096210479736,0.0,0.416900634765625,71.75,191.25,chukchi
2020-08-06 05:00:00,3594,71.895045,-168.66662266666668,,87.8,12.4,21.6,159.85893269110932,1002.24,352.7867328978445,4.935537647922222,0.6921607540296812,1.0,0.0,0.0,0.0,2020,1.181060791015625,2.682950973510742,0.0,0.412994384765625,72.0,191.25,chukchi
2020-08-06 06:00:00,3588,72.05961733333334,-168.66879716666668,,87.8,13.3,21.5,185.0670063429457,1008.64,0.1763915105743629,5.9909374020645085,359.7253375398332,1.0,0.0,0.0,0.0,2020,1.181060791015625,2.682950973510742,0.0,0.412994384765625,72.0,191.25,chukchi
2020-08-06 07:00:00,3595,72.25348699999999,-168.66772666666668,,83.6,12.5,20.6,181.93026305475416,1007.92,1.08657999748565,5.92469106059555,0.2430793461662038,1.0,0.0,0.0,0.0,2020,0.595123291015625,2.5841596126556396,0.0,0.336822509765625,72.25,191.25,chukchi
2020-08-06 08:00:00,3591,72.36008733333333,-168.6660975,,87.9,2.9,15.2,99.95824091523409,1005.79,321.8413418435543,0.0083616217982002,317.0914533747283,1.0,0.0,0.0,0.0,2020,0.595123291015625,2.5841596126556396,0.0,0.336822509765625,72.25,191.25,chukchi
2020-08-06 09:00:00,3596,72.44042975,-168.659862,,92.7,11.4,19.6,166.77453853998762,1006.91,356.120146875873,5.714822869656607,358.0133649494382,1.0,0.0,0.0,0.0,2020,0.703277587890625,3.2117371559143066,0.0,-0.606536865234375,72.5,191.25,chukchi
2020-08-06 10:00:00,3592,72.62384141666666,-168.66881283333333,,97.9,8.3,17.4,178.842162058834,1004.2,0.918537837121882,5.685499533461163,359.0351471066283,1.0,0.0,0.0,0.0,2020,0.703277587890625,3.2117371559143066,0.0,-0.606536865234375,72.5,191.25,chukchi
2020-08-06 11:00:00,3591,72.79624933333334,-168.6797025,,98.4,4.9,11.6,159.40626534822366,1001.26,29.296249993009702,4.643598373157759,3.3526744830076782,0.9955444165970482,0.0,0.0,0.0,2020,0.131011962890625,3.403071641921997,0.09619140625,-0.753021240234375,72.75,191.25,chukchi
2020-08-06 12:00:00,3587,72.88388483333333,-168.46786666666668,,98.5,4.2,44.0,265.26168053684603,1000.69,47.62748127439925,5.581307468259021,44.1815597872281,0.9988848620016728,0.0,0.0002787844995818,0.0,2020,-0.390472412109375,3.307992935180664,0.26788330078125,-1.036224365234375,73.0,191.5,chukchi
2020-08-06 13:00:00,3594,72.99039533333332,-168.0453385,,98.6,4.4,11.4,280.8745934322544,999.54,58.21222866949496,4.992905227101722,55.680254417296375,0.996661101836394,0.0,0.0,0.0002782415136338,2020,-0.417816162109375,2.6834475994110107,0.278411865234375,-0.938568115234375,73.0,192.0,chukchi
2020-08-06 14:00:00,3591,73.06948216666666,-167.57062100000002,,98.6,4.5,12.8,257.9397841285777,998.67,61.40690202492677,6.223138764682094,58.71204821641057,0.996658312447786,0.0,0.0,0.0,2020,-0.472503662109375,1.8666335344314575,0.27191162109375,-0.840911865234375,73.0,192.5,chukchi
2020-08-06 15:00:00,3596,73.19474166666666,-167.01192066666664,,98.5,4.6,11.0,250.0989228901732,998.18,64.21361172618083,6.657997336530376,60.96907110524582,0.99944382647386,0.0,0.0,0.0,2020,-0.978363037109375,2.094345808029175,0.348480224609375,-1.274505615234375,73.25,193.0,chukchi
2020-08-06 16:00:00,3584,73.31122575,-166.6241891666667,,98.5,7.7,12.2,192.42645131187777,997.29,350.67184565512616,5.92736919344714,350.32385694682335,0.990234375,0.0,0.0002790178571428,0.0,2020,-1.050628662109375,2.0133743286132812,0.36029052734375,-1.327239990234375,73.25,193.5,chukchi
2020-08-06 17:00:00,3589,73.461415,-166.99962833333333,,98.4,8.7,14.7,161.14846143520248,997.35,321.1987742472019,6.317603132753243,319.0122312873561,0.9924770130955698,0.0,0.0,0.0,2020,-1.150238037109375,2.1959593296051025,0.32464599609375,-1.424896240234375,73.5,193.0,chukchi
2020-08-06 18:00:00,3592,73.62273091666667,-167.4285951666667,,98.0,7.1,11.3,161.75488797430273,995.99,326.016091922181,6.247625132127955,323.83941632341015,0.7892538975501113,0.0,0.0,0.0,2020,-0.978363037109375,2.685061454772949,0.314483642578125,-1.333099365234375,73.5,192.5,chukchi
2020-08-06 19:00:00,3588,73.7606335,-167.90092366666664,,98.1,6.8,13.6,145.45293219929843,995.01,320.58183045801536,6.033408818501614,319.03249325886804,0.6560758082497213,0.0,0.0,0.0,2020,-0.939300537109375,2.885868787765503,0.304229736328125,-1.387786865234375,73.75,192.0,chukchi
2020-08-06 20:00:00,3594,73.88865466666667,-168.20053508333334,,98.4,6.9,14.0,73.97183735054806,994.67,246.1159252494143,0.0652517263365725,304.1803921683613,0.8542014468558708,0.0,0.0,0.0,2020,-0.982269287109375,2.7610886096954346,0.281768798828125,-1.571380615234375,74.0,191.75,chukchi
2020-08-06 21:00:00,3591,73.88737850000001,-168.20184633333332,,98.6,4.0,8.9,55.88050482802381,994.73,187.47748849482693,0.0130492495347662,176.35747412536398,0.849624060150376,0.0,0.0,0.0,2020,-0.169036865234375,3.272695779800415,0.257781982421875,-1.391448974609375,74.0,191.75,chukchi
2020-08-06 22:00:00,3593,73.88673266666666,-168.20073549999998,,98.2,3.5,8.0,66.14576886383696,994.73,72.1777476491729,0.0077284835295355,114.59721458002448,0.6885610910102978,0.0,0.0,0.0,2020,-0.169036865234375,3.272695779800415,0.257781982421875,-1.391448974609375,74.0,191.75,chukchi
2020-08-06 23:00:00,3592,73.886892,-168.20052016666668,,96.9,4.4,14.4,101.87505178471427,994.81,22.1532285346832,0.0315976710508355,341.4192064436258,0.4649220489977728,0.0,0.0,0.0,2020,-0.169036865234375,3.272695779800415,0.257781982421875,-1.391448974609375,74.0,191.75,chukchi
2020-08-07 00:00:00,3590,73.95491650000001,-168.27928583333335,21.11,96.2,3.7,10.3,73.30186180149441,994.78,75.8082448507786,0.2547727886340202,60.00859703833684,0.0813370473537604,0.0,0.0,0.0,2020,-0.169036865234375,3.272695779800415,0.257781982421875,-1.391448974609375,74.0,191.75,chukchi
2020-08-07 01:00:00,3591,73.95631916666666,-168.26903833333333,,94.5,4.2,10.5,81.40503546439963,995.13,272.7066013538003,0.0342868918329952,295.4393353425462,0.2450570871623503,0.0,0.0,0.0,2020,-0.169036865234375,3.272695779800415,0.257781982421875,-1.391448974609375,74.0,191.75,chukchi
2020-08-07 02:00:00,3591,73.99875416666667,-168.29627016666666,,87.0,9.5,20.8,159.52527799117965,995.25,353.39006805985434,5.829023128383446,7.085112478271277,0.747702589807853,0.0,0.0,0.0,2020,-0.169036865234375,3.272695779800415,0.257781982421875,-1.391448974609375,74.0,191.75,chukchi
2020-08-07 03:00:00,3593,74.1882455,-168.21278616666666,,88.8,9.9,15.5,185.688186612112,995.42,15.1560995298997,6.228441303790523,10.73747550900148,0.4464236014472585,0.0,0.0,0.0,2020,-0.651702880859375,2.504946231842041,0.2542724609375,-1.943206787109375,74.25,191.75,chukchi
2020-08-07 04:00:00,3595,74.34469783333334,-168.0494276666667,,92.3,4.1,13.6,132.84832632164546,995.73,78.20154648717435,0.8609309725461167,20.56500362982543,0.6817802503477052,0.0,0.0,0.0,2020,-0.638031005859375,2.480487108230591,0.25408935546875,-1.913909912109375,74.25,192.0,chukchi
2020-08-07 05:00:00,3593,74.47224483333333,-168.01382433333336,,93.7,11.2,17.8,182.3072478785857,995.79,5.9457442539128555,6.2948930584093405,4.8233635455551065,0.9123295296409686,0.0,0.0,0.0,2020,-0.659515380859375,2.459432601928711,0.253021240234375,-1.691253662109375,74.5,192.0,chukchi
2020-08-07 06:00:00,3590,74.66422750000001,-167.94926433333333,,86.1,12.3,22.0,178.3524016455789,996.02,4.239052577468174,5.923826875904966,2.875668294653701,0.4345403899721448,0.0,0.0,0.0,2020,-0.684906005859375,2.5415799617767334,0.2691650390625,-1.626800537109375,74.75,192.0,chukchi
2020-08-07 07:00:00,3592,74.80058741666667,-167.89854283333335,20.45,76.7,5.1,16.8,114.09292883989907,996.43,245.06296687830292,0.0098847398938833,24.828154697985525,0.0381403118040089,0.0,0.0,0.0,2020,-0.684906005859375,2.5415799617767334,0.2691650390625,-1.626800537109375,74.75,192.0,chukchi
2020-08-07 08:00:00,3593,74.80056783333333,-167.8984288333333,15.24,77.8,3.5,7.5,89.8674611744253,996.83,229.7987493572836,0.0042477170182746,183.66887096532653,0.1436125800166991,0.0,0.0,0.0,2020,-0.684906005859375,2.5415799617767334,0.2691650390625,-1.626800537109375,74.75,192.0,chukchi
2020-08-07 09:00:00,3589,74.85140249999999,-168.02085366666662,13.48,92.9,15.1,26.0,154.19895989841964,997.15,320.18033131207864,5.971264781524065,330.35171166619153,0.0181108943995541,0.0,0.0,0.0,2020,-1.412200927734375,3.7851476669311523,0.2691650390625,-2.480072021484375,74.75,192.0,chukchi
2020-08-09 16:00:00,3560,75.988343,179.9452435,-1.34,98.8,2.9,6.1,276.8843554278927,1004.61,24.659718276751637,0.2577748332464944,209.15431859728295,0.0,0.0,0.0,0.0,2020,-1.028167724609375,3.5007972717285156,0.313751220703125,-1.493011474609375,76.0,180.0,east_siberian
2020-08-09 17:00:00,3592,75.98364733333332,179.9237265,-0.97,98.8,2.2,6.2,320.8211628446988,1004.72,37.635910957467566,0.0081914498791888,210.2782891722701,0.0,0.0,0.0,0.0,2020,-1.028167724609375,3.5007972717285156,0.313751220703125,-1.493011474609375,76.0,180.0,east_siberian
2020-08-09 18:00:00,3592,75.97769433333333,179.85336133333334,-0.82,98.9,0.9,6.9,196.91391855551583,1004.61,36.86362967979783,0.5709203195641966,349.3639041496405,0.0,0.0,0.0,0.0687639198218262,2020,-1.049652099609375,3.5963964462280273,0.319000244140625,-1.518402099609375,76.0,179.75,east_siberian
2020-08-09 19:00:00,3051,76.0351685,179.4585851666667,-0.73,98.9,6.3,11.9,172.49873482135834,1004.61,298.96503280087603,6.42341295822668,298.1897245715604,0.0,0.0,0.0003277613897082,0.1225827597509013,2020,-1.078948974609375,3.6937270164489746,0.320556640625,-1.547698974609375,76.0,179.5,east_siberian
2020-08-09 20:00:00,3592,76.13151291666665,178.64749033333334,-0.73,98.9,6.4,7.7,177.31921973560154,1004.81,290.82273863293705,6.390726083768899,291.9340759080587,0.0,0.0,0.0,0.0350779510022271,2020,-1.149261474609375,3.8495709896087646,0.3270263671875,-1.596527099609375,76.25,178.75,east_siberian
2020-08-09 21:00:00,3595,76.18552466666667,178.04598766666666,-0.55,98.9,2.3,13.2,16.349216994488717,1004.92,297.6943619220744,0.0097402582779569,276.78132240204013,0.0,0.0,0.0,0.0002781641168289,2020,-0.452972412109375,4.187471866607666,0.3167724609375,-0.868743896484375,76.25,178.0,east_siberian
2020-08-09 22:00:00,3594,76.22690233333334,178.14224891666666,-1.0,98.9,7.3,13.3,243.02093262674012,1005.1,8.269457073993728,5.737935000625907,21.777642332298104,0.0,0.0,0.0,0.0,2020,-0.456878662109375,4.16579532623291,0.31048583984375,-0.868743896484375,76.25,178.25,east_siberian
2020-08-09 23:00:00,3592,76.38337358333334,178.49951033333332,-0.57,98.9,7.7,13.2,237.4138395784223,1005.33,31.927498929411115,5.636292170297393,30.007212214350044,0.0,0.0,0.0,0.0,2020,-0.458831787109375,4.23587703704834,0.326324462890625,-0.835540771484375,76.5,178.5,east_siberian
2020-08-10 00:00:00,3591,76.54407516666667,178.866381,-0.58,98.9,8.8,16.3,257.4632639164516,1005.38,39.89183103082388,6.106799931443544,33.504365178200395,0.0,0.0,0.0,0.0,2020,-0.470550537109375,4.268179416656494,0.315704345703125,-0.845306396484375,76.5,178.75,east_siberian
2020-08-10 01:00:00,3568,76.59264316666666,179.02058591666668,-0.55,98.9,3.9,8.2,333.68759513073763,1006.02,0.1816794540097298,0.0078967913351082,291.38342835967876,0.0,0.0002802690582959,0.0002802690582959,0.0,2020,-0.480316162109375,4.304315090179443,0.31195068359375,-0.847259521484375,76.5,179.0,east_siberian
2020-08-10 02:00:00,3590,76.65411175,179.17126316666668,-0.48,98.9,9.3,18.3,247.37610001982165,1005.96,25.45720691102896,6.177732414121144,26.27922363581521,0.0,0.0,0.0,0.0,2020,-0.437347412109375,4.636641979217529,0.35369873046875,-0.794525146484375,76.75,179.25,east_siberian
2020-08-10 03:00:00,3595,76.8265495,179.5363595,-0.32,99.0,9.0,18.6,249.2751223934243,1006.19,35.70079742549203,6.263969204099498,31.25641815290372,0.0,0.0,0.0,0.0,2020,-0.460540771484375,4.7829084396362305,0.35479736328125,-0.849945068359375,76.75,179.5,east_siberian
2020-08-10 04:00:00,3592,76.99201833333333,179.8391824166667,-0.27,99.0,8.5,17.7,280.62809039622374,1006.65,77.65094600557646,5.061926187102687,19.70223552266101,0.0,0.0,0.0,0.0,2020,-0.189056396484375,5.095669746398926,0.398529052734375,-0.562835693359375,77.0,179.75,east_siberian
2020-08-13 18:00:00,3593,76.98607766666667,173.577191,-0.17,99.0,5.4,16.9,343.54014558673873,1007.63,155.60438845199056,5.483708597838344,179.43379795319044,0.0,0.0,0.0,0.0,2020,-0.323333740234375,5.006715297698975,0.4892578125,-0.864349365234375,77.0,173.5,east_siberian
2020-08-13 19:00:00,3586,76.80184833333334,173.575045,-0.01,99.0,4.8,20.6,345.76209462362544,1007.8,178.06441751600977,5.702024976221996,183.4245589993099,0.0,0.0005577244841048,0.0002788622420524,0.0,2020,-0.378021240234375,5.241362571716309,0.425018310546875,-0.938568115234375,76.75,173.5,east_siberian
2020-08-13 20:00:00,3589,76.618943,173.56239166666668,0.0,99.0,5.2,16.4,324.89458925389647,1007.89,172.11476189596468,5.765509092722241,177.3693238908482,0.0,0.0,0.0,0.0,2020,-0.403411865234375,5.49005651473999,0.34515380859375,-0.960052490234375,76.5,173.5,east_siberian
2020-08-13 21:00:00,3591,76.49989633333333,173.59938300000002,-0.08,99.0,7.6,17.5,316.64179668045364,1008.15,138.69263266265568,0.1165732263031346,198.3343013767703,0.0,0.0,0.0,0.0,2020,-0.235443115234375,6.792834281921387,0.220245361328125,-0.713714599609375,76.5,173.5,east_siberian
2020-08-13 22:00:00,3591,76.40282233333333,173.61661133333334,-0.06,99.0,7.8,24.0,318.8795637664339,1007.98,171.3508971421011,5.8777933494261,174.2645492150997,0.0,0.0,0.0,0.0,2020,-0.235443115234375,6.792834281921387,0.220245361328125,-0.713714599609375,76.5,173.5,east_siberian
2020-08-13 23:00:00,3593,76.21462966666667,173.61654850000002,-0.07,99.0,6.0,21.9,314.4227043738969,1007.83,185.0953151199448,6.190739804416084,189.81979787109543,0.0,0.0,0.0,0.0002783189535207,2020,-0.321380615234375,7.360143661499023,0.0,-0.846527099609375,76.25,173.5,east_siberian
2020-08-14 00:00:00,3593,76.04273483333333,173.57064283333335,0.04,99.0,7.5,20.4,297.4537120050879,1007.49,133.6063016268968,3.398937315190256,186.5036455893042,0.0,0.0,0.0,0.0,2020,-0.432708740234375,7.9623565673828125,0.0,-1.063323974609375,76.0,173.5,east_siberian
2020-08-14 01:00:00,3562,76.04495333333332,173.56689400000002,0.08,99.0,9.7,20.9,287.37092780780915,1007.37,100.37682524544988,0.010679071779634,328.45110122274775,0.0002807411566535,0.0,0.0002807411566535,0.0,2020,-0.432708740234375,7.9623565673828125,0.0,-1.063323974609375,76.0,173.5,east_siberian
2020-08-14 02:00:00,3593,76.04760866666668,173.55586366666665,0.13,99.0,10.4,21.9,291.14392358349056,1007.0,88.73515210527721,0.0060077270384044,302.2709313996441,0.0,0.0,0.0,0.0,2020,-0.432708740234375,7.9623565673828125,0.0,-1.063323974609375,76.0,173.5,east_siberian
2020-08-14 03:00:00,3593,76.04507533333334,173.51337800000002,0.1,99.0,10.5,23.3,290.64173918955464,1006.54,61.13548289220103,0.0897805233914121,286.08155344727186,0.0,0.0,0.0,0.0,2020,-0.633636474609375,9.861730575561523,0.0,-1.803314208984375,76.0,173.5,east_siberian
2020-08-14 04:00:00,3590,76.05766841666666,173.546406,0.05,98.8,12.3,29.2,281.0813417026865,1006.22,339.22642300885167,0.8155889523873362,346.60477666585393,0.0,0.0,0.0,0.0,2020,-0.633636474609375,9.861730575561523,0.0,-1.803314208984375,76.0,173.5,east_siberian
2020-08-14 05:00:00,3591,76.05681299999999,173.53194233333332,0.17,98.3,11.4,27.2,285.3948868006546,1006.3,263.12027904581987,0.022297242677006,204.25100384224965,0.0,0.0,0.0,0.0,2020,-0.633636474609375,9.861730575561523,0.0,-1.803314208984375,76.0,173.5,east_siberian
2020-08-14 06:00:00,3591,76.05378866666666,173.53230966666663,0.08,98.5,13.0,30.2,285.77499425429994,1005.21,60.67066173925364,0.0066866697997102,327.5586422923365,0.0,0.0,0.0,0.0,2020,-0.633636474609375,9.861730575561523,0.0,-1.803314208984375,76.0,173.5,east_siberian
2020-08-14 07:00:00,3587,75.997758,173.52985,0.08,98.1,10.6,28.2,281.0103217925936,1004.61,163.21124353028242,6.218628195981007,179.79596056421883,0.0,0.0,0.0002787844995818,0.0,2020,-0.633636474609375,9.861730575561523,0.0,-1.803314208984375,76.0,173.5,east_siberian
2020-08-14 08:00:00,3592,75.797403,173.49634341666666,0.13,98.3,9.7,25.1,283.0381720072205,1003.6,172.40280526718888,6.208075799016617,179.52019565468473,0.0,0.0,0.0,0.0,2020,-0.512542724609375,9.973963737487793,0.0,-1.641204833984375,75.75,173.5,east_siberian
2020-08-14 09:00:00,3595,75.59878583333334,173.53874116666665,0.0,98.6,9.9,24.4,285.76197122882206,1002.42,167.2903673603355,6.1518574026449135,173.96802559464098,0.0,0.0,0.0,0.0,2020,-0.346038818359375,9.886170387268066,0.0,-0.962249755859375,75.5,173.5,east_siberian
2020-08-14 10:00:00,3593,75.50013266666666,173.60000733333334,-0.08,98.7,8.4,24.8,287.4854738572561,1001.81,135.55463365712714,1.9082575127249797,143.5255796048252,0.0,0.0,0.0,0.0,2020,-0.346038818359375,9.886170387268066,0.0,-0.962249755859375,75.5,173.5,east_siberian
2020-08-14 11:00:00,3594,75.36436558333332,174.04459183333336,-0.11,98.8,11.3,29.5,288.1905679854494,1000.86,136.8112628491979,5.867249043878788,139.80828900569298,0.0,0.0,0.0,0.0,2020,-0.121429443359375,9.191069602966309,0.0,-0.561859130859375,75.25,174.0,east_siberian
2020-08-14 12:00:00,3594,75.225311,174.54814525,0.0,98.9,8.1,22.2,286.02903194650753,1000.57,131.57289953003158,5.993245356737452,133.65668113486794,0.0,0.0,0.0,0.0,2020,-0.043304443359375,9.108095169067383,0.0,-0.438812255859375,75.25,174.5,east_siberian
2020-08-14 13:00:00,3586,75.08237125,175.079942,0.05,98.9,2.9,16.0,337.82582620089585,1000.66,137.66442870747025,6.171443269487013,144.4834895378035,0.0,0.0,0.0,0.0,2020,0.427398681640625,7.51967191696167,0.0,0.201812744140625,75.0,175.0,east_siberian
2020-08-14 14:00:00,3589,74.98235933333333,175.20741216666664,-0.08,99.0,2.4,13.5,75.98312383906841,1001.01,184.36568165077432,6.3805857839162154,192.06290123479727,0.0,0.0,0.0,0.0,2020,0.441070556640625,7.341634273529053,0.0,0.221343994140625,75.0,175.25,east_siberian
2020-08-14 15:00:00,3590,74.78459283333333,175.06664808333332,0.2,99.0,7.9,18.8,98.72018021691136,1000.78,188.78206424547915,6.3485454866160715,190.65032627943864,0.0,0.0,0.0,0.0,2020,0.102203369140625,7.6829705238342285,0.0,-0.261322021484375,74.75,175.0,east_siberian
2020-08-14 16:00:00,3569,74.63627849999999,174.9355956666667,0.09,99.0,5.4,19.2,103.75799278945324,1002.62,169.70713840717195,0.6530625371834565,180.624420977021,0.0,0.0,0.0,0.0,2020,0.102203369140625,7.6829705238342285,0.0,-0.261322021484375,74.75,175.0,east_siberian
2020-08-14 17:00:00,3593,74.62233733333333,174.94326866666665,0.01,99.1,4.2,8.8,110.59844584805548,1003.02,234.44742532523932,0.2049147442336128,303.97024794534514,0.0,0.0,0.0,0.0,2020,0.235015869140625,8.587689399719238,0.0,-0.290618896484375,74.5,175.0,east_siberian
2020-08-14 18:00:00,3571,74.622922,174.94318733333336,-0.01,99.1,4.1,9.4,100.12744374387712,1003.71,238.92604718535233,0.0324280471066979,268.17810064535786,0.0,0.0,0.0002800336040324,0.0,2020,0.235015869140625,8.587689399719238,0.0,-0.290618896484375,74.5,175.0,east_siberian
2020-08-14 19:00:00,3591,74.633677,174.92672983333335,-0.02,99.0,4.6,12.7,101.47673323809556,1004.75,195.19563355398947,0.6068085361622441,12.362464024537262,0.0,0.0,0.0,0.0,2020,0.102203369140625,7.6829705238342285,0.0,-0.261322021484375,74.75,175.0,east_siberian
2020-08-14 20:00:00,3586,74.63629116666667,174.91638716666668,-0.53,99.0,8.8,18.4,91.93447018816526,1005.18,255.47588455692772,0.0406980267180657,329.6403258472883,0.0,0.0,0.0002788622420524,0.0,2020,0.102203369140625,7.6829705238342285,0.0,-0.261322021484375,74.75,175.0,east_siberian
2020-08-14 21:00:00,3590,74.63629133333333,174.9163385,-0.72,99.0,8.5,19.6,95.38743340822664,1005.53,242.00156166313968,0.0143547796945953,132.60738738323926,0.0,0.0,0.0,0.0,2020,0.209381103515625,5.623337745666504,0.0,-0.338714599609375,74.75,175.0,east_siberian
2020-08-14 22:00:00,3590,74.63627516666666,174.91638733333335,-0.88,99.0,7.8,18.4,96.23927278512002,1006.07,245.99813309191617,0.0134131315304535,154.27030549649194,0.0,0.0,0.0,0.0,2020,0.209381103515625,5.623337745666504,0.0,-0.338714599609375,74.75,175.0,east_siberian
2020-08-14 23:00:00,3584,74.63565283333332,174.9112495,-0.99,99.0,6.3,13.2,94.71359355041,1006.42,244.9907071081581,0.0205952436925195,226.88281850291912,0.0,0.0,0.0,0.0,2020,0.209381103515625,5.623337745666504,0.0,-0.338714599609375,74.75,175.0,east_siberian
2020-08-15 00:00:00,3589,74.63682733333333,174.92050966666665,-0.74,98.9,5.1,13.6,100.690484158208,1006.62,241.68916635087544,0.0483953424574099,335.56308515278073,0.0,0.0,0.0,0.0100306492059069,2020,0.209381103515625,5.623337745666504,0.0,-0.338714599609375,74.75,175.0,east_siberian
2020-08-15 01:00:00,3593,74.60090416666667,174.56987233333336,-0.95,98.8,6.5,8.3,177.97644206123323,1006.02,247.152222957804,6.522302300321558,249.1269649496431,0.0,0.0,0.0,0.0,2020,0.312896728515625,4.648637294769287,0.0,-0.221527099609375,74.5,174.5,east_siberian
2020-08-15 02:00:00,3591,74.52362433333333,173.82393266666665,-0.73,98.8,6.5,8.1,177.88805037477766,1005.7,247.07340847932664,6.58760300637525,249.1461724525312,0.0,0.0,0.0,0.0197716513505987,2020,0.176177978515625,4.274372577667236,0.0,-0.375823974609375,74.5,173.75,east_siberian
2020-08-15 03:00:00,3557,74.45194599999999,173.357566,-0.48,98.8,6.6,7.6,177.02161552748782,1004.98,233.71391873919225,6.54747823110209,233.06452122587635,0.0,0.0,0.0,0.0143379252178802,2020,0.204986572265625,6.054714679718018,0.0,-0.398529052734375,74.5,173.25,east_siberian
2020-08-15 04:00:00,3590,74.32356641666667,172.73061225,0.0,98.9,6.7,7.5,179.87919054465272,1004.14,229.00888576340932,6.645597052308895,231.43438352043628,0.0,0.0,0.0,0.0,2020,0.714752197265625,6.689871788024902,0.0,0.027252197265625,74.25,172.75,east_siberian
2020-08-15 05:00:00,3593,74.1899505,172.1070103333333,0.23,98.9,6.7,7.4,179.88337607513785,1002.94,229.51347107270945,6.735602085269963,232.05363997374343,0.0,0.0,0.0,0.0,2020,0.552642822265625,6.51854944229126,0.0,-0.109466552734375,74.25,172.0,east_siberian
2020-08-15 06:00:00,3595,74.05572183333334,171.47398433333333,0.39,99.0,6.8,7.9,178.75125058736512,1001.75,229.78993528570223,6.765806165665224,232.46947860171895,0.0,0.0,0.0,0.0,2020,0.919830322265625,6.703379154205322,0.0,0.179595947265625,74.0,171.5,east_siberian
2020-08-15 07:00:00,3591,73.9239395,170.843988,0.52,99.0,3.3,8.5,140.207703541471,1000.63,229.4910815006509,6.695536507278159,232.52886597538952,0.0,0.0,0.0,0.0,2020,0.699127197265625,6.540665149688721,0.0,0.027252197265625,74.0,170.75,east_siberian
2020-08-15 08:00:00,3592,73.79286816666666,170.23423841666667,1.31,99.0,7.7,20.5,101.07386550130704,999.85,229.1992470425911,6.5080956981441584,232.27839391354945,0.0,0.0,0.0,0.0,2020,1.175689697265625,6.319344520568848,0.0,0.421783447265625,73.75,170.25,east_siberian
2020-08-15 09:00:00,3595,73.66607883333333,169.64429133333337,2.12,99.1,10.2,20.6,111.26639165283912,999.31,230.422686604204,6.412972873625083,232.51316377869017,0.0,0.0,0.0,0.0,2020,0.740386962890625,8.112135887145996,0.0,0.461822509765625,73.75,169.75,east_siberian
2020-08-15 10:00:00,3589,73.5396025,169.06365316666663,1.21,99.1,15.8,31.0,137.6447722287614,1000.23,231.27937342459416,6.339526125499082,232.4096684057936,0.0,0.0,0.0,0.0,2020,0.103668212890625,10.289105415344238,0.0,-0.348724365234375,73.5,169.0,east_siberian
2020-08-15 11:00:00,3587,73.4701455,168.7336628333333,0.89,99.2,13.5,33.0,155.3548355037575,1001.49,342.7584223559564,6.217334392955395,21.98778271111391,0.0,0.0,0.0,0.0,2020,-0.007659912109375,10.163350105285645,0.0,-0.477630615234375,73.5,168.75,east_siberian
2020-08-15 12:00:00,3590,73.63442524999999,169.11447341666667,0.7,99.2,14.2,24.2,174.58190349057975,1001.55,35.49109538961868,6.48827944083921,33.77760319693382,0.0,0.0,0.0,0.0,2020,0.382965087890625,8.439996719360352,0.0,-0.073333740234375,73.75,169.0,east_siberian
2020-08-15 13:00:00,3593,73.80945116666666,169.535124,0.58,99.2,15.0,24.2,172.51603017459607,1001.29,35.70033310518208,6.524404486150434,34.30901107249008,0.0,0.0,0.0,0.0,2020,0.619293212890625,8.166388511657715,0.0,0.282135009765625,73.75,169.5,east_siberian
2020-08-15 14:00:00,3593,73.98429116666667,169.96195733333334,0.47,99.2,12.8,21.8,150.22747630248935,1001.24,356.8067216093693,6.451915665758782,31.053036424517018,0.0,0.0,0.0,0.0,2020,0.644683837890625,4.48714542388916,0.0,0.477447509765625,74.0,170.0,east_siberian
2020-08-15 15:00:00,3590,74.00003466666666,169.9997935,0.5,99.1,10.3,23.6,120.2916277423466,1001.7,268.7419274693357,0.0037034326774836,29.843672541723937,0.0,0.0,0.0,0.0,2020,0.259429931640625,10.261443138122559,0.0,-0.458343505859375,74.0,170.0,east_siberian
2020-08-15 16:00:00,3592,74.00003616666666,169.99979333333334,0.61,99.1,11.6,24.9,114.96651021997916,1001.81,269.5367507845875,0.0063647410153462,316.03656807512607,0.0,0.0,0.0,0.0,2020,0.259429931640625,10.261443138122559,0.0,-0.458343505859375,74.0,170.0,east_siberian
2020-08-15 17:00:00,3592,73.99994183333334,169.94367958333336,0.82,98.4,12.4,29.2,110.92546427504703,1001.98,305.05945472689143,0.1109082472317228,300.76869415686485,0.0,0.0,0.0,0.0,2020,0.259429931640625,10.261443138122559,0.0,-0.458343505859375,74.0,170.0,east_siberian
2020-08-15 18:00:00,3591,74.00280049999999,169.94248366666665,0.93,97.9,10.7,29.5,134.97117209554744,1002.45,323.64517847191166,0.0347204734105806,48.66923391849177,0.0,0.0,0.0,0.0,2020,0.259429931640625,10.261443138122559,0.0,-0.458343505859375,74.0,170.0,east_siberian
2020-08-15 19:00:00,3593,74.13044583333334,170.43549183333332,0.72,97.8,9.7,13.9,161.5715851244768,1002.68,48.214023542723794,6.21925548560103,45.847533767976586,0.0,0.0,0.0,0.0,2020,0.075836181640625,9.74579906463623,0.0,-0.598968505859375,74.25,170.5,east_siberian
2020-08-15 20:00:00,3594,74.27075633333334,170.96178591666666,0.72,97.8,9.8,16.8,153.5488362895903,1002.45,47.53129685161645,6.173533309835155,43.453183740218776,0.0,0.0,0.0,0.0,2020,0.116851806640625,9.98441219329834,0.0,-0.608734130859375,74.25,171.0,east_siberian
2020-08-15 21:00:00,3589,74.35390933333333,171.26607883333332,0.68,97.8,10.9,24.6,129.81508516630893,1002.19,23.179831996519862,6.172622575024549,44.127675186429286,0.0,0.0002786291446085,0.0002786291446085,0.0,2020,0.412750244140625,10.99327278137207,0.0,-0.604583740234375,74.25,171.25,east_siberian
2020-08-15 22:00:00,3594,74.49701925,171.78584475000002,0.6,97.9,10.4,19.1,153.4481532767546,1002.07,46.05083674495116,6.142793372221976,44.04713173570119,0.0,0.0,0.0,0.0,2020,0.186187744140625,10.820025444030762,0.0,-0.715911865234375,74.5,171.75,east_siberian
2020-08-15 23:00:00,3591,74.63977083333333,172.30616533333335,0.45,97.9,10.4,23.5,136.03917008236888,1001.73,27.15994292838136,6.08560804932227,46.22773858051682,0.0,0.0,0.0,0.0,2020,-0.085296630859375,10.575469970703125,0.0,-0.903411865234375,74.75,172.25,east_siberian
2020-08-16 00:00:00,3589,74.66645766666667,172.3999553333333,0.23,98.1,11.9,25.1,98.93389622857724,1001.61,248.6023536500853,0.0253535332996733,116.8426425529574,0.0,0.0,0.0,0.0,2020,-0.091156005859375,10.623125076293945,0.0,-0.919036865234375,74.75,172.5,east_siberian
2020-08-16 01:00:00,3591,74.66248416666667,172.37168716666667,0.26,98.2,11.9,25.7,98.49181763285326,1002.01,249.11006130328252,0.0370049947766585,144.58537977364062,0.0,0.0,0.0,0.0,2020,-0.085296630859375,10.575469970703125,0.0,-0.903411865234375,74.75,172.25,east_siberian
2020-08-16 02:00:00,3590,74.67931591666667,172.4298845,0.28,98.3,10.3,24.5,134.9315700160488,1002.42,17.560608476585713,6.19906878393401,37.48838371978644,0.0,0.0,0.0,0.0,2020,-0.091156005859375,10.623125076293945,0.0,-0.919036865234375,74.75,172.5,east_siberian
2020-08-16 03:00:00,3593,74.82453000000001,172.966559,0.33,98.4,9.1,16.1,154.6454241385184,1002.5,45.96302633719833,6.3890828647437425,43.13884869544539,0.0,0.0,0.0,0.0,2020,0.103912353515625,11.024831771850586,0.0,-0.774993896484375,74.75,173.0,east_siberian
2020-08-16 04:00:00,3567,74.977703,173.52108833333332,0.33,98.3,9.5,24.7,130.90911771265343,1002.24,25.634980924362193,6.408880220961627,41.797140422845445,0.0,0.0,0.0002803476310625,0.0,2020,0.031646728515625,10.947738647460938,0.0,-0.790618896484375,75.0,173.5,east_siberian
2020-08-16 05:00:00,3593,74.99999383333333,173.60004616666666,0.13,98.4,12.4,26.1,94.29937857382116,1001.96,249.9882846878662,0.0150309973717379,104.46554353764424,0.0,0.0,0.0,0.0,2020,0.031646728515625,10.947738647460938,0.0,-0.790618896484375,75.0,173.5,east_siberian
2020-08-16 06:00:00,3591,74.99833199999999,173.5821193333333,0.2,98.3,12.2,25.6,94.56523153609562,1002.27,250.01164026442711,0.0231845690487144,259.61847073415197,0.0,0.0,0.0,0.0,2020,0.031646728515625,10.947738647460938,0.0,-0.790618896484375,75.0,173.5,east_siberian
2020-08-16 07:00:00,3592,75.02628216666668,173.6970680833333,0.33,98.5,8.6,23.8,130.34653295224115,1002.96,35.73321448476325,6.3615404758412035,44.36991346894748,0.0,0.0,0.0,0.0,2020,0.076568603515625,11.01710033416748,0.0,-0.765228271484375,75.0,173.75,east_siberian
2020-08-16 08:00:00,3594,75.16294233333333,174.30140866666667,0.36,98.4,8.1,14.4,153.2125390316211,1003.05,49.82785030634096,6.398459867472726,47.80306452280847,0.0,0.0,0.0,0.0,2020,-0.120697021484375,10.705105781555176,0.0,-0.903900146484375,75.25,174.25,east_siberian
2020-08-16 09:00:00,3589,75.266824,174.7519795,0.15,98.6,8.6,22.9,118.51510583829146,1003.02,357.7533197624049,3.068396726099343,33.571202108067155,0.0,0.0,0.0,0.0,2020,0.148345947265625,10.696651458740234,0.0,-0.784027099609375,75.25,174.75,east_siberian
2020-08-16 10:00:00,3594,75.36920133333334,175.19848216666668,0.06,98.7,6.6,12.6,142.45805604188791,1003.31,48.06637607372911,6.292853912605091,48.0379060295453,0.0,0.0008347245409015,0.0,0.0,2020,0.146392822265625,10.723745346069336,0.0,-0.801605224609375,75.25,175.25,east_siberian
2020-08-16 11:00:00,3594,75.50355291666666,175.75686108333332,-0.01,98.8,6.2,21.5,110.4610566761866,1003.11,39.812873276677315,5.527085167726138,48.70095935733817,0.0,0.0,0.0,0.0,2020,0.066314697265625,10.685638427734375,0.0,-0.844573974609375,75.5,175.75,east_siberian
2020-08-16 12:00:00,3595,75.54018316666667,175.92264466666668,-0.03,98.8,7.8,25.7,111.72860266621478,1003.17,356.04744817259296,6.067717491588538,32.78465660144322,0.0,0.0,0.0,0.0,2020,0.058502197265625,10.693921089172363,0.0,-0.864105224609375,75.5,176.0,east_siberian
2020-08-16 13:00:00,3590,75.68283616666666,176.491398,-0.11,98.8,5.4,15.7,133.98158736456332,1003.28,49.190044469863146,6.5702673109796175,47.78157863095582,0.0,0.0,0.0,0.0,2020,-0.050872802734375,10.512960433959961,0.0,-0.918792724609375,75.75,176.5,east_siberian
2020-08-16 14:00:00,3583,75.80286966666667,177.06237266666668,-0.15,98.8,9.9,24.0,97.79878862657144,1003.31,92.77021818789764,0.6167605338103728,58.78191869798199,0.0,0.0002790957298353,0.0002790957298353,0.0,2020,-0.033294677734375,10.539289474487305,0.0,-0.912933349609375,75.75,177.0,east_siberian
2020-08-16 15:00:00,3590,75.80379358333333,177.0461995833333,-0.09,98.8,12.4,27.3,70.80807019946504,1002.88,275.7706968553492,0.5487434213438565,301.5592644072539,0.0,0.0,0.0,0.0,2020,0.172271728515625,10.333619117736816,0.0,-0.787933349609375,75.75,177.0,east_siberian
2020-08-16 16:00:00,3591,75.8093025,177.0347408333333,-0.11,99.0,10.8,22.6,67.9394842602624,1003.19,233.72784798670227,0.4123412905424611,33.28445273053063,0.0,0.0,0.0,0.0,2020,0.172271728515625,10.333619117736816,0.0,-0.787933349609375,75.75,177.0,east_siberian
2020-08-16 17:00:00,3594,75.80058066666668,177.05673741666666,-0.06,99.0,10.3,21.3,63.55763365034664,1003.31,229.99916519653405,0.0083555514785797,9.964929237536012,0.0,0.0,0.0,0.0,2020,0.172271728515625,10.333619117736816,0.0,-0.787933349609375,75.75,177.0,east_siberian
2020-08-16 18:00:00,3591,75.80058783333334,177.0567598333333,-0.02,99.0,10.9,23.7,66.90804332273967,1003.57,235.53456889116,0.0063776230988145,343.3811114862722,0.0,0.0,0.0,0.0,2020,0.172271728515625,10.333619117736816,0.0,-0.787933349609375,75.75,177.0,east_siberian
2020-08-16 19:00:00,3589,75.80058816666666,177.05672066666665,0.03,99.1,11.6,24.8,63.62491615605068,1003.89,238.113343300006,0.0083564668496475,101.4489186762342,0.0,0.0,0.0,0.0,2020,0.172271728515625,10.333619117736816,0.0,-0.787933349609375,75.75,177.0,east_siberian
2020-08-16 20:00:00,3592,75.80058016666666,177.05676316666668,0.03,99.1,11.3,22.8,61.59754046787261,1004.32,234.01177620891085,0.0066020151879856,10.668584597038324,0.0,0.0,0.0,0.0,2020,0.172271728515625,10.333619117736816,0.0,-0.787933349609375,75.75,177.0,east_siberian
2020-08-16 21:00:00,3594,75.8005785,177.05675366666668,0.1,99.1,11.8,25.8,58.63736039939832,1004.78,230.0426512928994,0.0081172431212385,85.04325429786005,0.0,0.0,0.0,0.0,2020,0.553131103515625,8.576215744018555,0.0,-0.825042724609375,75.75,177.0,east_siberian
2020-08-16 22:00:00,3591,75.80058516666666,177.056723,0.05,99.1,11.9,28.1,54.73537533388512,1005.35,230.01172367163105,0.0062917545414671,157.6517664994208,0.0,0.0,0.0,0.0,2020,0.553131103515625,8.576215744018555,0.0,-0.825042724609375,75.75,177.0,east_siberian
2020-08-16 23:00:00,3595,75.80055300000001,177.05688883333332,0.01,99.1,10.5,24.9,51.84785098752486,1005.7,195.03168418126245,0.0044226381233257,108.71229379091318,0.0,0.0,0.0,0.0,2020,0.553131103515625,8.576215744018555,0.0,-0.825042724609375,75.75,177.0,east_siberian
2020-08-17 00:00:00,3589,75.8005435,177.05694533333337,0.06,99.1,10.3,22.1,48.9455030070102,1006.13,183.52595665473984,0.0071144516471738,156.29641870851913,0.0,0.0,0.0,0.0,2020,0.553131103515625,8.576215744018555,0.0,-0.825042724609375,75.75,177.0,east_siberian
2020-08-17 01:00:00,3594,75.80054516666668,177.056973,-0.01,99.1,10.1,20.8,48.65661228227202,1006.48,176.8216246937422,0.005258878500443,4.886159530914623,0.0,0.0,0.0,0.0,2020,0.553131103515625,8.576215744018555,0.0,-0.825042724609375,75.75,177.0,east_siberian
2020-08-17 02:00:00,3589,75.81030666666668,177.04251816666667,-0.22,99.1,10.5,23.2,45.33403060148186,1006.74,159.96169235564238,0.1582289332732729,147.97255828502844,0.0,0.0,0.0,0.0,2020,0.553131103515625,8.576215744018555,0.0,-0.825042724609375,75.75,177.0,east_siberian
2020-08-17 03:00:00,3593,75.80249266666667,177.05278983333332,-0.58,99.0,9.6,21.1,42.172157868093464,1006.97,164.917307593754,0.5158317584070118,158.43331783667665,0.0,0.0,0.0,0.0,2020,-0.060882568359375,5.53062105178833,0.0,-0.637298583984375,75.75,177.0,east_siberian
2020-08-17 04:00:00,3592,75.79118858333334,177.04686983333335,-1.04,99.0,9.3,23.6,51.636954860212306,1007.02,193.09175414971423,5.965329182917474,199.7175320572559,0.0,0.0,0.0,0.0,2020,-0.060882568359375,5.53062105178833,0.0,-0.637298583984375,75.75,177.0,east_siberian
2020-08-17 05:00:00,3589,75.5924495,176.97911933333333,-1.15,99.0,6.7,17.2,62.09955849793441,1007.17,183.51516365547283,6.297380596661594,186.57950975983567,0.0,0.0,0.0,0.0,2020,-0.211273193359375,4.695816516876221,0.0,-0.486907958984375,75.5,177.0,east_siberian
2020-08-17 06:00:00,3596,75.38888283333334,176.89892641666668,-1.14,99.0,5.0,15.3,61.65720805222142,1007.34,180.34148831091412,6.353079616040616,183.73560279718015,0.0,0.0,0.0,0.0,2020,-0.211273193359375,4.695816516876221,0.0,-0.486907958984375,75.5,177.0,east_siberian
2020-08-17 07:00:00,3591,75.18082016666668,176.83712599999998,-1.54,98.9,3.0,9.8,98.5701308457822,1007.23,182.29482301708427,6.542405950551438,185.0474215417291,0.0,0.0,0.0,0.0,2020,-0.264007568359375,4.0369791984558105,0.0,-0.492767333984375,75.25,176.75,east_siberian
2020-08-17 08:00:00,3591,75.07497400000001,176.80064083333335,-1.18,98.9,0.1,7.4,188.1421588129348,1007.31,95.37648421405154,0.0082813055280061,98.02046445265384,0.0,0.0,0.0,0.1517683096630465,2020,-0.416351318359375,3.15450382232666,0.0,-0.527923583984375,75.0,176.75,east_siberian
2020-08-17 09:00:00,3589,75.074961,176.80989649999998,-0.81,99.0,0.2,7.3,188.7491762133086,1007.05,89.3459650029242,0.0241520434355962,88.35369351211156,0.0,0.0,0.0,0.123432711061577,2020,0.327301025390625,6.539797306060791,0.0,-0.141448974609375,75.0,176.75,east_siberian
2020-08-17 10:00:00,3593,75.087564,177.30783516666665,0.16,99.1,8.9,21.0,246.71497740616456,1006.45,84.76598780321844,6.345152494037401,84.04846988855795,0.0,0.0,0.0,0.0,2020,0.471832275390625,7.585699081420898,0.0,-0.131683349609375,75.0,177.25,east_siberian
2020-08-17 11:00:00,3590,75.1125465,178.08477158333335,0.9,99.1,10.5,28.5,300.7949720021739,1006.68,89.73530239745075,6.17940139346993,87.06078079882973,0.0,0.0,0.0,0.0,2020,0.510894775390625,8.760271072387695,0.0,-0.200042724609375,75.0,178.0,east_siberian
2020-08-17 12:00:00,3591,75.11254699999999,178.39937000000003,1.02,99.1,11.5,29.6,324.92723545744116,1006.22,110.11422162342838,0.0177310568641416,83.04656857357968,0.0,0.0,0.0,0.0,2020,0.497222900390625,9.141803741455078,0.0,-0.145355224609375,75.0,178.5,east_siberian
2020-08-17 13:00:00,3590,75.12760791666666,179.11369183333332,1.14,99.0,13.2,32.4,310.65613977409436,1005.79,88.27357433596782,6.032802785460759,84.93682290419683,0.0,0.0,0.0,0.0,2020,0.409332275390625,9.452413558959961,0.0,-0.198089599609375,75.25,179.0,east_siberian
2020-08-17 14:00:00,3594,75.15000425,179.74822291666663,1.04,98.9,14.4,33.8,314.21794371678567,1005.64,99.08431173579147,5.914396355225641,83.87392938374742,0.0,0.0,0.0,0.0,2020,0.432769775390625,9.728437423706055,0.0,-0.159027099609375,75.25,179.75,east_siberian
2020-08-18 16:00:00,3570,74.989694,-169.5950356666667,-0.42,99.2,0.1,3.9,178.9570479776925,1006.97,177.86209003833812,0.0084259622846876,140.7240378204103,0.0002801120448179,0.0002801120448179,0.0002801120448179,0.2282913165266106,2020,-0.297210693359375,4.704923629760742,0.0,-0.766204833984375,75.0,190.5,chukchi
2020-08-18 17:00:00,3593,74.95415299999999,-169.22694083333334,-0.33,99.2,6.4,7.3,181.5810241606972,1007.11,106.57646239462495,6.389830120937189,106.53578598664885,0.0,0.0,0.0,0.0,2020,-0.256195068359375,4.669428825378418,0.0,-0.701751708984375,75.0,190.75,chukchi
2020-08-18 18:00:00,3588,74.89896158333333,-168.47648658333333,-0.06,99.1,6.5,7.6,180.0683106100265,1007.34,113.44964480280788,6.502284878249936,115.14394437412685,0.0,0.0,0.0,0.0,2020,-0.242523193359375,4.18453311920166,0.0,-0.609954833984375,75.0,191.5,chukchi
2020-08-18 19:00:00,3593,74.80101333333333,-167.89848766666668,-0.08,99.2,4.4,15.7,179.59746157264,1007.63,94.25388534512597,4.536042156842881,100.81002445797274,0.0,0.0,0.0,0.0,2020,-0.180023193359375,4.452592849731445,0.0,-0.539642333984375,74.75,192.0,chukchi
2020-08-18 20:00:00,3569,74.8925525,-167.90615516666665,0.01,99.1,15.1,26.8,189.35959554400472,1007.66,2.7844589428126896,6.3208698461793835,359.30978531707785,0.0,0.0,0.0,0.0,2020,-0.217132568359375,3.4341633319854736,0.0,-0.537689208984375,75.0,192.0,chukchi
2020-08-25 15:00:00,3586,74.877847,-160.68789175,-1.87,98.8,6.4,7.7,184.6508724220944,1011.11,168.78591751608135,6.493650828341399,170.4489616946104,0.0002788622420524,0.0002788622420524,0.0002788622420524,0.1706636921360847,2020,0.047760009765625,2.925337076187134,0.0,-0.389984130859375,75.0,199.25,chukchi
2020-08-25 16:00:00,3592,74.66820075000001,-160.56444425,-1.59,98.9,6.6,7.7,180.00002783962952,1011.14,166.73263816794562,6.567621648631671,170.5011074692413,0.0,0.0,0.0,0.0,2020,0.110260009765625,3.030626058578491,0.0,-0.374359130859375,74.75,199.5,chukchi
2020-08-25 17:00:00,3596,74.48762633333334,-160.43592916666665,-1.31,98.9,6.5,7.6,183.6471663989963,1011.37,165.06756632007915,6.475445956253096,169.13295332329233,0.0,0.0,0.0,0.0,2020,0.280181884765625,3.493220806121826,0.0,-0.362640380859375,74.5,199.5,chukchi
2020-08-25 18:00:00,3595,74.27901,-160.29112949999998,-1.29,98.9,6.6,8.1,180.00002781639756,1011.52,166.64078156317294,6.5875911848403454,169.77101100066065,0.0,0.0,0.0,0.0,2020,0.387603759765625,4.111399173736572,0.0,-0.462249755859375,74.25,199.75,chukchi
2020-08-25 19:00:00,3593,74.06902083333333,-160.15370116666665,-0.97,99.0,6.6,8.0,180.05520391674108,1011.63,166.3525871538712,6.603047827876922,169.71873770798152,0.0,0.0,0.0,0.0,2020,0.352447509765625,4.5098795890808105,0.0,-0.659515380859375,74.0,199.75,chukchi
2020-08-25 20:00:00,3593,73.96393483333333,-160.0828871666667,-0.56,99.0,4.7,10.9,249.76187737136377,1011.98,104.7602360257288,0.0060327205795286,311.9855291396739,0.0,0.0,0.0,0.0556637907041469,2020,0.317291259765625,4.498942852020264,0.0,-0.671234130859375,74.0,200.0,chukchi
2020-08-25 21:00:00,3591,73.95854983333334,-160.091918,-0.77,99.0,4.7,10.0,275.73357720278193,1012.35,306.8237282604854,0.0095751186854428,174.96764699890048,0.0,0.0,0.0,0.0,2020,0.727691650390625,3.494535207748413,0.0,-0.173431396484375,74.0,200.0,chukchi
2020-08-25 22:00:00,3594,73.94964300000001,-160.08630691666667,-0.69,99.0,2.1,10.8,287.0772382942577,1012.53,190.41077537128632,6.31227941104952,181.23677679618868,0.0,0.0,0.0,0.0,2020,0.727691650390625,3.494535207748413,0.0,-0.173431396484375,74.0,200.0,chukchi
2020-08-25 23:00:00,3593,73.74067983333333,-160.0170785,-0.72,99.0,1.9,8.8,278.17638496265613,1012.53,169.76891160626434,6.507010618142281,174.53731713449005,0.0,0.0,0.0,0.0,2020,0.573394775390625,3.9152560234069824,0.0,-0.310150146484375,73.75,200.0,chukchi
2020-08-26 00:00:00,3589,73.5437135,-159.95481916666668,0.08,99.1,5.0,13.2,275.09707895664894,1012.53,118.2978467640283,0.0207922346570389,167.85505412119352,0.0,0.000557258289217,0.0,0.0,2020,0.766754150390625,4.180619716644287,0.0,-0.175384521484375,73.5,200.0,chukchi
2020-08-26 01:00:00,3589,73.54370366666667,-159.95480433333333,-0.01,99.1,5.8,13.3,264.87862484978893,1012.76,78.6333422254046,0.0086494901531352,302.34195793087406,0.0,0.0,0.0,0.0,2020,0.766754150390625,4.180619716644287,0.0,-0.175384521484375,73.5,200.0,chukchi
2020-08-26 02:00:00,3592,73.54372116666667,-159.95485108333332,-0.01,99.2,5.2,10.5,278.6278779145649,1012.96,77.8853574462609,0.0100349490068454,197.71845950277435,0.0,0.0,0.0,0.0,2020,0.766754150390625,4.180619716644287,0.0,-0.175384521484375,73.5,200.0,chukchi
2020-08-26 03:00:00,3591,73.44063733333334,-160.12112416666665,0.23,99.2,2.9,10.0,149.55143871085582,1012.96,194.33197999369503,6.8617753950682525,206.076745119197,0.0,0.0,0.0,0.0,2020,0.990875244140625,5.654695510864258,0.0,0.172271728515625,73.5,200.0,chukchi
2020-08-26 04:00:00,3591,73.36831149999999,-160.24514666666667,0.34,99.2,5.9,13.1,272.37989154397934,1013.02,100.05285427091206,0.0066738262907512,103.15219581107372,0.0,0.0,0.0,0.0,2020,1.002593994140625,5.9070658683776855,0.0,0.176177978515625,73.25,199.75,chukchi
2020-08-26 05:00:00,3592,73.36831116666667,-160.24517125,0.47,99.3,6.4,16.4,268.55971449215815,1013.39,95.61867024123856,0.0130045817379654,242.47484119063523,0.0,0.0,0.0,0.0,2020,1.002593994140625,5.9070658683776855,0.0,0.176177978515625,73.25,199.75,chukchi
2020-08-26 06:00:00,3593,73.472547,-160.39760800000002,-0.11,99.3,15.0,25.1,217.70326141214576,1013.71,342.272539084185,6.425719751890713,336.2603859661709,0.0,0.0,0.0,0.0,2020,0.992828369140625,5.650946140289307,0.0,0.178131103515625,73.5,199.5,chukchi
2020-08-26 07:00:00,3593,73.65855783333333,-160.7501005,-0.72,99.3,14.2,24.4,214.6005059696107,1014.28,336.49973756556886,6.585348371230728,332.5709474997211,0.0,0.0,0.0,0.0,2020,0.975250244140625,4.977170944213867,0.0,0.248443603515625,73.75,199.25,chukchi
2020-08-26 08:00:00,3593,73.85156350000001,-161.08800083333333,0.36,99.3,13.9,25.1,209.2507858446015,1014.86,335.92259902986075,6.746271777972847,333.9797876142936,0.0,0.0,0.0,0.0,2020,1.018218994140625,4.989994049072266,0.0,0.264068603515625,73.75,199.0,chukchi
2020-08-26 09:00:00,3591,74.04926616666667,-161.43904849999998,0.58,99.3,14.4,22.9,203.62164386511003,1015.29,336.0355456540798,6.791397274557099,333.85917308847564,0.0,0.0,0.0,0.0,2020,0.133453369140625,3.4295217990875244,0.0,-0.326995849609375,74.0,198.5,chukchi
2020-08-26 10:00:00,3594,74.24448233333334,-161.78688549999998,0.68,99.3,14.4,24.1,202.55664981245693,1015.58,336.774026226867,6.612905900393272,334.0370065171871,0.0,0.0,0.0,0.0,2020,0.106109619140625,3.2868847846984863,0.0,-0.362152099609375,74.25,198.25,chukchi
2020-08-26 11:00:00,3596,74.43770833333335,-162.13755924999998,0.79,99.3,14.7,25.2,209.5406602376768,1015.87,337.7179209686385,6.712184137523241,332.8979831343289,0.0,0.0,0.0,0.0,2020,0.152984619140625,3.273465394973755,0.0,-0.373870849609375,74.5,197.75,chukchi
2020-08-26 12:00:00,3593,74.49899066666667,-162.26200916666667,0.95,99.3,3.1,7.3,271.6128026944107,1016.36,350.69944349952743,0.0063858219856937,214.79824670928795,0.0,0.0,0.0,0.0,2020,0.152984619140625,3.273465394973755,0.0,-0.373870849609375,74.5,197.75,chukchi
2020-08-26 13:00:00,3591,74.498982,-162.26202366666666,0.92,99.3,2.9,37.9,250.19478168389864,1016.5,352.1890683217411,0.0079178768528884,36.427235032417975,0.0,0.0,0.0,0.0,2020,0.152984619140625,3.273465394973755,0.0,-0.373870849609375,74.5,197.75,chukchi
2020-08-26 23:00:00,3592,74.65441025000001,-164.76134983333333,-0.16,98.6,13.4,20.9,176.4130602597763,1018.95,280.9007734356494,6.66680720460672,279.8838198781724,0.0,0.0,0.0,0.0,2020,-0.289642333984375,2.942949056625366,0.0,-0.440521240234375,74.75,195.25,chukchi
2020-08-27 00:00:00,3594,74.69621325,-165.56129,-0.65,98.7,12.7,20.4,177.82270423136222,1019.21,280.8470397135662,6.598397026351238,280.8508388090475,0.0,0.0,0.0,0.0,2020,-0.336517333984375,2.9888758659362793,0.0,-0.528411865234375,74.75,194.5,chukchi
2020-08-27 01:00:00,3591,74.70787183333333,-165.90726966666668,-0.19,97.9,1.8,20.5,226.7791763335866,1019.41,197.48300795796428,0.0404901531217861,272.0067406915259,0.0,0.0,0.0,0.0,2020,-0.324798583984375,3.042220115661621,0.0,-0.532318115234375,74.75,194.0,chukchi
2021-07-20 12:00:00,3595,65.05253416666666,-168.52241833333332,7.48,99.7,10.3,18.2,63.77063082739228,998.64,0.0,4.74704351275233,332.03076409667904,0.0,0.0,0.0,0.0,2021,5.385894775390625,3.399592876434326,0.0,5.256988525390625,65.0,191.5,chukchi
2021-07-20 13:00:00,3594,65.17364549999999,-168.6711848333333,6.13,99.7,7.4,19.0,47.61127381741699,998.15,0.0,0.1191482682813716,320.1968952437866,0.0,0.0,0.0,0.0,2021,5.012847900390625,3.3943471908569336,0.0,4.897613525390625,65.25,191.25,chukchi
2021-07-20 14:00:00,3594,65.17388150000001,-168.67212316666664,6.54,99.7,7.8,14.8,12.51317620746389,997.33,0.0,0.0024833178074352,258.04060798588665,0.0,0.0,0.0,0.0,2021,5.012847900390625,3.3943471908569336,0.0,4.897613525390625,65.25,191.25,chukchi
2021-07-20 15:00:00,3594,65.17387533333334,-168.672015,5.71,99.7,9.9,18.5,357.6550130158802,996.58,0.0,0.0031922853687744,114.6496393407988,0.0,0.0,0.0,0.0,2021,4.904693603515625,9.86732292175293,0.0,4.770904541015625,65.25,191.25,chukchi
2021-07-20 16:00:00,3592,65.17347216666667,-168.69082433333332,5.98,99.7,11.3,20.5,12.775061550629076,995.56,0.0,0.003290768986871,282.9780662501718,0.0,0.0,0.0,0.0,2021,4.904693603515625,9.86732292175293,0.0,4.770904541015625,65.25,191.25,chukchi
2021-07-20 17:00:00,3595,65.17346983333333,-168.69081833333337,4.93,99.7,12.6,23.0,1.4980143552564198,994.36,0.0,0.0057146251814175,88.89370497231617,0.0,0.0,0.0,0.0,2021,4.904693603515625,9.86732292175293,0.0,4.770904541015625,65.25,191.25,chukchi
2021-07-20 18:00:00,3574,65.17347583333334,-168.69081833333337,4.4,99.7,14.6,32.9,10.641185561177547,993.5,8.393918029487768e-05,0.0053866665564312,293.9281901938846,0.0002797985450475,0.0,0.0002797985450475,0.0,2021,4.904693603515625,9.86732292175293,0.0,4.770904541015625,65.25,191.25,chukchi
2021-07-20 19:00:00,3576,65.17347249999999,-168.690795,4.17,99.5,14.1,31.1,4.404174265691567,993.38,0.0,0.0094222849019427,206.7257914274099,0.0,0.0,0.0,0.0,2021,4.904693603515625,9.86732292175293,0.0,4.770904541015625,65.25,191.25,chukchi
2021-07-20 20:00:00,3539,65.17347583333334,-168.6908351666667,4.03,99.3,13.3,30.3,14.737504875779129,993.35,0.0,0.0130466289365471,102.0453167024188,0.0,0.0,0.0,0.0,2021,4.904693603515625,9.86732292175293,0.0,4.770904541015625,65.25,191.25,chukchi
2021-07-20 21:00:00,3548,65.1962675,-168.64730133333333,4.03,99.0,13.6,39.6,0.4077400351164314,991.85,0.0,5.397803871524077,37.15298034904109,0.0,0.0,0.0,0.0,2021,4.683990478515625,9.915489196777344,0.0,4.176910400390625,65.25,191.25,chukchi
2021-07-20 22:00:00,3593,65.33024583333332,-168.3621676666667,5.53,98.5,13.5,32.9,8.292760125732505,991.4,0.0,5.653267475314865,20.477266888365993,0.0,0.0,0.0,0.0,2021,6.182037353515625,5.191576957702637,0.0,5.938629150390625,65.25,191.75,chukchi
2021-07-20 23:00:00,3595,65.52651266666666,-168.37444599999998,5.48,96.8,13.7,31.1,23.22083419245031,990.98,0.0,6.245334418957891,357.12799937063136,0.0,0.0,0.0,0.0,2021,6.301177978515625,7.71662712097168,0.0,5.631988525390625,65.5,191.75,chukchi
2021-07-21 00:00:00,3594,65.73616725,-168.4003644166667,5.07,96.9,12.1,28.1,21.052854305368232,991.77,0.0,6.560932875893401,357.0405000691595,0.0,0.0,0.0,0.0,2021,5.232818603515625,8.469308853149414,0.0,4.782379150390625,65.75,191.5,chukchi
2021-07-21 01:00:00,3593,65.90170716666667,-168.42157099999997,4.63,98.2,10.9,25.4,1.4644750410103249,993.61,0.0,0.0360838563403882,357.98820031117964,0.0,0.0,0.0,0.0,2021,4.941802978515625,8.043790817260742,0.0,4.630035400390625,66.0,191.5,chukchi
2021-07-21 02:00:00,3567,65.987169,-168.42024450000002,4.45,98.3,9.9,30.4,358.98708039916147,992.26,0.0,6.442889734590037,1.3781423343019783,0.0,0.0,0.0,0.0,2021,4.941802978515625,8.043790817260742,0.0,4.630035400390625,66.0,191.5,chukchi
2021-07-21 03:00:00,3532,66.19454941666666,-168.41960883333334,4.31,98.8,10.4,43.3,355.640723549466,991.88,0.0,6.092752551721985,0.1563274140051074,0.0,0.0,0.0,0.0,2021,4.846343994140625,7.255234718322754,0.0,4.403961181640625,66.25,191.5,chukchi
2021-07-21 04:00:00,3575,66.39178749999999,-168.418169,4.44,98.8,7.1,22.8,19.719892156368424,992.52,0.0,6.2172637728367866,0.3110514522078086,0.0,0.0008391608391608,0.0,0.0,2021,5.063140869140625,7.340216159820557,0.0,4.788726806640625,66.5,191.5,chukchi
2021-07-21 05:00:00,3573,66.56998866666666,-168.5624578333333,4.36,99.0,8.0,29.7,41.509280906295835,992.52,0.0,6.123901755777041,320.5804917801111,0.0,0.0,0.0,0.0,2021,5.063140869140625,7.340216159820557,0.0,4.788726806640625,66.5,191.5,chukchi
2021-07-21 06:00:00,3559,66.62990916666666,-168.68735783333335,4.0,99.3,7.1,17.8,5.504988076946926,992.75,0.0,0.0142679790486109,71.01736167126823,0.0,0.0,0.0,0.0,2021,5.211578369140625,8.363546371459961,0.0,4.862945556640625,66.75,191.25,chukchi
2021-07-21 07:00:00,3557,66.62990516666667,-168.68736966666668,3.56,99.3,7.7,19.0,354.9343966738858,992.45,0.0,0.0219152147543835,335.44043432007,0.0,0.0,0.0,0.0,2021,5.211578369140625,8.363546371459961,0.0,4.862945556640625,66.75,191.25,chukchi
2021-07-21 08:00:00,3573,66.62988016666667,-168.68742450000002,3.24,99.2,10.2,22.6,5.956289022664812,993.53,0.0,0.022205997170024,72.6894266349426,0.0,0.0,0.0,0.0,2021,5.211578369140625,8.363546371459961,0.0,4.862945556640625,66.75,191.25,chukchi
2021-07-21 09:00:00,3595,66.63108083333333,-168.6927395,3.13,98.8,11.8,20.4,1.654389060964126,993.61,0.0,0.4092553721907405,325.84842037436795,0.0,0.0,0.0,0.0,2021,4.158599853515625,8.011495590209961,0.0,3.378326416015625,66.75,191.25,chukchi
2021-07-21 10:00:00,3595,66.7658505,-168.72464683333334,2.95,98.3,11.3,21.2,311.9349302135145,993.68,0.0,6.143016151631217,355.89382569322805,0.0,0.0,0.0,0.0,2021,4.158599853515625,8.011495590209961,0.0,3.378326416015625,66.75,191.25,chukchi
2021-07-21 11:00:00,3595,66.96538383333333,-168.77505983333333,2.96,98.6,8.6,20.6,289.28614996877207,994.25,0.0,6.319806268353011,354.1404689210713,0.0,0.0,0.0,0.0,2021,4.277740478515625,7.083406448364258,0.0,3.563873291015625,67.0,191.25,chukchi
2021-07-21 12:00:00,3540,67.14947341666667,-168.82354708333332,3.39,98.8,9.3,26.3,256.417143564087,993.91,0.0,0.6681452179746644,5.22511687275345,0.0,0.0,0.0,0.0,2021,4.557037353515625,5.408871650695801,0.0,3.849029541015625,67.25,191.25,chukchi
2021-07-21 13:00:00,3579,67.2601465,-168.85285933333333,3.17,98.4,7.4,17.1,247.95882027255277,993.91,0.0,6.483806429877755,354.09993713523266,0.0,0.0,0.0,0.0,2021,4.557037353515625,5.408871650695801,0.0,3.849029541015625,67.25,191.25,chukchi
2021-07-21 14:00:00,3578,67.46753833333332,-168.89794816666665,3.2,98.8,6.4,12.5,206.9943703098343,993.61,0.0,6.306219301779406,354.5536733341552,0.0,0.0,0.0,0.0,2021,5.057037353515625,3.189859390258789,0.0,4.669342041015625,67.5,191.0,chukchi
2021-07-21 15:00:00,3513,67.66698066666666,-168.95945749999998,3.34,98.9,8.7,22.5,240.49804726938123,993.2,0.0,3.9133717305585383,353.6373859474517,0.0,0.0,0.0,0.0,2021,4.780914306640625,7.214476108551025,0.0,3.748687744140625,67.75,191.0,chukchi
2021-07-21 16:00:00,3592,67.670064,-168.96017233333333,3.17,98.2,9.3,20.9,334.9586109882821,993.16,0.0,0.0100049102509621,107.55049973974866,0.0,0.0,0.0,0.0,2021,4.780914306640625,7.214476108551025,0.0,3.748687744140625,67.75,191.0,chukchi
2021-07-21 17:00:00,3590,67.67005166666667,-168.960129,2.99,98.3,9.6,16.8,331.38056881028854,993.42,0.0100119610154152,0.0097527070597288,320.8435042841604,0.0002785515320334,0.0002785515320334,0.0002785515320334,0.0,2021,4.780914306640625,7.214476108551025,0.0,3.748687744140625,67.75,191.0,chukchi
2021-07-21 18:00:00,3537,67.670051,-168.96013833333333,2.8,97.5,11.2,52.4,333.93742532090783,993.68,0.0,0.0117032442480867,213.84835201545644,0.0,0.0,0.0,0.0,2021,4.780914306640625,7.214476108551025,0.0,3.748687744140625,67.75,191.0,chukchi
2021-07-21 19:00:00,3527,67.71967683333334,-168.80416766666664,2.96,96.3,11.3,25.4,143.1469354705145,994.89,0.0,6.32871848847065,39.021223028122606,0.0,0.0,0.0,0.0,2021,4.591461181640625,7.298633575439453,0.0,3.557281494140625,67.75,191.25,chukchi
2021-07-21 20:00:00,3543,67.85496333333334,-168.447418,3.27,95.0,11.4,23.2,117.61610217626584,996.05,0.0,6.340660351139117,61.702569826256365,0.0,0.0,0.0,0.0,2021,4.452789306640625,7.361392498016357,0.0,3.377593994140625,67.75,191.5,chukchi
2021-07-21 21:00:00,3581,67.89800283333334,-168.2349825,3.84,91.7,10.2,23.6,4.075822629879314,996.5,0.0,0.0078265071915798,358.9863993414693,0.0,0.0,0.0,0.0,2021,5.220367431640625,8.220703125,0.0,3.459381103515625,68.0,191.75,chukchi
2021-07-21 22:00:00,3585,67.86102583333333,-168.39126116666665,3.93,91.1,10.9,20.7,314.41486282679506,996.73,359.99173961176166,5.579030753123222,227.98528009688192,0.000278940027894,0.0,0.000278940027894,0.0,2021,5.091461181640625,9.06788444519043,0.0,3.510162353515625,67.75,191.5,chukchi
2021-07-21 23:00:00,3591,67.78326,-168.6014938333333,3.9,91.9,12.3,27.7,322.2520467121976,997.29,0.0,0.0997332663349861,201.09229033284208,0.0,0.0,0.0,0.0,2021,5.091461181640625,9.06788444519043,0.0,3.510162353515625,67.75,191.5,chukchi
2021-07-22 00:00:00,3592,67.78298933333333,-168.60118566666668,3.97,93.8,11.7,19.4,24.526314836572485,998.26,0.0,0.0570925897835557,48.51266032824092,0.0,0.0,0.0,0.0,2021,5.091461181640625,9.06788444519043,0.0,3.510162353515625,67.75,191.5,chukchi
2021-07-22 01:00:00,3592,67.913833,-168.23955299999997,4.12,94.8,10.5,20.1,99.42856366271346,998.75,0.0,6.38758529426454,49.009043538861114,0.0,0.0,0.0,0.0,2021,5.220367431640625,8.220703125,0.0,3.459381103515625,68.0,191.75,chukchi
2021-07-22 02:00:00,3008,68.01307725,-167.86744249999998,4.63,96.8,5.9,18.1,7.153135357897021,999.35,0.0002991980330967,0.4913879700845457,60.43481168545863,0.0006648936170212,0.0,0.0006648936170212,0.0,2021,5.319976806640625,7.309660911560059,0.0,3.572662353515625,68.0,192.25,chukchi
2021-07-22 03:00:00,3594,68.01340400000001,-167.86668958333337,4.74,98.8,4.2,14.0,4.988170942405681,999.05,0.0,0.3491753056244952,43.630060718739095,0.0,0.0,0.0,0.0,2021,5.569244384765625,4.75034761428833,0.0,4.520172119140625,68.0,192.25,chukchi
2021-07-22 04:00:00,3593,68.12781016666666,-167.496553,5.8,97.5,9.1,15.3,50.25272875719226,999.09,0.0,0.8005095924911397,56.16592083910397,0.0,0.0,0.0,0.0,2021,6.680572509765625,4.318175792694092,0.0,5.494781494140625,68.25,192.5,chukchi
2021-07-22 05:00:00,3593,68.12804683333334,-167.49506033333333,5.63,97.6,8.2,16.2,48.118777792290096,999.43,0.0,0.0162366210218686,48.56994099551191,0.0,0.0,0.0,0.0,2021,6.680572509765625,4.318175792694092,0.0,5.494781494140625,68.25,192.5,chukchi
2021-07-22 06:00:00,3588,68.23904625,-167.14290816666667,6.02,94.6,8.4,14.8,57.00490765000704,1000.67,359.9917465187177,4.56261569669061,59.67570813526291,0.0002787068004459,0.0,0.0002787068004459,0.0,2021,6.952056884765625,4.225831031799316,0.0,5.680328369140625,68.25,192.75,chukchi
2021-07-22 07:00:00,3594,68.24202233333334,-167.12189016666665,5.48,97.3,5.2,14.2,356.588421359764,1001.3,0.0,0.0138509534654665,277.4354863244834,0.0,0.0,0.0,0.0002782415136338,2021,7.332916259765625,4.113626480102539,0.0,5.904937744140625,68.25,193.0,chukchi
2021-07-22 08:00:00,3594,68.29157675000002,-167.59859975,4.84,98.8,0.9,14.7,40.91951560920449,1001.53,0.0,6.60266127841887,285.70176049791985,0.0,0.0,0.0,0.0069560378408458,2021,6.680572509765625,4.318175792694092,0.0,5.494781494140625,68.25,192.5,chukchi
2021-07-22 09:00:00,3594,68.3495715,-168.15341908333335,4.75,98.6,1.9,11.9,183.65275105257783,1002.17,0.0,6.592959006570433,285.5143699586253,0.0,0.0,0.0,0.0,2021,5.726959228515625,4.1498122215271,0.0,4.685455322265625,68.25,191.75,chukchi
2021-07-22 10:00:00,3597,68.40698216666667,-168.71823816666668,5.13,90.4,2.3,11.8,185.5569454044464,1002.58,0.0,6.618981550741413,278.3205849242176,0.0,0.0,0.0,0.0,2021,6.088287353515625,3.761164903640747,0.0,5.333892822265625,68.5,191.25,chukchi
2021-07-22 11:00:00,3595,68.45517833333334,-168.81081866666665,5.22,89.5,4.7,8.2,105.91203611284534,1002.88,0.0,6.613682747481899,359.25768550069995,0.0,0.0,0.0,0.0,2021,6.088287353515625,3.761164903640747,0.0,5.333892822265625,68.5,191.25,chukchi
2021-07-22 12:00:00,3592,68.67146033333333,-168.76432975,4.72,98.4,4.1,7.4,118.35607531796455,1003.37,0.0,6.721621005351176,4.074512896291892,0.0,0.0,0.0,0.0,2021,6.721099853515625,4.165470600128174,0.0,5.486236572265625,68.75,191.25,chukchi
2021-07-22 13:00:00,3594,68.88996091666667,-168.72022008333334,5.24,98.0,4.4,7.2,125.48769829975464,1003.89,0.0,6.768050595114518,4.096681756290053,0.0,0.0,0.0,0.0,2021,6.195709228515625,5.3430023193359375,0.0,4.871002197265625,69.0,191.25,chukchi
2021-07-22 14:00:00,3595,69.10701866666666,-168.68352233333334,5.39,99.0,6.2,10.7,93.967645364233,1004.12,0.0,6.683149408886191,8.921416084814133,0.0,0.0,0.0,0.0,2021,6.195709228515625,5.3430023193359375,0.0,4.871002197265625,69.0,191.25,chukchi
2021-07-22 15:00:00,3592,69.16662183333332,-168.66670366666665,5.99,99.2,3.6,6.8,4.584785846820435,1004.57,0.0,0.0085155176838928,211.84633149505217,0.0,0.0,0.0,0.0,2021,5.715972900390625,4.905423641204834,0.0,5.149810791015625,69.25,191.25,chukchi
2021-07-22 16:00:00,3592,69.16657433333333,-168.6672015,5.89,99.3,3.2,6.7,204.89124180735283,1004.83,0.0,0.0059216729892032,249.0037250826225,0.0,0.0,0.0,0.0,2021,5.715972900390625,4.905423641204834,0.0,5.149810791015625,69.25,191.25,chukchi
2021-07-22 17:00:00,3597,69.20933816666667,-168.66717316666666,5.72,99.3,7.4,16.1,95.5967458865444,1004.68,0.0,6.211417277395255,6.206931117769532,0.0,0.0,0.0,0.0,2021,5.715972900390625,4.905423641204834,0.0,5.149810791015625,69.25,191.25,chukchi
2021-07-22 18:00:00,3594,69.40934633333333,-168.66689308333332,4.88,98.6,9.8,20.5,71.96504575411217,1004.27,0.0,6.120299414120049,0.1865218578202536,0.0,0.0,0.0,0.0,2021,5.366363525390625,5.555253982543945,0.0,4.808013916015625,69.5,191.25,chukchi
2021-07-22 19:00:00,3591,69.60786566666667,-168.66680983333336,4.49,98.0,9.5,23.4,67.14260762974496,1004.68,0.0,6.16684120542217,0.0884411265216553,0.0,0.0,0.0,0.0,2021,5.366363525390625,5.555253982543945,0.0,4.808013916015625,69.5,191.25,chukchi
2021-07-22 20:00:00,3558,69.80714808333333,-168.6667058333333,4.03,98.0,9.3,24.3,44.91719094162963,1005.51,0.0,6.059935698791131,4.170073243035493,0.0,0.0,0.0,0.0,2021,4.903472900390625,5.706705570220947,0.0,4.358795166015625,69.75,191.25,chukchi
2021-07-22 21:00:00,3579,69.91144,-168.6659995,3.9,97.7,9.5,22.8,76.59509759662083,1006.48,0.0,6.022260772082872,2.449333682041652,0.0,0.0,0.0,0.0,2021,4.238189697265625,5.923866271972656,0.0,3.651031494140625,70.0,191.25,chukchi
2021-07-22 22:00:00,3534,70.10871691666667,-168.66650866666666,3.26,98.2,9.2,22.3,78.38585481326928,1006.86,0.0,6.286493294330649,359.5505462372945,0.0,0.0,0.0,0.0,2021,4.238189697265625,5.923866271972656,0.0,3.651031494140625,70.0,191.25,chukchi
2021-07-22 23:00:00,3558,70.31220591666667,-168.66683108333334,2.63,98.9,8.3,21.1,79.50434080273915,1007.69,0.0,6.369309131620459,0.06649570539564,0.0,0.0,0.0,0.0,2021,3.525299072265625,6.147794723510742,0.0,2.861968994140625,70.25,191.25,chukchi
2021-07-23 00:00:00,3569,70.50003166666667,-168.6667525,2.21,99.1,6.8,17.9,37.372238702303115,1008.81,0.0,0.1781734692402582,10.536798981721208,0.0,0.0,0.0,0.0,2021,2.855377197265625,6.153143405914307,0.0,2.119781494140625,70.5,191.25,chukchi
2021-07-23 01:00:00,3568,70.49996416666666,-168.666729,2.16,99.2,6.3,14.3,319.66409926172844,1009.11,0.0,0.0046295724307067,175.44330927941127,0.0,0.0,0.0,0.0,2021,2.855377197265625,6.153143405914307,0.0,2.119781494140625,70.5,191.25,chukchi
2021-07-23 02:00:00,3542,70.49996316666667,-168.66672583333337,2.03,99.3,6.6,14.8,310.21012452864494,1009.11,0.0,0.0042511147331706,242.5382615371047,0.0,0.0,0.0,0.0,2021,2.855377197265625,6.153143405914307,0.0,2.119781494140625,70.5,191.25,chukchi
2021-07-23 03:00:00,3591,70.49996583333333,-168.64779299999998,2.03,99.3,10.0,23.3,0.9733734744856056,1008.81,0.0,1.275259309633096,43.4794765557863,0.0,0.0,0.0,0.0,2021,2.891998291015625,5.163326740264893,0.0,2.112701416015625,70.5,191.25,chukchi
2021-07-23 04:00:00,3595,70.683511,-168.65746666666666,1.67,99.3,9.8,17.6,75.87810965449405,1008.1,0.0,6.107209293671209,358.3066921668521,0.0,0.0,0.0,0.0,2021,2.198638916015625,4.996645927429199,0.0,1.438873291015625,70.75,191.25,chukchi
2021-07-23 05:00:00,3595,70.88016733333333,-168.6665295,1.15,99.4,8.7,15.0,76.51657393943374,1008.74,0.0,6.076554957028618,1.2616307161336164,0.0,0.0,0.0,0.0,2021,1.511138916015625,4.763432502746582,0.0,0.815826416015625,71.0,191.25,chukchi
2021-07-23 06:00:00,3596,70.98226475,-168.6662480833333,0.78,99.4,8.0,15.8,54.97253299069962,1009.6,0.0,5.863869260854361,358.97696280921303,0.0,0.0,0.0,0.0,2021,1.511138916015625,4.763432502746582,0.0,0.815826416015625,71.0,191.25,chukchi
2021-07-23 07:00:00,3593,71.1776605,-168.6672235,0.62,99.4,8.7,15.2,87.40135515494852,1009.97,0.0,6.147706499529999,359.91996531957153,0.0,0.0,0.0,0.0,2021,1.116607666015625,4.682182788848877,0.0,0.415435791015625,71.25,191.25,chukchi
2021-07-23 08:00:00,3592,71.3754145,-168.66656725,0.53,99.5,8.1,16.3,82.80163537013732,1010.28,0.0,6.068707094584439,3.15204256558452,0.0,0.0,0.0,0.0,2021,0.753326416015625,4.539811611175537,0.0,0.167388916015625,71.5,191.25,chukchi
2021-07-23 09:00:00,3593,71.42991,-168.6661356666667,0.43,99.5,7.4,13.3,337.34320708554685,1010.69,0.0,0.0034174689587987,189.95174286651695,0.0,0.0,0.0,0.0,2021,0.870758056640625,4.905859470367432,0.0,0.275054931640625,71.5,191.25,chukchi
2021-07-23 10:00:00,3595,71.42991083333332,-168.666136,0.29,99.5,5.9,11.9,8.701394374124169,1011.25,0.0,0.0038602941822387,359.1243929032932,0.0,0.0,0.0,0.0,2021,0.870758056640625,4.905859470367432,0.0,0.275054931640625,71.5,191.25,chukchi
2021-07-23 11:00:00,3595,71.58613366666667,-168.66709550000002,0.21,99.5,7.0,13.7,86.84262677882667,1010.88,0.0,6.28623100810473,0.2209176224685636,0.0,0.0,0.0,0.0,2021,0.870758056640625,4.905859470367432,0.0,0.275054931640625,71.5,191.25,chukchi
2021-07-23 12:00:00,3577,71.79002766666667,-168.6666305,0.26,99.5,6.6,15.4,83.89664845873804,1010.76,359.9917211365691,6.324864714915508,359.8390091185209,0.0002795638803466,0.0005591277606933,0.0002795638803466,0.0,2021,0.150054931640625,4.027946472167969,0.10992431640625,-0.347991943359375,71.75,191.25,chukchi
2021-07-23 13:00:00,3594,71.89641191666666,-168.666025,-0.29,99.5,5.8,14.5,43.59417113147053,1010.43,0.0,3.747802763011429,15.08724116790182,0.0,0.0,0.0,0.0,2021,-0.389007568359375,3.370983123779297,0.339141845703125,-0.756195068359375,72.0,191.25,chukchi
2021-07-23 14:00:00,3592,72.08071783333332,-168.60455391666667,-0.33,99.5,5.7,10.8,71.83284773995081,1010.95,0.0,5.436262377697111,358.56796127919654,0.0,0.0,0.0,0.0,2021,-0.361663818359375,3.4397222995758057,0.29327392578125,-0.746429443359375,72.0,191.5,chukchi
2021-07-23 15:00:00,3596,72.21005116666666,-168.67488766666668,-0.2,99.5,5.1,10.8,82.93551921679041,1011.36,0.0,4.851938753044052,349.5278327248836,0.0,0.0,0.0,0.0,2021,0.034576416015625,3.6627109050750732,0.548492431640625,-0.236663818359375,72.25,191.25,chukchi
2021-07-23 16:00:00,3596,72.33740016666667,-168.70268008333335,-0.2,99.5,3.8,11.4,78.56956904340593,1011.48,0.0,2.9251356713129284,0.3908591519340827,0.0,0.0,0.0,0.0,2021,0.034576416015625,3.6627109050750732,0.548492431640625,-0.236663818359375,72.25,191.25,chukchi
2021-07-23 17:00:00,3467,72.34488566666667,-168.70274750000002,-0.15,99.5,2.6,4.7,127.55177863520127,1012.3,0.0001153725853955,0.0579096199523178,173.49632141730797,0.0002884338044418,0.0,0.0002884338044418,0.0,2021,0.034576416015625,3.6627109050750732,0.548492431640625,-0.236663818359375,72.25,191.25,chukchi
2021-07-23 18:00:00,3596,72.34003874999999,-168.69278483333335,-0.12,99.5,3.1,6.6,110.31008964867245,1012.45,0.0,0.131687726665679,188.9270075252421,0.0,0.0,0.0,0.0,2021,0.034576416015625,3.6627109050750732,0.548492431640625,-0.236663818359375,72.25,191.25,chukchi
2021-07-23 19:00:00,3594,72.34984349999999,-168.70676233333336,-0.1,99.5,4.2,8.5,87.6121597284316,1011.66,0.0,2.88293144760372,320.98849604506586,0.0,0.0,0.0,0.0,2021,0.034576416015625,3.6627109050750732,0.548492431640625,-0.236663818359375,72.25,191.25,chukchi
2021-07-23 20:00:00,3594,72.48432758333334,-168.68438458333333,-0.06,99.5,5.0,11.8,67.15909652657042,1011.55,0.0,4.362846176225329,1.1337087194614088,0.0,0.0,0.0,0.0,2021,0.302154541015625,3.5324699878692627,0.69073486328125,0.077789306640625,72.5,191.25,chukchi
2021-07-23 21:00:00,3595,72.62282233333333,-168.69878116666666,-0.01,99.5,5.4,10.7,76.71054952631914,1011.51,0.0,4.558335954389029,353.13000863579794,0.0,0.0,0.0,0.0,2021,1.143951416015625,3.381030797958374,0.667236328125,0.520172119140625,72.5,191.25,chukchi
2021-07-23 23:00:00,3595,72.7853785,-168.741139,0.07,99.5,4.6,11.4,19.75743721190183,1011.18,0.0,3.83869590561673,20.28761349736153,0.0,0.0,0.0,0.0,2021,1.224029541015625,3.4702320098876953,0.718048095703125,0.512359619140625,72.75,191.25,chukchi
2021-07-24 00:00:00,3594,72.81917633333335,-168.6514944166667,0.16,99.4,3.6,10.7,341.9059443921709,1011.81,0.0,2.369111587592772,17.559545199646656,0.0,0.0,0.0,0.0,2021,1.224029541015625,3.4702320098876953,0.718048095703125,0.512359619140625,72.75,191.25,chukchi
2021-07-24 01:00:00,3594,72.90323925,-168.30878708333333,0.16,99.4,4.6,15.9,7.748942478442806,1011.33,0.0,4.589912150307182,60.31224230181343,0.0,0.0,0.0,0.0,2021,1.157623291015625,3.8720219135284424,0.725982666015625,0.527984619140625,73.0,191.75,chukchi
2021-07-24 02:00:00,3594,72.97924841666666,-167.9154926666667,0.15,99.5,4.3,12.2,38.4825848356119,1010.95,0.0,5.356944226170845,49.56986477145197,0.0,0.0,0.0,0.0,2021,1.173248291015625,3.9842586517333984,0.72161865234375,0.541656494140625,73.0,192.0,chukchi
2021-07-24 03:00:00,3592,73.08466775,-167.49235875,0.13,99.5,4.5,13.8,31.962721858154133,1010.88,0.0,4.730029365936969,51.892395116468506,0.0,0.0,0.0,0.0,2021,0.586090087890625,3.3859663009643555,0.7115478515625,0.326568603515625,73.0,192.5,chukchi
2021-07-24 04:00:00,3593,73.16771216666666,-167.0970165,0.12,99.5,5.4,13.4,30.103467380970734,1010.5,0.0,4.985303320034611,59.75144387932162,0.0,0.0,0.0,0.0,2021,0.564605712890625,3.736415386199951,0.72412109375,0.310943603515625,73.25,193.0,chukchi
2021-07-24 05:00:00,3592,73.217337,-166.83541816666667,0.11,99.5,5.5,12.2,51.63577763509018,1010.58,0.0,4.670380468992372,37.95279770147744,0.0,0.0,0.0,0.0,2021,0.570465087890625,3.8065335750579834,0.72515869140625,0.295318603515625,73.25,193.25,chukchi
2021-07-24 06:00:00,3595,73.34369966666667,-166.69312250000002,0.03,99.5,4.1,10.6,62.31993439100247,1011.18,0.0,3.561999327459564,358.13833316218853,0.0,0.0,0.0,0.0,2021,0.570465087890625,3.8065335750579834,0.72515869140625,0.295318603515625,73.25,193.25,chukchi
2021-07-24 07:00:00,3594,73.41506841666667,-166.86986216666668,0.07,99.6,6.4,9.9,107.3449265451245,1011.1,0.0,4.613367331736642,319.87300096182577,0.0,0.0,0.0,0.0,2021,0.631011962890625,4.030416965484619,0.72802734375,0.316802978515625,73.5,193.25,chukchi
2021-07-24 08:00:00,3595,73.53646016666667,-167.18764466666664,0.07,99.6,6.8,11.6,113.10631196535444,1010.99,0.0,5.223489681999009,324.45493559995276,0.0,0.0,0.0,0.0,2021,0.621246337890625,3.885378837585449,0.727020263671875,0.340240478515625,73.5,192.75,chukchi
2021-07-24 09:00:00,3593,73.64420216666667,-167.4717011666667,0.06,99.6,6.6,11.5,108.20268601482329,1011.14,0.0,4.47361731685004,316.9512085624136,0.0,0.0,0.0,0.0,2021,0.162750244140625,4.496913909912109,0.720123291015625,-0.189056396484375,73.75,192.5,chukchi
2021-07-24 10:00:00,3595,73.74047233333334,-167.79257800000002,0.04,99.6,7.0,12.9,114.6745243670231,1011.14,0.0,5.163857153581774,324.572949858013,0.0,0.0,0.0,0.0,2021,0.141265869140625,4.396169662475586,0.721893310546875,-0.192962646484375,73.75,192.25,chukchi
2021-07-24 11:00:00,3596,73.86643433333333,-168.11929183333336,-0.01,99.6,7.4,10.5,123.15326357845905,1011.1,0.0,4.51210178735511,315.866393311563,0.0,0.0,0.0,0.0,2021,0.119781494140625,4.300504207611084,0.723785400390625,-0.194915771484375,73.75,192.0,chukchi
2021-07-24 12:00:00,3593,73.90806283333333,-168.2707035,-0.02,99.6,4.6,9.3,143.34725876961184,1010.99,0.0,0.2081663550219135,318.9670409515141,0.0,0.0,0.0,0.0,2021,0.123687744140625,4.5955729484558105,0.7315673828125,-0.187103271484375,74.0,191.75,chukchi
2021-07-24 13:00:00,3594,73.91411641666667,-168.28875799999997,-0.03,99.6,5.0,10.5,153.19030131195714,1010.65,0.0,0.185646169369686,324.0458961413854,0.0,0.0,0.0,0.0,2021,0.123687744140625,4.5955729484558105,0.7315673828125,-0.187103271484375,74.0,191.75,chukchi
2021-07-24 14:00:00,3593,73.91806716666666,-168.29599283333332,-0.03,99.5,5.4,9.6,157.47876840294632,1010.31,0.0,0.0687190251656804,338.91833592077575,0.0,0.0,0.0,0.0,2021,0.123687744140625,4.5955729484558105,0.7315673828125,-0.187103271484375,74.0,191.75,chukchi
2021-07-24 15:00:00,3591,73.99241916666666,-168.2592645,-0.04,99.5,7.1,13.8,85.03873974289436,1009.71,0.0,4.840053282430101,8.61917388658679,0.0,0.0,0.0,0.0,2021,0.189605712890625,6.268519401550293,0.7315673828125,-0.155609130859375,74.0,191.75,chukchi
2021-07-24 16:00:00,3584,74.14515741666666,-168.19235008333334,-0.05,99.4,7.3,15.4,82.89485245242818,1009.71,359.9842522103788,5.426781541257822,8.707537553434372,0.0005580357142857,0.0002790178571428,0.0002790178571428,0.0,2021,0.256011962890625,6.430732727050781,0.73785400390625,-0.184906005859375,74.25,191.75,chukchi
2021-07-24 17:00:00,3595,74.31223133333333,-168.107148,-0.04,99.3,7.1,17.2,72.94059756583572,1010.13,0.0,4.939765976629981,5.558410159239708,0.0,0.0,0.0,0.0,2021,0.248199462890625,6.480648994445801,0.730621337890625,-0.190765380859375,74.25,192.0,chukchi
2021-07-24 18:00:00,3593,74.3520395,-168.0573626666667,-0.08,99.3,6.6,13.1,70.11002526314057,1010.28,0.0,4.012818522516674,333.5415282001314,0.0,0.0,0.0,0.0,2021,0.248199462890625,6.480648994445801,0.730621337890625,-0.190765380859375,74.25,192.0,chukchi
2021-07-24 19:00:00,3596,74.52025866666668,-168.028575,-0.01,99.3,8.1,14.0,88.62135089319176,1009.97,0.0,5.653003794253921,0.9183189475819188,0.0,0.0,0.0,0.0,2021,0.283355712890625,6.515102863311768,0.737091064453125,-0.220062255859375,74.5,192.0,chukchi
2021-07-24 20:00:00,3595,74.67315533333334,-167.94593733333332,0.07,99.2,8.6,18.5,71.38811724972611,1009.94,0.0,5.466425386187834,13.105615360164231,0.0,0.0,0.0,0.0,2021,0.304840087890625,6.455759525299072,0.7406005859375,-0.235687255859375,74.75,192.0,chukchi
2021-07-24 21:00:00,3593,74.77858833333333,-167.87294316666666,0.12,98.9,8.3,17.3,342.89382560137705,1010.54,0.0,0.2529190134081902,298.4563802867624,0.0,0.0,0.0,0.0,2021,0.780670166015625,7.40871524810791,0.727264404296875,0.296051025390625,74.75,192.25,chukchi
2021-07-24 22:00:00,3596,74.78302083333332,-167.8914351666667,0.13,98.6,9.2,15.4,334.1443268938461,1010.24,0.0,0.0127344295954855,269.8910215630177,0.0,0.0,0.0,0.0,2021,0.813873291015625,7.313419342041016,0.72271728515625,0.333160400390625,74.75,192.0,chukchi
2021-07-24 23:00:00,3594,74.78491733333333,-167.9304155833333,0.18,98.1,8.4,16.3,326.11064182405653,1010.39,0.0,0.024247213500446,312.46269526815655,0.0,0.0,0.0,0.0,2021,0.813873291015625,7.313419342041016,0.72271728515625,0.333160400390625,74.75,192.0,chukchi
2021-07-25 00:00:00,3593,74.79129433333333,-167.95905516666667,0.2,97.7,7.8,16.6,312.1777663066749,1010.35,0.0,0.011014980574481,317.26833954731717,0.0,0.0,0.0,0.0,2021,0.813873291015625,7.313419342041016,0.72271728515625,0.333160400390625,74.75,192.0,chukchi
2021-07-25 01:00:00,3594,74.794877,-167.96872141666665,0.17,97.7,7.6,12.4,302.7097161497541,1010.09,0.0,0.0060720272172684,47.736219677670235,0.0,0.0,0.0,0.0,2021,0.813873291015625,7.313419342041016,0.72271728515625,0.333160400390625,74.75,192.0,chukchi
2021-07-25 02:00:00,3592,74.85202875,-168.0965993333333,0.18,97.2,9.8,17.1,104.90419566033448,1009.94,0.0,4.937042708447895,340.4873937885673,0.0,0.0,0.0,0.0,2021,0.813873291015625,7.313419342041016,0.72271728515625,0.333160400390625,74.75,192.0,chukchi
2021-07-25 03:00:00,3594,74.97180891666667,-168.1476841666667,0.16,97.1,9.8,18.0,103.1790510669695,1009.79,0.0,5.613742254584556,346.4723429467039,0.0,0.0,0.0,0.0,2021,0.308990478515625,7.53791618347168,0.7330322265625,-0.102386474609375,75.0,191.75,chukchi
2021-07-28 22:00:00,3596,75.99996616666667,179.99994925,-0.54,99.0,11.2,20.6,348.6484557703086,1013.17,0.0,0.0090475669585623,338.67580878161016,0.0,0.0,0.0,0.0,2021,0.581451416015625,8.148693084716797,0.59796142578125,-0.469818115234375,76.0,180.0,east_siberian
2021-07-28 23:00:00,3598,75.99996783333333,179.99995299999998,-0.5,98.3,11.3,18.1,348.4999899484199,1012.98,0.0,0.0074949019747037,311.5575902250017,0.0,0.0,0.0,0.0,2021,0.581451416015625,8.148693084716797,0.59796142578125,-0.469818115234375,76.0,180.0,east_siberian
2021-07-29 00:00:00,3592,75.9996225,179.99558258333332,-0.5,95.5,9.9,19.3,1.0454599792115726,1013.02,0.0,0.2512049406016785,246.4365965697368,0.0,0.0,0.0,0.0,2021,0.581451416015625,8.148693084716797,0.59796142578125,-0.469818115234375,76.0,180.0,east_siberian
2021-07-29 01:00:00,3594,75.99880533333334,179.98233583333334,-0.64,93.9,8.6,18.8,100.34721259136332,1013.05,0.0,1.0200230749864592,254.84905310141727,0.0,0.0,0.0,0.0,2021,0.581451416015625,8.148693084716797,0.59796142578125,-0.469818115234375,76.0,180.0,east_siberian
2021-07-29 02:00:00,3594,76.01580608333333,179.88815833333337,-0.59,92.8,10.6,20.1,94.56091180238658,1013.05,0.0,4.9069923225023535,308.67124132909737,0.0,0.0,0.0,0.0,2021,0.581451416015625,8.148693084716797,0.59796142578125,-0.469818115234375,76.0,180.0,east_siberian
2021-07-29 19:00:00,3273,76.97695416666667,179.80528016666668,-0.86,94.8,6.5,12.3,76.42439397494684,1014.22,337.96319568055947,0.2123719599022813,286.5619190612912,0.0006110601894286,0.0009165902841429,0.0006110601894286,0.0,2021,0.006256103515625,6.35146951675415,0.611328125,-0.540863037109375,77.0,179.75,east_siberian
2021-07-29 20:00:00,3241,76.91739416666665,179.74040016666666,-1.17,92.8,6.9,20.1,73.23476425420006,1014.14,252.70381184752227,1.2732879834178903,247.9522823872929,0.0003085467448318,0.0,0.0003085467448318,0.0,2021,0.006256103515625,6.35146951675415,0.611328125,-0.540863037109375,77.0,179.75,east_siberian
2021-07-29 21:00:00,3594,76.91769941666666,179.66354633333333,-1.71,94.4,6.6,10.8,57.85169800585287,1013.95,284.7834431187175,1.7706275340852031,278.1604746858046,0.0,0.0,0.0,0.0,2021,0.704742431640625,5.254467964172363,0.776611328125,-0.097747802734375,77.0,179.75,east_siberian
2021-08-03 05:00:00,3596,76.864138,173.76759291666667,0.05,97.1,12.8,24.5,226.62100354367044,1023.08,177.5629548605448,5.249177703906844,179.2775122024204,0.0,0.0,0.0,0.0,2021,-0.009124755859375,3.6988611221313477,0.46978759765625,-0.527557373046875,76.75,173.75,east_siberian
2021-08-03 06:00:00,3589,76.72719633333332,173.9691485,-0.01,96.9,5.9,15.3,224.40458290371672,1023.56,130.51163607844484,5.402075051325781,125.21740335235788,0.0002786291446085,0.0,0.0002786291446085,0.0,2021,-0.038421630859375,3.6710212230682373,0.4715576171875,-0.549041748046875,76.75,174.0,east_siberian
2021-08-03 07:00:00,3596,76.70510591666667,174.20173458333332,-0.16,97.4,4.7,21.5,248.59880771508065,1023.6,147.21503578645888,1.7835952591210562,149.25480466645584,0.0,0.0,0.0,0.0,2021,-0.057952880859375,3.6428709030151367,0.471466064453125,-0.564666748046875,76.75,174.25,east_siberian
2021-08-03 08:00:00,3595,76.57074283333333,174.2426373333333,-0.15,97.0,13.6,22.9,228.9580807463976,1022.4,223.4967464544786,6.216538139218937,224.4780520762836,0.0,0.0,0.0,0.0,2021,-0.452484130859375,3.2500531673431396,0.3602294921875,-1.050994873046875,76.5,174.25,east_siberian
2021-08-03 09:00:00,3596,76.53656983333333,173.71277650000002,-0.35,97.4,4.3,16.8,257.6611312084738,1023.38,147.57581454346666,0.1008975581154083,21.413829467754,0.0,0.0,0.0,0.0,2021,-0.727874755859375,4.034553050994873,0.36065673828125,-1.261566162109375,76.5,173.75,east_siberian
2021-08-03 10:00:00,3587,76.47023416666666,173.72061633333337,-0.47,97.1,14.7,21.8,222.6302208288825,1021.99,192.46274644323333,6.179180052030897,197.47974567318724,0.0002787844995818,0.0,0.0002787844995818,0.0,2021,-0.727874755859375,4.034553050994873,0.36065673828125,-1.261566162109375,76.5,173.75,east_siberian
2021-08-03 11:00:00,3381,76.30244216666667,173.528507,-0.51,96.2,15.1,22.5,206.56353934478395,1021.69,181.26864516342536,6.519742370679145,183.1627387441968,0.0002957704821058,0.0,0.0002957704821058,0.0,2021,-0.731781005859375,3.600020170211792,0.27923583984375,-1.265472412109375,76.25,173.5,east_siberian
2021-08-03 12:00:00,3593,76.09262033333333,173.51833233333335,-0.33,95.5,13.7,20.6,201.61994590989983,1021.57,171.39171341789998,6.482403613957742,173.0794995368883,0.0,0.0,0.0,0.0,2021,-0.669281005859375,2.9143455028533936,0.268646240234375,-1.304534912109375,76.0,173.5,east_siberian
2021-08-03 13:00:00,3592,76.00009816666667,173.58611591666667,-0.24,94.6,3.6,11.8,281.57354782882794,1021.61,253.7495871880149,0.0489095665035947,164.5944433812084,0.0,0.0,0.0,0.0,2021,-0.669281005859375,2.9143455028533936,0.268646240234375,-1.304534912109375,76.0,173.5,east_siberian
2021-08-03 14:00:00,3596,75.99825000000001,173.5745283333333,-0.44,95.3,3.3,6.1,290.4349965841195,1021.46,284.05230378740055,0.0166277954855306,189.84241372877617,0.0,0.0,0.0,0.0,2021,-0.669281005859375,2.9143455028533936,0.268646240234375,-1.304534912109375,76.0,173.5,east_siberian
2021-08-03 15:00:00,3594,75.99709733333333,173.57692916666667,-0.49,95.6,2.4,4.9,283.5460772593377,1020.97,289.9878800277037,0.0506167766691483,122.26105938350244,0.0,0.0,0.0,0.0,2021,-1.564544677734375,1.4654617309570312,0.268646240234375,-2.232025146484375,76.0,173.5,east_siberian
2021-08-03 16:00:00,3585,75.99635466666668,173.5819331666667,-0.27,94.4,2.1,4.3,274.47916966082755,1020.48,290.0103769000797,0.0509131745400831,109.88812339537014,0.0,0.0,0.0,0.0,2021,-1.564544677734375,1.4654617309570312,0.268646240234375,-2.232025146484375,76.0,173.5,east_siberian
2021-08-03 17:00:00,3587,75.99578283333334,173.58834216666668,-0.51,95.1,2.8,5.9,290.61411420965237,1020.11,289.9989685141828,0.0510815103981667,110.10110812760392,0.0,0.0,0.0,0.0,2021,-1.564544677734375,1.4654617309570312,0.268646240234375,-2.232025146484375,76.0,173.5,east_siberian
2021-08-03 18:00:00,3591,75.99534333333332,173.59314866666665,-0.55,95.4,1.8,4.1,283.5760377729189,1020.0,241.34180596152936,0.8826756330016868,151.656087316059,0.0,0.0,0.0,0.0,2021,-1.564544677734375,1.4654617309570312,0.268646240234375,-2.232025146484375,76.0,173.5,east_siberian
2021-08-03 19:00:00,3592,75.97711516666666,173.570925,-0.4,95.1,1.5,3.7,302.2816530962646,1019.81,19.153859654547933,1.7296003347123825,18.887677306541253,0.0,0.0,0.0,0.0002783964365256,2021,-1.564544677734375,1.4654617309570312,0.268646240234375,-2.232025146484375,76.0,173.5,east_siberian
2021-08-03 20:00:00,3595,76.00010483333334,173.60035200000002,-0.5,95.9,1.6,5.1,267.1390729981212,1019.73,193.3479427327553,0.4597632081659795,196.40760970970896,0.0,0.0,0.0,0.0,2021,-1.564544677734375,1.4654617309570312,0.268646240234375,-2.232025146484375,76.0,173.5,east_siberian
2021-08-03 21:00:00,3593,75.99366533333334,173.59302650000004,-0.54,95.2,1.6,13.4,287.5019531558119,1019.17,194.8303472491866,0.0021305668492796,186.29111282802668,0.0,0.0,0.0,0.0,2021,0.241607666015625,2.2002830505371094,0.237457275390625,-0.451507568359375,76.0,173.5,east_siberian
2021-08-03 22:00:00,3592,75.88496500000001,173.33910925,-0.45,95.5,10.4,17.5,212.70178287411463,1018.72,203.7921004682254,6.200766384782386,204.2767124794595,0.0,0.0,0.0,0.0,2021,0.265045166015625,2.3444268703460693,0.229248046875,-0.410491943359375,76.0,173.25,east_siberian
2021-08-03 23:00:00,3595,75.723491,173.25958899999998,-0.2,94.3,10.4,14.6,187.62731771717156,1018.76,165.0832298857158,6.0647395776816175,167.3356466260434,0.0,0.0,0.0,0.0,2021,0.143951416015625,1.8331562280654907,0.240966796875,-0.570648193359375,75.75,173.25,east_siberian
2021-08-04 00:00:00,3592,75.54808066666666,173.511978,0.21,92.1,10.2,16.5,146.15344985899182,1018.38,189.45540582402924,6.178006208877059,186.65654515179008,0.0,0.0,0.0,0.0,2021,0.073638916015625,2.1316707134246826,0.31829833984375,-0.877288818359375,75.5,173.5,east_siberian
2021-08-04 01:00:00,3592,75.49513966666666,173.52607324999997,0.18,92.7,3.0,14.7,61.11162749669066,1018.5,270.06657545204695,0.1494943175217058,210.77102234057503,0.0,0.0,0.0,0.0,2021,0.073638916015625,2.1316707134246826,0.31829833984375,-0.877288818359375,75.5,173.5,east_siberian
2021-08-04 02:00:00,3587,75.37344933333334,173.5599945,0.28,93.5,3.5,11.9,82.6278053541007,1018.12,174.67227623082556,5.007915725094193,175.8164548666472,0.0002787844995818,0.0002787844995818,0.0002787844995818,0.0,2021,0.147857666015625,2.940964937210083,0.36004638671875,-0.896820068359375,75.25,173.5,east_siberian
2021-08-04 03:00:00,3593,75.22146266666667,173.55786783333332,0.35,94.1,8.8,14.2,150.15626394358904,1017.48,176.70475979090716,5.725294257948685,178.46587924872313,0.0,0.0,0.0,0.0,2021,0.085113525390625,3.37001633644104,0.36004638671875,-0.892913818359375,75.25,173.5,east_siberian
2021-08-04 04:00:00,3597,75.02913766666667,173.59475383333333,0.44,90.0,7.8,11.5,128.7860241130791,1017.03,153.1031345362744,5.993468926420102,194.70874805244875,0.0,0.0,0.0,0.0,2021,0.018707275390625,4.180938243865967,0.34820556640625,-0.969085693359375,75.0,173.5,east_siberian
2021-08-04 05:00:00,3587,75.00819750000001,173.581761,0.37,90.8,4.8,10.0,42.93183246535254,1016.88,68.87709375076804,0.1522112530706896,331.36838946193984,0.0,0.0,0.0,0.0,2021,0.018707275390625,4.180938243865967,0.34820556640625,-0.969085693359375,75.0,173.5,east_siberian
2021-08-04 06:00:00,3587,75.01192733333333,173.5735571666667,0.27,93.9,4.7,9.8,48.825258830501966,1016.84,0.0024232158285941,0.151636007541938,344.9418474076372,0.0,0.0,0.0,0.0,2021,0.018707275390625,4.180938243865967,0.34820556640625,-0.969085693359375,75.0,173.5,east_siberian
2021-08-04 07:00:00,3593,75.01660783333334,173.5657723333333,0.25,95.1,4.3,8.0,50.906529251777975,1016.99,359.9927491061957,0.1517968724942612,346.13297095330046,0.0,0.0,0.0,0.0,2021,0.018707275390625,4.180938243865967,0.34820556640625,-0.969085693359375,75.0,173.5,east_siberian
2021-08-04 08:00:00,3594,75.02063433333333,173.56296666666668,0.4649999999999999,96.2,4.2,8.3,50.8119458468652,1017.18,184.3461295241113,0.1507686960773729,352.2836981999904,0.0,0.0,0.0,0.0,2021,0.018707275390625,4.180938243865967,0.34820556640625,-0.969085693359375,75.0,173.5,east_siberian
2021-08-04 09:00:00,3594,75.01801516666666,173.56236899999996,0.48,94.8,4.8,10.3,45.72774013281537,1017.22,87.16418123903917,0.003226019337827,93.38882240884458,0.0,0.0,0.0,0.0,2021,-0.125091552734375,4.316274166107178,0.34820556640625,-0.915618896484375,75.0,173.5,east_siberian
2021-08-04 10:00:00,3593,74.9509515,173.40397549999997,0.03,97.4,3.6,9.6,224.62279147465128,1017.07,230.97299343910183,6.275283453348093,232.94532492588127,0.0,0.0,0.0,0.0,2021,-0.125091552734375,4.316274166107178,0.34820556640625,-0.915618896484375,75.0,173.5,east_siberian
2021-08-04 11:00:00,3595,74.86128933333333,172.93582016666667,-0.24,98.1,5.5,11.3,44.78393342477781,1017.41,189.2662123418429,4.7382879076539846,190.41087619035324,0.0,0.0,0.0,0.0,2021,-0.003997802734375,4.446351528167725,0.4207763671875,-1.003509521484375,74.75,173.0,east_siberian
2021-08-04 12:00:00,3595,74.72892866666666,173.003823,-0.25,98.1,5.9,14.4,162.0212253104223,1017.18,193.8137130724661,5.559344022609255,193.4778201673746,0.0,0.0005563282336578,0.0,0.0,2021,-0.003997802734375,4.446351528167725,0.4207763671875,-1.003509521484375,74.75,173.0,east_siberian
2021-08-04 13:00:00,3595,74.65657983333334,172.52025599999996,-0.74,98.6,5.3,8.6,28.23310258021094,1017.14,281.8132756708688,4.153265825313297,229.5509556473538,0.0,0.0,0.0,0.0,2021,-0.068450927734375,4.572852611541748,0.451019287109375,-0.929290771484375,74.75,172.5,east_siberian
2021-08-04 14:00:00,3465,74.63277933333333,172.311899,-0.84,99.1,6.0,10.2,92.79101624075513,1017.22,223.41835982932756,5.0428619216432224,216.02164384503223,0.0002886002886002,0.0,0.0002886002886002,0.0,2021,-0.009857177734375,4.621076583862305,0.467132568359375,-0.814056396484375,74.75,172.25,east_siberian
2021-08-04 15:00:00,3596,74.48129875000001,171.97902066666666,-0.92,99.2,3.4,8.3,190.03201300070796,1017.18,225.7490906563065,6.191025621668747,226.53628107634464,0.0,0.0,0.0,0.0005561735261401,2021,-0.003265380859375,5.491733551025391,0.51702880859375,-0.531097412109375,74.5,172.0,east_siberian
2021-08-04 16:00:00,3597,74.38436683333333,171.49081416666667,-0.68,99.3,4.8,14.6,92.96626204907136,1017.26,227.4284262046368,5.181494440320441,228.71985448995335,0.0,0.0,0.0,0.0005560189046427,2021,-0.054046630859375,5.531135559082031,0.53448486328125,-0.509613037109375,74.5,171.5,east_siberian
2021-08-04 17:00:00,3587,74.32356933333334,171.24055066666668,-0.78,99.3,7.0,13.5,63.54646418923189,1017.41,276.54141526071305,0.9852831342608408,215.7270001835219,0.0002787844995818,0.0,0.0002787844995818,0.0,2021,0.037750244140625,5.801004409790039,0.49853515625,-0.599456787109375,74.25,171.25,east_siberian
2021-08-04 18:00:00,3594,74.21321741666667,171.078913,-0.92,99.3,4.2,9.8,170.28014894420616,1017.63,212.82636759799652,6.259683698668122,212.48897157431549,0.0,0.0,0.0,0.0,2021,-0.005218505859375,5.84050989151001,0.49871826171875,-0.601409912109375,74.25,171.0,east_siberian
2021-08-04 19:00:00,3594,74.05528941666667,170.72798808333332,-0.85,99.3,4.1,11.1,179.73885314315768,1017.89,229.51246250814873,6.101136744226102,230.24715831662377,0.0,0.0,0.0,0.0,2021,-0.098968505859375,6.16952657699585,0.401214599609375,-0.929534912109375,74.0,170.75,east_siberian
2021-08-04 20:00:00,3586,74.01844491666667,170.0976640833333,-1.33,99.3,4.4,14.6,59.6977181143265,1018.08,259.954778491812,5.86538439616946,257.4602666333462,0.0002788622420524,0.0,0.0002788622420524,0.0,2021,-0.292327880859375,6.235915184020996,0.42181396484375,-0.925628662109375,74.0,170.0,east_siberian
2021-08-04 21:00:00,3584,74.000049,170.0002581666667,-1.7,99.3,9.1,18.9,41.660283901124146,1017.67,35.97087393427216,0.0043079801826819,61.91702806123057,0.0,0.0,0.0,0.0,2021,-0.031097412109375,6.4434895515441895,0.385284423828125,-0.405853271484375,74.0,170.0,east_siberian
2021-08-04 22:00:00,3592,73.99695666666666,169.99406383333334,-1.68,99.2,9.6,18.8,41.08720484944664,1018.05,40.18952466923042,0.0092217600048846,181.46960569745272,0.0,0.0,0.0,0.0,2021,-0.031097412109375,6.4434895515441895,0.385284423828125,-0.405853271484375,74.0,170.0,east_siberian
2021-08-04 23:00:00,3569,73.99191966666667,169.9976393333333,-1.4,99.1,8.9,16.9,43.36763188361277,1018.2,28.86309669881882,0.0056861227141214,166.64980970511655,0.0,0.0,0.0,0.0,2021,-0.031097412109375,6.4434895515441895,0.385284423828125,-0.405853271484375,74.0,170.0,east_siberian
2021-08-05 00:00:00,3595,73.99932316666667,169.99889816666666,-1.06,98.9,9.0,16.3,50.812209911374126,1018.38,6.9675555132051255,0.1949668054466013,223.230812835586,0.0,0.0,0.0,0.0,2021,-0.031097412109375,6.4434895515441895,0.385284423828125,-0.405853271484375,74.0,170.0,east_siberian
2021-08-05 01:00:00,3596,74.00207675,170.0031215,-0.95,98.5,8.0,24.7,57.46701343760965,1019.21,208.526494540498,1.2730148339615686,197.7857847335002,0.0,0.0,0.0,0.0,2021,-0.031097412109375,6.4434895515441895,0.385284423828125,-0.405853271484375,74.0,170.0,east_siberian
2021-08-05 02:00:00,3588,73.97912783333332,169.9398366666667,-1.08,98.8,8.8,15.4,48.306429206494215,1019.25,220.51505727291283,0.7671528306988654,218.71438727429577,0.0,0.0,0.0,0.0,2021,-0.031097412109375,6.4434895515441895,0.385284423828125,-0.405853271484375,74.0,170.0,east_siberian
2021-08-05 03:00:00,3377,73.99413316666667,169.85115100000002,-1.15,99.0,9.6,14.9,50.248683342701526,1019.36,8.740901524626478,0.0233676936196415,320.12734111727445,0.0,0.0,0.0,0.0,2021,-0.237396240234375,6.943748474121094,0.38525390625,-0.456878662109375,74.0,169.75,east_siberian
2021-08-05 04:00:00,3221,74.00619433333333,169.8041098333333,-1.17,99.1,9.9,19.4,48.29292924325757,1019.55,37.981616899353014,0.0035006456460737,168.69901724430724,0.0006209251785159,0.0003104625892579,0.0003104625892579,0.0,2021,-0.237396240234375,6.943748474121094,0.38525390625,-0.456878662109375,74.0,169.75,east_siberian
2021-08-05 05:00:00,3592,74.00618783333333,169.8041173333333,-1.17,99.1,9.0,15.8,53.63042147543579,1020.22,38.95151019980423,0.0040477104712468,228.10712173395703,0.0,0.0,0.0,0.0,2021,-0.237396240234375,6.943748474121094,0.38525390625,-0.456878662109375,74.0,169.75,east_siberian
2021-08-05 06:00:00,3596,73.95770416666667,169.86430916666666,-1.15,99.1,7.3,17.1,113.97001995243689,1021.05,164.35885519774544,5.816000765775966,164.17972222434753,0.0,0.0,0.0,0.0,2021,-0.237396240234375,6.943748474121094,0.38525390625,-0.456878662109375,74.0,169.75,east_siberian
2021-08-05 07:00:00,3596,73.82162374999999,169.60880225,-1.26,99.0,5.8,23.4,151.32578608280983,1021.2,213.01403851731584,6.3878430586723125,213.97163118112655,0.0,0.0,0.0,0.0,2021,-0.184661865234375,7.233964920043945,0.3365478515625,-0.523284912109375,73.75,169.5,east_siberian
2021-08-05 08:00:00,3580,73.657884,169.4979050833333,-1.26,99.0,4.6,15.8,118.8721707238658,1021.05,226.04292313012377,6.285204328079873,228.0762221237354,0.000558659217877,0.0002793296089385,0.0002793296089385,0.0,2021,-0.184661865234375,7.233964920043945,0.3365478515625,-0.523284912109375,73.75,169.5,east_siberian
2021-08-05 09:00:00,3593,73.5756805,169.00761483333335,-1.19,98.9,6.8,17.6,127.25052084755474,1021.35,216.81066302356683,5.9904370279195165,212.51672037495737,0.0,0.0005566379070414,0.0,0.0,2021,-0.632659912109375,8.290337562561035,0.3502197265625,-1.148284912109375,73.5,169.0,east_siberian
2021-08-05 10:00:00,3581,73.53018883333334,168.92806216666668,-1.11,98.6,9.0,17.1,62.05476995411419,1021.46,346.64618984125633,0.5098952940498034,296.3382880969208,0.0002792516056967,0.0,0.0002792516056967,0.0,2021,-0.632659912109375,8.290337562561035,0.3502197265625,-1.148284912109375,73.5,169.0,east_siberian
2021-08-05 11:00:00,3590,73.54163383333334,168.91264383333333,-0.98,98.7,9.1,19.8,54.75628206206828,1022.1,97.10829138224696,0.0133598734476811,288.48652858397975,0.0,0.0,0.0,0.0,2021,-0.632659912109375,8.290337562561035,0.3502197265625,-1.148284912109375,73.5,169.0,east_siberian
2021-08-05 12:00:00,3591,73.54162283333334,169.0563041666667,-0.9,98.6,14.3,27.6,85.37980359692345,1020.9,84.91789092922258,5.961814169205324,85.39178975383415,0.0,0.0,0.0,0.0,2021,-0.632659912109375,8.290337562561035,0.3502197265625,-1.148284912109375,73.5,169.0,east_siberian
2021-08-05 13:00:00,3592,73.62843058333334,169.55841866666665,-0.79,98.4,12.3,25.8,77.6186750062684,1021.27,48.70591346904679,5.9005140039333925,47.02007302406515,0.0,0.0,0.0,0.0,2021,-0.656097412109375,8.186311721801758,0.3365478515625,-1.165863037109375,73.75,169.5,east_siberian
2021-08-05 14:00:00,3590,73.71540391666667,169.84907316666667,-0.86,97.9,14.4,23.3,84.88470826885083,1021.65,46.27320706430887,6.054034746304438,45.04384400663391,0.0,0.0,0.0,0.0,2021,-0.648284912109375,8.194056510925293,0.33795166015625,-1.158050537109375,73.75,169.75,east_siberian
2021-08-05 15:00:00,3593,73.84434616666667,170.2804455,-1.4,98.5,14.3,29.1,90.13502412338876,1022.44,42.64369983340048,6.204844442309876,41.85614570346558,0.0,0.0,0.0,0.0,2021,-0.828460693359375,7.982369422912598,0.3341064453125,-1.475677490234375,73.75,170.25,east_siberian
2021-08-05 16:00:00,3587,73.92678916666667,170.8214976666667,-1.75,98.6,15.1,32.5,92.18598292303072,1022.74,55.000992447306,6.237794233521928,55.16523116235726,0.0002787844995818,0.0,0.0002787844995818,0.0,2021,-0.871429443359375,7.380469799041748,0.362060546875,-1.563568115234375,74.0,170.75,east_siberian
2021-08-05 17:00:00,3595,74.02883283333334,171.31407350000003,-1.93,98.4,14.7,22.5,94.22270662588464,1023.56,70.00272580812522,5.851946073324547,71.27125920477634,0.0,0.0,0.0,0.0,2021,-0.883148193359375,7.36391019821167,0.361297607421875,-1.577239990234375,74.0,171.25,east_siberian
2021-08-05 18:00:00,3594,74.1315995,171.59898025,-1.9,98.2,12.0,24.7,84.49627668928358,1024.39,25.41323512623962,6.22320036196571,25.067328089621036,0.0,0.0,0.0,0.0,2021,-0.805023193359375,6.741397380828857,0.44580078125,-1.545989990234375,74.25,171.5,east_siberian
2021-08-05 19:00:00,3589,74.19741316666666,172.15829883333336,-1.97,98.2,14.5,25.6,100.70587639188145,1024.91,75.54403885186541,6.003140466579633,75.8708863305223,0.0002786291446085,0.0,0.0002786291446085,0.0,2021,-0.834320068359375,6.737132549285889,0.444366455078125,-1.585052490234375,74.25,172.25,east_siberian
2021-08-05 20:00:00,3196,74.28193375000001,172.7345438333333,-1.81,98.2,13.8,24.1,94.8614438238352,1025.4,49.01885953874135,6.247071389956425,49.72084676599838,0.0003128911138923,0.0,0.0003128911138923,0.0,2021,-0.844085693359375,6.752250671386719,0.4322509765625,-1.604583740234375,74.25,172.75,east_siberian
2021-08-05 21:00:00,3596,74.40598241666666,172.92487583333332,-0.99,98.2,8.2,16.8,83.53723384709032,1026.53,19.545210680641503,5.268890379256375,17.686863537076974,0.0,0.0,0.0,0.0,2021,0.047515869140625,5.348324775695801,0.394012451171875,-0.639251708984375,74.5,173.0,east_siberian
2021-08-05 22:00:00,3593,74.52274166666666,173.1911366666667,-0.82,97.6,13.0,24.5,98.5241656335285,1026.6,65.47825786754791,5.987859902146962,64.71668481829288,0.0,0.0,0.0,0.0,2021,0.057281494140625,5.358375072479248,0.38653564453125,-0.621673583984375,74.5,173.25,east_siberian
2021-08-05 23:00:00,3593,74.51068066666667,173.60474849999997,-0.73,97.2,7.3,19.7,71.3490311122074,1027.73,121.15124239392594,0.2765483574630859,157.674180131155,0.0,0.0,0.0,0.0,2021,0.069000244140625,5.371662616729736,0.3760986328125,-0.602142333984375,74.5,173.5,east_siberian
2021-08-06 00:00:00,3589,74.49638233333333,173.58545033333334,-0.71,97.0,4.6,16.2,79.541427057278,1028.18,142.17870149864186,0.2008598617844015,271.7047184930008,0.0,0.0,0.0,0.0,2021,0.069000244140625,5.371662616729736,0.3760986328125,-0.602142333984375,74.5,173.5,east_siberian
2021-08-06 01:00:00,3593,74.55570566666667,173.97646816666668,-0.61,97.1,12.8,26.5,105.0054375690658,1027.13,73.66476187314582,6.105871122754584,73.08850037853097,0.0,0.0,0.0,0.0,2021,0.092437744140625,5.412431716918945,0.344696044921875,-0.561126708984375,74.5,174.0,east_siberian
2021-08-06 02:00:00,3594,74.57761366666666,174.50660025000002,-0.45,96.9,11.7,22.6,99.21651933380032,1027.77,57.74992421007669,5.830401768411319,58.17348088473304,0.0,0.0,0.0,0.0,2021,0.088531494140625,5.405550479888916,0.354461669921875,-0.518157958984375,74.5,174.5,east_siberian
2021-08-06 03:00:00,3587,74.63496333333333,174.90930983333334,-0.39,96.7,6.6,19.4,85.09332264803834,1028.71,58.221623557430306,3.1608075521572117,87.70252844798229,0.0002787844995818,0.0,0.0002787844995818,0.0,2021,-0.188568115234375,4.676507472991943,0.318939208984375,-1.014495849609375,74.75,175.0,east_siberian
2021-08-06 04:00:00,3589,74.62232816666666,174.93311,-0.34,96.5,5.3,9.5,65.93641226784794,1029.12,283.795741170828,0.4228599372700181,111.0425169958912,0.0,0.0,0.0,0.0,2021,-0.219818115234375,5.059185981750488,0.35516357421875,-1.014495849609375,74.5,175.0,east_siberian
2021-08-06 05:00:00,3591,74.66904766666667,174.70320133333334,-0.34,96.7,4.9,15.8,77.7792710610245,1029.38,330.3575915429779,5.072701284797564,299.77294014825833,0.0,0.0,0.0,0.0005569479253689,2021,-0.186614990234375,4.747001647949219,0.308135986328125,-1.012542724609375,74.75,174.75,east_siberian
2021-08-06 06:00:00,3594,74.68749991666667,174.69792274999998,-0.39,96.5,5.0,8.5,66.98607494212317,1029.91,340.0044510760599,0.1007462038680194,255.64242073878393,0.0,0.0,0.0,0.0,2021,-0.186614990234375,4.747001647949219,0.308135986328125,-1.012542724609375,74.75,174.75,east_siberian
2021-08-06 07:00:00,3562,74.68696274999999,174.68972583333334,-0.43,96.6,5.1,12.1,58.3926695365481,1030.06,0.2608344037039153,0.1019067681168677,261.781200861157,0.0,0.0,0.0,0.0,2021,-0.186614990234375,4.747001647949219,0.308135986328125,-1.012542724609375,74.75,174.75,east_siberian
2021-08-06 08:00:00,3366,74.71705075,174.85603691666668,-1.61,97.8,5.8,12.4,45.493208819186115,1030.13,88.53881075991016,1.7727462321982004,80.48486190419456,0.0005941770647653,0.0002970885323826,0.0002970885323826,0.0,2021,-0.186614990234375,4.747001647949219,0.308135986328125,-1.012542724609375,74.75,174.75,east_siberian
2021-08-06 09:00:00,3593,74.7159675,174.90504866666663,-2.15,98.7,5.4,11.8,48.66919010024432,1030.51,208.06467112169528,0.0102079814069049,212.27357895069343,0.0,0.0,0.0,0.0,2021,-0.511322021484375,4.619454383850098,0.318939208984375,-0.984222412109375,74.75,175.0,east_siberian
2021-08-06 11:00:00,3589,74.68146766666668,174.68590249999997,-2.53,98.7,5.4,10.6,36.37980514886153,1030.92,61.736935041038855,0.5202236117823253,30.744495364096487,0.0,0.0,0.0,0.0,2021,-0.493743896484375,4.548249244689941,0.308135986328125,-0.980316162109375,74.75,174.75,east_siberian
2021-08-06 12:00:00,3595,74.6742785,174.72962316666664,-2.26,98.7,4.9,15.9,42.62317450449984,1031.07,145.01131719820037,0.5482617370345575,137.3236705714029,0.0,0.0,0.0,0.0,2021,-0.493743896484375,4.548249244689941,0.308135986328125,-0.980316162109375,74.75,174.75,east_siberian
2021-08-06 13:00:00,3590,74.67324933333333,174.735185,-1.93,98.5,4.2,7.4,35.36694241312567,1031.18,214.63935606864473,0.144576229356577,276.7644492487716,0.0,0.0,0.0,0.0,2021,-0.493743896484375,4.548249244689941,0.308135986328125,-0.980316162109375,74.75,174.75,east_siberian
2021-08-06 14:00:00,3592,74.67449466666666,174.72586958333335,-1.68,97.6,3.7,6.8,29.39021148376388,1031.22,214.5940958275155,0.0781865400188663,312.13822669335843,0.0,0.0,0.0,0.0,2021,-0.493743896484375,4.548249244689941,0.308135986328125,-0.980316162109375,74.75,174.75,east_siberian
2021-08-06 15:00:00,3596,74.67552758333333,174.72314608333335,-1.55,97.4,3.8,7.4,11.241657946148193,1031.15,213.8434113736643,0.023473198307063,34.972062108693,0.0,0.0,0.0,0.0,2021,-0.547698974609375,3.9850800037384033,0.308135986328125,-0.941497802734375,74.75,174.75,east_siberian
2021-08-06 16:00:00,3594,74.67503041666666,174.72498225000004,-1.4,97.4,4.6,10.9,13.9405681831313,1031.11,234.6688380854116,0.0636219062778824,123.08917100536787,0.0,0.0,0.0,0.0,2021,-0.547698974609375,3.9850800037384033,0.308135986328125,-0.941497802734375,74.75,174.75,east_siberian
2021-08-06 17:00:00,3592,74.66701366666666,174.7478738333333,-1.06,97.0,4.5,7.3,14.56785474751643,1031.22,29.39603167834275,0.8147039099055156,72.74348371853708,0.0,0.0,0.0,0.0,2021,-0.547698974609375,3.9850800037384033,0.308135986328125,-0.941497802734375,74.75,174.75,east_siberian
2021-08-06 18:00:00,3595,74.70493916666666,174.95869316666668,-0.85,96.1,6.4,20.7,50.72701136087271,1030.39,36.46958198579264,6.217363129824832,38.41664717569984,0.0,0.0,0.0,0.0,2021,-0.576995849609375,4.046741962432861,0.318939208984375,-0.982513427734375,74.75,175.0,east_siberian
2021-08-06 19:00:00,3597,74.8804315,175.11002283333335,-0.6,95.3,5.8,17.8,15.831162632456987,1030.54,353.4699933129539,5.458100435182261,352.2872464750074,0.0,0.0,0.0,0.0,2021,-0.551605224609375,4.014373302459717,0.31488037109375,-0.953216552734375,75.0,175.0,east_siberian
2021-08-06 20:00:00,3595,75.02430833333332,175.20694733333335,-0.43,95.2,6.1,16.8,24.793770692710215,1031.11,17.623756578562435,5.2062533794301595,0.8527376516048935,0.0,0.0,0.0,0.0,2021,-0.598480224609375,4.10967493057251,0.340728759765625,-0.994232177734375,75.0,175.25,east_siberian
2021-08-06 21:00:00,3594,75.04049,175.22253725000002,-0.33,95.6,5.3,9.7,358.2022619867687,1031.6,350.0072066306325,0.0499141355415752,247.27529184502384,0.0,0.0,0.0,0.0,2021,-0.439056396484375,4.664538860321045,0.321197509765625,-0.713226318359375,75.0,175.25,east_siberian
2021-08-06 22:00:00,3592,75.04477741666666,175.16053933333336,-0.18,95.4,5.2,11.5,342.17753272074594,1031.56,322.285176116712,5.159531887521994,276.496979233003,0.0,0.0,0.0,0.0,2021,-0.439056396484375,4.664538860321045,0.321197509765625,-0.713226318359375,75.0,175.25,east_siberian
2021-08-06 23:00:00,3592,75.17780400000001,174.81381391666667,0.02,94.9,5.4,14.8,16.996905889649152,1031.15,350.37550977260736,5.5408889611511265,348.4139473106013,0.0,0.0,0.0,0.0,2021,-0.331634521484375,4.429634094238281,0.31256103515625,-0.656585693359375,75.25,174.75,east_siberian
2021-08-07 00:00:00,3593,75.26266316666667,174.7548295,-0.01,95.7,4.7,14.0,10.735565384220468,1032.2,331.00855109165684,0.0887280373671526,191.44576932983267,0.0,0.0,0.0,0.0,2021,-0.331634521484375,4.429634094238281,0.31256103515625,-0.656585693359375,75.25,174.75,east_siberian
2021-08-07 01:00:00,3595,75.34316266666666,175.1662601666667,0.13,95.0,5.4,16.3,44.07191957565337,1031.48,42.15287887335185,5.600836294094801,42.40494149101067,0.0,0.0,0.0,0.0,2021,-0.335540771484375,4.405359745025635,0.34771728515625,-0.660491943359375,75.25,175.25,east_siberian
2021-08-07 02:00:00,3594,75.44255816666666,175.60506391666664,0.12,94.2,4.8,15.3,51.83988707814607,1031.3,51.8197707359855,5.590476480145029,53.433130325273474,0.0,0.0,0.0,0.0,2021,-0.226165771484375,4.270186901092529,0.364959716796875,-0.590179443359375,75.5,175.5,east_siberian
2021-08-07 03:00:00,3593,75.52150316666666,175.857664,0.29,93.6,4.5,9.3,342.85827491207425,1031.52,54.80622109327045,0.2397795828225709,112.27082875905052,0.0,0.0,0.0,0.0,2021,-0.340911865234375,4.961617946624756,0.386749267578125,-0.927337646484375,75.5,175.75,east_siberian
2021-08-07 04:00:00,3595,75.59135216666667,176.0210155,0.29,94.2,5.8,17.6,18.15067214331688,1030.39,22.06878259780471,5.238331067383833,22.588517599346694,0.0,0.0,0.0,0.0,2021,-0.338958740234375,4.950689315795898,0.412628173828125,-0.911712646484375,75.5,176.0,east_siberian
2021-08-07 05:00:00,3593,75.66117949999999,176.48643016666665,0.06,95.9,5.8,12.3,157.86869222010375,1030.73,106.55480215331298,5.717618184375925,105.96122877006884,0.0,0.0,0.0,0.0,2021,-0.204193115234375,5.2108893394470215,0.41705322265625,-0.765228271484375,75.75,176.5,east_siberian
2021-08-07 06:00:00,3592,75.60343558333332,176.94163033333334,-0.01,95.7,5.9,14.9,0.9872847380921572,1029.87,34.554481299726476,5.348687905764542,38.4820662111148,0.0,0.0,0.0,0.0,2021,0.118072509765625,4.948200225830078,0.516693115234375,-0.325775146484375,75.5,177.0,east_siberian
2021-08-07 07:00:00,3591,75.702242,176.90893833333334,0.0,94.9,6.8,19.0,351.98457753386447,1028.89,353.5083808375506,4.9121952191698375,351.1038529506799,0.0,0.0,0.0,0.0,2021,0.004791259765625,5.217275142669678,0.47161865234375,-0.485931396484375,75.75,177.0,east_siberian
2021-08-07 08:00:00,3596,75.82061308333334,176.8364274166667,0.07,93.1,6.7,17.1,340.70385081593207,1029.46,325.2054283777133,0.9070301618772042,294.0439676170029,0.0,0.0,0.0,0.0,2021,-0.098724365234375,5.213865280151367,0.44464111328125,-0.624603271484375,75.75,176.75,east_siberian
2021-08-07 09:00:00,3594,75.81832216666666,176.77616325,0.06,92.5,6.5,10.5,330.7794372611565,1029.46,310.0150047355927,0.4040959811161363,243.2809764342335,0.0,0.0,0.0,0.0,2021,-0.728607177734375,6.136992454528809,0.44464111328125,-1.332855224609375,75.75,176.75,east_siberian
2021-08-07 10:00:00,3593,75.81390666666667,176.7238926666667,0.14,91.3,6.9,12.9,326.2058394675263,1029.01,310.004512367335,0.3722532157099634,258.8827951000489,0.0,0.0,0.0,0.0,2021,-0.728607177734375,6.136992454528809,0.44464111328125,-1.332855224609375,75.75,176.75,east_siberian
2021-08-07 11:00:00,3595,75.81129683333333,176.6845181666667,0.07,91.4,7.4,12.4,324.88995747861117,1028.86,330.0773165170924,0.3652132860809198,269.24615144875463,0.0,0.0,0.0,0.0,2021,-0.728607177734375,6.136992454528809,0.44464111328125,-1.332855224609375,75.75,176.75,east_siberian
2021-08-07 12:00:00,3588,75.823146,177.04076583333335,0.03,92.4,5.2,12.2,294.6736146734047,1028.63,81.12890803201876,4.907011895978129,95.98723407591108,0.0002787068004459,0.0,0.0002787068004459,0.0,2021,-0.732513427734375,6.1251301765441895,0.47161865234375,-1.330902099609375,75.75,177.0,east_siberian
2021-08-07 13:00:00,3594,75.80784841666667,176.88124100000002,0.12,92.2,9.0,21.9,292.6249755956838,1027.95,213.2850450178846,5.084858574147684,214.71950087530513,0.0,0.0,0.0,0.0,2021,-0.732513427734375,6.1251301765441895,0.47161865234375,-1.330902099609375,75.75,177.0,east_siberian
2021-08-07 14:00:00,3594,75.666046,176.96162291666667,0.19,91.9,7.5,15.1,266.9552167950784,1028.03,169.36096945667308,5.179204146757352,168.97154466161453,0.0,0.0,0.0,0.0,2021,-0.732513427734375,6.1251301765441895,0.47161865234375,-1.330902099609375,75.75,177.0,east_siberian
2021-08-07 15:00:00,3594,75.50022691666666,176.89321258333337,0.21,91.2,8.9,17.6,249.430514078172,1027.88,205.85626702281877,5.964507254372078,205.42742765549696,0.0,0.0,0.0,0.0,2021,-0.775970458984375,7.171566009521484,0.516693115234375,-1.418548583984375,75.5,177.0,east_siberian
2021-08-07 16:00:00,3593,75.35310683333334,176.49108583333333,0.26,90.2,8.3,16.3,270.80345484072416,1027.73,189.08352041596663,5.557170392830141,189.87427366482297,0.0,0.0,0.0,0.0,2021,-0.850189208984375,7.002458095550537,0.46356201171875,-1.545501708984375,75.25,176.5,east_siberian
2021-08-07 17:00:00,3588,75.22505191666667,176.61943774999995,0.31,89.9,6.8,13.1,300.6812976869301,1027.77,144.06639524451012,4.82040428706092,144.62014042533593,0.0002787068004459,0.0002787068004459,0.0002787068004459,0.0,2021,-0.850189208984375,7.002458095550537,0.46356201171875,-1.545501708984375,75.25,176.5,east_siberian
2021-08-07 18:00:00,3592,75.12137433333334,176.9440984166667,0.52,88.2,6.9,14.4,293.2392034569875,1027.28,170.36981258847428,4.726563446167256,168.5226682684514,0.0,0.0,0.0,0.0,2021,-0.893157958984375,6.890368461608887,0.491119384765625,-1.555267333984375,75.0,177.0,east_siberian
2021-08-07 19:00:00,3591,75.0662695,176.934815,0.65,88.0,8.8,17.7,336.1584114584472,1026.42,347.02690050062864,0.100878790844485,179.10640871466052,0.0,0.0,0.0,0.0,2021,-0.893157958984375,6.890368461608887,0.491119384765625,-1.555267333984375,75.0,177.0,east_siberian
2021-08-07 20:00:00,3594,75.0641155,176.93406325,0.67,89.8,9.2,18.2,336.0561377808892,1025.97,349.13845609595313,0.1553927059183837,203.3733647185122,0.0,0.0,0.0,0.0,2021,-0.893157958984375,6.890368461608887,0.491119384765625,-1.555267333984375,75.0,177.0,east_siberian
2021-08-07 21:00:00,3594,75.066896,176.92631433333335,0.44,92.5,8.8,19.1,336.0154719127784,1025.85,352.1226713940466,0.0140717180015112,199.2460076527704,0.0,0.0,0.0,0.0,2021,0.017730712890625,7.35532283782959,0.46075439453125,-0.691253662109375,75.0,177.0,east_siberian
2021-08-07 22:00:00,3593,75.06239333333333,176.91661583333334,0.36,93.2,7.4,14.0,345.2526896684793,1026.04,285.13263287401395,0.1588500960289515,226.2518825357623,0.0,0.0,0.0,0.0,2021,0.017730712890625,7.35532283782959,0.46075439453125,-0.691253662109375,75.0,177.0,east_siberian
2021-08-07 23:00:00,3591,75.05039883333333,176.90254016666665,0.35,92.3,6.8,12.0,349.0376416064018,1025.85,260.5262025076249,0.0089833527085635,49.40370310662741,0.0,0.0,0.0,0.0,2021,0.017730712890625,7.35532283782959,0.46075439453125,-0.691253662109375,75.0,177.0,east_siberian
2021-08-08 00:00:00,3580,75.06394458333334,177.34511766666668,0.37,92.0,3.6,14.4,93.95272779618116,1025.14,84.14081629584216,6.22279085995639,84.28672298565495,0.0,0.0,0.0,0.0,2021,0.154449462890625,7.3281569480896,0.478485107421875,-0.552581787109375,75.0,177.25,east_siberian
2021-08-08 01:00:00,3591,75.10604516666668,178.00632,0.3,92.8,5.0,12.2,17.76715042967012,1024.39,81.35531947231682,5.594506266721095,82.71802854426097,0.0,0.0,0.0,0.0,2021,0.394683837890625,7.282262802124023,0.52655029296875,-0.306488037109375,75.0,178.0,east_siberian
2021-08-08 02:00:00,3592,75.11492675,178.3403509166667,0.07,94.9,7.8,40.2,345.49510607333906,1023.79,249.8585458993678,0.1447185499843699,143.37202515738724,0.0,0.0,0.0,0.0,2021,0.427886962890625,7.293229579925537,0.537628173828125,-0.279144287109375,75.0,178.25,east_siberian
2021-08-08 03:00:00,3593,75.11502283333333,178.61208850000003,-0.99,98.4,6.8,17.2,354.1406585401433,1023.45,80.7358490610185,4.737113236891367,82.52319685781596,0.0,0.0,0.0,0.0,2021,0.133209228515625,6.606540203094482,0.551544189453125,-0.478363037109375,75.0,178.5,east_siberian
2021-08-08 04:00:00,3590,75.12564533333332,179.12676191666668,-1.2,98.9,5.1,13.6,41.04130854345045,1022.85,90.29276562813978,5.23393748567376,91.43774190750491,0.0,0.0,0.0,0.0,2021,0.219146728515625,6.741476058959961,0.585845947265625,-0.376800537109375,75.25,179.25,east_siberian
2021-08-08 05:00:00,3591,75.13343666666667,179.67009766666663,-1.42,99.0,6.9,21.3,8.78128417600586,1022.14,79.62571831590634,5.033070462785056,82.69769719054757,0.0,0.0,0.0,0.0,2021,0.269927978515625,6.808596611022949,0.615234375,-0.339691162109375,75.25,179.75,east_siberian
2021-08-10 04:00:00,3594,74.98188258333333,-169.73492625,-0.58,98.9,5.6,14.7,351.76310020987205,1001.42,103.57359711574205,3.8223900875540098,104.95226129570996,0.0,0.0,0.0,0.0,2021,0.306304931640625,6.318393230438232,0.649871826171875,-0.233245849609375,75.0,190.25,chukchi
2021-08-10 05:00:00,3593,74.95321383333334,-169.29405666666668,-0.78,98.2,5.3,12.0,353.1437399012912,1001.34,115.05031373794004,4.141953284228886,117.18303758763992,0.0,0.0,0.0,0.0,2021,0.329742431640625,6.33333683013916,0.65887451171875,-0.225433349609375,75.0,190.75,chukchi
2021-08-10 06:00:00,3594,74.90341825,-168.77623658333331,-0.78,97.8,6.0,16.5,53.571079515161465,1001.12,89.2144320284013,5.190001434628658,88.32728505135425,0.0,0.0,0.0,0.0,2021,0.347320556640625,6.343606472015381,0.66204833984375,-0.223480224609375,75.0,191.25,chukchi
2021-08-10 07:00:00,3595,74.87154566666666,-168.28474799999998,-0.89,98.0,6.0,11.1,118.1365895702774,1001.12,134.27931804375012,5.998304472957526,129.88437156492827,0.0,0.0,0.0,0.0,2021,0.310211181640625,6.272722244262695,0.6427001953125,-0.237152099609375,74.75,191.75,chukchi
2021-08-10 08:00:00,3581,74.82573816666667,-168.09735650000002,-0.91,98.8,6.8,14.3,9.63294958922199,1001.0,287.4239711022428,0.0740443251910872,258.2602026511122,0.0002792516056967,0.0,0.0002792516056967,0.0,2021,0.308258056640625,6.258550643920898,0.646087646484375,-0.241058349609375,74.75,192.0,chukchi
2021-08-10 09:00:00,3597,74.81243683333334,-168.01660850000002,-0.79,99.1,7.3,11.9,0.6486923912791698,1000.89,10.087648333684266,0.0095607905721482,160.14645894880377,0.0,0.0,0.0,0.0,2021,-0.272552490234375,6.30320405960083,0.646087646484375,-0.882904052734375,74.75,192.0,chukchi
2021-08-10 10:00:00,3595,74.811721,-168.02145233333334,-0.8,99.1,7.0,14.8,357.3726820062918,1000.89,339.15029754188026,0.0992824283124517,238.10476247012792,0.0,0.0,0.0,0.0,2021,-0.272552490234375,6.30320405960083,0.646087646484375,-0.882904052734375,74.75,192.0,chukchi
2021-08-10 11:00:00,3594,74.8102325,-168.02890016666666,-0.86,99.1,7.3,13.5,356.76991718481406,1001.08,358.15284546645233,0.0527535732026846,233.257490549193,0.0,0.0,0.0,0.0,2021,-0.272552490234375,6.30320405960083,0.646087646484375,-0.882904052734375,74.75,192.0,chukchi
2021-08-10 12:00:00,3591,74.80933350000001,-168.03365766666667,-0.88,99.1,7.3,14.3,354.50689191865206,1001.19,11.764997912973218,0.0502664611061172,225.21528414044795,0.0,0.0,0.0,0.0,2021,-0.272552490234375,6.30320405960083,0.646087646484375,-0.882904052734375,74.75,192.0,chukchi
2021-08-10 13:00:00,3594,74.80858466666666,-167.96982225,-0.9,98.9,6.8,14.2,347.4765321748935,1001.19,60.74494293278679,1.1898946512084214,64.63766959339226,0.0,0.0,0.0,0.0,2021,-0.272552490234375,6.30320405960083,0.646087646484375,-0.882904052734375,74.75,192.0,chukchi
2021-08-10 14:00:00,3589,74.86708383333333,-167.754848,-0.98,99.0,5.4,19.3,24.238860365080868,1000.82,57.98310665330309,5.321288647899125,58.864280511186905,0.0,0.0008358874338255,0.0,0.0,2021,-0.266693115234375,6.306354522705078,0.654388427734375,-0.878997802734375,74.75,192.25,chukchi
2021-08-10 15:00:00,3595,74.90957966666666,-167.1706095,-0.96,99.0,6.2,16.9,24.678228201984048,1000.18,44.765941312316535,5.195219571492212,45.84425517284351,0.0,0.0005563282336578,0.0,0.0,2021,-0.261322021484375,7.6789870262146,0.6827392578125,-1.228363037109375,75.0,192.75,chukchi
2021-08-15 16:00:00,3586,74.94785800000001,-161.77362391666668,-1.58,98.3,5.4,6.9,188.98615055789352,984.34,169.56722547707537,5.252833589174917,170.3844501144655,0.0,0.0,0.0,0.0,2021,-1.279632568359375,7.349647045135498,0.53619384765625,-2.363861083984375,75.0,198.25,chukchi
2021-08-15 17:00:00,3583,74.85956933333334,-162.01401116666665,-1.78,98.1,4.4,7.5,73.42169539465598,984.0,226.2874109285511,4.96222472495975,227.3287222833969,0.0,0.0,0.0,0.0,2021,-1.471038818359375,7.572112560272217,0.522979736328125,-3.367767333984375,74.75,198.0,chukchi
2021-08-15 18:00:00,3494,74.78695641666667,-161.901992,-1.82,98.0,5.3,8.9,240.36575217949468,985.47,134.45742342659992,4.948705813321657,131.6583623584108,0.0005724098454493,0.0,0.0002862049227246,0.0,2021,-1.471038818359375,7.572112560272217,0.522979736328125,-3.367767333984375,74.75,198.0,chukchi
2021-08-15 19:00:00,3437,74.674965,-161.9073685,-1.95,97.9,3.1,8.5,7.56489986300947,985.05,206.17398827970095,3.9442458968816982,207.52392078627173,0.0,0.0,0.0,0.0,2021,-1.471038818359375,7.572112560272217,0.522979736328125,-3.367767333984375,74.75,198.0,chukchi
2021-08-15 20:00:00,3580,74.58532158333333,-162.12574775,-1.98,97.8,5.6,10.3,247.0602553236404,985.13,216.4311472727771,4.919514306881827,211.37796249477893,0.0,0.0,0.0,0.0,2021,-1.580413818359375,7.237040996551514,0.4835205078125,-4.098236083984375,74.5,197.75,chukchi
2021-08-15 21:00:00,3248,74.56418825,-162.2543223333333,0.24,92.7,8.1,14.9,236.91635250951597,985.92,17.903382064452064,1.6889819707739446,17.20504470142604,0.000307881773399,0.0,0.000307881773399,0.0,2021,-0.278167724609375,6.071714878082275,0.446929931640625,-1.785736083984375,74.5,197.75,chukchi
2021-08-15 22:00:00,3592,74.53393608333334,-162.26409808333335,-1.28,96.2,9.5,24.2,223.62220364057455,985.16,165.6532360048783,4.4504723306335565,168.048978066636,0.0,0.0,0.0,0.0,2021,-0.278167724609375,6.071714878082275,0.446929931640625,-1.785736083984375,74.5,197.75,chukchi
2021-08-15 23:00:00,3427,74.51192783333333,-162.17979733333334,-1.07,94.9,6.6,13.8,227.64921799709128,985.73,83.52657608277482,0.0119371367583641,350.11619041815703,0.0,0.0,0.0,0.0,2021,-0.278167724609375,6.071714878082275,0.446929931640625,-1.785736083984375,74.5,197.75,chukchi
2021-08-16 00:00:00,3553,74.515635,-162.190625,-1.4,96.7,5.7,10.1,241.9625312283419,985.5,173.4619936819132,0.2113143822788769,318.6408006226503,0.0,0.0,0.0,0.0,2021,-0.278167724609375,6.071714878082275,0.446929931640625,-1.785736083984375,74.5,197.75,chukchi
2021-08-16 01:00:00,3773,74.51907666666666,-162.2018235,-1.6,96.8,5.9,10.9,241.2828919383103,985.2,239.99962901025907,0.10318977484289,320.0244885737234,0.0,0.0,0.1216538563477339,0.0689106811555791,2021,-0.278167724609375,6.071714878082275,0.446929931640625,-1.785736083984375,74.5,197.75,chukchi
2021-08-16 02:00:00,5850,74.52160633333332,-162.20977116666666,-1.6,56.0,0.0,0.3,314.279063239527,,239.99360720916783,0.0967679437092244,319.6299987676456,0.0,0.0,1.0,0.6422222222222222,2021,-0.278167724609375,6.071714878082275,0.446929931640625,-1.785736083984375,74.5,197.75,chukchi
2021-08-16 03:00:00,5865,74.5222615,-162.21193283333332,-1.6,56.0,0.0,0.5,280.2159836094654,,232.5134998247719,0.0286472682817156,322.62054297914017,0.0,0.0,1.0,0.5691389599317989,2021,-0.544525146484375,1.936262607574463,0.446929931640625,-1.449554443359375,74.5,197.75,chukchi
2021-08-16 04:00:00,5395,74.51269316666666,-162.16213966666666,-1.6,56.0,0.1,7.1,202.95543573523764,,228.2939335748524,1.339797976487242,241.9574036663928,0.0005560704355885,0.0001853568118628,0.985356811862836,0.1631139944392956,2021,-0.544525146484375,1.936262607574463,0.446929931640625,-1.449554443359375,74.5,197.75,chukchi
2021-08-16 05:00:00,3053,74.50715650000001,-162.325378,-1.62,96.6,2.8,11.0,54.38771638082965,985.5,282.707861804156,1.5177489960649684,280.131846198459,0.0006550933508024,0.0003275466754012,0.0003275466754012,0.0,2021,-0.544525146484375,1.936262607574463,0.446929931640625,-1.449554443359375,74.5,197.75,chukchi
2021-08-16 06:00:00,3585,74.54030166666666,-162.39466716666666,-2.18,95.7,5.1,14.1,32.12238194868987,985.5,309.96504937321674,5.1389899130927095,304.0383674419845,0.0,0.0,0.0,0.0,2021,-0.493743896484375,1.9884508848190308,0.454559326171875,-1.437835693359375,74.5,197.5,chukchi
2021-08-16 07:00:00,3587,74.5286965,-162.6536215,-2.31,95.5,6.0,12.4,353.87887561236266,986.44,270.83820184677137,4.487315374226358,269.44504708689016,0.0,0.0,0.0,0.0,2021,-0.458587646484375,2.116964817047119,0.460540771484375,-1.431976318359375,74.5,197.25,chukchi
2021-08-16 08:00:00,3495,74.55269666666666,-163.18244016666668,-2.07,95.9,6.8,14.8,310.4296971902384,986.82,277.10098026399055,5.415438148916054,275.63183578357496,0.0,0.0,0.0,0.0,2021,-0.386322021484375,2.584498882293701,0.474609375,-1.390960693359375,74.5,196.75,chukchi
2021-08-16 09:00:00,3458,74.55611041666667,-163.68695425,-1.87,97.0,8.0,20.4,341.81086349125343,987.12,297.1893479007664,5.024514775368753,297.04587828520954,0.0,0.0,0.0,0.0,2021,-1.312347412109375,5.08524751663208,0.494659423828125,-1.987396240234375,74.5,196.25,chukchi
2021-08-16 10:00:00,3395,74.61195383333333,-163.92159033333334,-2.01,97.7,7.5,12.9,354.42043877920617,988.81,357.2356537127371,0.0683972562430407,47.64106079762921,0.0005891016200294,0.0,0.0002945508100147,0.0,2021,-1.296722412109375,5.025227069854736,0.505218505859375,-1.958099365234375,74.5,196.0,chukchi
2021-08-16 11:00:00,3589,74.6115115,-164.00979650000002,-2.03,97.3,7.1,18.2,344.85629450632325,989.22,289.36565885151845,4.341778044162721,271.71670928474447,0.0,0.0,0.0,0.0,2021,-1.296722412109375,5.025227069854736,0.505218505859375,-1.958099365234375,74.5,196.0,chukchi
2021-08-16 12:00:00,3589,74.602742,-164.49240383333333,-2.66,98.2,6.0,14.2,331.2262255008537,990.08,260.1138780983609,4.749797554866802,260.66156274499895,0.0,0.0,0.0,0.0,2021,-1.234222412109375,5.179463863372803,0.519134521484375,-1.827239990234375,74.5,195.5,chukchi
2021-08-16 13:00:00,3521,74.55001433333334,-164.94111183333334,-2.24,97.6,7.1,11.5,250.73671224321737,990.72,231.4703820154138,5.35184374402893,231.7672233814322,0.0,0.0,0.0,0.0,2021,-1.179534912109375,5.439635276794434,0.532012939453125,-1.721771240234375,74.5,195.0,chukchi
2021-08-16 14:00:00,3552,74.50177066666666,-165.4106296666667,-1.37,97.0,9.2,19.8,326.9487356728138,989.67,283.25818477645174,4.984793161305245,283.87999114338345,0.0,0.0,0.0,0.0,2021,-1.091644287109375,6.158699035644531,0.549224853515625,-1.618255615234375,74.5,194.5,chukchi
2021-08-16 15:00:00,3586,74.58934825,-165.73480183333334,-1.37,96.1,9.7,25.2,345.1550497577593,990.08,336.9921523114254,4.425279866675713,336.2078714339879,0.0,0.0,0.0,0.0,2021,-0.731536865234375,6.5155816078186035,0.558074951171875,-1.334808349609375,74.5,194.25,chukchi
2021-08-16 16:00:00,3556,74.66954033333334,-165.91796058333333,-1.48,95.7,10.1,20.7,344.02541874802694,990.72,338.63952626481574,3.203544339939019,295.8079785953618,0.0,0.0,0.0,0.0,2021,-0.692474365234375,6.33495569229126,0.625,-1.309417724609375,74.75,194.0,chukchi
2021-08-16 17:00:00,3528,74.67665600000001,-165.99062908333332,-1.59,95.8,9.7,16.3,343.8004962820762,991.92,297.0071463439026,0.409992981346827,224.1695976221004,0.0,0.0,0.0,0.0,2021,-0.692474365234375,6.33495569229126,0.625,-1.309417724609375,74.75,194.0,chukchi
2021-08-16 18:00:00,3517,74.677493,-166.06889666666666,-1.55,95.3,10.6,25.3,343.58296160100366,991.47,326.83784518225343,1.587767315419508,323.90552694800806,0.0,0.0,0.0,0.0,2021,-0.692474365234375,6.33495569229126,0.625,-1.309417724609375,74.75,194.0,chukchi
2021-08-16 19:00:00,3553,74.68205683333333,-166.4757531666667,-1.41,94.4,11.0,24.2,341.81098110053546,992.33,276.84212091634646,4.100951324014885,271.8107284422301,0.0,0.0,0.0,0.0,2021,-0.678802490234375,7.048644542694092,0.636138916015625,-1.358245849609375,74.75,193.5,chukchi
2021-08-16 20:00:00,3586,74.72803333333334,-166.9298533333333,-1.29,94.8,10.8,23.9,341.9580828623553,991.66,310.87433668921574,5.18852874955161,308.4713163426515,0.0,0.0,0.0,0.0,2021,-0.669036865234375,7.881000518798828,0.637725830078125,-1.352386474609375,74.75,193.0,chukchi
2021-08-16 21:00:00,3305,74.79732616666666,-167.2571815,-1.33,96.6,9.7,17.8,331.9439279996968,993.38,288.62479592856744,5.351864569153207,285.86205039929285,0.0006051437216338,0.0,0.0003025718608169,0.0,2021,0.206695556640625,7.013120651245117,0.609100341796875,-0.881195068359375,74.75,192.75,chukchi
2021-08-16 22:00:00,3282,74.79563416666666,-167.85384775,-1.33,97.1,11.1,21.8,340.0550395956233,994.21,319.05071454386973,0.4015536526763509,279.8513794554922,0.0,0.0,0.0,0.0,2021,0.132476806640625,7.933129787445068,0.59765625,-0.887054443359375,74.75,192.25,chukchi
2021-08-16 23:00:00,3464,74.81429541666667,-168.07973241666667,-1.34,97.4,10.55,25.0,338.0526710569855,994.06,295.24339110548055,5.228031769471011,287.54144056308485,0.0043302540415704,0.0,0.0025981524249422,0.0,2021,0.089508056640625,8.359097480773926,0.59100341796875,-0.902679443359375,74.75,192.0,chukchi
2021-08-17 00:00:00,3553,74.81538833333335,-168.66803650000003,-1.53,95.7,9.8,17.8,323.2316542369263,996.16,272.7757585493099,5.3874246590540755,269.94701401457644,0.0005629045876723,0.0002814522938361,0.0002814522938361,0.0,2021,0.027008056640625,9.180328369140625,0.578643798828125,-1.062835693359375,74.75,191.25,chukchi
2021-08-17 01:00:00,3562,74.85809825000001,-169.1727355,-1.64,95.0,10.6,21.4,334.442664243162,995.86,290.31215814512825,5.05157952935744,287.323969433203,0.0,0.0,0.0,0.0,2021,-0.008148193359375,9.585526466369629,0.578338623046875,-1.121429443359375,74.75,190.75,chukchi
2021-08-17 02:00:00,3571,74.92229516666666,-169.67578933333334,-1.71,94.4,10.9,24.0,345.9617115736242,996.01,312.52596832295364,4.707762152080224,308.9310386211447,0.0,0.0,0.0,0.0,2021,-0.035491943359375,9.679305076599121,0.626983642578125,-1.176116943359375,75.0,190.25,chukchi
2021-08-17 04:00:00,3565,74.94207366666666,-169.94152883333336,-1.68,90.9,8.9,14.7,327.2284146625808,998.83,185.451370226289,4.584335692527093,185.82893211426327,0.0,0.0,0.0,0.0,2021,-0.249603271484375,8.78985595703125,0.6171875,-1.298187255859375,75.0,190.0,chukchi
2021-08-17 05:00:00,3561,74.80902250000001,-170.21959233333334,-1.64,91.4,6.9,14.9,295.06563919906205,999.01,222.1728495550105,5.50422505892601,223.68617521329543,0.0,0.0,0.0,0.0,2021,-0.255462646484375,8.660593032836914,0.582855224609375,-1.307952880859375,74.75,189.75,chukchi
2021-08-17 06:00:00,3567,74.69815,-170.44887333333335,-1.53,94.5,9.5,19.2,328.0161489898445,999.84,178.32224345459028,4.501819009731929,179.66593708128306,0.0,0.0,0.0,0.0,2021,-0.263275146484375,8.588916778564453,0.57733154296875,-1.313812255859375,74.75,189.5,chukchi
2021-08-17 07:00:00,3560,74.61062241666667,-170.193398,-1.47,93.2,8.3,14.7,334.8600890597863,999.99,87.23281619181283,4.2103628326317555,112.23232203822342,0.0,0.0,0.0,0.0,2021,-0.251556396484375,8.625862121582031,0.564788818359375,-1.309906005859375,74.5,189.75,chukchi
2021-08-17 08:00:00,3552,74.59919133333332,-170.1537881666667,-1.38,93.9,9.0,17.8,324.45495255598036,999.99,4.785766388805603,0.0966237207538778,149.7304746130464,0.0,0.0,0.0,0.0,2021,-0.251556396484375,8.625862121582031,0.564788818359375,-1.309906005859375,74.5,189.75,chukchi
2021-08-17 09:00:00,3519,74.60071183333334,-170.12468200000004,-1.13,93.5,8.6,16.3,336.4749175786031,1000.1,208.19736012624935,0.1916999884416304,148.16105492336234,0.0,0.0,0.0,0.0,2021,-1.055511474609375,7.756065845489502,0.570404052734375,-1.933197021484375,74.5,190.0,chukchi
2021-08-17 10:00:00,3514,74.59289508333333,-170.0998058333333,-1.17,96.3,8.1,15.6,325.8394109559284,1000.18,123.96376317935145,0.0058892392227138,146.62262194117636,0.0,0.0,0.0,0.0,2021,-1.055511474609375,7.756065845489502,0.570404052734375,-1.933197021484375,74.5,190.0,chukchi
2021-08-17 11:00:00,3521,74.59143133333333,-170.09267600000004,-1.19,97.1,8.3,14.0,321.4091454915176,1000.1,280.8694894014603,0.1577647558163966,144.49628575178198,0.0,0.0,0.0,0.0,2021,-1.055511474609375,7.756065845489502,0.570404052734375,-1.933197021484375,74.5,190.0,chukchi
2021-08-17 12:00:00,3303,74.58695200000001,-170.08707683333336,-1.19,96.9,7.1,12.6,323.7731132750864,1000.37,165.49807440647925,0.2749342609603979,157.67876422423353,0.0003027550711474,0.0003027550711474,0.0003027550711474,0.0,2021,-1.055511474609375,7.756065845489502,0.570404052734375,-1.933197021484375,74.5,190.0,chukchi
2021-08-17 13:00:00,3566,74.58616975,-170.07281575000002,-1.26,97.9,7.6,14.3,317.4985426439733,999.92,290.8194822117716,1.3130962597896083,282.6547943758133,0.0,0.0,0.0,0.0,2021,-1.055511474609375,7.756065845489502,0.570404052734375,-1.933197021484375,74.5,190.0,chukchi
2021-08-17 14:00:00,3565,74.59246316666666,-170.30802783333334,-1.37,98.6,7.7,16.9,322.02705437927517,999.47,288.7543605264391,4.143514955234962,284.9193513848357,0.0,0.0,0.0,0.0,2021,-1.049652099609375,7.687811851501465,0.564788818359375,-1.913665771484375,74.5,189.75,chukchi
2021-08-17 15:00:00,3548,74.60589375,-170.76191091666666,-1.3,98.7,8.3,20.2,295.4160505931982,999.8,269.5793319364913,5.209008394433387,268.2661410711219,0.0,0.0,0.0,0.0,2021,-1.034271240234375,6.968137741088867,0.555267333984375,-1.803558349609375,74.5,189.25,chukchi
2021-08-17 16:00:00,3552,74.64524625000001,-171.26088591666667,-1.17,98.3,7.2,19.5,330.05224284148824,999.77,299.1274886867129,4.695158636811402,300.75936896291233,0.0,0.0,0.0,0.0,2021,-1.069427490234375,6.925915241241455,0.534088134765625,-1.854339599609375,74.75,188.75,chukchi
2021-08-17 17:00:00,3550,74.72563266666667,-171.68119241666665,-1.14,96.0,7.0,17.1,346.3967216621613,1000.33,345.72162195188577,5.196245841294256,343.33063788276877,0.0,0.0,0.0,0.0,2021,-1.114349365234375,6.703943252563477,0.510162353515625,-1.924652099609375,74.75,188.25,chukchi
2021-08-17 18:00:00,3572,74.835519,-171.62198474999997,-1.45,84.5,8.4,18.6,5.925679278863381,999.92,353.95302421014105,4.676667270417389,352.2764960549242,0.0,0.0,0.0,0.0,2021,-1.102630615234375,6.838808059692383,0.5213623046875,-1.922698974609375,74.75,188.5,chukchi
2021-08-17 19:00:00,3560,74.94810183333334,-171.844043,-1.44,85.2,7.8,16.8,332.5377515620116,1000.82,323.58124296421266,2.4514004342757354,310.85894806401825,0.0,0.0,0.0,0.0,2021,-1.098724365234375,6.80251407623291,0.510528564453125,-1.916839599609375,75.0,188.25,chukchi
2021-08-17 20:00:00,3482,74.95200700000001,-171.86152700000002,-1.44,86.6,7.0,13.5,333.58513931026334,1001.49,339.9866510362311,0.1535505112742668,104.21915811438666,0.0,0.0,0.0,0.0,2021,-1.098724365234375,6.80251407623291,0.510528564453125,-1.916839599609375,75.0,188.25,chukchi
2021-08-17 21:00:00,3509,74.95068383333334,-171.840373,-1.33,86.2,6.0,12.1,335.52884231205877,1001.79,329.415977487158,0.2029202075966209,100.73056599982682,0.000284981476204,0.0,0.000284981476204,0.0,2021,-0.577728271484375,5.905607223510742,0.520782470703125,-1.856292724609375,75.0,188.25,chukchi
2021-08-17 22:00:00,3576,74.95884516666666,-171.8416590833333,-1.33,90.4,5.9,10.4,322.6001056258698,1001.94,317.94599134294356,1.4446368427175988,323.0144154290078,0.0,0.0,0.0,0.0,2021,-0.577728271484375,5.905607223510742,0.520782470703125,-1.856292724609375,75.0,188.25,chukchi
2021-08-17 23:00:00,3544,74.98205908333334,-171.87137191666667,-1.26,88.5,5.9,10.1,331.71930406304944,1002.32,15.325606032558202,1.3675609372090196,32.59147951674478,0.0,0.0,0.0,0.0,2021,-0.577728271484375,5.905607223510742,0.520782470703125,-1.856292724609375,75.0,188.25,chukchi
2021-08-19 11:00:00,3563,75.78558916666665,179.75833366666666,0.27,94.0,11.1,23.7,229.49350426450292,999.47,274.4740995896118,4.071259060502734,276.30589001484395,0.0,0.0,0.0,0.0,2021,-0.111907958984375,9.383463859558105,0.261993408203125,-1.154632568359375,75.75,179.75,east_siberian
2021-08-19 12:00:00,3562,75.83725908333332,179.35531625,0.27,95.6,10.7,20.5,229.40123204340085,999.01,292.83716735959376,4.6757307224586935,295.27661567558437,0.0005614823133071,0.0,0.0002807411566535,0.0,2021,0.016998291015625,9.332585334777832,0.260589599609375,-1.094085693359375,75.75,179.25,east_siberian
2021-08-19 13:00:00,3546,75.86684766666667,178.77925591666667,0.22,96.7,11.5,27.4,237.84927729276177,997.74,274.89816737067287,4.7358661254369485,276.8417216733058,0.0,0.0,0.0,0.0,2021,0.120513916015625,9.322090148925781,0.1947021484375,-1.047210693359375,75.75,178.75,east_siberian
2021-08-19 14:00:00,3568,75.89586325,178.22744775,0.17,98.0,11.1,22.1,246.2887349653266,997.1,284.3690877246849,4.9623183679412515,286.2443235822971,0.0002802690582959,0.0,0.0002802690582959,0.0,2021,0.239654541015625,9.410404205322266,0.0987548828125,-0.967132568359375,76.0,178.25,east_siberian
2021-08-19 15:00:00,3561,75.9040825,177.6698568333333,-0.09,98.6,10.9,25.5,251.97569002668212,997.14,274.0215330005391,3.7933911229255286,273.43500903579707,0.0,0.0,0.0,0.0,2021,-0.074310302734375,7.2578349113464355,0.0,-0.892425537109375,76.0,177.75,east_siberian
2021-08-19 16:00:00,3554,75.92797024999999,177.19860466666665,-0.26,99.1,9.2,20.7,255.21091491018473,997.36,292.95872135647585,3.7907083279823968,293.4119827011505,0.0,0.0,0.0,0.0,2021,-0.095794677734375,7.140260696411133,0.0,-0.839691162109375,76.0,177.25,east_siberian
2021-08-19 17:00:00,3545,75.96275916666667,176.98771733333336,-0.33,99.2,3.0,13.2,256.9748723392396,998.15,325.74067682537407,0.4188388856229679,65.63554052876307,0.0,0.0,0.0,0.0,2021,-0.105560302734375,7.083923816680908,0.0,-0.812347412109375,76.0,177.0,east_siberian
2021-08-19 18:00:00,3557,75.96481783333334,177.03723033333335,-0.29,99.3,4.7,38.6,249.64929741766764,998.23,324.5651230695085,0.4007437400558331,99.86850034704749,0.0,0.0,0.0,0.0,2021,-0.105560302734375,7.083923816680908,0.0,-0.812347412109375,76.0,177.0,east_siberian
2021-08-19 19:00:00,3561,75.96099816666667,177.0805758333333,-0.12,99.3,7.5,15.5,242.9590334076899,998.23,310.87542082437574,0.3023306878535997,122.27930900082728,0.0,0.0,0.0,0.0,2021,-0.105560302734375,7.083923816680908,0.0,-0.812347412109375,76.0,177.0,east_siberian
2021-08-19 20:00:00,3532,75.94471,177.1028018333333,-0.28,99.3,7.4,16.4,232.6242222148611,998.23,296.1417969835959,0.0040421732383847,23.54918427539436,0.0,0.0,0.0,0.0,2021,-0.105560302734375,7.083923816680908,0.0,-0.812347412109375,76.0,177.0,east_siberian
2021-08-19 21:00:00,3503,75.944695,177.10278616666668,-0.23,99.3,7.6,13.1,235.6028477510874,998.26,296.02980207947957,0.0040781978367467,301.4982761067249,0.0,0.0,0.0,0.0,2021,-0.346771240234375,6.018695831298828,0.0,-0.644134521484375,76.0,177.0,east_siberian
2021-08-19 22:00:00,3510,75.94459950000001,177.10288799999998,-0.16,99.4,7.1,15.1,242.0585552934321,998.26,244.54199435972856,0.0040704593531225,141.6104793423215,0.0,0.0,0.0,0.0,2021,-0.346771240234375,6.018695831298828,0.0,-0.644134521484375,76.0,177.0,east_siberian
2021-08-20 00:00:00,3556,75.90276283333333,176.93269216666664,-0.21,99.4,12.8,23.2,241.7469056425066,997.74,224.43686029902585,5.118891140513386,226.31381805894517,0.0,0.0,0.0,0.0,2021,-0.346771240234375,6.018695831298828,0.0,-0.644134521484375,76.0,177.0,east_siberian
2021-08-20 01:00:00,3575,75.79349966666668,176.42631500000002,-0.23,99.4,14.1,21.9,224.7033910127859,997.66,216.35070168257417,5.36246791270666,219.42703679086412,0.0,0.0,0.0,0.0,2021,-0.340911865234375,5.785374641418457,0.0,-0.739837646484375,75.75,176.5,east_siberian
2021-08-20 02:00:00,3558,75.65915041666666,176.00874858333333,-0.29,99.4,14.1,24.8,224.00474055054235,997.36,224.46817821049385,5.417967312941944,224.05229447204823,0.0,0.0,0.0,0.0,2021,-0.313568115234375,5.67313289642334,0.0,-0.679290771484375,75.75,176.0,east_siberian
2021-08-20 03:00:00,3556,75.55599875,175.48204308333328,-0.32,99.5,13.2,19.8,224.97617814483772,997.29,227.7971060570329,5.3900171072776475,228.41624595316424,0.0,0.0,0.0,0.0,2021,-0.085784912109375,5.05733585357666,0.0,-0.896820068359375,75.5,175.5,east_siberian
2021-08-20 04:00:00,3563,75.42499383333333,175.0650015,-0.15,99.5,3.2,19.7,233.3900838666291,997.25,220.62354523295917,5.104885165246994,220.0567212023413,0.0,0.0,0.0,0.0,2021,-0.025238037109375,5.0440874099731445,0.0,-0.805023193359375,75.5,175.0,east_siberian
2021-08-20 05:00:00,3577,75.30119766666667,174.62883683333337,-0.15,99.4,12.3,18.9,209.69040791129703,996.31,226.0315626920059,5.447661217468326,223.99977015676993,0.0,0.0,0.0,0.0,2021,0.224761962890625,5.8195013999938965,0.0,-0.639007568359375,75.25,174.75,east_siberian
2021-08-20 06:00:00,3565,75.17566966666666,174.14882499999996,-0.13,99.4,14.9,21.8,208.71291130527237,995.97,222.25816833774013,5.470020940492919,223.80723013666233,0.0,0.0,0.0,0.0,2021,0.193511962890625,5.803764820098877,0.0,-0.668304443359375,75.25,174.25,east_siberian
2021-08-20 07:00:00,3550,75.04806074999999,173.66945933333332,-0.01,99.4,15.0,24.5,227.4408223278884,995.52,227.26021587681583,5.452797666966922,221.9673450984899,0.0,0.0005633802816901,0.0,0.0,2021,0.201324462890625,6.540214538574219,0.0,-0.664398193359375,75.0,173.75,east_siberian
2021-08-20 08:00:00,3480,75.018504,173.56233383333335,0.03,99.5,6.6,11.8,249.927389878819,995.9,244.99439655920105,0.0037142297964262,196.8675545904468,0.0,0.0,0.0,0.0,2021,0.158355712890625,6.508450984954834,0.0,-0.681976318359375,75.0,173.5,east_siberian
2021-08-20 09:00:00,3479,75.01850383333334,173.56235133333334,0.04,99.5,6.9,13.1,256.62627551070426,995.94,244.99672317682464,0.0023965300773147,247.05335425030708,0.0,0.0,0.0,0.0,2021,-0.515716552734375,5.3007917404174805,0.0,-0.714691162109375,75.0,173.5,east_siberian
2021-08-20 10:00:00,3521,75.02852933333334,173.40533833333333,0.02,99.5,10.3,16.6,255.84253505258704,995.45,276.28909099875955,5.154371990568159,289.9452052609065,0.000284010224368,0.0,0.000284010224368,0.0,2021,-0.515716552734375,5.3007917404174805,0.0,-0.714691162109375,75.0,173.5,east_siberian
2021-08-20 11:00:00,3161,75.07135866666665,172.8046188333333,-0.08,99.5,9.7,17.5,263.7674542719157,995.56,283.6833132106834,5.232330550643302,283.35157907112176,0.0006327111673521,0.0,0.000316355583676,0.0,2021,-0.615325927734375,5.060620307922363,0.0,-0.818206787109375,75.0,172.75,east_siberian
2021-08-20 12:00:00,3553,75.1164785,172.1584696666667,-0.19,99.5,6.9,12.1,275.0408851218045,995.97,287.94225919014093,5.332291188257215,286.9242567911693,0.0,0.0,0.0,0.0,2021,-0.630950927734375,4.919511795043945,0.0,-0.829925537109375,75.0,172.25,east_siberian
2021-08-20 13:00:00,3571,75.1577155,171.4870075,-0.21,99.5,4.9,9.8,288.96057790471514,996.58,289.26470567576393,5.502644896085186,287.8014897620185,0.0,0.0,0.0,0.0,2021,-0.539154052734375,3.652987480163574,0.0,-0.820159912109375,75.25,171.5,east_siberian
2021-08-20 14:00:00,3569,75.21131916666667,170.88244066666667,-0.17,99.5,3.9,8.3,303.99355938676126,997.4,280.82619007584856,5.180891162117782,281.7050779236093,0.0,0.0,0.0,0.0,2021,-0.425872802734375,3.603649854660034,0.0,-0.699066162109375,75.25,171.0,east_siberian
2021-08-20 15:00:00,3578,75.17457666666667,170.30609233333337,-0.23,99.5,5.2,11.1,265.1143022807141,998.3,220.10753653973796,5.215790276380487,220.3049626208433,0.0,0.0,0.0,0.0,2021,-0.249359130859375,6.789934158325195,0.0,-1.089935302734375,75.25,170.25,east_siberian
2021-08-20 16:00:00,3559,75.038342,169.94781500000002,-0.26,99.5,5.2,8.4,244.71933176075436,999.09,219.62060352646844,5.211667538591244,221.7269275802078,0.0,0.0,0.0,0.0,2021,0.049468994140625,7.425220966339111,0.0,-0.795013427734375,75.0,170.0,east_siberian
2021-08-20 17:00:00,3544,74.92138891666667,169.54719566666665,-0.21,99.5,6.5,11.2,339.4008528996765,999.95,228.12203257439657,4.23529975876969,229.61474771204223,0.0005643340857787,0.0,0.0002821670428893,0.0,2021,0.082672119140625,7.132602691650391,0.0,-0.888763427734375,75.0,169.5,east_siberian
2021-08-20 18:00:00,3554,74.82520233333334,169.2242219166667,-0.1,99.5,7.1,10.3,341.9962076292346,1000.7,212.36171481436108,4.178558826707353,212.4389580091142,0.0,0.0,0.0,0.0,2021,0.203765869140625,7.680606842041016,0.0,-0.814544677734375,74.75,169.25,east_siberian
2021-08-20 19:00:00,3566,74.72237933333334,168.89348133333334,-0.47,99.3,5.6,10.2,336.7203835842254,1001.42,220.20905822059825,4.159413072712033,221.421503882972,0.0,0.0,0.0,0.0,2021,0.229156494140625,7.566056728363037,0.0,-0.861419677734375,74.75,169.0,east_siberian
2021-08-20 20:00:00,3574,74.641442,168.60003608333335,-0.08,98.9,6.0,15.4,300.4689463544434,1001.68,228.42414048512268,2.841547249674115,225.72615200751852,0.0,0.0008393956351426,0.0,0.0,2021,0.279937744140625,7.235506534576416,0.0,-0.957122802734375,74.75,168.5,east_siberian
2021-08-20 21:00:00,3573,74.57943466666667,168.35825383333335,-0.09,99.2,10.0,22.0,283.64857055816276,1001.9,228.68569037507584,3.0136169391224237,226.46454215245296,0.0,0.0,0.0,0.0,2021,0.810211181640625,9.401315689086914,0.0,-0.317718505859375,74.5,168.25,east_siberian
2021-08-20 22:00:00,3560,74.51564783333333,168.12095649999998,-0.03,99.3,10.8,23.1,281.5049177908113,1001.83,229.56229671347455,2.993763257156057,226.15394680345628,0.0,0.0,0.0,0.0,2021,0.849273681640625,9.431831359863281,0.0,-0.321624755859375,74.5,168.0,east_siberian
2021-08-20 23:00:00,3020,74.45747516666665,167.87807049999998,0.11,99.2,11.4,21.9,285.3633379497568,1001.9,231.59100936788164,2.925950775711326,228.2959343969393,0.0003311258278145,0.0,0.0,0.0,2021,0.849273681640625,9.431831359863281,0.0,-0.321624755859375,74.5,168.0,east_siberian
2021-08-21 00:00:00,3546,74.39110533333334,167.59600741666668,0.18,99.2,11.5,23.2,291.1942725941216,1002.02,233.0401463849484,2.970486879344423,227.2728961493935,0.0,0.0,0.0,0.0,2021,0.956695556640625,9.439360618591309,0.0,-0.292327880859375,74.5,167.5,east_siberian
2021-08-21 01:00:00,3560,74.33619974999999,167.3787938333333,0.2,98.6,11.2,21.7,297.0827581606498,1002.39,243.98274707518496,2.896275818096284,236.09085606145624,0.0,0.0,0.0,0.0,2021,1.038726806640625,9.621757507324219,0.0,-0.159515380859375,74.25,167.5,east_siberian
2021-08-21 02:00:00,3551,74.281216,167.0836843333333,0.36,93.3,11.3,25.4,301.7132090487838,1002.73,234.59504504737183,3.1439895388838077,227.62512046287563,0.0005632216277105,0.0008448324415657,0.0002816108138552,0.0,2021,1.122711181640625,9.609899520874023,0.0,-0.071624755859375,74.25,167.0,east_siberian
2021-08-21 03:00:00,3536,74.21980508333333,166.80624975,0.36,92.7,11.5,19.1,307.6783864452365,1003.33,243.01239662012443,3.180201898085029,235.82801312416308,0.0,0.0,0.0,0.0,2021,0.869781494140625,8.839898109436035,0.0,-0.979583740234375,74.25,166.75,east_siberian
2021-08-21 04:00:00,3551,74.16881266666665,166.48487616666668,0.28,92.1,10.5,24.0,316.6302646166305,1004.38,245.22875322574583,3.138829049999556,239.20852215557647,0.0,0.0,0.0,0.0,2021,0.865875244140625,8.716180801391602,0.0,-1.010833740234375,74.25,166.5,east_siberian
2021-08-21 05:00:00,3561,74.11005916666666,166.27035933333335,0.3,91.0,8.8,14.9,319.6625713946602,1005.77,194.50682982942416,3.115671614745134,191.4836158872626,0.0,0.0,0.0,0.0,2021,0.996734619140625,8.357217788696289,0.0,-0.840911865234375,74.0,166.25,east_siberian
2021-08-21 06:00:00,3562,74.06874725,166.44394908333334,0.41,89.7,8.4,15.7,316.11201087101205,1006.0,44.6843559875318,3.0015143534564945,50.66402172223293,0.0,0.0,0.0,0.0,2021,0.994781494140625,8.477042198181152,0.0,-0.835052490234375,74.0,166.5,east_siberian
2021-08-21 07:00:00,3575,74.14240116666666,166.6579135,0.06,91.3,9.7,22.1,336.0489083048835,1006.18,45.7146994611102,3.0647319731817912,51.99763059931822,0.0,0.0,0.0,0.0,2021,0.869781494140625,8.839898109436035,0.0,-0.979583740234375,74.25,166.75,east_siberian
2021-08-21 08:00:00,3572,74.19936758333333,166.93406149999998,-0.19,93.0,5.3,15.0,308.00354923435196,1006.86,50.206077595289166,3.1105318002131654,53.6893306298146,0.0,0.0,0.0,0.0,2021,0.865875244140625,8.954826354980469,0.0,-0.973724365234375,74.25,167.0,east_siberian
2021-08-21 09:00:00,3556,74.25608958333333,167.23981141666667,-0.3,94.2,3.6,9.8,281.43481373846,1007.27,53.07857647686529,3.1620544781165503,54.7526054995815,0.0,0.0,0.0,0.0,2021,0.171295166015625,7.433996200561523,0.0,-1.781341552734375,74.25,167.25,east_siberian
2021-08-21 10:00:00,3559,74.31788833333333,167.5216045,-0.23,94.6,4.3,14.6,295.8107976832527,1007.5,49.48325825264012,3.1408971379644877,51.37950561436128,0.0,0.0,0.0,0.0,2021,0.165435791015625,7.531226634979248,0.0,-1.779388427734375,74.25,167.5,east_siberian
2021-08-21 11:00:00,3576,74.37436341666667,167.8161031666667,-0.22,94.7,4.9,9.6,295.62309335299506,1007.57,49.36989706636733,3.302758814412759,50.696242501393186,0.0,0.0,0.0,0.0,2021,0.159576416015625,7.62943172454834,0.0,-1.783294677734375,74.25,167.75,east_siberian
2021-08-21 12:00:00,3431,74.43951633333333,168.1053235,-0.19,92.5,4.4,46.4,292.3511311611062,1007.61,48.355861405474755,3.229843430856268,50.79043766358077,0.0005829204313611,0.0,0.0002914602156805,0.0,2021,0.112701416015625,7.993162155151367,0.0,-1.834075927734375,74.5,168.0,east_siberian
2021-08-21 13:00:00,3551,74.49927183333332,168.3826063333333,-0.29,93.5,4.2,9.2,296.60000829662283,1007.57,47.96548810045278,2.699302420913496,54.25524731402635,0.0,0.0,0.0,0.0,2021,0.038482666015625,8.190281867980957,0.0,-1.898529052734375,74.5,168.5,east_siberian
2021-08-21 14:00:00,3568,74.55664866666666,168.64067058333333,-0.38,96.6,7.6,15.7,319.42121919769215,1007.61,30.577942654860305,2.9387820544347254,38.687065797907024,0.0,0.0,0.0,0.0,2021,0.001373291015625,8.2821626663208,0.0,-1.921966552734375,74.5,168.75,east_siberian
2021-08-21 15:00:00,3569,74.6104505,168.83422233333332,-0.26,90.5,7.1,18.0,338.52716175673754,1007.8,67.44651198688432,2.9958484421591214,74.71093351925745,0.0,0.0,0.0,0.0,2021,-0.186614990234375,6.4813737869262695,0.0,-1.292327880859375,74.5,168.75,east_siberian
2021-08-21 16:00:00,3552,74.56938775,168.92906941666666,-0.73,96.3,7.5,11.4,352.03730289701895,1008.47,220.6796583198241,3.0268100414354593,214.3685408211088,0.0,0.0,0.0,0.0,2021,-0.219818115234375,6.574036121368408,0.0,-1.335296630859375,74.5,169.0,east_siberian
2021-08-21 17:00:00,3547,74.50330183333334,168.66653683333334,-0.56,91.9,7.6,12.6,352.4740329534862,1009.07,232.6568008655142,3.0341373421379276,227.6527917628596,0.0,0.0,0.0,0.0,2021,-0.186614990234375,6.4813737869262695,0.0,-1.292327880859375,74.5,168.75,east_siberian
2021-08-21 18:00:00,3543,74.43858066666667,168.39874566666666,-0.62,95.7,6.6,13.1,335.41520178895405,1009.64,229.91444833128344,3.052193362910398,226.734354309314,0.0005644933672029,0.0,0.0002822466836014,0.0,2021,-0.149505615234375,6.38274621963501,0.0,-1.247406005859375,74.5,168.5,east_siberian
2021-08-21 19:00:00,3554,74.3766675,168.14652783333332,-0.59,96.8,6.6,13.7,326.45320993929397,1009.97,246.529037774868,2.978915293902183,243.4655694539184,0.0,0.0,0.0,0.0,2021,-0.106536865234375,6.2728095054626465,0.0,-1.190765380859375,74.5,168.25,east_siberian
2021-08-21 20:00:00,3562,74.40734816666667,167.89673408333334,-0.41,98.7,6.7,15.1,332.4037698569495,1009.64,320.92841272187565,3.0858199158535538,319.8509657354633,0.0,0.0,0.0,0.0,2021,-0.063568115234375,6.1628737449646,0.0,-1.134124755859375,74.5,168.0,east_siberian
2021-08-21 21:00:00,3566,74.43996533333333,167.81304991666667,-0.28,99.0,5.8,11.6,336.1394876126167,1011.1,109.17693341968696,2.454905838847671,112.27403628782169,0.0,0.0,0.0,0.0,2021,-0.203704833984375,4.830606937408447,0.0,-1.084808349609375,74.5,167.75,east_siberian
2021-08-21 22:00:00,3488,74.43729016666666,167.81370599999997,-0.27,99.1,5.3,11.9,343.08528935618796,1011.36,340.844675115851,0.0015642558531461,46.51662418395768,0.0,0.0,0.0,0.0,2021,-0.203704833984375,4.830606937408447,0.0,-1.084808349609375,74.5,167.75,east_siberian
2021-08-21 23:00:00,3504,74.43737899999999,167.81430508333332,-0.32,99.2,4.6,8.9,353.61724441870984,1011.81,355.594049639274,0.0030687266298677,113.38243456421829,0.0,0.0,0.0,0.0,2021,-0.203704833984375,4.830606937408447,0.0,-1.084808349609375,74.5,167.75,east_siberian
2021-08-22 00:00:00,3506,74.43737283333333,167.81430200000003,-0.36,99.2,4.6,8.6,2.4840086834201247,1011.96,341.05099093142377,0.0029052899078883,52.939957416390016,0.0,0.0,0.0,0.0,2021,-0.203704833984375,4.830606937408447,0.0,-1.084808349609375,74.5,167.75,east_siberian
2021-08-22 01:00:00,3482,74.43827583333334,167.81374300000002,-0.4,99.1,4.4,14.3,2.3262902769524505,1012.34,6.172610385585706,0.0084102457482295,2.2961310672137794,0.0,0.0,0.0,0.0,2021,-0.203704833984375,4.830606937408447,0.0,-1.084808349609375,74.5,167.75,east_siberian
2021-08-22 02:00:00,3567,74.44355766666666,167.96623666666667,-0.4,99.1,3.1,8.8,340.8837223448437,1012.79,134.28899045337997,3.125356500102946,132.10015337933143,0.0,0.0,0.0,0.0,2021,-0.240814208984375,4.934993267059326,0.0,-1.137542724609375,74.5,168.0,east_siberian
2021-08-22 03:00:00,3555,74.37433183333333,168.14034249999995,-0.42,99.0,4.0,9.2,355.3797274789545,1013.13,198.06220581872444,3.1110796032098293,191.98845062459895,0.0,0.0,0.0,0.0,2021,-0.495452880859375,3.8522565364837646,0.0,-1.204681396484375,74.25,168.25,east_siberian
2021-08-22 04:00:00,3555,74.41933366666667,167.955614,-0.51,99.0,4.0,8.9,358.51880394177334,1012.98,311.32633801957354,3.055487264752997,312.28129563854856,0.0,0.0,0.0,0.0,2021,-0.507171630859375,3.5701568126678467,0.0,-1.200775146484375,74.5,168.0,east_siberian
2021-08-22 05:00:00,3469,74.43842083333334,167.8135663333333,-0.55,99.0,4.1,7.4,346.9608892677053,1013.35,329.2866025624981,0.0043081061364167,183.71737055993543,0.0,0.0,0.0,0.0,2021,-0.477874755859375,3.5024447441101074,0.0,-1.157806396484375,74.5,167.75,east_siberian
2021-08-22 06:00:00,3494,74.43718033333333,167.81104899999997,-0.56,99.1,3.8,6.2,340.9248321346456,1013.54,356.2325915691015,0.004313294665863,105.34710510410534,0.0,0.0,0.0,0.0,2021,-0.477874755859375,3.5024447441101074,0.0,-1.157806396484375,74.5,167.75,east_siberian
2021-08-22 07:00:00,3452,74.4375835,167.81758750000003,-0.56,99.2,1.3,4.6,349.32282226359996,1013.88,70.64688107632908,0.0043728541298959,163.2363825478653,0.0,0.0,0.0,0.0,2021,-0.477874755859375,3.5024447441101074,0.0,-1.157806396484375,74.5,167.75,east_siberian
2021-08-22 08:00:00,3494,74.43649083333334,167.81503,-0.59,99.2,2.3,5.2,359.16466662551437,1014.1,81.06691081031273,0.0030955986211932,196.6912570409781,0.0,0.0,0.0,0.0,2021,-0.477874755859375,3.5024447441101074,0.0,-1.157806396484375,74.5,167.75,east_siberian
2021-08-22 09:00:00,3502,74.43753466666666,167.81756549999997,-0.56,99.2,1.7000000000000002,5.9,4.0893823468121635,1014.4,89.99583085584041,0.0015642552215648,16.68672889453238,0.0,0.0,0.0,0.0,2021,-0.606781005859375,0.9887591600418091,0.0,-1.312103271484375,74.5,167.75,east_siberian
2021-08-22 10:00:00,3535,74.43769416666667,167.8161675,-0.48,99.2,3.4,7.8,350.25232053921843,1014.52,120.60279637906272,0.1702141517310372,318.94469965141803,0.0,0.0,0.0,0.0,2021,-0.606781005859375,0.9887591600418091,0.0,-1.312103271484375,74.5,167.75,east_siberian
2021-08-22 11:00:00,3562,74.40776016666666,167.83013133333333,-0.43,99.2,4.5,11.4,327.96501647781014,1014.59,145.75906890340232,3.1393589748037143,143.23760430614766,0.0,0.0,0.0,0.0,2021,-0.606781005859375,0.9887591600418091,0.0,-1.312103271484375,74.5,167.75,east_siberian
2021-08-22 12:00:00,3560,74.34314216666667,167.9943145833333,-0.52,99.2,4.5,11.1,338.1702905923605,1014.29,212.6970613093471,2.904684573986363,205.53174137422516,0.0,0.0,0.0,0.0,2021,-0.659515380859375,0.7568118572235107,0.0,-1.333587646484375,74.25,168.0,east_siberian
2021-08-22 13:00:00,3560,74.39078175,167.80538958333332,-0.43,99.2,4.1,9.6,358.48059425931734,1013.73,317.2714831685624,3.10182053489315,319.30646540099264,0.0,0.0,0.0,0.0,2021,-0.606781005859375,0.9887591600418091,0.0,-1.312103271484375,74.5,167.75,east_siberian
2021-08-22 14:00:00,3421,74.40269266666665,167.70140766666665,-0.52,99.1,3.9,10.1,318.22923102964506,1013.84,156.16022422704617,2.9633000341948947,153.22666932790955,0.0005846243788365,0.0,0.0002923121894182,0.0,2021,-0.606781005859375,0.9887591600418091,0.0,-1.312103271484375,74.5,167.75,east_siberian
2021-08-22 15:00:00,3536,74.32793383333333,167.90780641666666,-0.6,99.0,4.0,9.2,315.13461506099765,1013.84,165.08625511023524,2.931256755049098,160.38658028144405,0.0,0.0,0.0,0.0,2021,-0.620941162109375,3.3944435119628906,0.0,-1.361663818359375,74.25,168.0,east_siberian
2021-08-22 16:00:00,3232,74.34887675,167.78225425,-0.55,98.8,4.6,12.8,330.75366672885883,1013.24,317.7759604714511,3.015468832770086,320.1274522353674,0.000309405940594,0.0,0.000309405940594,0.0,2021,-0.589691162109375,3.25258207321167,0.0,-1.291351318359375,74.25,167.75,east_siberian
2021-08-22 17:00:00,3568,74.394791,167.5988501666667,-0.52,98.7,5.1,12.0,317.0572422917691,1013.47,221.9724113052095,3.0149982121145507,216.1763501304624,0.0,0.0,0.0,0.0,2021,-0.425628662109375,4.182384967803955,0.0,-1.033538818359375,74.5,167.5,east_siberian
2021-08-22 18:00:00,3004,74.33602766666667,167.72892683333333,-0.45,98.3,5.0,6.9,304.33252409071486,1013.84,141.8293360059728,3.047694142455008,142.33281622653686,0.0003328894806924,0.0,0.0,0.0,2021,-0.589691162109375,3.25258207321167,0.0,-1.291351318359375,74.25,167.75,east_siberian
2021-08-22 19:00:00,3556,74.29822041666668,167.76019125,-0.48,97.6,5.8,13.6,310.733582895076,1013.2,304.02054575146735,2.951849962267724,303.90598990566275,0.0,0.0,0.0,0.0,2021,-0.589691162109375,3.25258207321167,0.0,-1.291351318359375,74.25,167.75,east_siberian
2021-08-22 20:00:00,3557,74.36950333333333,167.55921249999997,-0.57,99.0,5.1,12.0,315.19063155275586,1013.13,313.16272213704167,2.987618711602354,309.868443031795,0.0002811357885858,0.0,0.0002811357885858,0.0,2021,-0.579925537109375,3.1206424236297607,0.0,-1.265960693359375,74.25,167.5,east_siberian
2021-08-22 21:00:00,3560,74.34135216666667,167.56332641666663,-0.5,99.2,4.8,7.4,305.54934127503776,1013.58,139.8379752011606,3.07214459265302,141.44428530003754,0.0,0.0,0.0,0.0,2021,-0.149017333984375,3.775735378265381,0.0,-0.727142333984375,74.25,167.5,east_siberian
2021-08-22 22:00:00,3559,74.28685,167.79714016666665,-0.47,99.3,4.1,8.0,302.7316498807984,1013.62,80.09787949192743,2.736571302574431,95.88639691084946,0.0,0.0,0.0,0.0,2021,-0.174407958984375,3.8136394023895264,0.0,-0.734954833984375,74.25,167.75,east_siberian
2021-08-22 23:00:00,3511,74.29078483333333,167.865616,-0.42,99.3,4.3,7.8,327.6593953018963,1013.65,299.1909022956131,0.0025513057838723,11.51829073197072,0.0,0.0,0.0,0.0,2021,-0.174407958984375,3.8136394023895264,0.0,-0.734954833984375,74.25,167.75,east_siberian
2021-08-23 00:00:00,3517,74.29083333333332,167.86499066666667,-0.34,99.3,4.2,8.7,339.81242911867713,1013.62,295.82457061824664,0.3171023712910731,181.98086377552093,0.0,0.0,0.0,0.0,2021,-0.174407958984375,3.8136394023895264,0.0,-0.734954833984375,74.25,167.75,east_siberian
2021-08-23 01:00:00,3493,74.29064833333334,167.86632583333332,-0.15,99.3,4.2,8.4,3.5467582459963793,1013.65,302.1922806029339,0.0206947803549824,72.1324647324279,0.0,0.0,0.0,0.0,2021,-0.174407958984375,3.8136394023895264,0.0,-0.734954833984375,74.25,167.75,east_siberian
2021-08-23 02:00:00,3522,74.29090866666667,167.86408833333334,-1.26,99.2,4.9,8.2,14.091222997127174,1013.77,301.4134779909442,0.0074467430009567,250.0920538889378,0.0,0.0,0.0,0.0,2021,-0.174407958984375,3.8136394023895264,0.0,-0.734954833984375,74.25,167.75,east_siberian
2021-08-23 03:00:00,3457,74.29091199999999,167.86408733333332,-1.46,99.1,5.3,10.9,359.50311940589813,1013.77,299.9921318146984,0.0044323281304434,250.2589927625683,0.0,0.0,0.0,0.0,2021,-0.187591552734375,4.820111274719238,0.0,-0.924652099609375,74.25,167.75,east_siberian
2021-08-23 04:00:00,3487,74.2909095,167.8640781666667,-1.32,99.1,5.9,10.4,3.190178160370521,1013.95,299.98852843964903,0.0083664123366761,47.88067078760271,0.0,0.0,0.0,0.0,2021,-0.187591552734375,4.820111274719238,0.0,-0.924652099609375,74.25,167.75,east_siberian
2021-08-23 05:00:00,3496,74.29110066666667,167.86270566666667,-1.05,99.0,6.0,10.6,356.2405351958681,1014.14,299.99639108349584,0.0089546915645296,139.99147210543913,0.0,0.0,0.0,0.0,2021,-0.187591552734375,4.820111274719238,0.0,-0.924652099609375,74.25,167.75,east_siberian
2021-08-23 06:00:00,3497,74.29113483333335,167.8626258333333,-0.6,99.0,6.4,12.9,350.2988559122466,1014.14,300.00451807260464,0.0083547005967385,219.5660464528214,0.0,0.0,0.0,0.0,2021,-0.187591552734375,4.820111274719238,0.0,-0.924652099609375,74.25,167.75,east_siberian
2021-08-23 07:00:00,3493,74.29113483333335,167.86262966666666,-0.36,98.4,5.8,11.3,338.48418540725135,1014.29,300.01689095231944,0.0058058775237453,108.6579623695605,0.0,0.0,0.0,0.0,2021,-0.187591552734375,4.820111274719238,0.0,-0.924652099609375,74.25,167.75,east_siberian
2021-08-23 08:00:00,3490,74.290844,167.86356566666666,0.07,97.3,7.3,15.4,337.89575790444314,1014.29,300.2737233459223,0.0080228638981051,205.79982805466716,0.0,0.0,0.0,0.0,2021,-0.187591552734375,4.820111274719238,0.0,-0.924652099609375,74.25,167.75,east_siberian
2021-08-23 09:00:00,3474,74.29087433333333,167.86368183333332,0.02,97.8,8.4,16.1,333.5341836066867,1014.14,329.9794102058372,0.0046364466708538,136.61004932079965,0.0,0.0,0.0,0.0,2021,0.097564697265625,6.601464748382568,0.0,-0.722991943359375,74.25,167.75,east_siberian
2021-08-23 10:00:00,3416,74.29088499999999,167.86373625,-0.35,98.3,7.8,15.1,325.49246777493045,1014.7,348.7360422008538,0.0083473817812898,81.93492104645678,0.0,0.0,0.0,0.0,2021,0.097564697265625,6.601464748382568,0.0,-0.722991943359375,74.25,167.75,east_siberian
2021-08-23 11:00:00,3187,74.33255983333333,168.06150833333334,-0.12,99.1,5.8,13.5,313.6690277359056,1014.97,47.11655525377036,3.172002336617605,49.46170280914406,0.0003137747097583,0.0,0.0003137747097583,0.0,2021,0.083892822265625,6.697936058044434,0.0,-0.736663818359375,74.25,168.0,east_siberian
2021-08-23 12:00:00,3542,74.39358250000001,168.21686791666664,-0.35,99.1,8.2,19.7,344.89039830275664,1013.99,342.9625012328331,3.072894669381356,343.36421847155015,0.0,0.0,0.0,0.0,2021,0.175689697265625,7.184832572937012,0.0,-0.662445068359375,74.5,168.25,east_siberian
2021-08-23 13:00:00,3558,74.46036391666667,168.0295644166667,-0.61,99.2,9.4,21.8,347.7775903593737,1013.92,321.0471682869601,2.6954690380274062,320.5042399522247,0.0005621135469364,0.0,0.0002810567734682,0.0,2021,0.214752197265625,7.117250919342041,0.0,-0.623382568359375,74.5,168.0,east_siberian
2021-08-23 14:00:00,3557,74.4881295,168.0518823333333,-0.29,98.9,8.9,15.2,340.76396995136236,1015.0,120.96607867705347,3.0240306037916023,120.524203951079,0.0,0.0,0.0,0.0,2021,0.214752197265625,7.117250919342041,0.0,-0.623382568359375,74.5,168.0,east_siberian
2021-08-23 15:00:00,3569,74.41397683333334,168.28875233333335,0.27,95.9,8.5,14.2,343.32797973764866,1015.19,138.32192658019935,3.0081568845427253,139.23352095095635,0.0,0.0,0.0,0.0,2021,0.175933837890625,6.9005231857299805,0.0,-0.536224365234375,74.5,168.25,east_siberian
2021-08-23 16:00:00,3558,74.35462075000001,168.47284566666667,-0.28,97.6,9.0,16.0,342.8479267834034,1015.19,97.99709361102764,0.775786221358836,125.5337695392636,0.0,0.0,0.0,0.0,2021,0.095855712890625,6.96350622177124,0.0,-0.631927490234375,74.25,168.5,east_siberian
2021-08-23 17:00:00,3549,74.35421366666667,168.4852861666667,-0.34,98.3,10.3,19.3,344.3080263821542,1015.38,309.2030076616377,0.5603938737986522,225.58944240931487,0.0,0.0,0.0,0.0,2021,0.095855712890625,6.96350622177124,0.0,-0.631927490234375,74.25,168.5,east_siberian
2021-08-23 18:00:00,3558,74.30018066666666,168.2388665833333,-0.93,98.9,9.9,17.0,335.3695313429721,1015.79,308.67742013492295,0.2691492795357882,238.1528429970348,0.0,0.0,0.0,0.0,2021,0.111480712890625,6.901142120361328,0.0,-0.616302490234375,74.25,168.25,east_siberian
2021-08-23 19:00:00,3573,74.331148,168.1409526666667,-1.03,99.1,9.5,19.2,339.69144971393627,1015.08,322.411721652794,3.08031690056958,322.1399223693876,0.0,0.0,0.0,0.0,2021,0.111480712890625,6.901142120361328,0.0,-0.616302490234375,74.25,168.25,east_siberian
2021-08-23 20:00:00,3566,74.40276349999999,167.91989766666669,-0.88,99.2,8.5,20.0,337.89659969414276,1015.57,323.58510409700193,2.8320417350155336,320.4353603460102,0.0,0.0,0.0,0.0,2021,0.216949462890625,6.840238571166992,0.0,-0.493255615234375,74.5,168.0,east_siberian
2021-08-23 21:00:00,3480,74.43753383333333,167.81730083333332,-0.8,99.2,7.3,15.5,324.13006531606317,1016.51,22.784238780560266,0.0085944742448074,238.8407072760388,0.0,0.0,0.0,0.0,2021,-0.140960693359375,6.274957180023193,0.0,-0.784515380859375,74.5,167.75,east_siberian
2021-08-23 22:00:00,3514,74.43754383333334,167.81719900000002,-0.76,99.3,7.6,14.3,320.58146135562197,1016.54,9.998236018500524,0.0075818511507694,87.57104917943389,0.0,0.0,0.0,0.0,2021,-0.140960693359375,6.274957180023193,0.0,-0.784515380859375,74.5,167.75,east_siberian
2021-08-23 23:00:00,3528,74.43753966666667,167.81708550000002,-0.64,99.3,7.4,16.6,310.8639119761716,1016.54,346.60247574531746,0.0101850649490816,305.60226109747396,0.0002834467120181,0.0,0.0002834467120181,0.0,2021,-0.140960693359375,6.274957180023193,0.0,-0.784515380859375,74.5,167.75,east_siberian
2021-08-24 00:00:00,3558,74.5012025,167.9949354166667,-0.53,99.4,5.9,10.4,298.90558303246587,1016.39,358.5948840223175,4.356021862608361,45.75733913130394,0.0,0.0,0.0,0.0,2021,-0.103851318359375,6.352718353271484,0.0,-0.755218505859375,74.5,168.0,east_siberian
2021-08-24 01:00:00,3535,74.50400533333332,168.0000435,-0.42,99.4,6.6,13.1,306.2348551717816,1015.91,256.9468142281594,0.0050402336510467,137.04728191505353,0.0002828854314002,0.0,0.0002828854314002,0.0,2021,-0.103851318359375,6.352718353271484,0.0,-0.755218505859375,74.5,168.0,east_siberian
2021-08-24 02:00:00,3529,74.504002,168.00005533333334,-0.28,99.4,6.3,13.7,294.69457749413505,1015.68,236.48088305544903,0.0040884860205418,243.65761220089337,0.0,0.0,0.0,0.0,2021,-0.103851318359375,6.352718353271484,0.0,-0.755218505859375,74.5,168.0,east_siberian
2021-08-24 03:00:00,3550,74.43759866666666,167.81725016666667,-0.36,99.4,7.1,13.5,272.2670610463063,1015.19,282.35945957049205,0.1441381129171354,229.35446764167932,0.0,0.0,0.0,0.0,2021,-0.430267333984375,6.836705684661865,0.0,-1.497650146484375,74.5,167.75,east_siberian
2021-08-24 04:00:00,3550,74.43754633333333,167.81694433333334,-0.46,99.3,7.3,13.3,271.64729896869096,1015.0,297.48169294648767,0.0244339391067555,278.817451009458,0.0,0.0,0.0,0.0,2021,-0.430267333984375,6.836705684661865,0.0,-1.497650146484375,74.5,167.75,east_siberian
2021-08-24 05:00:00,3531,74.41252549999999,167.5862905,-0.85,99.2,7.6,16.5,275.10436379506353,1014.44,271.16874900803214,0.1171818135887378,236.48627569973263,0.0,0.0,0.0,0.0,2021,-0.451751708984375,6.796553134918213,0.0,-1.524993896484375,74.5,167.5,east_siberian
2021-08-24 06:00:00,3569,74.38386916666667,167.45828983333334,-1.0,99.3,7.7,17.6,277.48728326941387,1013.95,236.98442062082503,3.087637991789465,230.91070599908275,0.0,0.0,0.0,0.0,2021,-0.451751708984375,6.796553134918213,0.0,-1.524993896484375,74.5,167.5,east_siberian
2021-08-24 07:00:00,3527,74.33902683333334,167.25608183333333,-1.27,99.2,7.0,14.6,261.85773343878213,1013.73,301.14365607494534,0.0120184775405391,250.7495970333583,0.0005670541536716,0.0,0.0002835270768358,0.0,2021,-0.496673583984375,6.315817356109619,0.0,-1.560150146484375,74.25,167.25,east_siberian
2021-08-24 08:00:00,3557,74.32788633333332,167.3808503333333,-0.92,99.2,6.6,14.1,270.0665516329541,1013.5,73.4377720505899,3.154442877820445,77.60716934884984,0.0,0.0,0.0,0.0,2021,-0.484954833984375,6.335444450378418,0.0,-1.552337646484375,74.25,167.5,east_siberian
2021-08-24 09:00:00,3583,74.390434,167.7059826666667,0.48,91.2,6.7,10.7,259.74914189652253,1012.83,42.9209896852999,3.9665686870855663,45.54084079128676,0.0,0.0,0.0,0.0,2021,-0.849700927734375,6.436084270477295,0.0,-1.664154052734375,74.5,167.75,east_siberian
2021-08-24 10:00:00,3562,74.437605,167.8174565,-0.8,97.5,2.9,12.5,263.7601617892552,1012.08,341.2543635961032,0.0037714084348839,333.6364195477494,0.0,0.0,0.0,0.0,2021,-0.849700927734375,6.436084270477295,0.0,-1.664154052734375,74.5,167.75,east_siberian
2021-08-24 11:00:00,3556,74.43760666666667,167.817454,-0.75,94.5,2.6,7.8,261.82085533569034,1011.4,344.9996906679689,0.0036152266623487,83.77308203053659,0.0,0.0,0.0,0.0,2021,-0.849700927734375,6.436084270477295,0.0,-1.664154052734375,74.5,167.75,east_siberian
2021-08-24 12:00:00,3556,74.43760016666667,167.822744,-0.66,95.5,5.9,11.7,254.69729145875803,1010.91,25.07778787738075,0.8948853850478506,83.33693555490728,0.0,0.0,0.0,0.0,2021,-0.849700927734375,6.436084270477295,0.0,-1.664154052734375,74.5,167.75,east_siberian
2021-08-24 13:00:00,3567,74.46891083333334,168.05854216666663,-0.71,96.8,7.0,10.9,242.50525675974907,1010.13,53.94025356415175,2.8016030006724733,53.84310245917323,0.0,0.0,0.0,0.0,2021,-0.818450927734375,6.482428073883057,0.0,-1.613372802734375,74.5,168.0,east_siberian
2021-08-24 14:00:00,3569,74.46065933333333,168.26021116666664,-1.0,98.0,8.8,18.1,242.12167502527973,1008.85,172.87150172468588,2.613729507778722,165.7678427397205,0.0,0.0,0.0,0.0,2021,-0.804779052734375,6.536415100097656,0.0,-1.605560302734375,74.5,168.25,east_siberian
2021-08-24 15:00:00,3285,74.40258183333334,168.09240283333335,-1.21,98.5,8.7,17.1,225.52010111905213,1007.38,240.3387632345288,3.1775926485008545,239.47447337646997,0.0006088280060882,0.0,0.0003044140030441,0.0,2021,-1.171966552734375,7.853111267089844,0.0,-2.668060302734375,74.5,168.0,east_siberian
2021-08-24 16:00:00,3504,74.43756133333333,167.81712650000003,-1.21,98.2,7.9,17.6,205.21341498125452,1006.52,278.0913142865228,0.0664079330082598,310.37381613157766,0.0,0.0,0.0,0.0,2021,-1.211029052734375,7.7858781814575195,0.0,-2.554779052734375,74.5,167.75,east_siberian
2021-08-24 17:00:00,3551,74.4174485,167.85637316666666,-1.11,97.3,10.8,25.9,201.9640734286137,1004.76,190.77198401029,5.123602690470997,162.68902964731896,0.0,0.0,0.0,0.0,2021,-1.211029052734375,7.7858781814575195,0.0,-2.554779052734375,74.5,167.75,east_siberian
2021-08-24 18:00:00,3550,74.26287533333334,168.04379683333332,-0.92,95.95,10.5,28.3,204.4701408086164,1003.67,212.1150498935205,4.188667316028603,155.66757886571014,0.0,0.0,0.0,0.0,2021,-1.142669677734375,7.6578497886657715,0.0,-2.781341552734375,74.25,168.0,east_siberian
2021-08-24 19:00:00,3430,74.25012158333334,168.00527125,-0.65,93.5,10.1,21.8,205.8119776304442,1002.09,251.5093050975971,3.0803482144287804,232.0206940784442,0.0002915451895043,0.0,0.0002915451895043,0.0,2021,-1.142669677734375,7.6578497886657715,0.0,-2.781341552734375,74.25,168.0,east_siberian
2021-08-24 20:00:00,3519,74.18587666666667,167.721057,-0.23,90.7,8.2,17.5,206.30316395702584,1001.15,261.9533874956745,1.699533245773572,229.60069921057655,0.0,0.0,0.0,0.0,2021,-1.105560302734375,7.703149318695068,0.0,-2.695404052734375,74.25,167.75,east_siberian
2021-08-24 21:00:00,3521,74.18516183333332,167.71463433333332,-0.02,91.0,8.6,17.8,199.82313377593292,1000.37,247.07092982997173,0.0056399296755806,184.03658931107697,0.0,0.0,0.0,0.0,2021,-0.605316162109375,4.660312652587891,0.0,-1.229827880859375,74.25,167.75,east_siberian
2021-08-24 22:00:00,3561,74.20822033333334,167.64688383333336,-0.05,92.7,3.7,10.6,184.6629333652756,999.2,309.58466848916896,3.102312890224966,320.7800695332943,0.0,0.0,0.0,0.0,2021,-0.605316162109375,4.660312652587891,0.0,-1.229827880859375,74.25,167.75,east_siberian
2021-08-24 23:00:00,3539,74.26394366666666,167.47945966666666,-0.11,95.1,5.6,10.1,206.5950984785051,998.08,237.232631549247,0.0135983462908387,317.8485281233082,0.0,0.0,0.0,0.0,2021,-0.656097412109375,4.406611442565918,0.0,-1.270843505859375,74.25,167.5,east_siberian
2021-08-25 00:00:00,3566,74.29114508333333,167.60523691666668,-0.29,97.7,4.8,9.3,221.40505590875463,997.25,49.49763154627731,2.990494794313268,50.34381012553319,0.0,0.0,0.0,0.0,2021,-0.656097412109375,4.406611442565918,0.0,-1.270843505859375,74.25,167.5,east_siberian
2021-08-25 01:00:00,3528,74.33699583333333,167.81068950000002,-0.36,98.8,3.8,6.4,251.43838081888612,996.09,232.73029028466084,0.0111939047114807,44.58822980498701,0.0,0.0,0.0,0.0,2021,-0.605316162109375,4.660312652587891,0.0,-1.229827880859375,74.25,167.75,east_siberian
2021-08-25 02:00:00,3535,74.3370145,167.81076016666665,-0.46,99.1,3.4,8.3,287.0067149400716,995.52,272.35183701159525,0.0029130373293921,38.63947616401077,0.0,0.0,0.0,0.0,2021,-0.605316162109375,4.660312652587891,0.0,-1.229827880859375,74.25,167.75,east_siberian
2021-08-25 03:00:00,3562,74.36694941666667,167.95074266666666,-0.57,99.2,3.8,8.3,321.29275155619086,995.26,28.695618325844222,2.9757477729673623,48.680062032011094,0.0,0.0,0.0,0.0,2021,-0.952239990234375,3.885413885116577,0.0,-1.545501708984375,74.25,168.0,east_siberian
2021-08-25 04:00:00,3515,74.3957465,167.94074733333335,-0.64,99.3,5.1,10.3,350.55058210488716,994.85,333.2300945711702,0.0142630907537155,339.49828784043734,0.0,0.0,0.0,0.0,2021,-1.114349365234375,4.1840386390686035,0.0,-1.861907958984375,74.5,168.0,east_siberian
2021-08-25 05:00:00,3527,74.4016445,167.92099716666664,-0.71,99.3,4.9,9.6,358.23811160252075,994.81,325.0991551323099,0.0036576389222793,133.49250204653,0.0,0.0,0.0,0.0,2021,-1.114349365234375,4.1840386390686035,0.0,-1.861907958984375,74.5,168.0,east_siberian
2021-08-25 06:00:00,3539,74.43350533333334,167.82324666666665,-0.75,99.3,6.6,11.8,13.091290142729864,994.59,329.7102555076174,2.9117232367580717,323.6510797461241,0.0,0.0,0.0,0.0,2021,-1.112396240234375,4.199828147888184,0.0,-1.850189208984375,74.5,167.75,east_siberian
2021-08-25 07:00:00,3510,74.45192666666667,167.76419383333334,-0.82,99.2,5.9,10.4,19.285749244776447,995.0,3.5147639927751224,0.003329063504976,215.38423289108823,0.0,0.0,0.0,0.0,2021,-1.112396240234375,4.199828147888184,0.0,-1.850189208984375,74.5,167.75,east_siberian
2021-08-25 08:00:00,3141,74.43755283333333,167.8172868333333,-0.78,98.8,7.0,12.8,8.440814319697873,995.34,57.95524815449448,0.031947419478381,133.16752997555596,0.0006367398917542,0.0,0.0003183699458771,0.0,2021,-1.112396240234375,4.199828147888184,0.0,-1.850189208984375,74.5,167.75,east_siberian
2021-08-25 09:00:00,3525,74.42637833333333,167.92812033333334,-0.59,94.8,6.5,12.7,9.90766916593631,995.64,95.71147190281944,4.716961548637974,110.21238604993955,0.0,0.0,0.0,0.0,2021,-0.532562255859375,7.064981937408447,0.0,-1.453216552734375,74.5,168.0,east_siberian
2021-08-25 10:00:00,3534,74.36487191666666,168.31088108333333,-0.61,95.3,7.3,13.4,4.6020796853637975,995.82,191.9320129007371,3.7339234761048217,191.98257898111729,0.0002829654782116,0.0,0.0002829654782116,0.0,2021,-0.987640380859375,7.4739484786987305,0.0,-1.738372802734375,74.25,168.25,east_siberian
2021-08-25 11:00:00,3573,74.30228216666666,168.08074000000002,-0.93,97.7,8.5,15.2,13.675743921412565,996.2,234.27331423759273,3.1265341999546834,231.44947880823165,0.0,0.0,0.0,0.0,2021,-0.913421630859375,7.272800445556641,0.0,-1.683685302734375,74.25,168.0,east_siberian
2021-08-25 12:00:00,3570,74.24068133333333,167.7881840833333,-1.34,98.9,8.0,13.9,8.29248543157177,996.69,232.55376337841383,3.0559528252948795,232.14026721918668,0.0,0.0,0.0,0.0,2021,-0.833343505859375,7.2002081871032715,0.0,-1.638763427734375,74.25,167.75,east_siberian
2021-08-25 13:00:00,3580,74.28193191666668,167.69788708333334,-1.27,99.1,8.4,22.3,15.575682601626731,995.9,11.045415620291356,5.158538530233533,10.789471340588124,0.0,0.0,0.0,0.0,2021,-0.833343505859375,7.2002081871032715,0.0,-1.638763427734375,74.25,167.75,east_siberian
2021-08-25 14:00:00,3561,74.4336475,167.8026391666667,-0.96,99.1,7.6,19.6,9.47100117154837,997.06,19.181043496364985,2.6661220102134666,22.318118253390864,0.0,0.0,0.0,0.0,2021,-0.485687255859375,7.040463924407959,0.0,-1.394622802734375,74.5,167.75,east_siberian
2021-08-25 15:00:00,3498,74.43762133333333,167.81699250000003,-0.69,97.5,7.1,11.4,350.72684969937006,997.74,34.407588043844775,0.0039161366670175,242.4258692467612,0.0005717552887364,0.0,0.0002858776443682,0.0,2021,-0.226409912109375,6.531064033508301,0.0,-1.420501708984375,74.5,167.75,east_siberian
2021-08-25 16:00:00,3541,74.4377225,167.81682650000002,-0.64,97.6,5.9,12.4,346.7441083253091,998.23,64.60548607326105,0.7143863193462874,93.10719350309095,0.0,0.0,0.0,0.0,2021,-0.226409912109375,6.531064033508301,0.0,-1.420501708984375,74.5,167.75,east_siberian
2021-08-25 17:00:00,3531,74.43076383333333,168.23843316666668,-0.64,97.6,7.1,14.3,344.80102246698107,998.41,32.291349256693515,0.0120446074690011,91.81226388404993,0.0,0.0,0.0,0.0,2021,-0.347503662109375,6.711015224456787,0.0,-1.611907958984375,74.5,168.25,east_siberian
2021-08-25 19:00:00,3331,74.37726033333334,167.99249066666664,-0.71,98.7,7.5,14.6,335.0320792296545,999.39,252.69106159656775,5.067208354980844,226.7533084261848,0.0,0.0,0.0,0.0,2021,-0.275238037109375,6.6077189445495605,0.0,-1.518157958984375,74.5,168.0,east_siberian
2021-08-25 20:00:00,3151,74.35967866666667,167.8052026666667,-0.71,94.8,7.4,14.7,356.090153976078,999.77,349.0925474097676,0.2753401389515954,285.19563183679577,0.0006347191367819,0.0,0.0003173595683909,0.0,2021,-0.306488037109375,6.712405681610107,0.0,-1.438079833984375,74.25,167.75,east_siberian
2021-08-25 21:00:00,3493,74.36191366666667,167.73695766666663,-0.89,90.0,7.9,14.4,1.130435065401826,1000.33,15.805043421961397,0.0086608614546396,309.82933122984304,0.0,0.0,0.0,0.0,2021,-0.452239990234375,4.593901634216309,0.0,-1.836761474609375,74.25,167.75,east_siberian
2021-08-25 22:00:00,3449,74.38381233333332,167.67193483333332,-0.85,88.4,4.6,10.1,344.76031193549363,1000.89,30.740301575597694,0.0031918949380956,32.55934627781903,0.0,0.0,0.0,0.0,2021,-0.387786865234375,4.3595428466796875,0.0,-2.014495849609375,74.5,167.75,east_siberian
2021-08-25 23:00:00,3521,74.404515,167.76540683333332,-0.75,91.3,2.6,6.7,325.79441386397764,1001.12,31.585951785153505,0.0043274351815436,49.62342784676691,0.0,0.0,0.0,0.0,2021,-0.387786865234375,4.3595428466796875,0.0,-2.014495849609375,74.5,167.75,east_siberian
2021-08-26 00:00:00,3509,74.41595933333333,167.81469666666666,-0.57,92.9,3.8,8.3,322.2816090707896,1001.04,64.62698604737275,0.0132322833161604,63.95150643531716,0.0,0.0,0.0,0.0,2021,-0.387786865234375,4.3595428466796875,0.0,-2.014495849609375,74.5,167.75,east_siberian
2021-08-26 01:00:00,3515,74.42363416666667,167.8519311666667,-0.6,94.2,4.1,7.8,338.0715959026644,1001.27,149.01274105451373,0.0014653624555353,359.49741032614384,0.0,0.0,0.0,0.0,2021,-0.387786865234375,4.3595428466796875,0.0,-2.014495849609375,74.5,167.75,east_siberian
2021-08-26 02:00:00,3544,74.432738,167.67842483333334,-0.73,97.1,3.0,12.2,313.6786471436494,1001.38,254.4189772163831,0.0488119742556697,263.72419641057826,0.0,0.0,0.0,0.0,2021,-0.387786865234375,4.3595428466796875,0.0,-2.014495849609375,74.5,167.75,east_siberian
2021-08-26 03:00:00,3475,74.43273683333334,167.6784435,-0.5,98.4,4.4,8.8,301.7502979966662,1001.12,192.43922992894,0.0081662215505266,104.81776350166172,0.0,0.0,0.0,0.0,2021,-0.102630615234375,5.995999813079834,0.0,-1.326995849609375,74.5,167.75,east_siberian
2021-08-26 04:00:00,3500,74.4375515,167.81674416666664,-0.47,98.4,5.6,9.6,298.38710788729,1000.7,335.71293557579594,0.0042461802743359,14.298629878379604,0.0002857142857142,0.0,0.0002857142857142,0.0,2021,-0.102630615234375,5.995999813079834,0.0,-1.326995849609375,74.5,167.75,east_siberian
2021-08-26 05:00:00,3551,74.43553133333333,167.80986,-0.35,98.9,5.6,15.8,298.9812508682344,1000.48,207.70340604749768,2.8782516105275984,201.49675338118763,0.0,0.0,0.0,0.0,2021,-0.102630615234375,5.995999813079834,0.0,-1.326995849609375,74.5,167.75,east_siberian
2021-08-26 06:00:00,3563,74.32107433333334,167.55904716666663,-0.18,99.1,9.4,15.2,316.2442211953235,1000.59,213.37947990647052,4.634216222994834,211.14270296109197,0.0,0.0,0.0,0.0,2021,-0.143646240234375,6.361387729644775,0.0,-1.395355224609375,74.25,167.5,east_siberian
2021-08-26 07:00:00,3572,74.19130416666667,167.27006508333335,-0.11,98.6,9.8,17.6,332.857408212867,1001.0,212.6090637496539,4.633847673201944,210.74662490969453,0.0,0.0,0.0,0.0,2021,-0.120208740234375,6.493695259094238,0.0,-1.340667724609375,74.25,167.25,east_siberian
2021-08-26 08:00:00,3562,74.07124325,167.14225375,0.06,94.7,8.149999999999999,13.7,325.1289513338964,1001.9,149.93386418611695,4.671663390460988,150.03329764868948,0.0,0.0,0.0,0.0,2021,-0.169036865234375,6.600559234619141,0.0,-1.311370849609375,74.0,167.25,east_siberian
2021-08-26 09:00:00,3556,73.97424083333334,167.5678226666667,-0.12,94.9,7.6,10.1,314.13250916661104,1001.94,120.91494880346156,4.726108540526706,122.75872285129378,0.0,0.0,0.0,0.0,2021,0.250885009765625,8.226974487304688,0.0,-1.339691162109375,74.0,167.5,east_siberian
2021-08-26 10:00:00,3558,73.97918741666666,167.98973758333335,-0.23,94.7,5.5,10.2,303.01056118392285,1001.87,57.39613454413915,4.462679485216015,60.18058294164231,0.0002810567734682,0.0,0.0,0.0,2021,0.205963134765625,8.128582000732422,0.0,-1.327972412109375,74.0,168.0,east_siberian
2021-08-26 11:00:00,3553,74.05114816666666,168.44629666666663,-0.21,93.9,5.2,10.1,291.17698125151765,1001.75,57.60226187199542,4.569566984939202,59.35377419328221,0.0,0.0,0.0,0.0,2021,0.135650634765625,8.019432067871094,0.0,-1.326019287109375,74.0,168.5,east_siberian
2021-08-26 12:00:00,3558,74.120217,168.89758675,-0.19,95.7,4.7,9.2,276.5721569505813,1001.3,62.55405058170668,4.4780414213288395,63.79825345047982,0.0,0.0,0.0,0.0,2021,0.069244384765625,7.880777835845947,0.0,-1.327972412109375,74.0,169.0,east_siberian
2021-08-26 13:00:00,3559,74.19662233333334,169.34390866666666,-0.1,97.3,6.5,14.0,295.7717695201166,1000.52,44.22432505018847,4.499540874217836,46.16242545015229,0.0005619556055071,0.0,0.0002809778027535,0.0,2021,0.079010009765625,7.85017204284668,0.0,-1.390472412109375,74.25,169.25,east_siberian
2021-08-26 14:00:00,3554,74.30682300000001,169.68064816666669,-0.15,98.2,7.6,15.3,302.6217506805302,1000.03,35.490005484830775,4.521048111011877,35.80338735235998,0.0,0.0,0.0,0.0,2021,-0.063568115234375,7.651890277862549,0.0,-1.423675537109375,74.25,169.75,east_siberian
2021-08-26 15:00:00,3553,74.42878433333334,169.9849278333333,-0.12,97.5,7.6,16.3,304.6175083480574,999.73,39.47853808383262,4.589826003577485,39.712217662484214,0.0,0.0,0.0,0.0,2021,0.032135009765625,8.333468437194824,0.0,-1.081390380859375,74.5,170.0,east_siberian
2021-08-26 16:00:00,3166,74.53010916666668,170.2980766666667,-0.11,97.0,7.5,16.4,306.7563486716199,999.5,36.58958832191407,4.539970967564047,37.70886888407912,0.0006317119393556,0.0,0.0003158559696778,0.0,2021,0.014556884765625,8.346028327941895,0.0,-1.069671630859375,74.5,170.25,east_siberian
2021-08-26 17:00:00,3541,74.64336866666666,170.69445033333335,-0.2,97.0,7.0,12.2,307.21722634748835,999.24,42.00253235289399,4.620299350388054,43.29143464071724,0.0,0.0,0.0,0.0,2021,-0.090911865234375,8.265297889709473,0.0,-1.249359130859375,74.75,170.75,east_siberian
2021-08-26 18:00:00,3571,74.75329516666667,171.0856098333333,-0.37,96.6,6.7,13.6,315.47858886693143,998.98,45.21429404466841,4.657348773199797,45.20574894620069,0.0,0.0,0.0,0.0,2021,-0.092864990234375,8.266490936279297,0.0,-1.218109130859375,74.75,171.0,east_siberian
2021-08-26 19:00:00,3559,74.85660200000001,171.50447266666663,-0.51,95.5,5.8,17.7,322.52065164512385,998.75,45.1792403193863,4.62729837366251,46.89907768507781,0.0005619556055071,0.0,0.0002809778027535,0.0,2021,-0.104583740234375,8.242341995239258,0.0,-1.190765380859375,74.75,171.5,east_siberian
2021-08-26 20:00:00,3557,74.95578083333334,171.91422483333335,-0.82,91.5,5.3,10.1,336.08303500469776,998.45,44.77787458752139,4.663726343421767,46.83969646989105,0.0,0.0,0.0,0.0,2021,-0.180755615234375,7.9792256355285645,0.0,-1.294281005859375,75.0,172.0,east_siberian
2021-08-26 21:00:00,3570,75.05424199999999,172.31435741666667,-0.96,91.8,4.4,8.1,319.16035847914407,998.45,44.81362760773557,4.5864832521340215,46.647893471977184,0.0,0.0,0.0,0.0,2021,-0.414886474609375,5.684070110321045,0.0,-1.723480224609375,75.0,172.25,east_siberian
2021-08-26 22:00:00,3560,75.08939508333333,172.74278366666664,-0.92,92.0,5.5,9.8,294.6897380814752,998.49,114.53415096899234,4.585302863959838,114.68719448505696,0.0,0.0,0.0,0.0,2021,-0.502777099609375,5.484250545501709,0.0,-2.239105224609375,75.0,172.75,east_siberian
2021-08-26 23:00:00,3568,75.00616925,173.22301525000003,-0.86,91.5,5.6,11.1,288.69229265438537,998.23,120.86764506948008,4.578355072211523,124.45103055105808,0.0,0.0,0.0,0.0,2021,-0.586761474609375,5.432443141937256,0.0,-2.912933349609375,75.0,173.25,east_siberian
2021-08-27 00:00:00,3570,74.93090674999999,173.66568075000004,-0.87,92.8,6.2,9.0,278.492189930225,997.89,120.67293455108494,4.547236555472177,123.15346553087616,0.0,0.0,0.0,0.0,2021,-0.672698974609375,5.53201961517334,0.0,-3.774261474609375,75.0,173.75,east_siberian
2021-08-27 01:00:00,3567,74.8448195,174.10120433333336,-0.82,94.4,6.7,10.1,281.45345794657237,997.66,123.1398874062351,4.498085024481815,124.73921539138824,0.0,0.0,0.0,0.0,2021,-0.520355224609375,5.850271701812744,0.0,-3.606292724609375,74.75,174.0,east_siberian
2021-08-27 02:00:00,3563,74.77017866666667,174.587363,-0.82,95.6,7.1,9.9,285.72614410673106,997.36,121.43429776550153,4.595677156750019,122.7237136994772,0.0,0.0,0.0,0.0,2021,-0.672698974609375,5.904740333557129,0.0,-3.940277099609375,74.75,174.5,east_siberian
2021-08-27 03:00:00,3528,74.7163625,174.90557866666666,-0.78,94.7,8.6,14.8,294.564978007271,996.5,293.3902845813216,0.0190455033734624,146.80914546608636,0.0,0.0,0.0,0.0,2021,-0.160980224609375,8.55355453491211,0.0,-1.192718505859375,74.75,175.0,east_siberian
2021-08-27 04:00:00,3511,74.716315,174.90550649999997,-0.73,93.9,8.9,18.3,297.4022643019782,996.2,279.9829967205585,0.0059950878329597,274.47503410805297,0.0,0.0,0.0,0.0,2021,-0.160980224609375,8.55355453491211,0.0,-1.192718505859375,74.75,175.0,east_siberian
2021-08-27 05:00:00,3507,74.71640716666667,174.90350466666666,-0.78,95.1,9.3,18.1,308.1958782057999,995.79,279.95463336539115,0.0048718148899724,350.0005411640993,0.0,0.0,0.0,0.0,2021,-0.160980224609375,8.55355453491211,0.0,-1.192718505859375,74.75,175.0,east_siberian
2021-08-27 06:00:00,3527,74.71649316666667,174.90372066666666,-0.66,90.4,9.6,25.2,319.080850576026,995.41,348.35539447098216,0.0573276605513474,31.45239779489628,0.0,0.0,0.0,0.0,2021,-0.160980224609375,8.55355453491211,0.0,-1.192718505859375,74.75,175.0,east_siberian
2021-08-27 07:00:00,3581,74.88066316666666,175.22136916666665,-0.84,89.2,7.4,18.5,333.16815925309834,995.0,25.186487061330133,6.1285262207550115,26.782118422029907,0.0,0.0,0.0,0.0,2021,-0.164886474609375,8.683819770812988,0.0,-1.136077880859375,75.0,175.25,east_siberian
2021-08-27 08:00:00,3553,75.0552235,175.5744455,-1.07,89.6,7.6,19.5,341.884862311255,994.55,26.803929802420836,6.0512427957498565,27.31045814440621,0.0,0.0,0.0,0.0,2021,-0.219573974609375,8.549071311950684,0.0,-1.157562255859375,75.0,175.5,east_siberian
2021-08-27 09:00:00,3538,75.22494766666667,175.90800816666666,-1.43,93.2,8.6,23.3,0.4309441119273255,993.57,24.3176987347359,6.0063636641300775,26.00726812068972,0.0,0.0,0.0,0.0,2021,-1.869964599609375,7.7851128578186035,0.0,-6.491058349609375,75.25,176.0,east_siberian
2021-08-27 10:00:00,3561,75.39973566666666,176.2424093333333,-2.37,82.1,9.2,19.9,26.97161615010593,993.2,30.860276430193707,6.049052496284313,30.22921304703125,0.0,0.0,0.0,0.0,2021,-2.178558349609375,8.421627044677734,0.0,-5.840667724609375,75.5,176.25,east_siberian
2021-08-27 11:00:00,3570,75.55974574999999,176.63564958333333,-3.17,78.7,10.2,23.3,8.98229370529677,992.97,21.77795401959945,5.893512748453656,21.48999983373008,0.0,0.0,0.0,0.0,2021,-2.209808349609375,8.489583969116211,0.0,-5.842620849609375,75.5,176.75,east_siberian
2021-08-27 12:00:00,3549,75.7297325,176.95342633333337,-3.07,77.0,9.4,23.6,348.21601561152175,993.12,27.536778488329325,6.035440989893487,26.033898119456428,0.0,0.0,0.0,0.0,2021,-2.494964599609375,8.702472686767578,0.0,-5.295745849609375,75.75,177.0,east_siberian
2021-08-27 13:00:00,3490,75.801016,177.05937375000002,-2.9,81.15,11.1,21.2,337.81613037166625,992.67,64.33445416402957,0.4690578458008936,116.3613359673927,0.0,0.0,0.0,0.0,2021,-2.494964599609375,8.702472686767578,0.0,-5.295745849609375,75.75,177.0,east_siberian
2021-08-27 14:00:00,3485,75.79074616666666,177.07220766666669,-3.15,72.6,10.9,22.0,344.63632197158284,992.52,157.05948706606864,0.5207500698966526,156.79807071044007,0.0,0.0,0.0,0.0,2021,-2.494964599609375,8.702472686767578,0.0,-5.295745849609375,75.75,177.0,east_siberian
2021-08-27 15:00:00,3448,75.80092400000001,177.07002208333333,-3.22,75.2,10.6,19.1,337.54154181296,992.67,356.1520131510452,0.1682092925121282,272.75402183020606,0.0,0.0,0.0,0.0,2021,-2.999847412109375,8.789212226867676,0.0,-4.630218505859375,75.75,177.0,east_siberian
2021-08-27 16:00:00,3511,75.80154966666667,177.05661783333332,-3.09,78.2,12.4,22.2,334.46827177369255,992.33,345.27590172959106,0.0943623111981352,281.04121002028216,0.0,0.0,0.0,0.0,2021,-2.999847412109375,8.789212226867676,0.0,-4.630218505859375,75.75,177.0,east_siberian
2021-08-27 17:00:00,3505,75.80156183333334,177.05608666666666,-3.52,84.9,9.6,21.3,346.2800490550273,993.23,30.943236248752083,0.0089424916933137,6.3153816219218974,0.0,0.0,0.0,0.0,2021,-2.999847412109375,8.789212226867676,0.0,-4.630218505859375,75.75,177.0,east_siberian
2021-08-27 18:00:00,3484,75.801559,177.05608816666668,-3.46,80.6,9.8,17.4,351.062535750789,993.42,49.32179538085643,0.0093420507485262,293.2049074145769,0.0,0.0,0.0,0.0,2021,-2.999847412109375,8.789212226867676,0.0,-4.630218505859375,75.75,177.0,east_siberian
2021-08-27 19:00:00,3489,75.80157033333333,177.05601233333334,-3.66,80.1,9.9,21.9,343.2102393854135,993.76,33.69136126580504,0.0133036593519528,306.0134048086719,0.0,0.0,0.0,0.0,2021,-2.999847412109375,8.789212226867676,0.0,-4.630218505859375,75.75,177.0,east_siberian
2021-08-27 20:00:00,3554,75.80157641666666,177.05596533333332,-3.57,80.6,10.9,20.9,335.10261643256626,993.83,27.2852260810285,0.012011258710837,252.4939641995324,0.0,0.0,0.0,0.0,2021,-2.999847412109375,8.789212226867676,0.0,-4.630218505859375,75.75,177.0,east_siberian
2021-08-27 21:00:00,3518,75.80157866666667,177.05594849999997,-3.15,88.1,11.3,20.4,324.06092989759213,993.61,22.99204105369102,0.0086904488020336,295.1217904840146,0.0,0.0,0.0,0.0,2021,-2.337493896484375,12.529500007629395,0.0,-6.157562255859375,75.75,177.0,east_siberian
2021-08-27 22:00:00,3442,75.80158816666668,177.0558865,-2.68,89.1,12.3,20.4,316.5444765100695,993.23,11.700106727297229,0.0098682867749348,254.3141911512249,0.0,0.0,0.0,0.0,2021,-2.337493896484375,12.529500007629395,0.0,-6.157562255859375,75.75,177.0,east_siberian
2021-08-27 23:00:00,3423,75.8015775,177.05592016666668,-2.63,88.1,12.8,24.5,311.9109668071318,993.05,10.025060420013324,0.0211884434940399,107.17314641255942,0.0,0.0,0.0,0.0,2021,-2.337493896484375,12.529500007629395,0.0,-6.157562255859375,75.75,177.0,east_siberian
2021-08-28 00:00:00,3484,75.80084983333333,177.07148833333335,-2.53,88.0,15.1,26.0,308.5533099726444,991.51,325.2497419296267,0.0113169014770864,219.1458530688882,0.0,0.0,0.0,0.0,2021,-2.337493896484375,12.529500007629395,0.0,-6.157562255859375,75.75,177.0,east_siberian
2021-08-28 01:00:00,3526,75.8008435,177.0714346666667,-2.39,88.6,15.7,27.4,314.5352401420399,990.79,299.96999207962824,0.0115452406930006,284.19987043666185,0.0,0.0,0.0,0.0,2021,-2.337493896484375,12.529500007629395,0.0,-6.157562255859375,75.75,177.0,east_siberian
2021-08-28 02:00:00,3550,75.79856333333333,177.05484591666666,-2.29,90.0,15.0,26.1,317.0941520931704,990.76,300.8865430490989,0.2549496132564046,197.20708291323905,0.0,0.0,0.0,0.0,2021,-2.337493896484375,12.529500007629395,0.0,-6.157562255859375,75.75,177.0,east_siberian
2021-08-28 03:00:00,3516,75.79531766666668,177.0525576666667,-2.08,89.7,15.1,31.1,318.10639281936994,990.53,322.0642709335031,0.0107603147606031,19.53638669687304,0.0,0.0,0.0,0.0,2021,-1.369232177734375,12.655464172363281,0.0,-3.325531005859375,75.75,177.0,east_siberian
2021-08-28 04:00:00,3461,75.80071116666666,177.05582233333334,-2.03,90.4,14.5,26.0,320.6072561179858,991.66,28.532751294928964,0.2569547980929028,16.308591128845215,0.0,0.0,0.0,0.0,2021,-1.369232177734375,12.655464172363281,0.0,-3.325531005859375,75.75,177.0,east_siberian
2021-08-28 05:00:00,3547,75.801052,177.05115666666669,-1.92,89.3,13.6,30.4,322.8771796473186,991.58,57.33528990705465,0.3795143223523315,130.18659646052734,0.0,0.0,0.0,0.0,2021,-1.369232177734375,12.655464172363281,0.0,-3.325531005859375,75.75,177.0,east_siberian
2021-08-28 06:00:00,3559,75.67728050000001,177.077005,-1.91,88.8,8.0,20.2,259.270784397325,992.82,174.70299390510894,6.139849897650896,177.374354105422,0.0005619556055071,0.0,0.0002809778027535,0.0,2021,-1.369232177734375,12.655464172363281,0.0,-3.325531005859375,75.75,177.0,east_siberian
2021-08-28 07:00:00,3550,75.48643824999999,177.05289416666668,-1.95,88.2,11.0,20.1,270.4581850335163,993.31,202.66560462159867,6.182088234568012,204.50052624906536,0.0,0.0,0.0,0.0,2021,-1.214935302734375,13.141533851623535,0.0,-3.595062255859375,75.5,177.0,east_siberian
2021-08-28 08:00:00,3558,75.36225991666666,176.47127841666665,-1.89,88.0,13.3,43.5,282.0537481968334,993.61,234.0293001842495,5.919974761406164,233.07099368971245,0.0,0.0,0.0,0.0,2021,-0.957122802734375,13.584802627563477,0.0,-3.706390380859375,75.25,176.5,east_siberian
2021-08-28 09:00:00,3580,75.23859841666666,175.94375175,-1.99,90.0,11.5,21.2,285.018431760879,994.96,225.52141801792584,5.908123764465724,222.36902684158375,0.0,0.0,0.0,0.0,2021,-1.085540771484375,12.03586483001709,0.0,-3.062835693359375,75.25,176.0,east_siberian
2021-08-28 10:00:00,3573,75.13003699999999,175.579424,-1.5,92.4,12.1,23.5,309.9063062043831,995.22,239.0946651823154,2.4286933502320243,223.63972693870036,0.0,0.0,0.0,0.0,2021,-1.081634521484375,12.114299774169922,0.0,-3.049163818359375,75.25,175.5,east_siberian
2021-08-28 20:00:00,3552,74.89269308333334,173.230105,-1.1,94.8,13.7,27.3,290.6855042512245,995.11,314.7117659432608,2.5980864334476452,321.30878882191155,0.0,0.0,0.0,0.0,2021,-0.710540771484375,10.64127254486084,0.0,-3.329681396484375,75.0,173.25,east_siberian
2021-08-28 21:00:00,3565,74.95794383333333,173.05687300000002,-1.09,93.7,14.4,32.4,293.31153071495044,994.06,306.4225793127941,2.447941661887834,313.40833271791666,0.0002805049088359,0.0,0.0002805049088359,0.0,2021,-0.255706787109375,11.518784523010254,0.0,-1.759124755859375,75.0,173.0,east_siberian
2021-08-28 22:00:00,3567,75.003093,172.80635016666668,-0.88,92.4,14.2,32.0,299.33685684479315,993.68,300.5966483119171,2.4587247430186916,306.2552034759274,0.0,0.0,0.0,0.0,2021,-0.249847412109375,11.459064483642578,0.0,-1.774749755859375,75.0,172.75,east_siberian
2021-08-28 23:00:00,3568,75.0439375,172.54554000000002,-0.73,92.7,13.3,22.4,304.0260879463121,993.68,296.20373239096057,2.5167735766081267,298.3242922633923,0.0,0.0,0.0,0.0,2021,-0.243988037109375,11.400158882141113,0.0,-1.792327880859375,75.0,172.5,east_siberian
2021-08-29 00:00:00,3562,75.07239308333334,172.2685044166667,-0.64,92.7,12.3,23.7,311.051011048951,994.89,272.63579821576263,2.5697283103220694,268.70890945297276,0.0005614823133071,0.0,0.0002807411566535,0.0,2021,-0.226409912109375,11.320134162902832,0.0,-1.794281005859375,75.0,172.25,east_siberian
2021-08-29 01:00:00,3583,75.03430483333334,171.99230433333335,-0.64,92.1,11.6,24.2,318.72917359786595,996.95,229.61929426689977,2.710838389839588,221.97351663569617,0.0,0.0,0.0,0.0,2021,-0.195159912109375,11.214600563049316,0.0,-1.784515380859375,75.0,172.0,east_siberian
2021-08-29 02:00:00,3564,74.95908600000001,171.82372016666667,-0.53,87.0,11.1,21.0,323.72409565805503,997.44,207.83340274861257,2.663850111771671,201.29432459580772,0.0,0.0,0.0,0.0,2021,-0.226409912109375,11.049242973327637,0.0,-1.825531005859375,75.0,171.75,east_siberian
2021-08-29 03:00:00,3568,74.88282166666666,171.69755675,-0.57,87.2,10.0,19.1,316.77031699993694,998.19,218.0580292571124,2.562510100571273,208.54007220586837,0.0,0.0,0.0,0.0,2021,-0.201751708984375,8.15937328338623,0.0,-1.724945068359375,75.0,171.75,east_siberian
2021-08-29 05:00:00,3568,74.82100875,171.2582409166667,-0.61,89.3,9.1,18.3,315.4777113482433,998.56,277.76802651924334,2.105287552275978,275.0172542102135,0.0,0.0,0.0,0.0,2021,-0.106048583984375,8.411263465881348,0.0,-1.633148193359375,74.75,171.25,east_siberian
2021-08-29 06:00:00,3566,74.82232575,170.99558349999998,-0.57,89.6,8.5,17.4,316.22979845686547,999.16,265.7056105644151,2.2289340642039814,259.6147016886098,0.0,0.0,0.0,0.0,2021,-0.139251708984375,8.371894836425781,0.0,-1.691741943359375,74.75,171.0,east_siberian
2021-08-29 07:00:00,3547,74.80096950000001,170.73010416666668,-0.64,89.7,7.8,19.2,318.73045339150576,1000.1,256.9206978863551,2.253555060715205,250.8596149963693,0.0002819283901888,0.0,0.0,0.0,2021,-0.164642333984375,8.293217658996582,0.0,-1.736663818359375,74.75,170.75,east_siberian
2021-08-29 08:00:00,3553,74.79872566666667,170.4720393333333,-0.55,79.7,8.5,16.2,320.7186545587678,1000.14,291.2594828583883,2.436179330541991,292.00203711692757,0.0,0.0,0.0,0.0,2021,-0.190032958984375,8.21406078338623,0.0,-1.777679443359375,74.75,170.5,east_siberian
2021-08-29 09:00:00,3558,74.83549258333333,170.192964,-0.62,85.4,8.5,17.5,325.9830311939059,1000.48,297.02844396991946,2.5768918907112863,296.2911182259445,0.0,0.0,0.0,0.0,2021,-0.222991943359375,6.72581148147583,0.0,-1.630462646484375,74.75,170.25,east_siberian
2021-08-29 10:00:00,3560,74.87151958333334,169.907403,-0.87,90.1,8.1,17.6,327.6363223899082,1001.0,299.6957620313718,2.654629086466486,296.3658795277853,0.0,0.0,0.0,0.0,2021,-0.205413818359375,6.712004661560059,0.0,-1.601165771484375,74.75,170.0,east_siberian
2021-08-29 11:00:00,3549,74.89441416666666,169.61116883333332,-1.0,92.9,7.7,13.9,326.22330538894784,1002.32,259.04060131914105,2.709925570795179,251.2439778666082,0.0,0.0,0.0,0.0,2021,-0.170257568359375,6.350500583648682,0.0,-1.675384521484375,75.0,169.5,east_siberian
2021-08-29 12:00:00,3555,74.8397435,169.375793,-0.92,89.1,7.9,14.6,333.0619628963714,1003.03,234.8855352838263,2.686008635190672,226.2241850413115,0.0,0.0,0.0,0.0,2021,-0.170257568359375,6.554687023162842,0.0,-1.538665771484375,74.75,169.5,east_siberian
2021-08-29 13:00:00,3551,74.77854433333333,169.13365116666665,-0.87,83.9,7.7,15.3,327.6869700371152,1003.37,231.23920840026943,2.7261268021972493,225.98120001505987,0.0,0.0,0.0,0.0,2021,-0.146820068359375,6.466799259185791,0.0,-1.517181396484375,74.75,169.25,east_siberian
2021-08-29 14:00:00,3533,74.71749700000001,168.8911228333333,-0.87,80.5,7.5,12.7,331.52477480813155,1003.86,229.90998776875415,2.7096280437261058,226.11493775030152,0.0,0.0,0.0,0.0,2021,-0.121429443359375,6.377027988433838,0.0,-1.495697021484375,74.75,169.0,east_siberian
2021-08-29 15:00:00,3534,74.65814533333332,168.66531066666667,-0.97,83.85,6.6,13.2,332.7908710221549,1004.25,228.53542375916268,2.5581740360986296,225.05422883225,0.0,0.0,0.0,0.0,2021,-0.286224365234375,4.1263909339904785,0.0,-1.289154052734375,74.75,168.75,east_siberian
2021-08-29 16:00:00,3531,74.60115166666667,168.44494366666666,-0.99,82.9,5.9,13.1,325.6070499117375,1004.46,229.97865836648347,2.5246059449603,226.10923519515887,0.000566411781365,0.0,0.0002832058906825,0.0,2021,-0.381927490234375,4.115919589996338,0.0,-1.255950927734375,74.5,168.5,east_siberian
2021-08-29 17:00:00,3555,74.54322733333333,168.22027666666665,-0.92,85.9,5.5,10.1,310.61010267253397,1004.53,229.0586643341451,2.5430077929664905,225.4300729370436,0.0,0.0,0.0,0.0,2021,-0.391693115234375,4.00211238861084,0.0,-1.261810302734375,74.5,168.25,east_siberian
2021-08-29 18:00:00,3426,74.48670358333334,168.003292,-0.87,85.5,4.2,11.5,302.28843527999146,1004.83,228.94479453753831,2.5506039383225954,225.383133830793,0.0005837711617046,0.0,0.0002918855808523,0.0,2021,-0.399505615234375,3.8883321285247803,0.0,-1.265716552734375,74.5,168.0,east_siberian
2021-08-29 19:00:00,3552,74.4275265,167.77572300000003,-0.73,82.05,4.5,8.1,300.00354652303855,1004.91,232.54287008245785,2.662008350188351,228.20092592384384,0.0,0.0,0.0,0.0,2021,-0.370208740234375,3.7875566482543945,0.0,-1.232513427734375,74.5,167.75,east_siberian
2021-08-29 20:00:00,3559,74.37082783333334,167.52941916666666,-0.96,82.0,4.3,9.5,307.578635416062,1005.21,234.2215307372333,2.6704492448059516,229.59214932276873,0.0,0.0005619556055071,0.0,0.0,2021,-0.309661865234375,3.459228754043579,0.0,-0.994232177734375,74.25,167.5,east_siberian
2021-08-29 21:00:00,3557,74.3158435,167.2891221666667,-0.87,86.7,3.8,7.1,317.30401099307335,1005.62,233.8516644479241,2.648328672213442,229.8758787148673,0.0,0.0,0.0,0.0,2021,-0.427581787109375,2.2558672428131104,0.0,-0.941009521484375,74.25,167.25,east_siberian
2021-08-29 22:00:00,3554,74.26076433333333,167.04673008333333,-0.78,92.7,2.9,7.7,276.351976483426,1005.62,232.71159920392444,2.58865818888741,229.7695795616348,0.0,0.0,0.0,0.0,2021,-0.415863037109375,2.2539501190185547,0.0,-0.890228271484375,74.25,167.0,east_siberian
2021-08-29 23:00:00,3553,74.20875783333332,166.87760783333337,-0.71,95.2,3.1,8.7,251.73036483840923,1005.62,177.7388043782975,2.5132074863241924,178.07680905153168,0.0,0.0,0.0,0.0,2021,-0.415863037109375,2.2539501190185547,0.0,-0.890228271484375,74.25,167.0,east_siberian
2021-08-30 00:00:00,3567,74.14624783333333,167.03616950000003,-0.79,97.8,2.9,5.2,230.25500052955397,1005.66,135.67566291007049,2.6302115077783443,139.00369827066305,0.0,0.0,0.0,0.0,2021,-0.415863037109375,2.2539501190185547,0.0,-0.890228271484375,74.25,167.0,east_siberian
2021-08-30 01:00:00,3550,74.08250308333334,167.23947741666666,-0.64,98.6,4.3,8.1,266.3252260964191,1005.77,116.50998471199412,2.6276310991285023,119.45196224389352,0.0,0.0,0.0,0.0,2021,-0.277191162109375,2.60658597946167,0.0,-0.649993896484375,74.0,167.25,east_siberian
2021-08-30 02:00:00,3562,74.10308516666666,167.48618249999998,-0.51,97.9,3.6,5.9,267.6057904841805,1005.77,52.835712965406074,2.4644808968294956,52.942761544738765,0.0,0.0,0.0,0.0,2021,-0.288909912109375,2.5899598598480225,0.0,-0.675384521484375,74.0,167.5,east_siberian
2021-08-30 03:00:00,3550,74.15518666666667,167.71437425,-0.46,97.3,3.3,6.9,257.0989555808076,1005.81,52.48343740830472,2.5352758953944745,49.93609980389502,0.0,0.0,0.0,0.0,2021,-0.441253662109375,3.0596277713775635,0.0,-0.802337646484375,74.25,167.75,east_siberian
2021-08-30 04:00:00,3561,74.20703233333333,167.95673333333332,-0.25,95.6,3.8,5.9,252.1865169110064,1005.85,51.31404784253993,2.635055199713945,51.716134717566526,0.0,0.0,0.0,0.0,2021,-0.460784912109375,3.0706734657287598,0.0,-0.808197021484375,74.25,168.0,east_siberian
2021-08-30 05:00:00,3560,74.26147258333333,168.20047383333332,-0.48,97.2,3.5,5.8,259.94010042916454,1005.92,42.53282813226129,2.603526320735741,43.85941298662086,0.0,0.0,0.0,0.0,2021,-0.495941162109375,3.0692453384399414,0.0,-0.853118896484375,74.25,168.25,east_siberian
2021-08-30 06:00:00,3567,74.31926666666666,168.18226599999997,-0.65,98.0,4.0,9.0,287.48354607289843,1005.73,317.76728494476447,2.5725620284236252,319.912986166529,0.0,0.0,0.0,0.0,2021,-0.495941162109375,3.0692453384399414,0.0,-0.853118896484375,74.25,168.25,east_siberian
2021-08-30 09:00:00,3550,74.399802,167.5936368333333,-0.56,98.7,4.5,9.9,275.3773043693868,1006.33,182.9147544610048,2.6461508060110033,182.3335054739072,0.0,0.0,0.0,0.0,2021,-0.795257568359375,2.7057626247406006,0.0,-1.178314208984375,74.5,167.5,east_siberian
2021-08-30 10:00:00,3571,74.33457416666667,167.7392123333333,-0.83,98.6,5.7,9.1,264.333500319299,1006.56,142.10668140469204,2.5631816872509585,141.60258971720157,0.0,0.0,0.0,0.0,2021,-0.765960693359375,3.1531593799591064,0.0,-1.250579833984375,74.25,167.75,east_siberian
2021-08-30 11:00:00,3576,74.2696095,167.92830599999996,-1.26,98.1,5.9,11.3,261.465890491901,1006.71,141.97662071215453,2.5558832610769753,141.5932816867282,0.0,0.0,0.0,0.0,2021,-0.777679443359375,3.251573324203491,0.0,-1.260345458984375,74.25,168.0,east_siberian
2021-08-30 12:00:00,3567,74.2455785,168.1299536666667,-1.03,96.6,3.7,8.5,246.73100211885355,1006.86,55.99481914644109,2.585632124025133,59.30929615904551,0.0,0.0,0.0,0.0,2021,-0.793304443359375,3.3202779293060303,0.0,-1.287689208984375,74.25,168.25,east_siberian
2021-08-30 13:00:00,3564,74.30091766666666,168.3672515,-0.78,94.7,3.7,11.4,240.5396679578052,1006.9,48.72624641731606,2.6405882333654387,49.068785071751186,0.0,0.0,0.0,0.0,2021,-0.793304443359375,3.3202779293060303,0.0,-1.287689208984375,74.25,168.25,east_siberian
2021-08-30 14:00:00,3571,74.357426,168.60833599999998,-1.27,96.0,3.6,6.2,256.8925202914802,1006.86,45.86236724477411,2.673350539396326,46.64560980289225,0.0,0.0,0.0,0.0,2021,-0.801116943359375,3.368039846420288,0.0,-1.289642333984375,74.25,168.5,east_siberian
2021-08-30 15:00:00,3549,74.40698566666667,168.79181033333333,-1.12,95.3,3.2,7.0,261.8109003449741,1006.82,47.48648680668405,1.4121895918871188,47.649226694280344,0.0,0.0,0.0,0.0,2021,-0.894866943359375,1.6480566263198853,0.0,-1.168792724609375,74.5,168.75,east_siberian
2021-08-30 16:00:00,3556,74.43653799999998,168.91878508333332,-1.15,95.0,3.3,6.7,252.72240561665063,1006.82,31.493081449909745,2.678253094178755,54.280467078364744,0.0,0.0,0.0,0.0,2021,-0.896820068359375,1.732404351234436,0.0,-1.174652099609375,74.5,169.0,east_siberian
2021-08-30 17:00:00,3561,74.49364083333333,169.14993900000002,-0.48,91.0,3.5,9.5,242.1815041803715,1006.86,51.6958760275724,2.606273277782454,50.97895051230496,0.0,0.0,0.0,0.0,2021,-0.873382568359375,1.824931025505066,0.0,-1.174652099609375,74.5,169.25,east_siberian
2021-08-30 18:00:00,3579,74.48770416666666,169.3861275,-1.08,94.1,5.0,8.2,265.495130704452,1006.93,133.70170997662413,2.6735850702573143,130.98329556429775,0.0,0.0,0.0,0.0,2021,-0.857757568359375,1.9288935661315918,0.0,-1.178558349609375,74.5,169.5,east_siberian
2021-08-30 19:00:00,3308,74.43456575,169.6226353333333,-1.14,93.6,4.4,7.5,252.75482897500257,1007.16,130.33841009417543,2.637491617633917,130.10012872952737,0.0003022974607013,0.0,0.0,0.0,2021,-0.857757568359375,1.9288935661315918,0.0,-1.178558349609375,74.5,169.5,east_siberian
2021-08-30 20:00:00,3573,74.37758166666667,169.8736071666667,-1.19,92.2,4.0,6.3,256.65687401982757,1007.53,129.48348296271288,2.637967859355724,129.78552213555687,0.0,0.0,0.0,0.0,2021,-0.859710693359375,2.0486361980438232,0.0,-1.194183349609375,74.5,169.75,east_siberian
2021-08-30 21:00:00,3563,74.3230645,170.11616583333333,-1.23,89.7,3.6,6.4,262.0068893953371,1007.84,139.50098834043249,2.5728688546325547,138.56815119729666,0.0,0.0,0.0,0.0,2021,-0.856536865234375,2.172901153564453,0.0,-1.530364990234375,74.25,170.0,east_siberian
2021-08-30 22:00:00,3557,74.26539550000001,170.08330833333335,-1.27,92.9,4.2,9.4,299.3946309033543,1007.72,223.76440292296783,2.4829727051398036,220.54346317538855,0.0,0.0,0.0,0.0,2021,-0.856536865234375,2.172901153564453,0.0,-1.530364990234375,74.25,170.0,east_siberian
2021-08-30 23:00:00,3540,74.20409375,169.89122450000002,-1.27,93.4,3.6,7.0,306.702646688792,1008.17,222.93857056297423,2.522349881817324,220.43011473225985,0.0,0.0,0.0,0.0,2021,-0.856536865234375,2.172901153564453,0.0,-1.530364990234375,74.25,170.0,east_siberian
2021-08-31 00:00:00,3554,74.14085991666667,169.6951873333333,-1.19,91.5,3.5,6.5,323.9451937607135,1008.51,222.5454855976974,2.6122881121894577,220.4451655970755,0.0,0.0,0.0,0.0,2021,-0.866302490234375,2.1233959197998047,0.0,-1.553802490234375,74.25,169.75,east_siberian
2021-08-31 01:00:00,3559,74.0750155,169.49095433333332,-1.14,92.1,3.7,6.6,327.15348099297364,1008.85,222.21351760636625,2.6890560594271973,220.10703017981984,0.0005619556055071,0.0,0.0002809778027535,0.0,2021,-0.807708740234375,1.7732363939285278,0.0,-1.903411865234375,74.0,169.5,east_siberian
2021-08-31 02:00:00,3557,74.012244,169.2929253333333,-1.18,93.1,3.2,5.3,328.3286951486391,1009.11,222.7880264108639,2.591435251354744,221.4478435264498,0.0,0.0,0.0,0.0,2021,-0.790130615234375,1.690277338027954,0.0,-1.872161865234375,74.0,169.25,east_siberian
2021-08-31 03:00:00,3537,73.938928,169.0662378333333,-1.19,93.9,3.2,5.6,332.1122549223269,1009.22,214.29477579807,4.186616133461941,214.02065211482943,0.0,0.0,0.0,0.0,2021,-0.743499755859375,2.206481695175171,0.0,-1.472747802734375,74.0,169.0,east_siberian
2021-08-31 04:00:00,3535,73.83015416666667,169.095802,-1.1,93.2,2.4,4.1,319.1863149848874,1009.49,156.7477753810268,3.9881711280789407,158.79511105081707,0.0,0.0,0.0,0.0,2021,-0.645843505859375,1.9994598627090454,0.0,-1.638763427734375,73.75,169.0,east_siberian
2021-08-31 05:00:00,3519,73.76582333333334,169.18432833333335,-1.06,92.9,1.8,4.6,340.16491295475055,1009.67,109.65278337565016,2.602377026250765,111.32653410682244,0.0,0.0,0.0,0.0,2021,-0.624359130859375,1.9709900617599487,0.0,-1.677825927734375,73.75,169.25,east_siberian
2021-08-31 06:00:00,3521,73.7549795,169.48011850000003,-1.05,92.2,1.5,4.6,334.7403068083927,1010.01,91.93432234553,2.571187074204906,91.967396091517,0.0,0.0,0.0,0.0,2021,-0.600921630859375,1.9522042274475098,0.0,-1.712982177734375,73.75,169.5,east_siberian
2021-08-31 07:00:00,3549,73.75915466666667,169.7375,-1.06,93.3,1.6,2.6,314.59168600514056,1010.43,83.7639562635212,2.1282075491052477,83.29284516264553,0.0,0.0,0.0,0.0,2021,-0.577484130859375,1.9410090446472168,0.0,-1.746185302734375,73.75,169.75,east_siberian
2021-08-31 08:00:00,3543,73.78037483333333,170.01419883333335,-1.09,94.3,1.8,2.8,304.27915690665225,1010.69,71.72530272717071,2.6389229709033817,71.45579152464795,0.0,0.0,0.0,0.0,2021,-0.565765380859375,1.9284932613372803,0.0,-1.820404052734375,73.75,170.0,east_siberian
2021-08-31 09:00:00,3538,73.80859533333333,170.30095191666666,-1.09,93.9,2.2,3.9,301.31887413324654,1011.03,68.55933045723954,2.595069409370455,68.85145136976693,0.0,0.0,0.0,0.0,2021,-0.692474365234375,2.6719865798950195,0.0,-1.829193115234375,73.75,170.25,east_siberian
2021-08-31 10:00:00,3519,73.84867516666667,170.5695285,-0.98,93.5,2.0,7.3,353.0847027170146,1011.14,40.99609623550246,2.6967461428491726,41.93870094812109,0.0002841716396703,0.0,0.0002841716396703,0.0,2021,-0.708099365234375,2.6593990325927734,0.0,-1.838958740234375,73.75,170.5,east_siberian
2021-08-31 11:00:00,3543,73.92257216666667,170.67924533333334,-0.95,96.4,2.6,5.2,311.88262683479945,1011.33,22.727999694337345,2.359735752613646,24.211222816179095,0.0,0.0,0.0,0.0,2021,-0.710052490234375,2.7704684734344482,0.0,-1.708099365234375,74.0,170.75,east_siberian
2021-08-31 12:00:00,3562,73.97342866666668,170.86678691666668,-0.9,98.4,2.4,10.6,263.0885452861214,1011.4,46.87369810658812,2.4164811332834955,50.59504415972714,0.0,0.0,0.0,0.0,2021,-0.710052490234375,2.7704684734344482,0.0,-1.708099365234375,74.0,170.75,east_siberian
2021-08-31 13:00:00,3544,74.05689341666667,171.11494725,-0.98,98.8,2.1,10.5,25.999427848432575,1011.29,36.87149393239157,2.695673059351328,38.937641533852954,0.0,0.0,0.0,0.0,2021,-0.706146240234375,2.7192416191101074,0.0,-1.747161865234375,74.0,171.0,east_siberian
2021-08-31 14:00:00,3558,74.125443,171.28466133333336,-0.92,97.6,2.6,8.6,16.69215329436726,1011.4,21.17323869850993,2.563695267297133,20.965112444721647,0.0,0.0,0.0,0.0,2021,-0.678802490234375,2.862701892852783,0.0,-1.967864990234375,74.25,171.25,east_siberian
2021-08-31 15:00:00,3519,74.19634049999999,171.41881916666668,-1.37,96.5,1.4,6.7,53.44107566660373,1011.74,43.07406440085866,2.5854083092175575,41.79125938690358,0.0005683432793407,0.0,0.0002841716396703,0.0,2021,-0.835296630859375,1.9750947952270508,0.0,-2.062591552734375,74.25,171.5,east_siberian
2021-08-31 16:00:00,3532,74.25587791666666,171.64188083333332,-1.28,87.2,3.4,9.4,11.523637271244016,1011.85,44.8438954422101,2.585535733709859,47.104480955785306,0.0005662514156285,0.0,0.0002831257078142,0.0,2021,-0.872406005859375,1.854359745979309,0.0,-2.050872802734375,74.25,171.75,east_siberian
2021-08-31 17:00:00,3521,74.31241716666666,171.857637,-1.43,82.0,4.6,10.9,8.970649306486628,1011.93,46.68499187517349,2.5953337438035176,46.90570189638054,0.0005680204487361,0.0,0.000284010224368,0.0,2021,-0.872406005859375,1.854359745979309,0.0,-2.050872802734375,74.25,171.75,east_siberian
2021-08-31 18:00:00,3521,74.37282566666666,172.12470933333333,-1.32,81.4,2.5,31.6,13.976602666894156,1012.08,46.25006894064442,3.1334629994072847,45.907237868808,0.0005680204487361,0.0,0.000284010224368,0.0,2021,-0.901702880859375,1.7567129135131836,0.0,-2.046966552734375,74.25,172.0,east_siberian
2021-08-31 19:00:00,3538,74.45062558333333,172.36556725,-1.32,79.6,1.1,7.5,51.817468895102095,1012.38,42.036381313097266,3.1681182694235543,40.49607667385459,0.0,0.0,0.0,0.0,2021,-0.930999755859375,2.108712673187256,0.0,-2.082122802734375,74.5,172.25,east_siberian
2021-08-31 20:00:00,3539,74.526616,172.6469386666667,-1.23,84.3,2.4,6.6,234.5004724229921,1012.64,43.80911016337174,4.14069814784688,42.359098488570154,0.0,0.0,0.0,0.0,2021,-1.013031005859375,1.846974492073059,0.0,-2.074310302734375,74.5,172.75,east_siberian
2021-08-31 21:00:00,3542,74.61372233333333,172.91593975,-1.15,85.7,3.9,6.8,255.13080781368024,1012.71,43.188844033194464,3.0574896916804284,41.19199537942672,0.0,0.0,0.0,0.0,2021,-1.030609130859375,1.7446519136428833,0.0,-2.076263427734375,74.5,173.0,east_siberian
2021-08-31 22:00:00,3534,74.68945066666666,173.1668315,-1.14,87.1,5.0,7.8,263.36610915259746,1012.83,39.92424400529123,3.1277417214474066,40.94731659293097,0.0,0.0,0.0,0.0,2021,-1.032562255859375,2.3149564266204834,0.0,-2.123138427734375,74.75,173.25,east_siberian
2021-08-31 23:00:00,3539,74.76534916666667,173.41899066666664,-1.06,86.8,5.7,8.6,259.88907597004834,1012.87,34.854267929949536,3.07734536434395,37.18260759629266,0.0,0.0,0.0,0.0,2021,-1.044281005859375,2.1994454860687256,0.0,-2.128997802734375,74.75,173.5,east_siberian
2021-09-01 00:00:00,3526,74.85041225,173.561802,-1.0,86.0,4.7,9.1,240.5562636292075,1012.75,14.536552588625828,3.0330847865541357,16.807644632731584,0.0,0.0,0.0,0.0,2021,-0.381195068359375,5.656874179840088,0.0,-1.696136474609375,74.75,173.5,east_siberian
2021-09-01 01:00:00,3544,74.96297608333333,173.6576116666667,-0.97,88.4,6.4,11.3,241.2625568548046,1012.6,37.16172734414883,3.9429399295632224,38.1176046364006,0.0002821670428893,0.0002821670428893,0.0002821670428893,0.0,2021,-0.418304443359375,5.577948570251465,0.0,-1.713714599609375,75.0,173.75,east_siberian
2021-09-01 02:00:00,3544,75.00533933333334,174.10079016666668,-1.05,90.3,6.6,11.4,246.51563407575196,1012.53,84.985749531161,3.3507814071350013,71.4194759844764,0.0,0.0,0.0,0.0,2021,-0.437835693359375,5.733746528625488,0.0,-1.746917724609375,75.0,174.0,east_siberian
2021-09-01 03:00:00,3501,75.01134416666667,174.1790766666667,-1.02,93.4,6.9,11.2,252.19041793943433,1012.11,79.99711509304589,0.6098158910586444,74.39359153279196,0.0,0.0,0.0,0.0,2021,-0.369476318359375,4.806163311004639,0.0,-1.157806396484375,75.0,174.25,east_siberian
2021-09-01 04:00:00,3546,75.01575625,174.30678616666663,-1.0,95.7,8.5,15.4,219.44822310689895,1012.23,85.92348965212547,6.0882411307226985,84.10225511854743,0.0,0.0,0.0,0.0,2021,-0.369476318359375,4.806163311004639,0.0,-1.157806396484375,75.0,174.25,east_siberian
2021-09-01 05:00:00,3562,75.01766875,175.08788775,-1.02,95.7,10.7,15.9,192.0031630362656,1012.26,96.08415431274965,6.457461178950371,95.51211068001908,0.0,0.0,0.0,0.0,2021,-0.402679443359375,4.718386173248291,0.0,-1.179290771484375,75.0,175.0,east_siberian
2021-09-01 06:00:00,3545,74.9910095,175.88410016666663,-0.83,94.3,9.6,13.5,208.13798240590023,1012.38,92.80325297792662,6.498472855821399,91.43477012411996,0.0,0.0,0.0,0.0,2021,-0.449554443359375,4.699924945831299,0.0,-1.265228271484375,75.0,176.0,east_siberian
2021-09-01 07:00:00,3498,74.99156933333333,176.09445116666666,-0.8,96.5,7.3,13.3,268.3236579564726,1012.23,99.9979130805894,0.0030603178655953,61.185130337565525,0.0,0.0,0.0,0.0,2021,-0.449554443359375,4.699924945831299,0.0,-1.265228271484375,75.0,176.0,east_siberian
2021-09-01 08:00:00,3567,75.01602166666666,176.41119616666668,-0.92,97.1,7.2,12.5,196.63365401589417,1012.83,75.05195489519132,6.0749553791199755,73.95022020299805,0.0,0.0,0.0,0.0,2021,-0.494476318359375,4.76039981842041,0.0,-1.345306396484375,75.0,176.5,east_siberian
2021-09-01 09:00:00,3565,75.06585216666667,177.1398015,-1.0,95.4,6.7,9.4,196.53722028567947,1012.94,78.12651038305093,5.964121013780211,78.58535392950425,0.0,0.0,0.0,0.0,2021,-0.798187255859375,7.046353816986084,0.0,-1.790130615234375,75.0,177.25,east_siberian
2021-09-01 10:00:00,3557,75.07534266666667,177.8804818333333,-0.96,92.6,7.9,11.3,199.04176751671952,1013.05,87.59330830212915,5.962098513993717,87.58276718176272,0.0,0.0,0.0,0.0,2021,-0.905609130859375,6.87681245803833,0.0,-1.944427490234375,75.0,178.0,east_siberian
2021-09-01 11:00:00,3554,75.09157941666666,178.56692050000004,-1.11,92.1,7.3,11.7,203.51099015193003,1013.02,74.65607892939981,5.911676416938546,74.99488539011922,0.0,0.0,0.0,0.0,2021,-0.927093505859375,6.783322811126709,0.0,-2.014739990234375,75.0,178.5,east_siberian
2021-09-01 12:00:00,3529,75.10790033333333,179.22390099999998,-1.6,96.3,8.9,19.6,209.8469591884094,1013.05,124.04005566151528,5.890220700480489,122.74630773047066,0.0,0.0,0.0,0.0,2021,-0.919281005859375,6.519099235534668,0.0,-1.997161865234375,75.0,179.25,east_siberian
2021-09-01 13:00:00,3543,75.08467983333334,179.71045066666665,-1.83,98.5,4.9,10.8,191.81210817288553,1013.17,56.53993625511002,5.997265804733873,56.062187564998695,0.0,0.0,0.0,0.0,2021,-0.919281005859375,6.330624580383301,0.0,-1.967864990234375,75.0,179.75,east_siberian
2021-09-08 02:00:00,3416,74.973482,-160.5925108333333,-1.38,94.4,2.1,5.5,126.76247791331684,1007.31,248.3215537795449,0.0081992725962078,231.5410985144701,0.0,0.0,0.0,0.0,2021,-1.950286865234375,1.0477591753005981,0.24542236328125,-3.575531005859375,75.0,199.5,chukchi
2021-09-08 03:00:00,3403,74.97347466666666,-160.59252049999998,-1.47,94.6,2.4,3.9,110.24299204200156,1007.31,260.05030320920474,0.0032312514762276,177.6077489685145,0.0,0.0,0.0,0.0,2021,-2.611419677734375,3.316157341003418,0.24542236328125,-4.386810302734375,75.0,199.5,chukchi
2021-09-08 04:00:00,3416,74.97320016666666,-160.59224016666667,-1.03,92.9,2.3,4.8,127.12281703713916,1007.42,263.6783522055442,0.0022065304226838,277.1118782552972,0.0,0.0,0.0,0.0,2021,-2.611419677734375,3.316157341003418,0.24542236328125,-4.386810302734375,75.0,199.5,chukchi
2021-09-08 05:00:00,3567,74.97320583333334,-160.59156249999998,-1.25,92.4,2.6,5.5,122.3206573524716,1007.27,256.8721180040791,0.1041275724894791,99.23062083807218,0.000560695262125,0.0,0.0002803476310625,0.0,2021,-2.611419677734375,3.316157341003418,0.24542236328125,-4.386810302734375,75.0,199.5,chukchi
2021-09-08 06:00:00,3570,74.93217375,-160.85444591666666,-1.6,91.5,2.9,7.5,107.04666730545524,1007.38,240.76753610039344,4.535305116605817,241.4148327818735,0.0,0.0,0.0,0.0,2021,-2.576263427734375,3.307401180267334,0.18768310546875,-4.339935302734375,75.0,199.25,chukchi
2021-09-08 07:00:00,3565,74.87000966666666,-161.34775416666668,-1.75,91.4,3.8,5.4,95.14101459748964,1007.35,233.7048923736636,4.5870982382298875,237.08986339785417,0.0,0.0,0.0,0.0,2021,-2.414154052734375,5.1558332443237305,0.0,-4.175872802734375,74.75,198.75,chukchi
2021-09-08 08:00:00,3573,74.77428666666667,-161.76141416666667,-1.56,88.0,4.7,7.3,86.47524884430487,1007.35,242.1878570480256,4.679919136258023,243.8581404638049,0.0,0.0,0.0,0.0,2021,-2.330169677734375,5.203435897827148,0.0,-4.064544677734375,74.75,198.25,chukchi
2021-09-08 09:00:00,3565,74.7188435,-162.16851283333332,-1.47,87.9,4.7,11.6,70.71405200063487,1007.08,213.05665100568532,4.425091293476964,216.22042854652884,0.0,0.0,0.0,0.0,2021,-1.864105224609375,6.821173667907715,0.0,-3.709075927734375,74.75,197.75,chukchi
2021-09-08 10:00:00,3575,74.61385316666666,-162.485083,-1.34,88.1,6.2,9.9,85.57640677704742,1006.78,220.54815123936984,4.5376778680190295,227.9223046049851,0.0,0.0,0.0,0.0,2021,-1.373870849609375,7.9323201179504395,0.0,-3.144622802734375,74.5,197.5,chukchi
2021-09-08 11:00:00,3577,74.52424716666665,-162.91095366666664,-1.07,88.3,8.2,14.9,92.25885595968906,1006.3,225.99477720766112,4.5476221019560175,231.7192770012562,0.0,0.0,0.0,0.0,2021,-1.344573974609375,8.007635116577148,0.0,-3.154388427734375,74.5,197.0,chukchi
2021-09-08 12:00:00,3569,74.42978933333333,-163.3563215,-0.89,89.6,8.9,14.9,89.7269965022336,1005.92,228.626217518278,4.769071699193151,232.34357711665604,0.0,0.0,0.0,0.0,2021,-1.338714599609375,8.020650863647461,0.0,-3.166107177734375,74.5,196.75,chukchi
2021-09-08 13:00:00,3573,74.33738683333333,-163.7953298333333,1.62,84.1,10.1,15.9,86.46307450647255,1005.21,228.0979766844693,4.626360714933529,231.16042543117229,0.0,0.0,0.0,0.0,2021,-0.944183349609375,8.743345260620117,0.0,-2.656341552734375,74.25,196.25,chukchi
2021-09-08 14:00:00,3561,74.244244,-164.2277588333333,2.34,83.0,11.1,24.1,87.21449544796758,1004.38,241.49534176285312,4.6175960973454675,243.94187257178976,0.0005616399887672,0.0,0.0002808199943836,0.0,2021,-0.940277099609375,8.717606544494629,0.0,-2.689544677734375,74.25,195.75,chukchi
2021-09-08 15:00:00,3575,74.28808733333334,-164.58603050000002,-0.82,94.0,13.7,19.8,93.0080437285059,1003.59,326.55366367658326,4.4645202112031885,319.89624806270376,0.0,0.0,0.0,0.0,2021,-0.710052490234375,11.067319869995117,0.0,-1.818939208984375,74.25,195.5,chukchi
2021-09-08 16:00:00,4819,74.40606866666667,-164.95718983333336,37.51,83.9,5.0,19.1,128.93596445048215,1003.26,325.5376324890929,4.612810941031445,319.6948045437857,0.0,0.0,0.0,0.0,2021,-1.307708740234375,10.788512229919434,0.0,-2.570892333984375,74.5,195.0,chukchi
2021-09-08 17:00:00,5396,74.5103995,-165.09999825,37.51,83.9,4.8,5.2,145.69583707491736,1003.26,37.39412063723771,4.579940927681537,32.46294389708456,0.0,0.0,0.0,0.0,2021,-1.307708740234375,10.788512229919434,0.0,-2.570892333984375,74.5,195.0,chukchi
2021-09-08 18:00:00,5057,74.59935983333334,-164.67028883333333,37.51,83.9,4.8,18.8,144.20471245572202,1003.26,53.279473001640376,4.552091616152276,50.2397157353535,0.000395491398062,0.0,0.000197745699031,0.0,2021,-1.245208740234375,10.815328598022461,0.0,-2.490814208984375,74.5,195.25,chukchi
2021-09-08 20:00:00,3562,74.79516258333334,-163.85418850000002,-1.29,93.9,13.7,25.2,88.47428001914483,999.99,52.2552536670544,4.493486174931265,48.263778445556795,0.0,0.0,0.0,0.0,2021,-1.631927490234375,9.990460395812988,0.0,-2.932220458984375,74.75,196.25,chukchi
2021-09-08 21:00:00,3569,74.77864666666666,-163.490072,-1.29,96.1,12.0,29.2,79.43726696733549,1001.42,147.73588578650168,4.411029306411979,153.2502577184963,0.0,0.0,0.0,0.0,2021,-0.685150146484375,9.307710647583008,0.0,-1.477142333984375,74.75,196.5,chukchi
2021-09-08 22:00:00,3564,74.67102075,-163.68884116666666,1.11,88.7,12.2,19.9,92.83703914644182,1000.93,225.80250030685792,4.896331217720727,231.31064823172,0.0,0.0,0.0,0.0,2021,-0.720306396484375,9.480073928833008,0.0,-1.522064208984375,74.75,196.25,chukchi
2021-09-09 00:00:00,3577,74.46735283333334,-164.6128868333333,-0.47,97.7,10.7,17.8,94.17176542141289,1000.07,226.740289825268,4.941398420079984,231.10157474710343,0.0,0.0,0.0,0.0,2021,-0.362884521484375,9.257305145263672,0.0,-1.096282958984375,74.5,195.5,chukchi
2021-09-09 01:00:00,3577,74.3678455,-165.07566516666665,-0.15,98.7,9.9,19.7,102.60873811621724,1001.15,205.44822660884347,4.890633203054291,209.66881250036465,0.0,0.0,0.0,0.0,2021,-0.046478271484375,9.16086483001709,0.0,-0.654876708984375,74.25,195.0,chukchi
2021-09-09 02:00:00,3560,74.18763875,-165.11319716666668,0.21,99.0,16.4,23.0,161.70559905269195,1001.75,178.4031830695999,6.370141155577245,179.77579723247024,0.0,0.0,0.0,0.0,2021,-0.046478271484375,9.16086483001709,0.0,-0.654876708984375,74.25,195.0,chukchi
2021-09-09 03:00:00,3572,73.98414041666666,-165.21554866666668,0.13,99.1,17.5,27.0,180.4859105675528,1000.55,191.7811595881516,6.465204183615266,194.2716491509781,0.0,0.0,0.0,0.0,2021,0.455474853515625,3.162935733795166,0.0,0.082672119140625,74.0,194.75,chukchi
2021-09-09 04:00:00,3560,73.77936558333334,-165.33178166666667,-0.05,99.2,18.0,26.1,191.0870016291707,999.2,189.11382936088933,6.31989791974892,191.2705487843988,0.0,0.0,0.0,0.0,2021,0.494537353515625,4.474026203155518,0.0,0.180328369140625,73.75,194.75,chukchi
2021-09-09 05:00:00,3584,73.62526500000001,-165.51641891666665,-0.5,99.2,16.1,28.5,208.1429487704043,996.95,187.5889320829816,5.750429989068939,192.2737239767279,0.0,0.0,0.0,0.0,2021,0.312896728515625,3.3672537803649902,0.0,0.000640869140625,73.75,194.5,chukchi
2021-09-09 06:00:00,3064,73.47401099999999,-165.28380299999998,-0.73,99.3,14.5,20.2,192.21318543731985,995.56,124.31900234586186,6.28604101300763,127.2291446998968,0.0006527415143603,0.0,0.0003263707571801,0.0,2021,0.392974853515625,5.897062301635742,0.0,0.067047119140625,73.5,194.75,chukchi
2021-09-09 07:00:00,3570,73.39005700000001,-164.98126299999998,-0.76,99.3,8.1,21.3,238.35756622199384,995.67,165.26985023377438,4.289345847074888,166.31305201827124,0.0,0.0,0.0,0.0,2021,0.459381103515625,6.887932300567627,0.0,0.125640869140625,73.5,195.0,chukchi
2021-09-09 08:00:00,3580,73.22749783333333,-164.77514375,-0.87,99.3,14.7,22.5,201.70892175875144,995.15,150.56307628852213,6.439402358080722,149.64980226304513,0.0,0.0,0.0,0.0,2021,0.617584228515625,8.734619140625,0.0,0.096343994140625,73.25,195.25,chukchi
2021-09-09 09:00:00,3575,73.04680183333333,-164.65322033333334,-0.9,99.3,15.6,26.6,219.4994807626672,995.3,190.61071048330265,6.093563817470112,190.1263620047178,0.0,0.0,0.0,0.0,2021,0.502593994140625,5.096553802490234,0.0,-0.082611083984375,73.0,195.25,chukchi
2021-09-09 10:00:00,3568,72.87483083333333,-164.87710758333333,-0.98,99.3,15.2,25.3,218.90634910162905,995.0,197.53347491694385,6.4149492151300835,197.3185544988074,0.0002802690582959,0.0,0.0002802690582959,0.0,2021,0.680328369140625,4.8495073318481445,0.0,0.003326416015625,72.75,195.0,chukchi
2021-09-09 11:00:00,3557,72.66664433333334,-165.01402833333336,-0.78,99.3,12.7,19.8,219.38646638091447,995.37,193.10328222041665,6.518880174630973,192.67168159548564,0.0,0.0,0.0,0.0,2021,0.680328369140625,4.8495073318481445,0.0,0.003326416015625,72.75,195.0,chukchi
2021-09-09 12:00:00,3571,72.460004,-165.16997383333333,0.13,99.4,12.6,21.1,216.07278852444264,998.6,193.02010608900343,6.457651131927043,192.39625087382748,0.0,0.0,0.0,0.0,2021,0.889312744140625,5.037572860717773,0.0,0.032623291015625,72.5,194.75,chukchi
2021-09-09 13:00:00,3308,72.2647055,-165.3102695,0.69,99.4,13.9,21.5,211.6233456783592,1000.7,193.0109462024466,6.415100893604057,192.03334820734548,0.0006045949214026,0.0,0.0003022974607013,0.0,2021,0.983062744140625,5.530142784118652,0.0,-0.111907958984375,72.25,194.75,chukchi
2021-09-09 14:00:00,3553,72.05680133333334,-165.45334433333332,0.41,99.2,15.6,25.1,204.37758107279728,999.88,193.0050093440495,6.351117753916512,191.94072209890777,0.0,0.0,0.0,0.0,2021,1.110015869140625,5.866334438323975,0.0,-0.316986083984375,72.0,194.5,chukchi
2021-09-09 15:00:00,3561,71.85600116666666,-165.59088049999997,0.27,97.3,14.2,21.1,203.98239396142063,999.01,192.99629310996,6.396098723945794,191.85798217381935,0.0,0.0,0.0,0.0,2021,0.773345947265625,1.3798936605453491,0.0,-0.540863037109375,71.75,194.5,chukchi
2021-09-09 16:00:00,3572,71.65193300000001,-165.7240375833333,-0.05,95.5,13.0,22.7,203.70610706389775,998.23,193.02488771936524,6.436595298642753,191.56611037358675,0.0,0.0,0.0,0.0,2021,0.960845947265625,1.1909153461456299,0.0,-0.554534912109375,71.75,194.25,chukchi
2021-09-09 17:00:00,3563,71.44705883333333,-165.85832283333335,-0.09,95.8,13.5,21.7,197.48332352148785,998.41,192.9996069386513,6.447433191859925,191.96868569223963,0.0,0.0,0.0,0.0,2021,0.976470947265625,1.1577702760696411,0.0,-1.243988037109375,71.5,194.25,chukchi
2021-09-09 18:00:00,3575,71.24281233333333,-165.99430650000002,-0.07,96.8,12.6,18.2,197.07526563943836,998.75,193.0194124673443,6.475161361309718,191.71008761803287,0.0,0.0,0.0,0.0,2021,1.226470947265625,0.6143746376037598,0.0,-1.259613037109375,71.25,194.0,chukchi
2021-09-09 19:00:00,3559,71.03746716666666,-166.125017,0.27,97.4,12.1,18.8,191.20832208226497,999.95,193.0119696732545,6.495172674048449,191.71186954902507,0.0,0.0,0.0,0.0,2021,1.628814697265625,0.5667897462844849,0.0,-0.984222412109375,71.0,193.75,chukchi
2021-09-09 20:00:00,3576,70.83135083333333,-166.25476341666666,0.65,96.9,11.8,18.2,192.25953351491947,1002.17,193.03243858384985,6.487091923887334,191.46353036024797,0.0,0.0,0.0,0.0,2021,2.255767822265625,1.5651369094848633,0.0,-0.277191162109375,70.75,193.75,chukchi
2021-09-09 21:00:00,3573,70.62584933333332,-166.3821445,1.18,96.0,10.9,17.1,187.2966983706087,1005.17,192.99513008402488,6.44104179347369,191.7855506571812,0.0,0.0,0.0,0.0,2021,2.199127197265625,4.128280162811279,0.0,-0.307220458984375,70.75,193.5,chukchi
2021-09-09 22:00:00,3562,70.42086024999999,-166.51175283333333,1.5,93.9,10.9,16.7,182.69900123420192,1008.36,192.9972488244763,6.522742524022871,192.33865353906748,0.0,0.0,0.0,0.0,2021,2.927642822265625,4.848962306976318,0.0,0.393951416015625,70.5,193.5,chukchi
2021-09-09 23:00:00,3563,70.21451733333333,-166.6491161666667,2.0,95.9,9.4,14.0,178.37451358052036,1008.21,192.9967999259173,6.47477811494221,192.8840052067447,0.0,0.0,0.0,0.0,2021,3.468658447265625,5.397257328033447,0.0,1.065826416015625,70.25,193.25,chukchi
2021-09-10 00:00:00,3532,70.01190133333333,-166.79071208333335,2.58,93.9,8.8,14.6,166.56310534160417,1007.76,193.00137283563288,6.5043366524000525,193.56105177600855,0.0,0.0002831257078142,0.0002831257078142,0.0,2021,4.189361572265625,6.279333114624023,0.0,1.899810791015625,70.0,193.25,chukchi
2021-09-10 01:00:00,3337,69.8067195,-166.935817,3.11,95.8,8.0,11.7,164.52717097575106,1007.27,193.0086004564691,6.54652029710711,193.73806961125777,0.0,0.0,0.0,0.0,2021,4.736236572265625,7.114066123962402,0.0,2.515045166015625,69.75,193.0,chukchi
2021-09-10 02:00:00,3120,69.60992708333333,-167.07396849999998,3.62,97.0,8.3,12.8,161.22926888403376,1006.86,192.98397408018965,6.454885451831062,193.39308630494975,0.0003205128205128,0.0,0.0,0.0,2021,5.308502197265625,7.9513258934021,0.0,3.188873291015625,69.5,193.0,chukchi
2021-09-10 03:00:00,3237,69.40308766666666,-167.214226,4.26,96.8,8.1,13.2,158.99329739921814,1006.18,193.02879258469216,6.430285085192807,193.55062223244624,0.0,0.0,0.0,0.0,2021,4.840240478515625,9.47008991241455,0.0,3.673248291015625,69.5,192.75,chukchi
2021-09-10 04:00:00,3328,69.1989075,-167.35731466666664,4.62,96.7,8.5,13.9,158.42500220707467,1005.62,192.6796169144677,6.484716104059159,193.6955491480396,0.0,0.0,0.0,0.0,2021,5.269927978515625,9.67341423034668,0.0,4.372467041015625,69.25,192.75,chukchi
2021-09-10 05:00:00,3351,68.99426266666666,-167.47626533333332,4.82,97.4,8.9,13.7,152.80122378950696,1004.79,188.39936576286723,6.497493585852522,189.22187216037463,0.0,0.0,0.0,0.0,2021,5.746490478515625,10.502362251281738,0.0,4.821685791015625,69.0,192.5,chukchi
2021-09-10 06:00:00,3278,68.78510408333332,-167.558631,5.08,98.1,9.3,17.8,147.201897644133,1004.16,186.73233222830075,6.5361988765729535,187.9431239062363,0.0,0.0,0.0,0.0,2021,6.449615478515625,10.585981369018555,0.0,5.331451416015625,68.75,192.5,chukchi
2021-09-10 07:00:00,3355,68.5761135,-167.63879533333335,5.16,98.3,10.5,17.1,137.36033178871304,1003.29,186.68631184400496,6.461060099364436,188.0890604325387,0.0,0.0,0.0,0.0,2021,6.723052978515625,10.073442459106445,0.0,5.786529541015625,68.5,192.25,chukchi
2021-09-10 08:00:00,3298,68.37037316666667,-167.71698875,5.57,98.6,9.6,15.3,136.0777098335996,1002.73,185.73168258182972,6.4144106025583465,187.77716083494684,0.0,0.0,0.0,0.0,2021,7.244537353515625,9.557391166687012,0.0,6.171295166015625,68.25,192.25,chukchi
2021-09-10 09:00:00,3319,68.16547666666666,-167.7940896666667,6.29,96.8,8.4,13.5,136.00470640816576,1002.02,185.6006351674483,6.432966480191596,188.59013659367773,0.0,0.0,0.0,0.0,2021,6.600250244140625,8.79892635345459,0.0,5.653961181640625,68.25,192.25,chukchi
2021-09-10 10:00:00,3219,67.95785783333334,-167.87655433333336,6.79,94.1,8.1,10.4,144.82852261752095,1001.34,186.02009931159037,6.459601245765534,187.20113567830572,0.0,0.0,0.0,0.0,2021,6.486968994140625,8.203102111816406,0.0,5.505523681640625,68.0,192.0,chukchi
2021-09-10 11:00:00,3293,67.74734,-167.9383983333333,6.91,92.7,9.0,13.0,160.01748422540643,1000.89,188.14000412274,6.501957314381951,187.837084255459,0.0,0.0,0.0,0.0,2021,6.543609619140625,7.502472877502441,0.0,5.417633056640625,67.75,192.0,chukchi
2021-09-10 12:00:00,3333,67.541056,-168.02767649999998,6.5,93.8,7.3,12.3,170.62682933330424,1000.4,189.24559381991577,6.514738480751833,188.03393750758127,0.0,0.0,0.0,0.0,2021,6.828765869140625,6.847743511199951,0.0,5.482086181640625,67.5,192.0,chukchi
2021-09-10 13:00:00,3239,67.33116583333334,-168.1015435,6.89,94.5,7.4,9.5,163.4629585657906,999.31,188.98181514306333,6.568234630596602,188.72948427117143,0.0,0.0,0.0,0.0,2021,7.412750244140625,6.303147315979004,0.0,5.987945556640625,67.25,192.0,chukchi
2021-09-10 14:00:00,3303,67.12427766666666,-168.18613150000002,7.16,94.2,7.6,11.1,163.33929531210464,998.3,187.83064517226777,6.528726199986129,187.49710879269531,0.0,0.0,0.0,0.0,2021,7.721343994140625,5.927370548248291,0.0,6.403961181640625,67.0,191.75,chukchi
2021-09-10 15:00:00,3313,66.91331149999999,-168.24939183333336,8.03,94.1,8.7,12.5,160.2643678885682,997.4,187.72376447688632,6.57810595063266,187.4086145268219,0.0,0.0,0.0,0.0,2021,7.931549072265625,6.956427574157715,0.0,6.702056884765625,67.0,191.75,chukchi
2021-09-10 16:00:00,3329,66.70377666666667,-168.3206733333333,8.14,94.9,10.4,14.3,155.3276907838323,996.54,187.59428878218696,6.511910806099759,188.15651623413265,0.0,0.0,0.0,0.0,2021,8.136627197265625,6.917994976043701,0.0,7.114166259765625,66.75,191.75,chukchi
2021-09-10 17:00:00,3193,66.49423083333333,-168.39811899999998,8.19,96.9,10.2,14.2,155.48437735756744,995.64,186.0317034702682,6.4004355444310885,187.74343124166688,0.0,0.0,0.0,0.0,2021,8.244049072265625,6.655902862548828,0.0,7.368072509765625,66.5,191.5,chukchi
2021-09-10 18:00:00,3295,66.2929385,-168.43021000000002,8.31,98.1,10.7,17.6,149.9200296981884,994.62,178.36145443294313,6.12771551864054,178.746567805839,0.0,0.0,0.0,0.0,2021,8.111236572265625,6.469997406005859,0.0,7.389556884765625,66.25,191.5,chukchi
2021-09-10 19:00:00,3198,66.10146691666667,-168.41791716666663,8.64,97.9,11.7,16.3,149.40994500995518,993.76,179.62145033953072,6.068302961192863,179.8315023152383,0.0006253908692933,0.0,0.0003126954346466,0.0,2021,8.208892822265625,6.250390529632568,0.0,7.170806884765625,66.0,191.5,chukchi
2021-09-10 20:00:00,3427,65.89891283333333,-168.4171353333333,8.51,98.1,11.5,16.0,148.61963636844544,992.78,180.36872325780857,6.042072679205834,179.76861520035985,0.0,0.0,0.0,0.0,2021,8.208892822265625,6.250390529632568,0.0,7.170806884765625,66.0,191.5,chukchi
2021-09-10 21:00:00,3493,65.71300033333334,-168.4205463333333,8.41,98.0,12.4,19.9,151.62633831376948,992.0,181.01107897356988,5.562338698588794,182.41902235112912,0.0,0.0,0.0,0.0,2021,9.008209228515625,5.3895063400268555,0.0,7.391998291015625,65.75,191.5,chukchi
2021-09-10 22:00:00,3480,65.52593775,-168.43302741666668,8.42,97.4,13.9,22.2,167.97346816451818,991.36,176.8541355199065,5.742965897314517,178.6322548142632,0.0,0.0,0.0,0.0,2021,8.670318603515625,5.582612037658691,0.0,7.020904541015625,65.5,191.5,chukchi
2021-09-10 23:00:00,3457,65.34016849999999,-168.41581066666666,8.42,97.6,17.6,29.5,166.0448353799206,990.42,178.26121135095502,6.2674806574893545,178.81782700852605,0.0,0.0,0.0,0.0,2021,7.664459228515625,5.389451503753662,0.0,6.643951416015625,65.25,191.5,chukchi
2021-09-11 00:00:00,3484,65.13925408333333,-168.41556500000002,8.0,97.0,17.8,27.5,177.5997941017383,989.67,180.14295074911473,5.704936192196178,180.03211889423335,0.0,0.0,0.0,0.0,2021,7.664459228515625,5.389451503753662,0.0,6.643951416015625,65.25,191.5,chukchi
2022-07-23 07:00:00,3598,65.14284375,-168.64598124999998,7.26,95.4,4.25,16.2,346.93291449114776,1002.13,340.42302793874717,6.572232190996742,326.9664645476782,0.0,0.0,0.0,0.0,2022,7.279693603515625,5.962036609649658,0.0,5.541900634765625,65.25,191.25,chukchi
2022-07-23 08:00:00,3595,65.173486,-168.69068,6.93,94.8,8.1,15.0,16.628359815894274,1002.51,11.337409654904391,0.0040153206629597,132.5012447613429,0.0,0.0,0.0,0.0,2022,7.279693603515625,5.962036609649658,0.0,5.541900634765625,65.25,191.25,chukchi
2022-07-23 09:00:00,3598,65.1734555,-168.6908085833333,7.3,94.6,6.7,16.2,44.98226013205512,1003.11,332.0226791027042,0.0062936097125262,243.0805317018848,0.0,0.0,0.0,0.0,2022,7.346343994140625,5.547457218170166,0.0,5.594879150390625,65.25,191.25,chukchi
2022-07-23 10:00:00,3598,65.17336216666666,-168.69093933333335,7.97,88.5,5.9,11.4,93.4986440812104,1003.59,277.980390189103,0.0092301187904186,103.36565593403937,0.0,0.0,0.0,0.0,2022,7.346343994140625,5.547457218170166,0.0,5.594879150390625,65.25,191.25,chukchi
2022-07-23 11:00:00,3598,65.17347183333332,-168.690633,7.49,90.5,5.0,8.4,84.66799835545736,1003.74,31.667343145848047,0.0038257955682787,255.56803861107153,0.0,0.0,0.0,0.0,2022,7.346343994140625,5.547457218170166,0.0,5.594879150390625,65.25,191.25,chukchi
2022-07-23 12:00:00,3595,65.17494983333333,-168.6886031666667,7.22,89.0,4.1,13.1,67.08695547835954,1003.86,32.70999463794556,0.0100200126133958,30.345054491771627,0.0,0.0,0.0,0.0,2022,7.346343994140625,5.547457218170166,0.0,5.594879150390625,65.25,191.25,chukchi
2022-07-23 13:00:00,3595,65.29848766666667,-168.47949583333332,7.48,89.1,10.7,20.4,105.34871113194156,1003.22,30.752506317053385,6.598192781598164,25.918590631798388,0.0,0.0,0.0,0.0,2022,7.631500244140625,5.149636745452881,0.0,5.741363525390625,65.25,191.5,chukchi
2022-07-23 14:00:00,3594,65.51211641666666,-168.41727758333334,7.66,85.8,8.2,15.8,73.48575564517878,1003.48,5.598773905877672,7.062902500835725,0.2318676949187393,0.0,0.0,0.0,0.0,2022,8.166656494140625,5.429717540740967,0.0,6.073394775390625,65.5,191.5,chukchi
2022-07-23 15:00:00,3588,65.74382374999999,-168.41579708333336,8.44,86.5,7.6,19.5,65.73423668114941,1003.82,1.458082679043602,7.231700638464667,359.9904354100442,0.0002787068004459,0.0,0.0,0.0,2022,7.698150634765625,4.90318489074707,0.0,6.188385009765625,65.75,191.5,chukchi
2022-07-23 16:00:00,3598,65.97487824999999,-168.41823616666667,8.26,94.9,7.6,14.8,66.7131399831729,1004.27,0.752755273335429,6.985528826963309,359.62800597584214,0.0,0.0,0.0,0.0,2022,7.633697509765625,5.09821891784668,0.0,6.536041259765625,66.0,191.5,chukchi
2022-07-23 17:00:00,3596,66.20063041666666,-168.41694483333333,8.31,93.5,8.9,18.7,59.230039685813054,1004.34,2.2812527888996543,6.868777008094377,0.1648958192595665,0.0,0.0,0.0,0.0,2022,7.455963134765625,5.130964756011963,0.0,6.579010009765625,66.25,191.5,chukchi
2022-07-23 18:00:00,3595,66.42072266666668,-168.41705583333334,8.21,91.9,8.8,19.8,53.53796892794155,1004.87,357.588138151478,6.746264356721581,354.7767051092011,0.0,0.0,0.0,0.0,2022,7.166900634765625,5.476265907287598,0.0,6.342681884765625,66.5,191.5,chukchi
2022-07-23 19:00:00,3598,66.60820716666667,-168.64225066666668,5.9,97.4,6.9,18.0,24.974035164477705,1005.77,345.6572027712706,6.71029412678545,323.51976611634313,0.0,0.0,0.0,0.0,2022,6.791900634765625,6.18005895614624,0.0,6.084869384765625,66.5,191.25,chukchi
2022-07-23 20:00:00,3595,66.629809,-168.6874515,6.12,98.3,5.8,12.8,39.63074885269888,1007.16,122.02085648937596,0.0058737347928487,185.4753426945553,0.0,0.0,0.0,0.0,2022,6.387603759765625,5.999678134918213,0.0,5.768463134765625,66.75,191.25,chukchi
2022-07-23 21:00:00,3593,66.636048,-168.689891,6.17,98.6,8.8,23.5,37.38284975563771,1006.03,36.45620735205073,5.764881749837942,350.7001229577022,0.0,0.0,0.0,0.0,2022,7.360748291015625,4.95993185043335,0.0,6.257232666015625,66.75,191.25,chukchi
2022-07-23 22:00:00,3595,66.85053516666667,-168.7452586666667,5.8,98.7,8.9,19.5,43.97680314493658,1006.33,356.7996004789996,6.628554853485874,354.38975720060023,0.0,0.0,0.0,0.0,2022,7.360748291015625,4.95993185043335,0.0,6.257232666015625,66.75,191.25,chukchi
2022-07-23 23:00:00,3595,67.06417833333333,-168.79749883333335,5.35,98.8,8.1,19.5,40.760620150512835,1006.9,353.89287937347945,6.613923040444265,353.640688670394,0.0,0.0,0.0,0.0,2022,6.347076416015625,4.7485222816467285,0.0,5.563873291015625,67.0,191.25,chukchi
2022-07-24 00:00:00,3595,67.27646866666667,-168.854454,4.68,98.8,8.2,18.4,42.46293860369548,1007.08,355.00351003535894,6.608410586862889,354.41271243143393,0.0,0.0,0.0,0.0,2022,5.511138916015625,4.460286617279053,0.0,4.809967041015625,67.25,191.25,chukchi
2022-07-24 01:00:00,3597,67.489248,-168.91162216666666,4.29,98.8,7.1,13.9,48.75501268120499,1007.69,355.714414628382,6.602273231887244,354.0668599569284,0.0,0.0,0.0,0.0,2022,4.854888916015625,4.355258941650391,0.0,4.225982666015625,67.5,191.0,chukchi
2022-07-24 02:00:00,3593,67.66997833333333,-168.95996433333335,3.8,98.9,6.6,12.8,27.4522919757182,1008.74,19.78502633676655,0.0235469040741288,2.1028102716105432,0.0,0.0005566379070414,0.0,0.0,2022,4.888092041015625,4.031974792480469,0.0,4.218170166015625,67.75,191.0,chukchi
2022-07-24 03:00:00,3596,67.6699595,-168.96017949999998,3.8,98.9,5.2,9.2,12.810919010755864,1008.77,348.01270616491456,0.0053895902619421,267.0535842224833,0.0,0.0,0.0,0.0,2022,4.900299072265625,4.672235012054443,0.0,4.290679931640625,67.75,191.0,chukchi
2022-07-24 04:00:00,3594,67.66995816666666,-168.96017999999998,3.83,99.0,3.8,7.3,23.94139448879407,1009.0,321.545633810211,0.0041800779359809,317.25639638488514,0.0,0.0,0.0,0.0,2022,4.900299072265625,4.672235012054443,0.0,4.290679931640625,67.75,191.0,chukchi
2022-07-24 05:00:00,3597,67.66995066666667,-168.96018216666664,4.43,99.0,3.3,6.3,6.884931036796081,1009.0,320.18040031364643,0.0034298969248281,235.41316726000736,0.0,0.0,0.0,0.0,2022,4.900299072265625,4.672235012054443,0.0,4.290679931640625,67.75,191.0,chukchi
2022-07-24 06:00:00,3595,67.66996583333334,-168.96018249999997,4.52,99.0,3.9,6.7,2.8566773312557916,1008.92,327.44048666747074,0.0079028680523276,309.98858928056063,0.0,0.0,0.0,0.0,2022,4.900299072265625,4.672235012054443,0.0,4.290679931640625,67.75,191.0,chukchi
2022-07-24 07:00:00,3290,67.73612908333334,-168.75359350000002,4.35,99.1,5.1,18.1,58.97667223385114,1008.47,53.53319204765058,4.154245640980849,58.07878274383892,0.0003039513677811,0.0,0.0003039513677811,0.0,2022,5.089752197265625,4.538639545440674,0.0,4.448883056640625,67.75,191.25,chukchi
2022-07-24 08:00:00,3598,67.78302833333333,-168.60202366666667,5.44,99.1,5.2,14.7,44.26718614143381,1008.89,40.86968726932431,0.0109797546781931,65.00712380115714,0.0,0.0,0.0,0.0,2022,5.294830322265625,4.383933067321777,0.0,4.616851806640625,67.75,191.5,chukchi
2022-07-24 09:00:00,3598,67.78303,-168.60114241666668,5.11,99.1,6.3,22.9,51.07864182938386,1008.89,37.725979189388,0.0883931377818626,53.17121265484865,0.0,0.0,0.0,0.0,2022,5.511138916015625,4.962684631347656,0.0,4.939605712890625,67.75,191.5,chukchi
2022-07-24 10:00:00,3594,67.89785733333333,-168.23573075000002,4.91,99.2,8.3,23.1,55.82686439523999,1008.55,50.303146018190986,0.3687096202406052,44.11556630970016,0.0,0.0,0.0,0.0,2022,6.018951416015625,5.5185699462890625,0.0,5.283355712890625,68.0,191.75,chukchi
2022-07-24 11:00:00,3590,67.91951933333334,-168.16910099999998,4.97,99.2,10.3,22.6,67.22351987373257,1007.31,42.043783862779534,6.199916949490674,54.78400591416777,0.0,0.0,0.0,0.0,2022,6.018951416015625,5.5185699462890625,0.0,5.283355712890625,68.0,191.75,chukchi
2022-07-24 12:00:00,3593,68.013072,-167.86693683333337,5.57,99.2,7.1,24.7,37.75382738221171,1008.44,47.20458495651019,0.0137454254287259,39.024457287275645,0.0,0.0,0.0,0.0,2022,6.811920166015625,5.078092098236084,0.0,6.013824462890625,68.0,192.25,chukchi
2022-07-24 13:00:00,3238,68.01307416666667,-167.86690933333333,5.6,99.2,7.6,19.6,34.13564093640098,1008.36,49.119249266217885,0.0149828778752609,51.33994717474788,0.0003088326127239,0.0,0.0003088326127239,0.0,2022,6.811920166015625,5.078092098236084,0.0,6.013824462890625,68.0,192.25,chukchi
2022-07-24 14:00:00,3591,68.10494033333333,-167.57014600000002,5.93,99.3,9.5,23.3,66.99258340689005,1006.9,70.31875750586829,6.23305999818476,54.43119668381192,0.0,0.0,0.0,0.0,2022,7.261138916015625,4.786883354187012,0.0,6.377105712890625,68.0,192.5,chukchi
2022-07-24 15:00:00,3591,68.12806166666665,-167.49497183333332,5.64,99.2,6.5,18.7,34.53832270901694,1007.84,68.2172600603709,0.0275677726169046,38.940494650109336,0.0005569479253689,0.0,0.0002784739626844,0.0,2022,6.930572509765625,5.761296272277832,0.0,5.934234619140625,68.25,192.5,chukchi
2022-07-24 16:00:00,3599,68.2234615,-167.18341599999997,7.03,99.3,7.9,17.3,70.10113050811972,1006.86,47.86764436803765,6.377283888159752,60.085290808525365,0.0,0.0,0.0,0.0,2022,7.313385009765625,5.451152324676514,0.0,6.188140869140625,68.25,192.75,chukchi
2022-07-24 17:00:00,3597,68.242273,-167.12204816666664,7.41,99.1,2.1,4.8,59.30906048142921,1007.57,52.66909549315676,0.0040837566864688,19.7544184571507,0.0,0.0,0.0,0.0,2022,7.721588134765625,5.17601203918457,0.0,6.397125244140625,68.25,193.0,chukchi
2022-07-24 18:00:00,3594,68.24233699999999,-167.12219366666667,7.66,98.5,2.1,9.3,33.26336061079724,1007.35,10.483590445175832,0.029622078752423,327.233917719116,0.0,0.0,0.0,0.0,2022,7.721588134765625,5.17601203918457,0.0,6.397125244140625,68.25,193.0,chukchi
2022-07-24 19:00:00,3597,68.41726016666667,-167.4104195,7.15,96.7,4.9,14.9,33.9421362561248,1006.48,330.54278578587315,6.871130314335392,328.63325791738356,0.0,0.0,0.0,0.0,2022,6.584869384765625,6.475155353546143,0.0,5.539703369140625,68.5,192.5,chukchi
2022-07-24 20:00:00,3595,68.6052565,-167.721745,6.29,98.0,7.9,18.5,66.78578967688343,1007.05,332.0584422611988,6.709900640494686,328.81702537018964,0.0,0.0,0.0,0.0,2022,6.287994384765625,6.616028785705566,0.0,5.348297119140625,68.5,192.25,chukchi
2022-07-24 21:00:00,3595,68.79096983333334,-168.03037816666668,6.29,98.4,7.8,18.6,70.49817423375134,1007.76,331.57691257870897,6.711390896633506,328.72754694186085,0.0,0.0,0.0,0.0,2022,5.885650634765625,7.096358299255371,0.0,4.646881103515625,68.75,192.0,chukchi
2022-07-24 22:00:00,3597,68.976318,-168.343811,6.12,97.2,7.3,17.4,71.79814184588444,1008.02,331.33229824198344,6.651666626145197,328.9497502666802,0.0,0.0,0.0,0.0,2022,5.801666259765625,6.955743789672852,0.0,4.254302978515625,69.0,191.75,chukchi
2022-07-24 23:00:00,3594,69.15864675,-168.65232766666665,5.94,92.4,8.8,20.8,68.80915288229552,1008.44,12.069362440649266,5.764620318223854,328.2252542569514,0.0,0.0,0.0,0.0,2022,5.733306884765625,7.0655059814453125,0.0,3.615631103515625,69.25,191.25,chukchi
2022-07-25 00:00:00,3596,69.16662666666666,-168.666582,5.94,89.7,9.6,17.6,67.26116797280724,1008.25,90.33890268689107,0.0067383170666354,257.848986191686,0.0,0.0,0.0,0.0,2022,5.733306884765625,7.0655059814453125,0.0,3.615631103515625,69.25,191.25,chukchi
2022-07-25 01:00:00,3596,69.1666295,-168.6665816666667,5.85,91.6,8.8,18.4,56.39983984896419,1008.02,90.25019481467496,0.0074329614372889,9.124041532209176,0.0,0.0,0.0,0.0,2022,5.733306884765625,7.0655059814453125,0.0,3.615631103515625,69.25,191.25,chukchi
2022-07-25 02:00:00,3596,69.16662583333333,-168.66657,5.83,90.2,9.5,17.8,53.52676188151056,1007.84,81.39596365111863,0.0083909140789774,170.08649955504373,0.0,0.0,0.0,0.0,2022,5.733306884765625,7.0655059814453125,0.0,3.615631103515625,69.25,191.25,chukchi
2022-07-25 03:00:00,3598,69.166311,-168.66657683333335,5.63,91.2,8.9,17.8,57.78869391159593,1007.2,46.45942605410968,0.0257869170504484,52.46573566854202,0.0,0.0,0.0,0.0,2022,5.094390869140625,8.599903106689453,0.0,3.437896728515625,69.25,191.25,chukchi
2022-07-25 04:00:00,3596,69.19532741666667,-168.65147283333332,5.42,90.8,11.1,20.5,64.6929943032217,1005.88,16.646334964122367,6.14545136087603,357.70325974248243,0.0,0.0,0.0,0.0,2022,5.094390869140625,8.599903106689453,0.0,3.437896728515625,69.25,191.25,chukchi
2022-07-25 05:00:00,3595,69.3953195,-168.66696550000003,5.45,91.8,12.1,23.3,75.79480500827756,1005.55,4.780671057124886,6.165696845615051,0.0955895229805735,0.0,0.0,0.0,0.0,2022,4.883453369140625,8.415194511413574,0.0,3.232818603515625,69.5,191.25,chukchi
2022-07-25 06:00:00,3597,69.59320833333332,-168.6661686666667,5.38,91.7,11.3,19.1,71.7125762610972,1005.55,4.06945056396074,6.104792732391141,359.9725611857367,0.0,0.0,0.0,0.0,2022,4.883453369140625,8.415194511413574,0.0,3.232818603515625,69.5,191.25,chukchi
2022-07-25 07:00:00,3595,69.79194766666666,-168.66673666666665,5.08,92.3,11.6,22.2,72.37581722469623,1005.7,3.051403131023807,6.150800511149553,359.85921333468974,0.0,0.0,0.0,0.0,2022,4.557281494140625,8.163576126098633,0.0,2.953521728515625,69.75,191.25,chukchi
2022-07-25 08:00:00,3597,69.99089166666666,-168.66744416666668,4.51,92.9,11.6,19.4,74.00752449938932,1006.03,2.3420937782530005,6.1395662959727115,359.6586634913835,0.0,0.0,0.0,0.0,2022,4.283843994140625,7.95678186416626,0.0,2.730865478515625,70.0,191.25,chukchi
2022-07-25 09:00:00,3591,70.18782633333333,-168.66782766666668,4.12,92.9,12.1,29.1,67.52243418882487,1005.62,4.517799571089588,6.0253635378911286,0.5116917992898825,0.0,0.0,0.0,0.0,2022,4.065826416015625,8.612532615661621,0.0,2.551666259765625,70.25,191.25,chukchi
2022-07-25 10:00:00,3592,70.38218108333334,-168.66649300000003,3.9,92.1,12.7,24.3,61.04801152892193,1005.1,4.7460633132319305,5.980604727922953,0.0695964213644523,0.0,0.0,0.0,0.0,2022,3.819732666015625,8.660849571228027,0.0,2.325103759765625,70.5,191.25,chukchi
2022-07-25 11:00:00,3594,70.50001083333333,-168.66673550000002,3.8,92.8,12.0,23.0,52.745359432842605,1007.01,59.48058148019699,0.0163959467696698,12.903413923949502,0.0,0.0,0.0,0.0,2022,3.819732666015625,8.660849571228027,0.0,2.325103759765625,70.5,191.25,chukchi
2022-07-25 12:00:00,3596,70.50008333333334,-168.6664583333333,3.73,94.0,12.3,19.6,53.30777863166387,1006.22,62.16098880363302,0.0148665209774507,64.59442625865293,0.0,0.0,0.0,0.0,2022,3.819732666015625,8.660849571228027,0.0,2.325103759765625,70.5,191.25,chukchi
2022-07-25 13:00:00,3589,70.50009516666667,-168.6663843333333,3.57,95.4,11.9,18.8,55.392731181517185,1005.66,50.11403827239719,0.0166639316246921,17.08293016999408,0.0002786291446085,0.0,0.0002786291446085,0.0,2022,3.819732666015625,8.660849571228027,0.0,2.325103759765625,70.5,191.25,chukchi
2022-07-25 14:00:00,3598,70.53470008333333,-168.63021250000003,3.39,94.9,11.6,22.8,51.69386808329793,1004.53,19.95346844405649,1.4976033838055869,19.62320411350601,0.0,0.0,0.0,0.0,2022,3.819732666015625,8.660849571228027,0.0,2.325103759765625,70.5,191.25,chukchi
2022-07-25 15:00:00,3596,70.61671708333333,-168.63322216666666,3.19,94.5,12.3,23.3,59.32885963887533,1003.18,1.6508546740563173,6.1409667129801715,355.41710887134155,0.0,0.0,0.0,0.0,2022,4.062652587890625,8.790740013122559,0.0,2.461822509765625,70.5,191.25,chukchi
2022-07-25 16:00:00,3592,70.81541333333334,-168.66880475000002,2.87,92.7,12.6,29.2,63.73751445089011,1002.88,3.4355785446329197,6.140734730428324,358.75332742157815,0.0,0.0,0.0,0.0,2022,3.824371337890625,8.991540908813477,0.0,2.262603759765625,70.75,191.25,chukchi
2022-07-25 17:00:00,3586,71.01474608333334,-168.66721533333333,2.85,92.4,11.8,26.3,68.90480615063248,1003.29,5.0065420408518,6.206450480496132,0.1733944347534404,0.0,0.0,0.0,0.0,2022,3.636871337890625,9.241873741149902,0.0,2.149322509765625,71.0,191.25,chukchi
2022-07-25 18:00:00,3290,71.20918525,-168.666786,2.93,92.2,11.4,24.6,72.28553710847216,1003.29,3.8458934966924208,6.3000133541397725,359.91881027103017,0.0006079027355623,0.0,0.0003039513677811,0.0,2022,3.482574462890625,9.612192153930664,0.0,2.082916259765625,71.25,191.25,chukchi
2022-07-25 19:00:00,3594,71.42171200000001,-168.66673825,3.07,96.0,11.5,22.2,71.03924969569398,1003.78,34.013177310855454,5.35315218572181,0.2316142842519191,0.0,0.0,0.0,0.0,2022,3.224761962890625,9.797394752502441,0.0,1.891510009765625,71.5,191.25,chukchi
2022-07-25 20:00:00,3597,71.430036,-168.6667538333333,3.2,97.0,11.4,22.2,62.3065070491879,1003.59,62.084937113736174,0.0115201756088314,210.3412817046025,0.0,0.0,0.0,0.0,2022,3.224761962890625,9.797394752502441,0.0,1.891510009765625,71.5,191.25,chukchi
2022-07-25 21:00:00,3595,71.43003333333333,-168.66676283333334,3.29,94.7,12.7,25.5,61.15771478594212,1002.81,57.89780231187152,0.0087653881226082,168.12433735597563,0.0,0.0,0.0,0.0,2022,4.181793212890625,11.241600036621094,0.0,3.226959228515625,71.5,191.25,chukchi
2022-07-25 22:00:00,3598,71.43004416666666,-168.66676866666663,3.16,95.4,13.6,27.3,63.93773224216616,1002.02,45.214880366809616,0.0108362558922701,280.8557208455886,0.0,0.0,0.0,0.0,2022,4.181793212890625,11.241600036621094,0.0,3.226959228515625,71.5,191.25,chukchi
2022-07-25 23:00:00,3592,71.45520408333334,-168.66310791666666,3.07,96.8,15.1,35.4,76.692846671039,1001.64,13.923009409439198,5.9640169330758885,9.110493871526252,0.0,0.0,0.0,0.0,2022,4.181793212890625,11.241600036621094,0.0,3.226959228515625,71.5,191.25,chukchi
2022-07-26 00:00:00,3588,71.65314833333332,-168.6683774166667,2.93,97.1,16.7,38.7,82.67139521504197,1001.53,6.798303989696667,6.077908357639585,0.0931643968446814,0.0,0.0,0.0,0.0,2022,3.709136962890625,11.067057609558105,0.0,2.769927978515625,71.75,191.25,chukchi
2022-07-26 01:00:00,3595,71.8502465,-168.66672616666668,3.48,92.8,15.8,25.4,82.67852566960606,1002.43,24.904504351667512,6.094734398513834,4.893034972466435,0.0,0.0,0.0,0.0,2022,3.709136962890625,11.067057609558105,0.0,2.769927978515625,71.75,191.25,chukchi
2022-07-26 02:00:00,3588,71.923624,-168.666677,4.05,89.6,16.1,35.3,85.53828200492245,1003.14,28.90525022518092,5.9932526227096705,0.6662006063162103,0.0,0.0,0.0,0.0,2022,3.173980712890625,10.782973289489746,0.0,2.264068603515625,72.0,191.25,chukchi
2022-07-26 03:00:00,3591,72.121117,-168.66711149999998,3.39,90.6,16.5,35.2,89.25150336634643,1003.71,6.426271073396788,6.181422656214633,0.1346001188753486,0.0,0.0,0.0,0.0,2022,2.877593994140625,13.0645751953125,0.0,1.612457275390625,72.0,191.25,chukchi
2022-07-26 04:00:00,3592,72.32338333333333,-168.66677566666664,2.94,90.4,16.2,34.7,82.09222945531714,1004.31,29.94746066443112,6.22127364901773,6.025933321745405,0.0,0.0,0.0,0.0,2022,2.498687744140625,12.695452690124512,0.0,1.317535400390625,72.25,191.25,chukchi
2022-07-26 05:00:00,3596,72.36007433333333,-168.66664966666667,2.71,91.6,15.6,28.1,66.42603916412416,1004.57,84.1206716420338,0.0114989681907445,321.65885590888536,0.0,0.0,0.0,0.0,2022,2.498687744140625,12.695452690124512,0.0,1.317535400390625,72.25,191.25,chukchi
2022-07-26 06:00:00,3595,72.36007483333333,-168.66664316666666,2.39,93.2,15.8,30.1,64.46032402788228,1004.64,81.07631428283884,0.009770507520774,96.44644105452907,0.0,0.0,0.0,0.0,2022,2.498687744140625,12.695452690124512,0.0,1.317535400390625,72.25,191.25,chukchi
2022-07-26 07:00:00,3594,72.36010666666667,-168.6666843333333,2.25,92.9,15.6,29.5,63.69794101620903,1003.89,60.6184213761413,0.0104911931962465,103.99024729877104,0.0,0.0,0.0,0.0,2022,2.498687744140625,12.695452690124512,0.0,1.317535400390625,72.25,191.25,chukchi
2022-07-26 08:00:00,3594,72.36010566666667,-168.66668283333334,1.98,94.5,15.1,28.4,63.88506502565365,1004.19,59.95935552851451,0.0143915514401752,150.8854190727389,0.0,0.0,0.0,0.0,2022,2.498687744140625,12.695452690124512,0.0,1.317535400390625,72.25,191.25,chukchi
2022-07-26 09:00:00,3593,72.36088933333333,-168.653365,2.14,95.1,15.9,32.2,57.34666604682291,1003.97,58.65703079338008,0.4200138647680754,77.35501317836574,0.0,0.0,0.0,0.0,2022,2.097808837890625,11.529560089111328,0.0,0.921783447265625,72.25,191.25,chukchi
2022-07-26 10:00:00,3592,72.37786575000001,-168.57333599999998,1.8,95.6,16.6,39.4,58.36087373595134,1003.03,25.58582419875996,1.586428623086893,15.79455544068086,0.0,0.0,0.0,0.0,2022,1.672027587890625,10.997401237487793,0.0,0.615142822265625,72.5,191.5,chukchi
2022-07-26 11:00:00,3587,72.55692266666667,-168.66547583333335,1.05,94.6,16.2,39.4,59.70217224326494,1002.66,1.8939450101742352,6.081218164741731,355.3253857311057,0.0,0.0005575689991636,0.0,0.0,2022,1.584136962890625,10.859444618225098,0.0,0.554595947265625,72.5,191.25,chukchi
2022-07-26 12:00:00,3588,72.75393116666666,-168.6977684166667,0.62,94.0,14.5,34.8,58.9555949787694,1003.97,10.791694842067784,6.154448343067711,2.9323515659276724,0.0,0.0,0.0,0.0,2022,0.947418212890625,10.392904281616211,0.0,-0.003997802734375,72.75,191.25,chukchi
2022-07-26 13:00:00,3579,72.82514433333334,-168.66680133333332,0.52,94.1,12.3,29.3,55.37990131853895,1006.41,89.39766937038777,0.0087293942910621,52.89454219576095,0.0,0.0,0.0,0.0,2022,0.947418212890625,10.392904281616211,0.0,-0.003997802734375,72.75,191.25,chukchi
2022-07-26 14:00:00,3592,72.893742,-168.42228541666665,0.39,94.9,16.8,39.4,79.64648419452591,1004.34,59.62476374193009,5.977298602979535,58.56843131357923,0.0,0.0,0.0,0.0,2022,0.439605712890625,10.08619499206543,0.0,-0.459075927734375,73.0,191.5,chukchi
2022-07-26 15:00:00,3592,72.9804615,-167.8606394166667,0.34,95.9,18.2,42.7,75.01171191779949,1003.37,52.60662262436194,5.973466966103877,50.51027597171911,0.0,0.0,0.0,0.0,2022,0.312652587890625,9.638812065124512,0.0,-0.492767333984375,73.0,192.25,chukchi
2022-07-26 16:00:00,3592,73.1169245,-167.38744325,0.36,94.4,18.2,39.0,71.35964376927133,1003.37,50.15821023878612,6.031475138885848,47.13794701832132,0.0,0.0,0.0,0.0,2022,0.341949462890625,9.685226440429688,0.0,-0.465423583984375,73.0,192.5,chukchi
2022-07-26 17:00:00,3594,73.24504041666665,-166.87181141666667,-0.03,97.0,16.6,37.7,67.45285100379863,1004.08,42.04747740411661,6.126250197241896,40.30933405552487,0.0,0.0,0.0,0.0,2022,0.281402587890625,9.170994758605957,0.0,-0.547454833984375,73.25,193.25,chukchi
2022-07-26 18:00:00,3589,73.3500225,-166.69993216666668,-0.34,97.8,12.6,28.2,43.15682849882145,1007.91,71.59108232775682,0.0111365726766385,32.406506153478354,0.000557258289217,0.0,0.0002786291446085,0.0,2022,0.281402587890625,9.170994758605957,0.0,-0.547454833984375,73.25,193.25,chukchi
2022-07-26 19:00:00,3591,73.350023,-166.69991333333334,-0.49,98.2,12.2,24.1,47.99079238380967,1008.29,75.65113629179113,0.0568105834853788,62.55700352220373,0.0,0.0,0.0,0.0,2022,0.281402587890625,9.170994758605957,0.0,-0.547454833984375,73.25,193.25,chukchi
2022-07-26 20:00:00,3594,73.35598216666668,-166.70499075,-0.62,98.4,10.1,23.0,46.54846675240432,1008.44,9.465521811294524,5.864179350774402,327.9168331069338,0.0,0.0,0.0,0.0,2022,0.281402587890625,9.170994758605957,0.0,-0.547454833984375,73.25,193.25,chukchi
2022-07-26 21:00:00,3597,73.52002116666667,-167.15792316666665,-0.92,98.4,7.7,21.1,53.44043776436391,1009.15,327.7496922390584,6.498239294812277,323.09303772682284,0.0,0.0,0.0,0.0,2022,0.047027587890625,6.751710414886475,0.00543212890625,-0.682708740234375,73.5,192.75,chukchi
2022-07-26 22:00:00,3595,73.683949,-167.55183100000002,-0.75,98.4,7.4,19.3,45.391503525541374,1009.34,330.6787962451722,6.313406144540833,325.78245676030156,0.0,0.0,0.0,0.0,2022,-0.327972412109375,6.250044345855713,0.076690673828125,-0.971771240234375,73.75,192.5,chukchi
2022-07-26 23:00:00,3595,73.82840766666666,-168.03477483333336,-0.88,98.4,6.5,15.9,44.38542681651399,1010.31,322.5046185722697,6.324485714024065,318.4049076321707,0.0,0.0,0.0,0.0,2022,-0.322113037109375,6.199474334716797,0.0,-0.938568115234375,73.75,192.0,chukchi
2022-07-27 00:00:00,3586,73.88894416666668,-168.19915,-0.99,98.5,7.3,16.8,34.08659170405861,1011.29,84.50170914863723,0.0185741160202508,116.16016326991024,0.0002788622420524,0.0005577244841048,0.0002788622420524,0.0,2022,-0.288909912109375,6.194932460784912,0.24298095703125,-0.852630615234375,74.0,191.75,chukchi
2022-07-27 01:00:00,3592,73.88436783333333,-168.19641550000003,-0.94,98.4,7.5,14.8,22.364853345398693,1011.36,52.98354989484267,0.0229578234482132,165.79867807664294,0.0,0.0,0.0,0.0,2022,-0.288909912109375,6.194932460784912,0.24298095703125,-0.852630615234375,74.0,191.75,chukchi
2022-07-27 02:00:00,3594,73.88264391666667,-168.20159883333332,-1.04,98.4,6.6,10.9,14.778000220823804,1011.78,59.38214954979425,0.0092970628237905,255.91192429103037,0.0,0.0,0.0,0.0,2022,-0.288909912109375,6.194932460784912,0.24298095703125,-0.852630615234375,74.0,191.75,chukchi
2022-07-27 03:00:00,3596,73.8821535,-168.2058495,-1.07,98.5,7.3,13.5,20.898093742135792,1011.85,69.14271525006063,0.0216545214166513,235.82713497727497,0.0,0.0,0.0,0.0,2022,-0.145355224609375,6.18051815032959,0.24298095703125,-0.748138427734375,74.0,191.75,chukchi
2022-07-27 04:00:00,3596,73.88213933333333,-168.20583850000003,-0.99,98.6,6.9,14.8,18.38925975789743,1011.96,74.76657229298208,0.0060311032442887,90.99375468189756,0.0,0.0,0.0,0.0,2022,-0.145355224609375,6.18051815032959,0.24298095703125,-0.748138427734375,74.0,191.75,chukchi
2022-07-27 05:00:00,3590,73.88063650000001,-168.15710299999998,-0.8,98.6,6.3,13.2,11.665398184593808,1012.15,41.92023371453834,0.0074678476934539,32.67781247309431,0.0002785515320334,0.0,0.0002785515320334,0.0,2022,-0.145355224609375,6.18051815032959,0.24298095703125,-0.748138427734375,74.0,191.75,chukchi
2022-07-27 06:00:00,3595,73.88237866666667,-168.1294776666667,-0.79,98.7,6.1,14.7,30.098716154060952,1012.53,179.8085655785815,1.3189162501621652,175.09109409634908,0.0,0.0,0.0,0.0,2022,-0.145355224609375,6.18051815032959,0.24298095703125,-0.748138427734375,74.0,191.75,chukchi
2022-07-27 07:00:00,3593,73.87210016666667,-168.13689366666665,-0.98,98.7,6.6,21.6,27.635352368398575,1011.7,350.53586827177236,4.996018632892456,349.9939466555957,0.0,0.0,0.0,0.0,2022,-0.182464599609375,6.22200870513916,0.0,-0.793060302734375,73.75,191.75,chukchi
2022-07-27 08:00:00,3593,74.05864766666667,-168.22400100000002,-1.26,98.7,8.6,21.4,43.6123960284233,1011.63,4.582212177553423,6.1066644293250985,1.1779011213678243,0.0,0.0,0.0,0.0,2022,-0.145355224609375,6.18051815032959,0.24298095703125,-0.748138427734375,74.0,191.75,chukchi
2022-07-27 09:00:00,3595,74.23719200000001,-168.19033683333333,-1.86,98.5,9.1,23.5,51.19800603167434,1012.49,12.34266126141425,5.865877731776697,8.820638983199972,0.0,0.0,0.0,0.0,2022,-0.632904052734375,5.460211753845215,0.34197998046875,-1.301849365234375,74.25,191.75,chukchi
2022-07-27 10:00:00,3596,74.34467433333333,-168.0495435,-1.87,98.2,8.4,20.4,32.72567024977152,1013.77,40.81573814634351,0.0061361118962028,44.09707136810136,0.0,0.0,0.0,0.0,2022,-0.642669677734375,5.518223285675049,0.347320556640625,-1.311614990234375,74.25,192.0,chukchi
2022-07-27 11:00:00,3593,74.42982166666667,-168.17773416666665,-1.8,98.0,8.2,22.5,33.924335595892416,1013.39,339.5221821469486,6.128985047855078,336.5650313630782,0.0,0.0,0.0,0.0,2022,-0.660247802734375,5.471909046173096,0.3658447265625,-1.338958740234375,74.5,191.75,chukchi
2022-07-27 12:00:00,3591,74.57836266666666,-168.1048803333333,-1.63,97.9,8.9,24.1,51.96409989375024,1013.58,31.0651587122752,5.587826827702313,29.058582109275083,0.0,0.0,0.0,0.0,2022,-0.660247802734375,5.547551155090332,0.371612548828125,-1.338958740234375,74.5,192.0,chukchi
2022-07-27 13:00:00,3595,74.73326416666667,-168.03275200000002,-1.39,97.9,9.0,21.8,46.14463452107633,1013.69,22.908103561757397,6.268228277545965,16.538246277965673,0.0,0.0,0.0,0.0,2022,-0.658294677734375,5.651303291320801,0.35675048828125,-1.354583740234375,74.75,192.0,chukchi
2022-07-27 14:00:00,3597,74.80061083333334,-167.89832266666664,-1.21,98.0,7.1,14.3,17.516933660944307,1014.97,75.3874023509905,0.0073484351932354,317.6705474369287,0.0,0.0,0.0,0.0,2022,-0.658294677734375,5.651303291320801,0.35675048828125,-1.354583740234375,74.75,192.0,chukchi
2022-07-27 15:00:00,3594,74.80062433333333,-167.89827766666664,-1.08,98.3,7.3,14.4,14.118284834271604,1015.12,65.81060708018941,0.004417244342647,126.83281113615976,0.0,0.0,0.0,0.0,2022,-0.589691162109375,6.623338222503662,0.35675048828125,-1.513275146484375,74.75,192.0,chukchi
2022-07-27 16:00:00,3597,74.80057749999999,-167.89823533333336,-0.93,98.3,5.3,11.3,20.875997043557412,1015.19,100.08232619093484,0.0039264409206702,203.97616435677645,0.0,0.0,0.0,0.0,2022,-0.589691162109375,6.623338222503662,0.35675048828125,-1.513275146484375,74.75,192.0,chukchi
2022-07-27 17:00:00,3410,74.80396558333334,-167.95182891666667,-0.8,98.2,7.0,14.3,26.001255594522625,1015.49,285.54284887674885,0.2924143329273866,300.2863215331316,0.0002932551319648,0.0,0.0002932551319648,0.0,2022,-0.589691162109375,6.623338222503662,0.35675048828125,-1.513275146484375,74.75,192.0,chukchi
2022-07-27 18:00:00,3597,74.79986433333333,-167.88087983333335,-0.66,98.0,6.3,11.5,27.500016313842,1015.76,268.4423699879121,0.3066466553295611,188.5006054218015,0.0,0.0,0.0,0.0,2022,-0.589691162109375,6.623338222503662,0.35675048828125,-1.513275146484375,74.75,192.0,chukchi
2022-07-27 19:00:00,3593,74.79943150000001,-167.94717883333337,-0.59,98.0,6.4,17.8,357.5963266382329,1015.83,284.36442007200435,1.126326241054449,279.75473049249285,0.0,0.0,0.0,0.0,2022,-0.589691162109375,6.623338222503662,0.35675048828125,-1.513275146484375,74.75,192.0,chukchi
2022-07-27 20:00:00,3596,74.86197358333334,-168.60213675,-0.53,98.0,6.2,17.3,349.44676012385844,1015.98,299.37557811548993,5.999132116394309,297.9554179606833,0.0,0.0,0.0,0.0,2022,-0.585784912109375,6.441420555114746,0.34552001953125,-1.503509521484375,74.75,191.5,chukchi
2022-07-27 21:00:00,3594,74.91987858333334,-169.16569975000002,-0.52,98.3,5.6,19.6,340.9306066496216,1016.84,291.25352039529474,6.202113956387934,288.7102524908272,0.0,0.0,0.0,0.0,2022,0.010406494140625,4.95136833190918,0.31524658203125,-0.938323974609375,75.0,190.75,chukchi
2022-08-02 07:00:00,3598,76.99131116666666,173.66286466666668,0.29,99.0,7.6,12.7,320.34411757633916,990.83,140.10414217716578,0.3606183501971441,156.642722156972,0.0,0.0,0.0,0.0,2022,1.200103759765625,6.316689968109131,0.797332763671875,0.978424072265625,77.0,173.75,east_siberian
2022-08-02 08:00:00,3595,76.98049166666667,173.6741251666667,0.2,99.0,8.2,15.1,329.938667767663,991.88,150.86497060670683,0.3186384792699384,177.92098772272928,0.0,0.0,0.0,0.0,2022,1.200103759765625,6.316689968109131,0.797332763671875,0.978424072265625,77.0,173.75,east_siberian
2022-08-02 09:00:00,3595,76.96420783333333,173.68965516666668,-0.02,99.0,8.9,19.2,336.4605661356728,993.2,216.7167936585978,0.360883888540331,172.43273195232769,0.0,0.0,0.0,0.0,2022,0.297027587890625,7.272286891937256,0.797332763671875,0.001129150390625,77.0,173.75,east_siberian
2022-08-02 10:00:00,3598,76.94975616666667,173.71085466666665,-0.64,99.1,8.1,14.6,335.27039674837937,994.36,177.1441950736529,0.2600427647609587,190.16234226718325,0.0,0.0,0.0,0.0,2022,0.297027587890625,7.272286891937256,0.797332763671875,0.001129150390625,77.0,173.75,east_siberian
2022-08-02 11:00:00,3593,76.94387966666666,173.70535183333334,-0.85,99.0,6.8,12.1,331.54949909796966,995.04,176.71227012674905,0.1239900699358727,205.12113577553671,0.0,0.0,0.0,0.0,2022,0.297027587890625,7.272286891937256,0.797332763671875,0.001129150390625,77.0,173.75,east_siberian
2022-08-02 12:00:00,3594,76.94135800000001,173.699315,-0.76,99.0,6.8,11.9,329.7537969063569,995.45,164.7076049237234,0.0602836496285973,218.67908076541823,0.0,0.0,0.0,0.0,2022,0.297027587890625,7.272286891937256,0.797332763671875,0.001129150390625,77.0,173.75,east_siberian
2022-08-02 13:00:00,3595,76.94091116666667,173.7014706666667,-0.81,99.0,6.3,14.9,321.71158892308546,995.75,147.0067371138407,0.0261112082543826,115.59410915288,0.0,0.0,0.0,0.0,2022,0.297027587890625,7.272286891937256,0.797332763671875,0.001129150390625,77.0,173.75,east_siberian
2022-08-02 14:00:00,3597,76.94196633333333,173.71073149999998,-0.64,99.0,5.0,9.7,305.5296648707271,996.42,146.45296471333057,0.1369192383377369,55.64286865829437,0.0,0.0,0.0,0.0,2022,0.297027587890625,7.272286891937256,0.797332763671875,0.001129150390625,77.0,173.75,east_siberian
2022-08-02 15:00:00,3595,76.9443655,173.73377,-0.69,99.0,5.0,10.8,296.12022967425855,996.84,144.98928333228787,0.2080147969296665,70.84727747398698,0.0,0.0,0.0,0.0,2022,0.500885009765625,5.79911994934082,0.797332763671875,0.188140869140625,77.0,173.75,east_siberian
2022-08-02 16:00:00,3596,76.94613566666666,173.7667335,-0.78,99.0,5.3,10.0,296.5476042161308,997.14,146.20102847268757,0.2601785773851555,84.66871740879422,0.0,0.0,0.0,0.0,2022,0.500885009765625,5.79911994934082,0.797332763671875,0.188140869140625,77.0,173.75,east_siberian
2022-08-02 17:00:00,3592,76.92197966666667,173.83183166666663,-0.89,98.9,7.7,22.9,268.92681839353327,997.25,160.42830222487237,4.322384609786368,147.25905656930226,0.0,0.0,0.0,0.0,2022,0.500885009765625,5.79911994934082,0.797332763671875,0.188140869140625,77.0,173.75,east_siberian
2022-08-02 18:00:00,3592,76.772891,173.95217683333334,-0.89,98.9,12.2,25.5,228.8466859958303,997.18,170.23673804836858,6.216452143881339,170.90449583249475,0.0,0.0,0.0,0.0,2022,0.491119384765625,5.614200592041016,0.768798828125,0.209625244140625,76.75,174.0,east_siberian
2022-08-02 19:00:00,3598,76.62374925,174.07444583333333,-0.39,99.0,12.9,23.1,240.45628631010223,997.33,171.71856754199723,5.526393984546102,172.3892481455146,0.0,0.0,0.0,0.0,2022,0.506744384765625,5.514204502105713,0.7469482421875,0.227203369140625,76.5,174.0,east_siberian
2022-08-02 20:00:00,3596,76.47200874999999,174.00752158333336,-0.16,99.0,9.2,27.5,258.53924429836184,997.63,207.31519138795784,4.29779490641445,181.31277201100943,0.0,0.0,0.0,0.0,2022,0.506744384765625,5.514204502105713,0.7469482421875,0.227203369140625,76.5,174.0,east_siberian
2022-08-02 21:00:00,3598,76.45052058333334,173.98336166666667,0.05,99.1,7.1,14.6,263.1467948627633,999.01,227.76945494048832,0.1619873045638971,166.28783184023388,0.0,0.0,0.0,0.0,2022,1.255279541015625,6.846164703369141,0.723388671875,0.839996337890625,76.5,174.0,east_siberian
2022-08-02 22:00:00,3596,76.446444,173.98528900000002,0.15,99.1,7.6,16.3,261.40583041493153,999.09,227.74102012081633,0.081254226232187,192.05143830942745,0.0,0.0,0.0,0.0,2022,1.255279541015625,6.846164703369141,0.723388671875,0.839996337890625,76.5,174.0,east_siberian
2022-08-02 23:00:00,3598,76.44560866666667,173.98194725000002,0.23,99.1,7.4,13.1,255.708131024556,998.98,223.0440283735712,0.0418655856511487,274.3382579168949,0.0,0.0,0.0,0.0,2022,1.255279541015625,6.846164703369141,0.723388671875,0.839996337890625,76.5,174.0,east_siberian
2022-08-03 00:00:00,3591,76.46661216666666,174.3760261666667,0.29,99.1,8.0,17.1,227.90984189653605,999.2,114.97895010320424,4.762134148530937,56.67510486380182,0.0,0.0,0.0,0.0,2022,1.218170166015625,6.786318302154541,0.70599365234375,0.787261962890625,76.5,174.5,east_siberian
2022-08-03 01:00:00,3598,76.46870891666667,174.4692099166667,0.27,99.2,7.8,17.3,256.35452350840734,998.9,193.0793934742894,0.1049006231067493,3.214459849230518,0.0,0.0,0.0,0.0,2022,1.218170166015625,6.786318302154541,0.70599365234375,0.787261962890625,76.5,174.5,east_siberian
2022-08-03 02:00:00,3592,76.47226258333333,174.48832891666666,0.24,99.2,7.2,16.8,264.96401846749757,998.98,101.96958346054112,0.2572387618365949,37.73801696078311,0.0,0.0,0.0,0.0,2022,1.218170166015625,6.786318302154541,0.70599365234375,0.787261962890625,76.5,174.5,east_siberian
2022-08-03 03:00:00,3594,76.476397,174.5486515,0.29,99.2,8.2,20.3,252.4229160624298,998.86,165.6197446431783,0.359654399569354,57.58373348642052,0.0,0.0,0.0,0.0,2022,0.975494384765625,7.295548439025879,0.70599365234375,0.675201416015625,76.5,174.5,east_siberian
2022-08-03 04:00:00,3587,76.42239633333334,174.41715316666668,0.34,99.3,18.2,34.4,235.0070381246711,997.29,203.8342044106456,6.09479289190856,203.88207223538257,0.0,0.0,0.0,0.0,2022,0.975494384765625,7.295548439025879,0.70599365234375,0.675201416015625,76.5,174.5,east_siberian
2022-08-03 05:00:00,3595,76.27180700000001,174.2657595,0.34,99.3,11.9,27.0,250.92433479303168,997.78,202.42707095569253,4.79195943611683,201.8482640427529,0.0,0.0,0.0,0.0,2022,0.963775634765625,7.240591526031494,0.69647216796875,0.651763916015625,76.25,174.25,east_siberian
2022-08-03 06:00:00,3595,76.2146125,174.18173033333332,0.33,99.3,8.6,16.8,262.27081319263124,999.35,83.55822739081141,0.6442188402981892,85.47134909496363,0.0,0.0,0.0,0.0,2022,0.963775634765625,7.240591526031494,0.69647216796875,0.651763916015625,76.25,174.25,east_siberian
2022-08-03 07:00:00,3593,76.21229633333334,174.2205645,0.25,99.3,8.8,17.9,262.5994966940842,998.94,199.05452900209175,0.2191941394002446,107.1140828504733,0.0,0.0,0.0,0.0,2022,0.963775634765625,7.240591526031494,0.69647216796875,0.651763916015625,76.25,174.25,east_siberian
2022-08-03 08:00:00,3594,76.21028733333334,174.2454575,0.25,99.3,8.3,18.1,263.6620321388601,999.01,200.8678634861925,0.1652493961167141,115.16787052223393,0.0,0.0,0.0,0.0,2022,0.963775634765625,7.240591526031494,0.69647216796875,0.651763916015625,76.25,174.25,east_siberian
2022-08-03 09:00:00,3592,76.20802816666667,174.26200758333334,0.29,99.3,8.4,15.6,263.7366630457374,999.05,199.4508905730424,0.1116513235753738,123.29324212381886,0.0,0.0,0.0,0.0,2022,0.310211181640625,7.6367106437683105,0.69647216796875,0.027496337890625,76.25,174.25,east_siberian
2022-08-03 10:00:00,3595,76.20651533333333,174.27142550000002,0.29,99.4,8.4,15.3,266.35099219087317,999.01,199.40105698942517,0.0553771533096429,116.75086800632184,0.0,0.0,0.0,0.0,2022,0.310211181640625,7.6367106437683105,0.69647216796875,0.027496337890625,76.25,174.25,east_siberian
2022-08-03 11:00:00,3594,76.2064595,174.2760730833333,0.22,99.4,8.8,17.1,270.48073729219504,998.9,199.89159713707343,0.0399189961041514,53.45600195246376,0.0,0.0,0.0,0.0,2022,0.310211181640625,7.6367106437683105,0.69647216796875,0.027496337890625,76.25,174.25,east_siberian
2022-08-03 12:00:00,3596,76.20814541666667,174.28133741666667,-0.3,99.4,9.1,16.3,273.92368140424475,999.05,200.24076752528333,0.0915560347525277,34.90054223879813,0.0,0.0,0.0,0.0,2022,0.310211181640625,7.6367106437683105,0.69647216796875,0.027496337890625,76.25,174.25,east_siberian
2022-08-03 13:00:00,3595,76.211429,174.2906215,-0.35,99.3,8.8,16.4,267.350234388462,998.75,200.3,0.1514287947886353,33.697163771168626,0.0,0.0,0.0,0.0,2022,0.310211181640625,7.6367106437683105,0.69647216796875,0.027496337890625,76.25,174.25,east_siberian
2022-08-03 14:00:00,3591,76.21612533333334,174.30516566666665,-0.35,99.3,9.4,19.1,267.14743098051076,998.41,200.3,0.2127828108633681,41.720788826458985,0.0,0.0,0.0,0.0,2022,0.310211181640625,7.6367106437683105,0.69647216796875,0.027496337890625,76.25,174.25,east_siberian
2022-08-03 15:00:00,3597,76.22146283333333,174.3329055,-0.9,99.2,10.4,20.6,268.82783148809375,998.15,200.3,0.2988482341758854,58.59745398903135,0.0,0.0,0.0,0.0,2022,0.458892822265625,9.063423156738281,0.69647216796875,-0.093597412109375,76.25,174.25,east_siberian
2022-08-03 16:00:00,3598,76.22590625,174.37117783333332,-0.74,99.0,10.2,19.9,260.0769759194931,997.78,200.41270149925825,0.3251840056402847,68.31861637123471,0.0,0.0,0.0,0.0,2022,0.458892822265625,9.063423156738281,0.69647216796875,-0.093597412109375,76.25,174.25,east_siberian
2022-08-03 17:00:00,3588,76.22922658333334,174.41489216666665,-0.37,98.8,10.9,23.8,258.7434932619552,997.36,200.62764254421455,0.3475753088093598,76.8491091537552,0.0005574136008918,0.0002787068004459,0.0002787068004459,0.0,2022,0.431549072265625,8.977544784545898,0.690093994140625,-0.113128662109375,76.25,174.5,east_siberian
2022-08-03 18:00:00,3596,76.23074541666666,174.46121641666667,-0.16,98.9,10.7,18.4,257.8501038658766,997.14,200.7,0.3289123721356933,86.77598507940665,0.0,0.0,0.0,0.0,2022,0.431549072265625,8.977544784545898,0.690093994140625,-0.113128662109375,76.25,174.5,east_siberian
2022-08-03 19:00:00,3595,76.23060233333334,174.50427666666667,0.21,99.1,11.2,22.6,261.9825924707766,996.95,200.69999999999996,0.3029167411461572,95.72523258323208,0.0,0.0,0.0,0.0,2022,0.431549072265625,8.977544784545898,0.690093994140625,-0.113128662109375,76.25,174.5,east_siberian
2022-08-03 20:00:00,3597,76.2287585,174.5428855,0.33,99.1,11.6,26.1,268.17151316940533,996.88,200.4105088046803,0.2770141688641869,106.42353369549392,0.0,0.0,0.0,0.0,2022,0.431549072265625,8.977544784545898,0.690093994140625,-0.113128662109375,76.25,174.5,east_siberian
2022-08-03 21:00:00,3595,76.22597883333333,174.575099,0.25,99.1,11.5,23.1,266.30882442771684,996.69,199.718748171632,0.2262425951960108,113.13315006507337,0.0,0.0,0.0,0.0,2022,1.374664306640625,8.984243392944336,0.73583984375,0.577056884765625,76.25,174.5,east_siberian
2022-08-03 22:00:00,3590,76.22314999999999,174.59938975,0.11,99.0,10.9,25.9,264.06395347091166,996.54,199.1271866089822,0.1693580653901679,117.86754584539268,0.0,0.0,0.0,0.0,2022,1.374664306640625,8.984243392944336,0.73583984375,0.577056884765625,76.25,174.5,east_siberian
2022-08-03 23:00:00,3596,76.221092,174.61662025000004,0.02,99.0,11.1,23.4,268.2986166839991,996.58,198.72185761469655,0.1212583130485137,110.47366390215156,0.0,0.0,0.0,0.0,2022,1.374664306640625,8.984243392944336,0.73583984375,0.577056884765625,76.25,174.5,east_siberian
2022-08-04 00:00:00,3595,76.22053616666668,174.63075933333337,-0.04,99.0,10.6,24.4,260.43822756826967,996.05,198.6315438068017,0.0925956888611709,82.35925079223642,0.0,0.0,0.0,0.0,2022,1.343414306640625,8.92892837524414,0.726226806640625,0.553619384765625,76.25,174.75,east_siberian
2022-08-04 01:00:00,3360,76.2221645,174.64295691666666,-0.02,99.0,11.1,17.3,257.77181806066733,995.49,198.56829119490703,0.1248704120899597,48.74763804665352,0.000297619047619,0.0,0.000297619047619,0.0,2022,1.343414306640625,8.92892837524414,0.726226806640625,0.553619384765625,76.25,174.75,east_siberian
2022-08-04 02:00:00,3592,76.22534208333333,174.65622924999997,0.09,98.9,10.6,22.6,257.908557169535,995.26,198.5,0.1641120462550205,44.19228018406255,0.0,0.0,0.0,0.0,2022,1.343414306640625,8.92892837524414,0.726226806640625,0.553619384765625,76.25,174.75,east_siberian
2022-08-04 03:00:00,3593,76.22970683333332,174.67616633333333,0.2,99.0,11.3,22.0,258.29841582760275,994.74,198.46100751727053,0.2347289348541579,52.35837114075844,0.0,0.0,0.0,0.0,2022,0.859771728515625,9.337197303771973,0.726226806640625,0.308502197265625,76.25,174.75,east_siberian
2022-08-04 04:00:00,3593,76.23420833333333,174.7065003333333,0.27,99.0,11.9,26.6,258.93418045667784,994.32,198.35132201536456,0.2861592285579279,63.19163251690852,0.0,0.0,0.0,0.0,2022,0.859771728515625,9.337197303771973,0.726226806640625,0.308502197265625,76.25,174.75,east_siberian
2022-08-04 05:00:00,3590,76.23785991666668,174.74483083333337,0.22,98.6,12.4,24.7,261.4606421493737,993.76,198.3,0.3215796284393326,72.83541820891948,0.0,0.0,0.0,0.0,2022,0.859771728515625,9.337197303771973,0.726226806640625,0.308502197265625,76.25,174.75,east_siberian
2022-08-04 06:00:00,3593,76.2400485,174.7878128333333,0.06,98.8,11.6,24.4,260.0407136561512,993.57,198.3,0.3169485960153798,83.39888878800585,0.0,0.0,0.0,0.0,2022,0.859771728515625,9.337197303771973,0.726226806640625,0.308502197265625,76.25,174.75,east_siberian
2022-08-04 07:00:00,3595,76.24033733333334,174.82894000000002,0.13,99.0,11.6,21.9,261.10389426294904,993.46,198.3,0.2901094058197037,93.45596162732306,0.0,0.0,0.0,0.0,2022,0.859771728515625,9.337197303771973,0.726226806640625,0.308502197265625,76.25,174.75,east_siberian
2022-08-04 08:00:00,3594,76.23894349999999,174.86630833333334,0.14,99.1,11.1,23.0,267.1672531484015,993.53,198.25161380118828,0.262246388953339,104.87495067776266,0.0,0.0,0.0,0.0,2022,0.859771728515625,9.337197303771973,0.726226806640625,0.308502197265625,76.25,174.75,east_siberian
2022-08-04 09:00:00,3593,76.2360915,174.89646033333332,0.14,99.1,10.5,21.6,271.52137401003034,993.68,197.9901753506809,0.2178131611356626,119.74667639956198,0.0,0.0,0.0,0.0,2022,0.266998291015625,7.955214977264404,0.71661376953125,-0.198822021484375,76.25,175.0,east_siberian
2022-08-04 10:00:00,3595,76.23221749999999,174.91810216666667,0.11,99.1,9.7,20.3,277.07843539982343,993.57,197.5528512054383,0.1795061468934173,135.0808856009599,0.0,0.0,0.0,0.0,2022,0.266998291015625,7.955214977264404,0.71661376953125,-0.198822021484375,76.25,175.0,east_siberian
2022-08-04 11:00:00,3597,76.22812433333334,174.9313985,0.09,99.1,9.1,19.7,281.20756291020484,993.46,197.20989713287136,0.1370438736686607,150.04031072154422,0.0,0.0,0.0,0.0,2022,0.266998291015625,7.955214977264404,0.71661376953125,-0.198822021484375,76.25,175.0,east_siberian
2022-08-04 12:00:00,3597,76.2245905,174.9363075,0.02,99.2,8.1,16.6,285.4334197181528,993.27,197.0562135096604,0.0970001826668695,176.75781833926663,0.0,0.0,0.0,0.0,2022,0.266998291015625,7.955214977264404,0.71661376953125,-0.198822021484375,76.25,175.0,east_siberian
2022-08-04 13:00:00,3594,76.222197,174.93458925000002,-0.07,99.2,7.4,16.4,284.9109955203514,993.16,196.7729827645924,0.0542440765644112,214.10594068670903,0.0,0.0,0.0,0.0,2022,0.266998291015625,7.955214977264404,0.71661376953125,-0.198822021484375,76.25,175.0,east_siberian
2022-08-04 14:00:00,3593,76.22178266666667,174.9299405,-0.15,99.2,7.3,14.9,281.51856986503026,992.9,196.3975229450945,0.0412597207079976,299.7750190027131,0.0,0.0,0.0,0.0,2022,0.266998291015625,7.955214977264404,0.71661376953125,-0.198822021484375,76.25,175.0,east_siberian
2022-08-04 15:00:00,3591,76.22350166666666,174.92682716666664,-0.22,99.2,6.9,13.6,278.11136988113583,992.48,196.19977722082768,0.0806295108992126,352.703449814817,0.0,0.0,0.0,0.0,2022,0.098541259765625,6.219705104827881,0.71661376953125,-0.331634521484375,76.25,175.0,east_siberian
2022-08-04 16:00:00,3591,76.22683483333334,174.928922,-0.23,99.2,7.1,13.9,281.6955036968368,992.33,195.9840155861634,0.1266123591392064,21.44134808653933,0.0,0.0008354218880534,0.0,0.0,2022,0.098541259765625,6.219705104827881,0.71661376953125,-0.331634521484375,76.25,175.0,east_siberian
2022-08-04 17:00:00,3594,76.23059566666666,174.93963916666667,-0.27,99.2,6.4,12.1,278.3049232367307,992.3,195.79120756653165,0.1508255330047317,44.565786633066445,0.0,0.0,0.0,0.0,2022,0.098541259765625,6.219705104827881,0.71661376953125,-0.331634521484375,76.25,175.0,east_siberian
2022-08-04 18:00:00,3594,76.23366741666666,174.95709441666668,-0.28,99.2,6.3,11.6,275.0551017842532,992.11,195.69999999999996,0.1732363505711981,61.18003091834868,0.0,0.0,0.0,0.0,2022,0.098541259765625,6.219705104827881,0.71661376953125,-0.331634521484375,76.25,175.0,east_siberian
2022-08-04 19:00:00,3590,76.23576041666666,174.9793990833333,-0.35,99.0,6.5,15.5,267.72254052147093,991.85,195.76972145269536,0.1791329849658627,75.1173917669647,0.0,0.0,0.0,0.0,2022,0.098541259765625,6.219705104827881,0.71661376953125,-0.331634521484375,76.25,175.0,east_siberian
2022-08-04 20:00:00,3595,76.23659599999999,175.0033525,-0.37,98.1,6.1,10.8,267.04968945664075,991.77,195.69988873433385,0.1711695773786586,88.03501622448655,0.0,0.0,0.0,0.0,2022,0.098541259765625,6.219705104827881,0.71661376953125,-0.331634521484375,76.25,175.0,east_siberian
2022-08-04 21:00:00,3592,76.23624525,175.02401775,-0.3,97.8,5.8,14.3,259.9414186369573,991.51,195.4186248250047,0.131192032637784,100.56289824186958,0.0,0.0,0.0,0.0,2022,0.579010009765625,6.177703380584717,0.7218017578125,-0.234954833984375,76.25,175.0,east_siberian
2022-08-04 22:00:00,3599,76.23524916666666,175.04026016666666,-0.31,98.3,6.3,12.6,269.5930846298117,991.43,194.93595441072236,0.1197136318825664,108.86727430191787,0.0,0.0,0.0,0.0,2022,0.579010009765625,6.177703380584717,0.7218017578125,-0.234954833984375,76.25,175.0,east_siberian
2022-08-04 23:00:00,3594,76.23389941666667,175.0527378333333,-0.31,98.6,6.1,12.8,256.6429226047369,991.06,194.68608793785305,0.0771293705443225,118.10434645151854,0.0,0.0,0.0,0.0,2022,0.579010009765625,6.177703380584717,0.7218017578125,-0.234954833984375,76.25,175.0,east_siberian
2022-08-05 00:00:00,3590,76.23317716666666,175.05978358333334,-0.27,98.8,6.3,12.9,260.3960183098857,990.72,194.1133425894649,0.04005409347519,96.5671319529016,0.0,0.0,0.0,0.0,2022,0.579010009765625,6.177703380584717,0.7218017578125,-0.234954833984375,76.25,175.0,east_siberian
2022-08-05 01:00:00,3586,76.23346558333333,175.06417025000002,-0.265,98.9,5.9,13.4,260.88665282579746,990.49,193.6130507214331,0.0364755387287547,47.82378276200173,0.0,0.0,0.0,0.0,2022,0.579010009765625,6.177703380584717,0.7218017578125,-0.234954833984375,76.25,175.0,east_siberian
2022-08-05 02:00:00,3598,76.234896,175.06703325,-0.27,99.0,5.6,8.8,257.02909832806836,990.38,193.35897721118104,0.0670917804815938,16.825871513242443,0.0,0.0,0.0,0.0,2022,0.579010009765625,6.177703380584717,0.7218017578125,-0.234954833984375,76.25,175.0,east_siberian
2022-08-05 03:00:00,3591,76.23753833333333,175.07040466666663,-0.24,99.0,5.4,11.8,264.38772101170025,990.19,193.05499860969087,0.1079613585277122,21.891624339707572,0.0,0.0,0.0,0.0,2022,0.551422119140625,5.28626012802124,0.7218017578125,0.315582275390625,76.25,175.0,east_siberian
2022-08-05 04:00:00,3592,76.24090275,175.07898891666667,-0.28,99.1,5.4,11.8,276.0761235755849,990.19,192.7076558919991,0.1350403506754019,41.66081912872581,0.0,0.0,0.0,0.0,2022,0.551422119140625,5.28626012802124,0.7218017578125,0.315582275390625,76.25,175.0,east_siberian
2022-08-05 05:00:00,3592,76.24378633333333,175.09498041666666,-0.43,99.1,5.4,11.3,282.6708937021014,990.16,192.276113591396,0.1620655893769123,62.090246891366235,0.0,0.0,0.0,0.0,2022,0.551422119140625,5.28626012802124,0.7218017578125,0.315582275390625,76.25,175.0,east_siberian
2022-08-05 06:00:00,3596,76.24570558333333,175.11704549999996,-0.56,99.1,5.4,10.5,283.1960151515188,990.27,191.81101221810005,0.181256397936746,76.27627878264332,0.0,0.0,0.0,0.0,2022,0.551422119140625,5.28626012802124,0.7218017578125,0.315582275390625,76.25,175.0,east_siberian
2022-08-05 07:00:00,3595,76.24633466666667,175.14230149999997,-0.59,99.1,5.3,11.8,289.53824368155824,990.42,191.65065368584044,0.1942024067309814,91.46229967704056,0.0,0.0,0.0,0.0,2022,0.531890869140625,5.292666435241699,0.7117919921875,0.305816650390625,76.25,175.25,east_siberian
2022-08-05 08:00:00,3593,76.24535566666667,175.16812483333337,-0.63,99.0,5.1,10.6,291.8275630416625,990.68,191.28605625216855,0.1910754790512864,107.7417117526926,0.0,0.0,0.0,0.0,2022,0.531890869140625,5.292666435241699,0.7117919921875,0.305816650390625,76.25,175.25,east_siberian
2022-08-05 09:00:00,3594,76.24263341666666,175.19175058333332,-0.67,99.0,5.5,11.0,302.91221568834726,990.87,190.79482470180096,0.1969174008556539,123.6849415429074,0.0,0.0,0.0,0.0,2022,-0.368011474609375,4.962926387786865,0.7117919921875,-0.983734130859375,76.25,175.25,east_siberian
2022-08-05 10:00:00,3595,76.23822666666666,175.21313750000002,-1.13,98.9,6.1,11.8,319.07295855518095,991.1,190.4151043258556,0.218743489002147,137.79030150452712,0.0,0.0,0.0,0.0,2022,-0.368011474609375,4.962926387786865,0.7117919921875,-0.983734130859375,76.25,175.25,east_siberian
2022-08-05 11:00:00,3592,76.23242716666667,175.22993516666665,-0.91,98.9,6.0,12.0,320.1755498460615,991.21,189.92940124864015,0.2160634683560308,153.18471350908817,0.0005567928730512,0.0,0.0002783964365256,0.0,2022,-0.368011474609375,4.962926387786865,0.7117919921875,-0.983734130859375,76.25,175.25,east_siberian
2022-08-05 12:00:00,3594,76.22618475,175.23900125,-1.05,98.8,5.0,11.8,310.1517609382551,991.28,189.27682250308104,0.1920304680620002,169.14100449780105,0.0,0.0,0.0,0.0,2022,-0.368011474609375,4.962926387786865,0.7117919921875,-0.983734130859375,76.25,175.25,east_siberian
2022-08-05 13:00:00,3593,76.22064633333333,175.24014083333333,-0.85,98.8,5.4,11.8,282.8586272078584,991.13,188.4671304102748,0.1427793872371433,184.8209746736317,0.0,0.0,0.0,0.0,2022,-0.368011474609375,4.962926387786865,0.7117919921875,-0.983734130859375,76.25,175.25,east_siberian
2022-08-05 14:00:00,3596,76.2172865,175.23714216666667,-0.8,98.9,5.8,13.0,286.1417897071002,990.98,187.7805617151912,0.0760049748401256,198.38148744959872,0.0,0.0,0.0,0.0,2022,-0.368011474609375,4.962926387786865,0.7117919921875,-0.983734130859375,76.25,175.25,east_siberian
2022-08-05 15:00:00,3594,76.21544700000001,175.2349271666667,-0.99,98.8,5.3,19.9,290.3436466634199,990.94,187.19379525199776,0.0428952412186687,191.48154940133597,0.0,0.0,0.0,0.0,2022,-0.049896240234375,5.555459976196289,0.7117919921875,-0.542572021484375,76.25,175.25,east_siberian
2022-08-05 16:00:00,3590,76.21482716666667,175.234515,-0.94,98.8,5.1,10.8,277.70283786486357,990.91,186.79766016723016,0.0130262725858757,99.74270778043784,0.0,0.0,0.0,0.0,2022,-0.049896240234375,5.555459976196289,0.7117919921875,-0.542572021484375,76.25,175.25,east_siberian
2022-08-05 17:00:00,3594,76.21536075,175.23729475,-0.9,98.8,4.9,10.3,279.1132009338092,990.98,186.6063995521617,0.0483825903975623,53.10284640458045,0.0,0.0,0.0,0.0,2022,-0.049896240234375,5.555459976196289,0.7117919921875,-0.542572021484375,76.25,175.25,east_siberian
2022-08-05 18:00:00,3595,76.2162905,175.24415616666664,-0.87,98.8,4.4,9.6,286.8523401781621,990.94,186.45357441562115,0.069342619235331,70.35482531697521,0.0,0.0,0.0,0.0,2022,-0.049896240234375,5.555459976196289,0.7117919921875,-0.542572021484375,76.25,175.25,east_siberian
2022-08-05 19:00:00,3595,76.21657083333334,175.2549163333333,-0.85,98.8,3.9,8.3,296.07714098348123,991.02,185.98534074994143,0.0889853710410844,98.22540628256402,0.0,0.0,0.0,0.0,2022,-0.049896240234375,5.555459976196289,0.7117919921875,-0.542572021484375,76.25,175.25,east_siberian
2022-08-05 20:00:00,3595,76.21758683333334,175.27210950000003,-1.27,98.6,4.0,7.0,307.30068777382166,991.21,199.23997034192712,0.1186997941622662,131.65236670383425,0.0,0.0,0.0,0.0,2022,-0.049896240234375,5.555459976196289,0.7117919921875,-0.542572021484375,76.25,175.25,east_siberian
2022-08-05 21:00:00,3590,76.21498433333333,175.28348225000002,-1.51,98.4,3.8,13.2,328.3871416342554,991.55,166.9558601006033,0.1136137856539034,140.54659673278354,0.0002785515320334,0.0,0.0002785515320334,0.0,2022,0.610992431640625,4.4159417152404785,0.713165283203125,-0.969818115234375,76.25,175.25,east_siberian
2022-08-05 22:00:00,3597,76.21008316666666,175.29105016666665,-1.62,98.2,3.8,7.0,328.3691206126475,991.92,161.40891445357315,0.2034798324212594,165.78748278862534,0.0,0.0,0.0,0.0,2022,0.610992431640625,4.4159417152404785,0.713165283203125,-0.969818115234375,76.25,175.25,east_siberian
2022-08-05 23:00:00,3596,76.20387158333332,175.29268066666663,-1.49,98.2,4.6,8.8,334.06799201151296,992.07,168.61012234698907,0.1971146238454441,181.3082691737537,0.0,0.0,0.0,0.0,2022,0.610992431640625,4.4159417152404785,0.713165283203125,-0.969818115234375,76.25,175.25,east_siberian
2022-08-06 00:00:00,3084,76.19798825000001,175.28891391666667,-1.58,98.1,5.4,9.0,334.9575914739971,992.3,169.3241078604327,0.2311357644316582,195.65856501595823,0.0003242542153047,0.0,0.0,0.0,2022,0.610992431640625,4.4159417152404785,0.713165283203125,-0.969818115234375,76.25,175.25,east_siberian
2022-08-06 01:00:00,3001,76.19168966666666,175.27958499999997,-2.05,97.8,5.4,13.1,330.4749058230359,992.48,182.9502904155648,0.2049848561786985,209.01265920246388,0.0003332222592469,0.0,0.0003332222592469,0.0,2022,0.610992431640625,4.4159417152404785,0.713165283203125,-0.969818115234375,76.25,175.25,east_siberian
2022-08-06 02:00:00,3590,76.10859375,175.02480491666668,-2.18,97.6,10.1,20.8,271.33075907277663,991.58,238.76689947120033,6.305721424572115,241.15924167198068,0.0,0.0,0.0,0.0,2022,0.603179931640625,4.724661827087402,0.7064208984375,-0.864349365234375,76.0,175.0,east_siberian
2022-08-06 03:00:00,3595,76.05669833333333,174.3703501666667,-1.71,97.7,10.3,19.6,285.7602540821463,992.03,240.49653890669052,5.285917562603491,242.06875795560305,0.0,0.0,0.0,0.0,2022,0.735015869140625,4.991042613983154,0.728363037109375,-0.110198974609375,76.0,174.25,east_siberian
2022-08-06 04:00:00,3596,76.001175,173.85087375,-1.72,97.6,10.3,23.7,293.1403970911109,992.3,250.97519886920423,5.301269592866894,250.8258778878578,0.0,0.0,0.0,0.0,2022,0.776031494140625,5.111913681030273,0.74493408203125,-0.065277099609375,76.0,173.75,east_siberian
2022-08-06 05:00:00,3597,75.97745966666666,173.55121133333336,-1.68,97.6,7.6,15.1,320.03251181791796,993.57,292.4033012609242,0.0034545671900975,345.39933830246946,0.0,0.0,0.0,0.0,2022,0.795562744140625,5.178958892822266,0.753265380859375,-0.043792724609375,76.0,173.5,east_siberian
2022-08-06 06:00:00,3597,75.98050166666667,173.58063200000004,-1.67,97.6,7.1,14.2,325.33118110050776,993.91,292.6681952821251,0.0047887999786051,102.69561949133788,0.0,0.0,0.0,0.0,2022,0.795562744140625,5.178958892822266,0.753265380859375,-0.043792724609375,76.0,173.5,east_siberian
2022-08-06 07:00:00,3596,75.980467,173.58146100000002,-1.89,97.3,6.3,11.4,331.29512263898414,994.44,292.9969966576777,0.0013453864447421,83.92452387094664,0.0,0.0,0.0,0.0,2022,0.795562744140625,5.178958892822266,0.753265380859375,-0.043792724609375,76.0,173.5,east_siberian
2022-08-06 08:00:00,3596,75.98046683333334,173.58146699999998,-1.85,97.3,6.2,12.7,330.8760462898007,994.62,299.1443277993227,0.0024631284096265,190.91112622465312,0.0,0.0,0.0,0.0,2022,0.795562744140625,5.178958892822266,0.753265380859375,-0.043792724609375,76.0,173.5,east_siberian
2022-08-06 09:00:00,3595,75.92468433333333,173.58119200000002,-2.01,97.0,8.4,16.1,279.9137951445233,995.19,169.56348704059067,5.18485571112144,181.841163309667,0.0,0.0005563282336578,0.0,0.0,2022,-0.235198974609375,5.187456130981445,0.753265380859375,-0.716888427734375,76.0,173.5,east_siberian
2022-08-06 10:00:00,3024,75.7890455,173.47940033333333,-2.0,97.1,8.6,17.8,263.66499593325443,995.6,175.73021174182395,5.499445727959632,179.23681551737013,0.0006613756613756,0.0,0.0003306878306878,0.0,2022,-0.239105224609375,5.132583141326904,0.71295166015625,-0.765716552734375,75.75,173.5,east_siberian
2022-08-06 11:00:00,3591,75.63009316666667,173.583695,-2.1,96.5,8.1,12.8,290.6808889165109,996.05,165.56236912733763,4.8922272670609495,167.8654003960935,0.0,0.0,0.0,0.0,2022,-0.239105224609375,5.132583141326904,0.71295166015625,-0.765716552734375,75.75,173.5,east_siberian
2022-08-06 12:00:00,3596,75.46044508333333,173.64251983333332,-2.17,96.7,9.2,16.4,229.40684270550005,996.2,183.9712259427953,6.419918235448765,185.11595265419535,0.0,0.0005561735261401,0.0,0.0,2022,-0.266448974609375,4.94883918762207,0.66619873046875,-0.800872802734375,75.5,173.75,east_siberian
2022-08-06 13:00:00,3593,75.29501816666667,173.6928616666667,-1.99,97.2,9.6,16.7,227.66843359613827,996.24,170.64775874720002,6.513596352792396,173.53756800683988,0.0,0.0,0.0,0.0,2022,-0.266448974609375,4.9157328605651855,0.628692626953125,-0.820404052734375,75.25,173.75,east_siberian
2022-08-06 14:00:00,3595,75.13997866666666,173.578754,-1.62,97.6,9.5,15.1,239.64983155148525,996.39,185.41009567593545,6.1457782959067755,187.93365281293396,0.0,0.0,0.0,0.0,2022,-0.260589599609375,4.971925258636475,0.635589599609375,-0.812591552734375,75.25,173.5,east_siberian
2022-08-06 15:00:00,3597,75.05013699999999,173.51650800000002,-1.54,97.9,6.8,17.7,324.985787166937,996.35,277.5189148871688,0.2520437434752414,222.47724645943651,0.0,0.0,0.0,0.0,2022,-0.274261474609375,6.18076229095459,0.608978271484375,-0.748382568359375,75.0,173.5,east_siberian
2022-08-06 16:00:00,3597,75.04551983333334,173.4627285,-1.64,97.9,5.6,11.8,351.0490863584304,996.8,231.4829996929275,0.0717618302047361,249.0080981758171,0.0,0.0,0.0,0.0,2022,-0.274261474609375,6.18076229095459,0.608978271484375,-0.748382568359375,75.0,173.5,east_siberian
2022-08-06 17:00:00,3596,75.04256783333334,173.44691333333333,-1.62,97.9,5.3,11.0,7.404154775752894,997.06,233.2362978917593,0.004236711197575,223.6590628536364,0.0,0.0,0.0,0.0,2022,-0.274261474609375,6.18076229095459,0.608978271484375,-0.748382568359375,75.0,173.5,east_siberian
2022-08-06 18:00:00,3596,75.03909725,173.42868466666664,-1.71,97.6,5.3,10.8,13.472082977033375,997.18,218.90221384185577,0.0241507309750306,227.57155895066512,0.0,0.0,0.0,0.0,2022,-0.274261474609375,6.18076229095459,0.608978271484375,-0.748382568359375,75.0,173.5,east_siberian
2022-08-06 19:00:00,3596,75.0359285,173.41537658333334,-1.58,98.0,6.3,11.8,354.0569206381169,997.48,45.17063418241015,0.0076066043275516,214.99584950361913,0.0,0.0,0.0,0.0,2022,-0.274261474609375,6.18076229095459,0.608978271484375,-0.748382568359375,75.0,173.5,east_siberian
2022-08-06 20:00:00,3598,75.035926,173.41536700000003,-1.29,98.2,6.8,11.6,1.2309503253904608,997.78,45.16914948245811,0.0033102686794708,217.5454938255664,0.0,0.0,0.0,0.0,2022,-0.274261474609375,6.18076229095459,0.608978271484375,-0.748382568359375,75.0,173.5,east_siberian
2022-08-06 21:00:00,3594,75.00804333333332,173.4282003333333,-1.13,98.3,6.8,14.1,16.832297971497987,998.08,110.96330538177068,1.6305256023558363,187.2855922885908,0.0,0.0,0.0,0.0,2022,0.290435791015625,6.822151184082031,0.668853759765625,-1.435638427734375,75.0,173.5,east_siberian
2022-08-06 22:00:00,3594,74.97718566666667,173.28575316666667,-1.57,97.8,4.2,15.6,128.81813075358048,998.79,224.16366474280557,6.0628376158132,226.03384372844485,0.0,0.0,0.0,0.0002782415136338,2022,0.272857666015625,7.001520156860352,0.673583984375,-1.355560302734375,75.0,173.25,east_siberian
2022-08-06 23:00:00,3590,74.8119305,172.97214241666666,-1.41,97.3,5.1,10.0,183.36023847327724,999.47,194.24987052632696,6.317868441615284,197.01604373724163,0.0,0.0,0.0,0.0,2022,0.261138916015625,7.477051734924316,0.653656005859375,-1.216888427734375,74.75,173.0,east_siberian
2022-08-07 00:00:00,3582,74.66475016666666,172.66174725000002,-1.67,96.7,4.4,15.9,11.677037135301298,999.92,241.1810507968076,5.744284911101511,242.49037442574996,0.0,0.0,0.0,0.0,2022,0.276763916015625,7.629746913909912,0.65576171875,-1.240325927734375,74.75,172.75,east_siberian
2022-08-07 01:00:00,3590,74.66134016666666,172.38352058333334,-1.4,95.7,7.4,21.6,33.747035809297515,1000.74,262.2242865564997,0.4567282961986099,237.2024270379679,0.0,0.0,0.0,0.0,2022,0.292388916015625,7.781661510467529,0.657867431640625,-1.257904052734375,74.75,172.5,east_siberian
2022-08-07 02:00:00,3593,74.6052655,172.06428466666668,-0.94,96.6,5.0,18.3,343.6157011631023,1001.34,240.65476512167913,5.814679480946911,240.55168638689088,0.0,0.0,0.0,0.0,2022,0.325592041015625,8.02925968170166,0.651031494140625,-0.826263427734375,74.5,172.0,east_siberian
2022-08-07 03:00:00,3575,74.50269133333333,171.54696066666668,-0.83,96.9,2.8,13.5,225.86601440405184,1002.62,205.84192418535207,5.906412436725542,209.90853835348656,0.0011188811188811,0.0005594405594405,0.0005594405594405,0.0,2022,0.582916259765625,7.239994049072266,0.648162841796875,-0.446624755859375,74.5,171.5,east_siberian
2022-08-07 04:00:00,3591,74.36404983333334,171.231315,-0.72,97.0,8.7,21.6,2.9693532341307507,1003.22,181.18613207837305,2.5266322868347615,197.73649769747817,0.0,0.0,0.0,0.0,2022,0.582916259765625,7.538885593414307,0.64056396484375,-0.511077880859375,74.25,171.25,east_siberian
2022-08-07 05:00:00,3596,74.35363000000001,171.23820116666667,-0.62,94.6,9.6,18.1,17.902846715652664,1003.97,115.92321922396174,0.1504528453257154,201.22589691320852,0.0,0.0,0.0,0.0,2022,0.582916259765625,7.538885593414307,0.64056396484375,-0.511077880859375,74.25,171.25,east_siberian
2022-08-07 06:00:00,3596,74.3507645,171.23397699999998,-0.57,95.0,9.9,17.3,2.5091916565104944,1004.08,302.8258549006185,0.0096052187058461,218.42812392412088,0.0,0.0,0.0,0.0,2022,0.582916259765625,7.538885593414307,0.64056396484375,-0.511077880859375,74.25,171.25,east_siberian
2022-08-07 07:00:00,3595,74.23480500000001,171.05691966666666,-0.53,96.6,7.0,14.7,327.48085758851585,1005.36,208.1967641602355,5.264914070114002,210.2493836758774,0.0,0.0,0.0,0.0,2022,0.600494384765625,7.605478286743164,0.6385498046875,-0.497406005859375,74.25,171.0,east_siberian
2022-08-07 08:00:00,3592,74.13871608333332,170.63120041666667,-0.57,97.9,10.1,23.5,339.4571936513003,1005.73,221.0913235287547,4.942170262201437,220.86012632125076,0.0,0.0,0.0,0.0,2022,0.614166259765625,7.657567024230957,0.63153076171875,-0.477874755859375,74.25,170.75,east_siberian
2022-08-07 09:00:00,3599,74.04826150000001,170.175559,-0.54,97.7,8.8,20.1,337.06878804746896,1006.15,258.9202057018284,5.85142954443091,252.1570590109452,0.0,0.0,0.0,0.0,2022,-0.048431396484375,8.592955589294434,0.60174560546875,-0.716400146484375,74.0,170.25,east_siberian
2022-08-07 10:00:00,3589,74.02508733333335,169.97748633333333,-0.58,97.6,12.1,23.1,355.99702417289296,1006.52,355.0697428598174,0.006248047872234,174.2907216979797,0.0002786291446085,0.0,0.0002786291446085,0.0,2022,-0.054290771484375,8.622913360595703,0.5943603515625,-0.737884521484375,74.0,170.0,east_siberian
2022-08-07 11:00:00,3597,74.01565183333334,169.98089083333332,-0.67,97.4,12.5,22.8,353.0560606436929,1006.75,351.95705351907293,0.0074047241507312,184.5659391220289,0.0,0.0,0.0,0.0,2022,-0.054290771484375,8.622913360595703,0.5943603515625,-0.737884521484375,74.0,170.0,east_siberian
2022-08-07 12:00:00,3594,74.00634033333334,169.99381158333335,-0.92,98.2,12.4,24.4,352.1747869589776,1006.67,341.72619780123705,0.1420907687269801,153.6778294475626,0.0,0.0,0.0,0.0,2022,-0.054290771484375,8.622913360595703,0.5943603515625,-0.737884521484375,74.0,170.0,east_siberian
2022-08-07 13:00:00,3597,73.99868916666667,170.0087035,-1.05,98.5,12.8,25.6,355.20579941421755,1006.6,340.02363161384574,0.1976054063430418,149.9674717146041,0.0,0.0,0.0,0.0,2022,-0.054290771484375,8.622913360595703,0.5943603515625,-0.737884521484375,74.0,170.0,east_siberian
2022-08-07 14:00:00,3596,73.99147408333334,170.01885808333333,-1.26,98.5,12.6,20.3,355.25200390620546,1006.82,333.08990598351414,0.2508651429462497,168.4317539825302,0.0,0.0,0.0,0.0,2022,-0.054290771484375,8.622913360595703,0.5943603515625,-0.737884521484375,74.0,170.0,east_siberian
2022-08-07 15:00:00,3595,73.97416166666667,170.01998050000003,-1.4,98.3,12.9,24.3,6.525925765745164,1007.05,117.86449688841616,1.2644909532635578,125.98113486920442,0.0,0.0,0.0,0.0,2022,-0.762542724609375,10.333856582641602,0.5943603515625,-1.699066162109375,74.0,170.0,east_siberian
2022-08-07 16:00:00,3595,73.94677416666667,170.05793133333336,-1.67,98.2,12.8,24.6,4.591773776834648,1007.12,181.6099379587301,0.6009182184839464,182.31491603700584,0.0,0.0,0.0,0.0,2022,-0.762542724609375,10.333856582641602,0.5943603515625,-1.699066162109375,74.0,170.0,east_siberian
2022-08-07 17:00:00,3597,73.93679316666666,170.05767450000002,-1.82,97.2,14.6,25.0,358.71875161610666,1006.82,338.568231939114,0.5133857657978472,183.2315060202706,0.0,0.0,0.0,0.0,2022,-0.762542724609375,10.333856582641602,0.5943603515625,-1.699066162109375,74.0,170.0,east_siberian
2022-08-07 18:00:00,3596,73.91862033333334,170.04834566666668,-1.52,97.1,14.1,28.3,8.308854299252522,1006.97,352.57268212950515,0.0059129882625802,240.332844570369,0.0,0.0,0.0,0.0,2022,-0.762542724609375,10.333856582641602,0.5943603515625,-1.699066162109375,74.0,170.0,east_siberian
2022-08-07 19:00:00,3599,73.915853,170.06464599999998,-0.82,96.6,13.1,21.5,12.849838704219618,1007.72,81.01828747086377,2.3384792475374683,155.79243357993053,0.0,0.0,0.0,0.0,2022,-0.762542724609375,10.333856582641602,0.5943603515625,-1.699066162109375,74.0,170.0,east_siberian
2022-08-07 20:00:00,3599,73.8931525,170.0771515,-0.64,97.2,13.2,24.4,16.313170788130588,1007.57,58.30899431154852,2.159608892694074,87.20288197101331,0.0,0.0,0.0,0.0,2022,-0.762542724609375,10.333856582641602,0.5943603515625,-1.699066162109375,74.0,170.0,east_siberian
2022-08-07 21:00:00,3598,73.91115066666666,170.50462725,-0.92,97.4,11.0,24.0,38.94242703264338,1007.53,64.97932092111917,5.954514939222803,67.49839083523081,0.0,0.0,0.0,0.0,2022,0.387359619140625,9.390254020690918,0.648590087890625,-0.551116943359375,74.0,170.5,east_siberian
2022-08-07 22:00:00,3589,74.006326,170.9695038333333,-1.05,97.7,12.0,30.2,21.637745460540263,1007.16,56.30187904993298,4.888016245281463,58.13917545207603,0.0,0.0,0.0,0.0,2022,0.303375244140625,9.834620475769043,0.647003173828125,-0.605804443359375,74.0,171.0,east_siberian
2022-08-07 23:00:00,3360,74.08634916666666,171.46623625,-0.99,98.2,11.1,33.2,41.751624813487155,1007.05,54.670900965231354,5.322486476663785,56.918009583673026,0.000595238095238,0.0,0.000297619047619,0.0,2022,0.291656494140625,9.94936466217041,0.632659912109375,-0.574554443359375,74.0,171.5,east_siberian
2022-08-08 00:00:00,3594,74.18972375,171.81412891666668,-0.77,98.1,11.4,32.8,56.168578624906054,1006.75,54.03127751243494,6.223488189387096,56.10188340558022,0.0,0.0,0.0,0.0,2022,0.320953369140625,10.066229820251465,0.628997802734375,-0.492523193359375,74.25,171.75,east_siberian
2022-08-08 01:00:00,3589,74.2240495,172.41224383333332,-0.8,97.7,9.3,26.4,54.30970916650362,1006.56,45.54210630999243,5.982171580985562,48.06324761180027,0.0,0.0,0.0,0.0,2022,0.322906494140625,9.867496490478516,0.6129150390625,-0.416351318359375,74.25,172.5,east_siberian
2022-08-08 02:00:00,3595,74.3324805,172.66323416666668,-0.69,97.5,8.9,23.2,77.89209385881534,1007.23,69.89980674573816,6.0822372889648255,70.6427238398198,0.0,0.0,0.0,0.0,2022,0.330718994140625,9.871848106384277,0.608062744140625,-0.392913818359375,74.25,172.75,east_siberian
2022-08-08 03:00:00,3595,74.38477183333333,173.24028366666667,-0.55,98.0,8.5,21.9,72.41866141030945,1007.05,59.28434303310891,6.027319006298313,59.74385276847051,0.0,0.0,0.0,0.0,2022,0.518951416015625,6.137606620788574,0.602264404296875,-0.010589599609375,74.5,173.25,east_siberian
2022-08-08 04:00:00,3593,74.49300050000001,173.71090066666667,-0.39,98.2,9.3,25.0,66.57293379808233,1007.05,43.443957791337645,5.951171579769016,40.868019503806366,0.0,0.0,0.0,0.0,2022,0.485748291015625,5.7714152336120605,0.588592529296875,-0.024261474609375,74.5,173.75,east_siberian
2022-08-08 05:00:00,3586,74.58810183333333,174.2265068333333,-0.35,98.6,9.0,22.5,75.7843786148541,1007.84,59.95258851982223,5.692564350311214,56.98931235390033,0.0,0.0,0.0,0.0,2022,0.446685791015625,5.366328239440918,0.570037841796875,-0.045745849609375,74.5,174.25,east_siberian
2022-08-08 06:00:00,3593,74.67282366666667,174.72880049999998,-0.29,98.8,5.9,20.7,47.67520463559402,1008.89,79.77387539570178,1.3623496762129572,56.01309363519965,0.0,0.0,0.0,0.0002783189535207,2022,0.450592041015625,4.9462890625,0.56201171875,-0.014495849609375,74.75,174.75,east_siberian
2022-08-08 07:00:00,3593,74.6750395,174.72912899999997,-0.22,98.8,5.7,15.6,26.853923663518973,1009.26,131.6707915176344,0.2670210708337591,242.89545738959652,0.0,0.0,0.0,0.0,2022,0.450592041015625,4.9462890625,0.56201171875,-0.014495849609375,74.75,174.75,east_siberian
2022-08-08 08:00:00,3592,74.68149933333333,174.68768283333333,-0.35,98.9,5.4,15.0,5.615127954546171,1009.71,327.20736899718753,0.7277176463756586,266.1220947530718,0.0,0.0,0.0,0.0,2022,0.450592041015625,4.9462890625,0.56201171875,-0.014495849609375,74.75,174.75,east_siberian
2022-08-08 09:00:00,3592,74.68524308333333,174.68888358333334,-0.36,99.0,5.4,15.8,5.95301234791582,1010.16,343.42303944087286,0.0843526232018336,38.471459536184035,0.0,0.0,0.0,0.0,2022,-0.085540771484375,3.9140703678131104,0.56201171875,-0.366302490234375,74.75,174.75,east_siberian
2022-08-08 10:00:00,3594,74.69103066666666,174.654181,-0.36,99.1,5.6,11.6,350.2412042333345,1010.61,347.95317235523413,0.003418238424389,150.53912099067762,0.0,0.0,0.0,0.0,2022,-0.085540771484375,3.9140703678131104,0.56201171875,-0.366302490234375,74.75,174.75,east_siberian
2022-08-08 11:00:00,3598,74.6888375,174.656817,-0.39,99.1,5.4,9.6,343.7139060019076,1010.69,348.48877156476726,0.0024051951169459,301.2367360660693,0.0,0.0,0.0,0.0,2022,-0.085540771484375,3.9140703678131104,0.56201171875,-0.366302490234375,74.75,174.75,east_siberian
2022-08-08 12:00:00,3596,74.68664466666667,174.66434233333337,-0.43,99.2,5.1,9.0,345.8635643510096,1010.8,81.69832853833927,0.0078019802173473,116.37447857431542,0.0,0.0,0.0,0.0,2022,-0.085540771484375,3.9140703678131104,0.56201171875,-0.366302490234375,74.75,174.75,east_siberian
2022-08-08 13:00:00,3594,74.69190783333335,174.61566541666664,-0.45,99.2,5.8,16.0,340.7266502155708,1010.73,311.55548601390296,0.1348734091576364,296.55105887051815,0.0,0.0,0.0,0.0,2022,-0.064056396484375,3.9389514923095703,0.571044921875,-0.350677490234375,74.75,174.5,east_siberian
2022-08-08 14:00:00,3563,74.69485716666667,174.603706,-0.42,99.2,6.1,13.3,337.42715583038625,1010.84,7.424321960587314,0.3332537723434566,259.2679812533645,0.0016839741790625,0.000280662363177,0.0011226494527083,0.0,2022,-0.064056396484375,3.9389514923095703,0.571044921875,-0.350677490234375,74.75,174.5,east_siberian
2022-08-08 15:00:00,3552,74.701004,174.5246676666667,-0.5,99.3,5.8,17.7,344.5853898474595,1011.06,257.95193162611696,0.5550058161325199,245.17584150969867,0.0039414414414414,0.0008445945945945,0.0022522522522522,0.0,2022,-0.051605224609375,4.839618682861328,0.571044921875,-0.298187255859375,74.75,174.5,east_siberian
2022-08-08 16:00:00,3595,74.72703133333333,174.6098831666667,-0.5,99.3,5.1,17.7,351.3018001102708,1010.84,43.865625909229216,5.069873481928505,47.08242111241431,0.0,0.0,0.0,0.0,2022,-0.051605224609375,4.839618682861328,0.571044921875,-0.298187255859375,74.75,174.5,east_siberian
2022-08-08 17:00:00,3598,74.87589483333335,174.812881,-0.43,99.2,6.2,31.9,339.52408748124236,1009.75,8.802396666363892,6.515268145215068,7.369777405188811,0.0,0.0,0.0,0.0,2022,-0.018402099609375,4.97725248336792,0.589385986328125,-0.264984130859375,75.0,174.75,east_siberian
2022-08-08 18:00:00,3591,75.05150983333333,174.8706385,-0.18,99.2,5.9,21.2,339.5981754110218,1009.67,15.689049709927655,5.938314643019595,12.925588520125451,0.0,0.0,0.0,0.0,2022,-0.018402099609375,4.97725248336792,0.589385986328125,-0.264984130859375,75.0,174.75,east_siberian
2022-08-08 19:00:00,3592,75.19620325,175.13760974999997,0.11,98.7,7.1,19.6,341.70537911272254,1009.34,17.56688381109891,5.319687211921163,16.471743536931044,0.0,0.0,0.0,0.0,2022,0.001129150390625,5.156106472015381,0.606201171875,-0.247406005859375,75.25,175.25,east_siberian
2022-08-08 20:00:00,3588,75.34613333333334,175.27524316666666,0.25,97.0,7.4,19.4,321.1922675673401,1009.52,23.04443490327926,4.732932507898069,24.673154015440243,0.0,0.0,0.0,0.0,2022,0.001129150390625,5.156106472015381,0.606201171875,-0.247406005859375,75.25,175.25,east_siberian
2022-08-08 21:00:00,3595,75.392872,175.3893095,0.24,97.4,5.3,11.4,319.22980258244667,1009.6,19.10358970588098,0.121734893196586,96.14450101955896,0.0,0.0,0.0,0.0,2022,0.523834228515625,4.700290203094482,0.676971435546875,-0.069183349609375,75.5,175.5,east_siberian
2022-08-08 22:00:00,3591,75.40947800000001,175.6427605,0.24,97.4,4.0,11.7,303.1585030668921,1009.45,58.365173807741726,5.059473352626383,63.91361058083937,0.0,0.0,0.0,0.0,2022,0.510162353515625,4.818619728088379,0.674560546875,-0.037933349609375,75.5,175.75,east_siberian
2022-08-08 23:00:00,3583,75.51888666666667,176.067473,0.16,95.3,4.9,17.8,355.91116059258235,1008.77,26.469724191188497,5.308442609431468,25.546091320017535,0.0002790957298353,0.0,0.0002790957298353,0.0,2022,0.496490478515625,4.932708740234375,0.668304443359375,-0.012542724609375,75.5,176.0,east_siberian
2022-08-09 00:00:00,3588,75.63166816666667,176.38025116666668,0.09,94.2,4.9,17.9,146.32519787350532,1008.62,77.08964172294641,6.75935849147768,75.16091354820652,0.0,0.0,0.0,0.0002787068004459,2022,0.402740478515625,5.0760393142700195,0.655670166015625,-0.063323974609375,75.75,176.5,east_siberian
2022-08-09 01:00:00,3584,75.7291495,176.93199608333333,0.13,93.9,4.4,20.7,5.541686749271754,1007.53,25.007084090063906,6.516507710973787,24.821623655281403,0.0,0.0,0.0,0.0,2022,0.344146728515625,5.269895553588867,0.64837646484375,-0.043792724609375,75.75,177.0,east_siberian
2022-08-09 02:00:00,3599,75.80184933333334,177.07811750000002,0.08,94.5,5.9,13.8,312.79166407597546,1007.61,301.15449813544615,0.0561584762484557,105.07444686914944,0.0,0.0,0.0,0.0,2022,0.344146728515625,5.269895553588867,0.64837646484375,-0.043792724609375,75.75,177.0,east_siberian
2022-08-09 03:00:00,3472,75.8007645,177.08833558333336,-0.03,95.3,5.8,11.2,297.6735493922022,1007.42,339.85133521235446,0.1088851337226445,141.25137846339717,0.0005760368663594,0.0,0.0002880184331797,0.0,2022,0.223785400390625,4.833238124847412,0.64837646484375,-0.226898193359375,75.75,177.0,east_siberian
2022-08-09 04:00:00,3593,75.79717733333334,177.09676600000003,-0.04,95.2,5.4,10.7,299.9823339934262,1007.05,336.53301602457526,0.0959972072502291,147.3403829607666,0.0,0.0,0.0,0.0,2022,0.223785400390625,4.833238124847412,0.64837646484375,-0.226898193359375,75.75,177.0,east_siberian
2022-08-09 05:00:00,3589,75.79158000000001,177.09518799999998,-0.06,95.5,2.6,13.2,294.01537582463453,1006.6,344.88452046472764,0.004706077319025,179.10770158721166,0.0002786291446085,0.000557258289217,0.0002786291446085,0.0,2022,0.223785400390625,4.833238124847412,0.64837646484375,-0.226898193359375,75.75,177.0,east_siberian
2022-08-09 06:00:00,3595,75.81155583333333,177.07547233333335,-0.13,96.1,3.3,15.6,280.55714494086726,1006.11,353.78391855766284,0.0036464406471035,36.139240910506594,0.0,0.0,0.0,0.0,2022,0.223785400390625,4.833238124847412,0.64837646484375,-0.226898193359375,75.75,177.0,east_siberian
2022-08-09 07:00:00,3597,75.822989,177.0634365,-0.16,96.4,4.8,11.6,277.97854625341495,1005.81,314.549172917669,0.0022790421680749,347.6886854384885,0.0,0.0,0.0,0.0,2022,0.223785400390625,4.833238124847412,0.64837646484375,-0.226898193359375,75.75,177.0,east_siberian
2022-08-09 08:00:00,3595,75.82427183333333,177.06060266666665,-0.05,96.5,5.3,10.4,248.14692278655787,1005.06,269.9884283585267,0.0026942728854979,103.2497409856683,0.0,0.0005563282336578,0.0,0.0,2022,0.223785400390625,4.833238124847412,0.64837646484375,-0.226898193359375,75.75,177.0,east_siberian
2022-08-09 09:00:00,3596,75.82546033333333,177.05841366666664,0.06,96.0,6.9,12.1,258.96468809062145,1004.34,264.7166306791025,0.0041067805437819,9.3647643226434,0.0,0.0,0.0,0.0,2022,-0.121917724609375,6.67349910736084,0.64837646484375,-0.751556396484375,75.75,177.0,east_siberian
2022-08-09 10:00:00,3596,75.82546333333333,177.05840649999996,0.27,94.6,7.4,16.9,255.7157544065296,1003.67,269.8169123323968,0.0031580240871371,303.70728293422724,0.0,0.0,0.0,0.0,2022,-0.121917724609375,6.67349910736084,0.64837646484375,-0.751556396484375,75.75,177.0,east_siberian
2022-08-09 11:00:00,3590,75.85325166666668,177.01527366666667,0.38,95.0,7.2,17.5,250.6428845526657,1002.84,353.0008015733145,2.0645425250083633,359.48828108379024,0.0,0.0,0.0,0.0,2022,-0.121917724609375,6.67349910736084,0.64837646484375,-0.751556396484375,75.75,177.0,east_siberian
2022-08-09 12:00:00,3594,75.85631391666666,177.07906433333335,0.5,97.3,13.5,21.7,233.81160362370417,1001.98,162.87316314373763,5.2548840747454735,157.327187170843,0.0,0.0,0.0,0.0,2022,-0.121917724609375,6.67349910736084,0.64837646484375,-0.751556396484375,75.75,177.0,east_siberian
2022-08-09 13:00:00,3594,75.69575325,177.04152950000002,0.29,97.8,18.6,35.6,228.0962679755286,1000.07,189.5535238234612,6.434744964902955,191.15644368427053,0.0,0.0,0.0,0.0,2022,-0.121917724609375,6.67349910736084,0.64837646484375,-0.751556396484375,75.75,177.0,east_siberian
2022-08-09 14:00:00,3590,75.50963066666665,177.01105283333334,0.15,97.8,18.9,43.4,226.00410590900017,999.73,194.86154343617025,6.313876275861355,196.3936186444091,0.0005571030640668,0.0002785515320334,0.0002785515320334,0.0,2022,-0.153167724609375,6.349887371063232,0.663482666015625,-0.745697021484375,75.5,177.0,east_siberian
2022-08-09 15:00:00,3592,75.38408125000001,176.85300741666666,0.29,96.2,17.0,33.5,233.06051621503912,999.95,176.4077266136676,5.510077181456413,175.10910177007017,0.0,0.0,0.0,0.0,2022,0.065338134765625,7.1771979331970215,0.664276123046875,-0.689788818359375,75.5,176.75,east_siberian
2022-08-09 16:00:00,3595,75.213471,176.976795,0.36,95.1,18.2,34.1,219.52066941581967,999.58,178.60824138379738,6.311809148903135,178.45723089953043,0.0,0.0,0.0,0.0,2022,0.057525634765625,6.974358558654785,0.6561279296875,-0.697601318359375,75.25,177.0,east_siberian
2022-08-09 17:00:00,3597,75.084783,176.80390733333334,0.31,96.4,8.9,23.2,244.1325205452896,1000.48,251.41899500603108,0.2556529475911009,173.33339406509316,0.0,0.0,0.0,0.0,2022,0.057525634765625,6.645417213439941,0.621795654296875,-0.711273193359375,75.0,176.75,east_siberian
2022-08-09 18:00:00,3598,75.07992333333333,176.83204483333333,0.22,97.1,6.9,13.8,258.2083033003182,1000.33,122.48149348190432,0.0250613445743748,116.15373077932408,0.0,0.0,0.0,0.0,2022,0.057525634765625,6.645417213439941,0.621795654296875,-0.711273193359375,75.0,176.75,east_siberian
2022-08-09 19:00:00,3595,75.076437,176.85588066666665,0.2,94.7,6.8,13.8,259.92737661950105,999.84,118.57744581102646,0.0076603282730386,138.6640680384175,0.0,0.0,0.0,0.0,2022,0.057525634765625,6.645417213439941,0.621795654296875,-0.711273193359375,75.0,176.75,east_siberian
2022-08-09 20:00:00,3596,75.07476325,176.8663060833333,0.05,92.9,6.6,12.6,258.37187795498835,999.09,120.02141276983632,0.0977303314985183,127.42671812742084,0.0,0.0,0.0,0.0,2022,0.057525634765625,6.645417213439941,0.621795654296875,-0.711273193359375,75.0,176.75,east_siberian
2022-08-09 21:00:00,3597,75.07322016666667,176.87499233333335,-0.21,94.7,6.4,12.8,258.85505323312555,998.75,118.59008342695208,0.0980110066868779,109.6802982084834,0.0,0.0,0.0,0.0,2022,0.791412353515625,4.268200874328613,0.6390380859375,0.053863525390625,75.0,176.75,east_siberian
2022-08-09 22:00:00,3594,75.07155458333334,177.17757074999997,-0.35,95.9,10.4,17.9,201.31870886670296,998.64,88.3791648678179,5.635498243881705,88.21855387770141,0.0,0.0,0.0,0.0,2022,0.777740478515625,4.435062408447266,0.628448486328125,0.010894775390625,75.0,177.25,east_siberian
2022-08-09 23:00:00,3596,75.097785,177.83238525000002,-0.39,96.0,9.9,24.0,203.9519356480656,998.53,85.60350401258597,5.4423154672163525,84.40492224941545,0.0,0.0,0.0,0.0,2022,0.771881103515625,4.606776714324951,0.617919921875,-0.028167724609375,75.0,177.75,east_siberian
2022-08-10 00:00:00,3595,75.10361416666666,178.38387566666668,-0.44,95.9,7.4,21.1,226.9138902547319,997.85,176.4964501939145,0.0725341042238173,64.54214340875751,0.0,0.0,0.0,0.0,2022,0.740631103515625,4.848873615264893,0.599578857421875,-0.086761474609375,75.0,178.5,east_siberian
2022-08-10 01:00:00,3594,75.10271716666668,178.66181500000002,-0.35,95.8,9.5,21.2,198.39584313893525,997.36,76.6963214131774,5.5866307948081895,74.91605242179328,0.0,0.0,0.0,0.0,2022,0.738677978515625,4.900681972503662,0.594512939453125,-0.096527099609375,75.0,178.75,east_siberian
2022-08-10 02:00:00,3590,75.10074300000001,179.22472466666667,-0.31,96.0,13.35,29.4,191.86648927282383,997.14,104.68087446905872,5.84514761620844,103.778654447554,0.0,0.0,0.0,0.0,2022,0.723052978515625,5.031461238861084,0.583160400390625,-0.110198974609375,75.0,179.25,east_siberian
2022-08-10 03:00:00,3591,75.14201616666666,179.83004,-0.22,96.3,6.1,18.0,215.70265047636747,997.55,45.53456815584472,4.951904227718296,45.54393370579513,0.0,0.0,0.0,0.0,2022,0.441070556640625,4.058635234832764,0.582550048828125,-0.023529052734375,75.25,179.75,east_siberian
2022-08-10 04:00:00,3018,75.19226516666666,179.9086583333333,-0.25,96.5,6.3,13.4,254.28887224116184,997.1,289.2804716329907,0.0060415230322334,105.52607809020776,0.0003313452617627,0.0,0.0003313452617627,0.0,2022,0.446929931640625,4.152024745941162,0.56939697265625,-0.046966552734375,75.25,180.0,east_siberian
2022-08-10 05:00:00,3597,75.18806533333333,179.93030633333333,-0.22,97.1,4.6,9.1,265.41981939914956,996.65,306.92720809433564,0.0103354308269905,123.45785059639076,0.0,0.0,0.0,0.0,2022,0.446929931640625,4.152024745941162,0.56939697265625,-0.046966552734375,75.25,180.0,east_siberian
2022-08-10 06:00:00,3598,75.18550666666667,179.944138,-0.26,97.4,4.3,27.6,280.0966175249579,996.35,321.000633760311,0.0068223571392106,129.84493959807813,0.0,0.0008337965536409,0.0,0.0,2022,0.446929931640625,4.152024745941162,0.56939697265625,-0.046966552734375,75.25,180.0,east_siberian
2022-08-10 07:00:00,3597,75.18320716666668,179.9481358333333,-0.22,97.8,2.9,8.4,309.4314132927037,996.35,342.3081133300245,0.0035275414146916,236.61513036230855,0.0,0.0,0.0,0.0,2022,0.446929931640625,4.152024745941162,0.56939697265625,-0.046966552734375,75.25,180.0,east_siberian
2022-08-10 08:00:00,3591,75.1802155,179.94772383333336,-0.17,98.0,2.7,10.3,325.51970942252007,996.35,354.8858274244997,0.0603901114093135,206.4007918742281,0.0,0.0,0.0,0.0,2022,0.446929931640625,4.152024745941162,0.56939697265625,-0.046966552734375,75.25,180.0,east_siberian
2022-08-10 09:00:00,3594,75.17673375,179.94018466666665,-0.16,98.3,2.9,10.7,330.44454625042687,996.42,358.64064131151787,0.1457081368731325,220.12432438325763,0.0,0.0,0.0,0.0,2022,-0.113128662109375,3.721737861633301,0.56939697265625,-0.319915771484375,75.25,180.0,east_siberian
2022-08-10 10:00:00,3591,75.20020683333334,179.93807250000003,-0.5,98.7,5.1,11.7,304.15179648404137,996.24,30.29846201792031,2.6835170555211096,29.02405912333963,0.0002784739626844,0.0002784739626844,0.0002784739626844,0.0,2022,-0.113128662109375,3.721737861633301,0.56939697265625,-0.319915771484375,75.25,180.0,east_siberian
2022-08-18 05:00:00,3590,74.89559550000001,-161.76972691666668,-1.62,98.0,12.5,19.2,202.7916811813906,1012.56,195.67791413203017,6.511236789907712,197.8559428895999,0.0005571030640668,0.0,0.0002785515320334,0.0,2022,-0.855316162109375,1.9925869703292847,0.0,-1.357757568359375,75.0,198.25,chukchi
2022-08-18 06:00:00,3593,74.712348,-162.06690116666667,-1.89,98.0,11.1,16.9,203.42474723088472,1013.2,198.95318360967568,6.265427907347661,200.8646339917376,0.0,0.0,0.0,0.0,2022,-0.581878662109375,1.6333608627319336,0.0,-1.285491943359375,74.75,198.0,chukchi
2022-08-18 07:00:00,3595,74.52391716666666,-162.1883515,-1.89,98.1,9.8,14.8,191.53509636980527,1013.35,149.0903467357853,5.745133770755944,178.55295315647425,0.0,0.0,0.0,0.0,2022,-0.396331787109375,1.3772577047348022,0.0,-1.170257568359375,74.5,197.75,chukchi
2022-08-18 08:00:00,3595,74.51063649999999,-162.17598266666667,-2.14,98.1,2.7,7.2,0.0173991440764445,1013.5,35.78104728922125,0.5259308494006695,53.29688223981781,0.0,0.0,0.0,0.0,2022,-0.396331787109375,1.3772577047348022,0.0,-1.170257568359375,74.5,197.75,chukchi
2022-08-18 09:00:00,3597,74.51429533333334,-162.14839283333333,-2.53,98.0,2.4,6.5,10.456757769883945,1013.62,248.73406725342895,0.0387459405580164,126.76213599913385,0.0,0.0,0.0,0.0,2022,-0.540618896484375,2.1892828941345215,0.0,-1.100189208984375,74.5,197.75,chukchi
2022-08-18 10:00:00,3590,74.51430099999999,-162.14839116666664,-2.7,97.6,2.4,4.8,359.18066278509986,1013.69,293.67850048276387,0.006130622593293,166.07371928998984,0.0005571030640668,0.0,0.0002785515320334,0.0,2022,-0.540618896484375,2.1892828941345215,0.0,-1.100189208984375,74.5,197.75,chukchi
2022-08-18 11:00:00,3596,74.51430066666667,-162.14811933333334,-2.92,97.3,2.3,5.6,10.060417094007107,1013.62,258.09330082654975,0.0062448124390934,32.70156561012069,0.0,0.0,0.0,0.0,2022,-0.540618896484375,2.1892828941345215,0.0,-1.100189208984375,74.5,197.75,chukchi
2022-08-18 12:00:00,3594,74.51386291666667,-162.14925200000002,-2.87,97.4,2.6,7.1,359.8794190449845,1013.65,220.2628558211256,0.0101079908687763,224.2470386630329,0.0,0.0,0.0,0.0,2022,-0.540618896484375,2.1892828941345215,0.0,-1.100189208984375,74.5,197.75,chukchi
2022-08-18 13:00:00,3595,74.5136785,-162.14923283333334,-2.67,97.3,2.8,7.6,6.519933555534707,1013.77,232.0922975627891,0.0104240511191583,111.26410569788132,0.0,0.0,0.0,0.0,2022,-0.540618896484375,2.1892828941345215,0.0,-1.100189208984375,74.5,197.75,chukchi
2022-08-18 14:00:00,3597,74.51326166666666,-162.1476395,-2.55,97.4,2.3,5.8,359.17267938977676,1013.77,214.99961139556848,0.0027655507966423,170.2741712526474,0.0,0.0,0.0,0.0,2022,-0.540618896484375,2.1892828941345215,0.0,-1.100189208984375,74.5,197.75,chukchi
2022-08-18 15:00:00,3595,74.52154016666667,-162.19627433333332,-2.72,97.3,2.8,9.2,328.671451284112,1013.77,255.04303079189083,1.646543493130423,261.0711302269645,0.0,0.0,0.0,0.0,2022,-0.571136474609375,2.6322832107543945,0.0,-1.160247802734375,74.5,197.75,chukchi
2022-08-18 16:00:00,3596,74.52796858333333,-162.45673749999995,-2.67,97.2,2.4,7.7,19.27963642012761,1014.03,321.1927453533442,1.27304951819498,310.6663841233884,0.0,0.0,0.0,0.0,2022,-0.635589599609375,2.7544100284576416,0.0,-1.224700927734375,74.5,197.5,chukchi
2022-08-18 17:00:00,3593,74.5310185,-162.46906033333337,-2.53,97.2,2.1,6.4,34.956834958148995,1014.22,318.25428758896663,1.0350823652312238,318.2256038057783,0.0,0.0,0.0,0.0,2022,-0.635589599609375,2.7544100284576416,0.0,-1.224700927734375,74.5,197.5,chukchi
2022-08-18 18:00:00,3595,74.526674,-162.60851866666664,-2.35,97.4,3.6,8.3,5.876421269470759,1014.59,236.1082462285334,2.991626798517373,234.22227228662376,0.0,0.0,0.0,0.0,2022,-0.635589599609375,2.7544100284576416,0.0,-1.224700927734375,74.5,197.5,chukchi
2022-08-18 19:00:00,3588,74.44488875,-162.79705958333332,-2.18,97.5,4.7,10.6,356.07512611163855,1014.97,210.81185574805716,3.0386083454567685,210.5639524417527,0.0005574136008918,0.0,0.0002787068004459,0.0,2022,-0.713714599609375,2.8711318969726562,0.0,-1.296966552734375,74.5,197.25,chukchi
2022-08-18 20:00:00,3594,74.36675483333335,-163.01668091666667,-2.24,97.3,4.9,7.6,7.972902529689546,1015.12,218.3899011650601,3.1095012625229983,219.82545863408413,0.0,0.0,0.0,0.0,2022,-0.514495849609375,2.663818836212158,0.0,-1.168060302734375,74.25,197.0,chukchi
2022-08-19 02:00:00,3438,73.9294905,-164.44055250000002,-1.76,95.0,4.3,11.4,24.289720077092028,1016.17,116.78905257914094,0.3386866553893041,190.2836304602592,0.0,0.0,0.0,0.0,2022,-0.575775146484375,3.571361780166626,0.0,-1.540618896484375,74.0,195.5,chukchi
2022-08-19 03:00:00,3597,73.929511,-164.44070283333332,-1.72,96.0,4.4,8.8,34.87099520608059,1016.21,47.388549773220056,0.0046663357076156,235.41321137036,0.0,0.0,0.0,0.0,2022,-0.403411865234375,3.602699041366577,0.0,-1.230804443359375,74.0,195.5,chukchi
2022-08-19 04:00:00,3597,73.90755600000001,-164.51795366666664,-1.76,94.9,5.5,9.7,31.45752982000911,1016.62,238.94669424079532,3.090876400547916,232.1363820587524,0.0,0.0,0.0,0.0,2022,-0.403411865234375,3.602699041366577,0.0,-1.230804443359375,74.0,195.5,chukchi
2022-08-19 05:00:00,3597,73.87887900000001,-164.70569283333333,-1.89,95.1,4.3,8.1,51.02124176930918,1016.84,306.7805103113643,1.27354730250727,301.3553751326275,0.0,0.0,0.0,0.0,2022,-0.477630615234375,3.5454041957855225,0.0,-1.258148193359375,74.0,195.25,chukchi
2022-08-19 06:00:00,3597,73.89437233333334,-164.77292916666664,-1.82,94.2,3.1,10.1,53.39765637439374,1017.07,138.86869725957064,1.016916292377339,134.08922156266848,0.0,0.0,0.0,0.0,2022,-0.477630615234375,3.5454041957855225,0.0,-1.258148193359375,74.0,195.25,chukchi
2022-08-19 07:00:00,3594,73.88573366666667,-164.74425916666667,-1.73,95.8,3.9,6.8,24.351063430342013,1017.22,50.17701723817654,0.0013797274089921,199.05117169037325,0.0,0.0,0.0,0.0,2022,-0.477630615234375,3.5454041957855225,0.0,-1.258148193359375,74.0,195.25,chukchi
2022-08-19 08:00:00,3597,73.88573316666665,-164.74426300000002,-1.58,95.5,4.9,9.9,21.50420615414659,1017.22,49.85824933884653,0.0025532793696594,97.63181405881863,0.0,0.0,0.0,0.0,2022,-0.477630615234375,3.5454041957855225,0.0,-1.258148193359375,74.0,195.25,chukchi
2022-08-19 09:00:00,3595,73.88590233333333,-164.74270133333332,-1.76,95.4,5.3,9.9,25.420705875893624,1017.26,55.04546879112445,0.0023775086358957,203.1427603488079,0.0,0.0,0.0,0.0,2022,-0.416107177734375,4.291515827178955,0.0,-0.976654052734375,74.0,195.25,chukchi
2022-08-19 10:00:00,3597,73.82704199999999,-164.92628533333337,-1.59,95.5,5.3,7.2,32.85820237865774,1017.41,225.52720134325864,3.1325054764141123,224.8847373318084,0.0,0.0,0.0,0.0,2022,-0.232513427734375,4.243217468261719,0.0,-0.961029052734375,73.75,195.0,chukchi
2022-08-19 11:00:00,3595,73.7533295,-165.18759466666663,-1.47,91.2,5.3,8.0,45.30272407355661,1017.52,224.4979681592967,3.186990511552382,225.29776969533256,0.0,0.0,0.0,0.0,2022,-0.240325927734375,4.244486331939697,0.0,-0.968841552734375,73.75,194.75,chukchi
2022-08-19 12:00:00,3594,73.68315050000001,-165.45233608333336,-0.36,84.2,5.9,11.7,61.03153121330196,1017.56,224.64559215216605,3.138629444148348,224.91422665761849,0.0,0.0,0.0,0.0,2022,-0.250091552734375,4.217642784118652,0.0,-0.982513427734375,73.75,194.5,chukchi
2022-08-19 13:00:00,3586,73.60989508333333,-165.70114983333332,-0.31,84.4,5.2,13.2,54.82163636483191,1017.74,225.78305735400315,3.1156707079374115,225.25424454668232,0.0002788622420524,0.0,0.0002788622420524,0.0,2022,-0.142669677734375,4.255895137786865,0.0,-1.027435302734375,73.5,194.25,chukchi
2022-08-19 14:00:00,3596,73.540907,-165.96431466666667,-0.69,91.9,4.9,11.7,44.98914468889651,1017.78,223.9573914132464,3.132488675486307,227.13867590175025,0.0,0.0,0.0,0.0,2022,-0.166107177734375,4.233954429626465,0.0,-1.043060302734375,73.5,194.0,chukchi
2022-08-19 15:00:00,3597,73.472457,-166.22525499999998,-0.44,89.5,5.7,11.7,43.38169063803837,1018.01,226.3091639744229,3.141033924671894,228.12038168946324,0.0,0.0005560189046427,0.0,0.0,2022,0.122955322265625,4.6504645347595215,0.0,-0.597991943359375,73.5,193.75,chukchi
2022-08-19 16:00:00,3587,73.40480766666666,-166.4911985,-0.5,92.2,5.4,8.1,48.067378292326445,1018.16,223.38639494242963,3.127068355529635,227.68250671830685,0.0,0.0,0.0,0.0,2022,0.134674072265625,4.658086776733398,0.0,-0.578460693359375,73.5,193.5,chukchi
2022-08-19 17:00:00,3593,73.35304766666667,-166.68854883333333,0.03,87.2,4.3,8.3,79.62507145452787,1018.35,156.83686577405126,0.2229067322519659,221.64522530366824,0.0,0.0,0.0,0.0,2022,0.353424072265625,4.468721389770508,0.0,-0.433929443359375,73.25,193.25,chukchi
2022-08-19 18:00:00,3591,73.35439216666667,-166.71477866666663,0.11,88.2,5.4,13.2,71.26032458631589,1018.57,234.6130212262176,0.3897693634039722,295.691294010136,0.0002784739626844,0.0,0.0002784739626844,0.0,2022,0.353424072265625,4.468721389770508,0.0,-0.433929443359375,73.25,193.25,chukchi
2022-08-19 19:00:00,3066,73.3546815,-166.73179233333337,-0.17,89.4,6.8,13.2,63.81428656836861,1018.5,52.53833323886739,0.004756087425503,313.2618262677007,0.0003261578604044,0.0,0.0003261578604044,0.0,2022,0.353424072265625,4.468721389770508,0.0,-0.433929443359375,73.25,193.25,chukchi
2022-08-19 20:00:00,3597,73.35467566666667,-166.731758,-0.37,91.0,6.9,12.4,58.25442389532374,1018.68,59.62690501456355,0.0049201252232053,81.02075939793973,0.0,0.0,0.0,0.0,2022,0.353424072265625,4.468721389770508,0.0,-0.433929443359375,73.25,193.25,chukchi
2022-08-19 21:00:00,3594,73.35350100000001,-166.72341466666663,-0.43,93.5,6.4,13.6,70.97526075885571,1019.02,85.7227914536374,0.0078915959860248,106.32156537630784,0.0,0.0,0.0,0.0,2022,0.169097900390625,4.010269641876221,0.0,-1.105804443359375,73.25,193.25,chukchi
2022-08-19 22:00:00,3595,73.35219316666667,-166.71467466666667,-0.4,93.6,5.8,11.5,75.2388165762975,1019.21,82.60980006212124,0.0051063693427133,118.89202580226934,0.0,0.0,0.0,0.0,2022,0.169097900390625,4.010269641876221,0.0,-1.105804443359375,73.25,193.25,chukchi
2022-08-19 23:00:00,3595,73.352189,-166.71466066666665,-0.44,93.2,4.9,7.9,79.54270563788161,1019.21,53.497691370229674,0.002484944596296,246.83075094657653,0.0,0.0,0.0,0.0,2022,0.169097900390625,4.010269641876221,0.0,-1.105804443359375,73.25,193.25,chukchi
2022-08-20 00:00:00,3595,73.35218216666667,-166.71467583333336,-0.78,95.8,4.8,8.9,63.62278132909701,1019.28,55.63568665732173,0.004217781735885,62.34978965635487,0.0,0.0002781641168289,0.0,0.0,2022,0.169097900390625,4.010269641876221,0.0,-1.105804443359375,73.25,193.25,chukchi
2022-08-20 01:00:00,3594,73.36168466666666,-166.65530633333333,-0.36,92.4,4.2,11.2,64.63097566891331,1019.28,47.95331195967091,1.0163160509913334,48.11365963372373,0.0,0.0,0.0,0.0,2022,0.169097900390625,4.010269641876221,0.0,-1.105804443359375,73.25,193.25,chukchi
2022-08-20 02:00:00,3591,73.37341166666667,-166.60995033333336,-0.38,93.6,5.8,12.9,57.102218361825955,1019.21,52.2802389226003,1.0094818013165168,49.65587248064068,0.0,0.0,0.0,0.0,2022,0.149566650390625,4.02276086807251,0.0,-1.115570068359375,73.25,193.5,chukchi
2022-08-20 03:00:00,3592,73.3706885,-166.62192491666667,-0.39,87.3,4.8,11.3,65.29001946138453,1019.32,48.46182055248492,0.0127458764994901,45.09371495676998,0.0,0.0,0.0,0.0,2022,0.297027587890625,3.7938332557678223,0.0,-0.700286865234375,73.25,193.5,chukchi
2022-08-20 04:00:00,3596,73.371079,-166.6210018333333,-0.51,88.0,4.4,7.4,69.4195743343755,1019.36,29.96793659532457,0.0020940930834565,174.5334884823762,0.0,0.0,0.0,0.0,2022,0.297027587890625,3.7938332557678223,0.0,-0.700286865234375,73.25,193.5,chukchi
2022-08-20 05:00:00,3599,73.3710775,-166.6210238333333,-0.53,89.6,3.6,7.1,71.20968623132562,1019.51,29.960989190966856,0.0032153475816169,287.3743323591544,0.0,0.0,0.0,0.0,2022,0.297027587890625,3.7938332557678223,0.0,-0.700286865234375,73.25,193.5,chukchi
2022-08-20 06:00:00,3594,73.371079,-166.62101966666668,-0.57,93.6,3.8,8.3,80.95358006135702,1019.58,29.975180891009696,0.0023797525986685,87.91386772713753,0.0,0.0,0.0,0.0,2022,0.297027587890625,3.7938332557678223,0.0,-0.700286865234375,73.25,193.5,chukchi
2022-08-20 07:00:00,3598,73.3710795,-166.62101616666666,-0.72,93.7,3.4,6.1,73.68893285246722,1019.88,29.934241240740626,0.0026229899390981,162.06997365401918,0.0,0.0,0.0,0.0,2022,0.297027587890625,3.7938332557678223,0.0,-0.700286865234375,73.25,193.5,chukchi
2022-08-20 08:00:00,3594,73.36118308333334,-166.56146166666667,-0.655,92.6,2.8,12.7,88.0181908658996,1019.85,96.27787656997673,4.750124728948309,122.02349730886556,0.0,0.0,0.0,0.0,2022,0.297027587890625,3.7938332557678223,0.0,-0.700286865234375,73.25,193.5,chukchi
2022-08-20 09:00:00,3599,73.27098633333334,-166.12128466666667,-0.52,91.9,3.6,14.3,113.33337643216224,1019.47,128.12643092826903,4.781146560650328,126.15786270137704,0.0,0.0,0.0,0.0,2022,-0.070892333984375,2.944683074951172,0.0,-1.610931396484375,73.25,194.0,chukchi
2022-08-20 10:00:00,3583,73.18066,-165.68297950000002,-0.57,89.1,3.3,15.7,118.2061240038228,1019.17,124.1254212403642,4.862761865345967,124.39176947228805,0.0011163829193413,0.0005581914596706,0.0005581914596706,0.0,2022,-0.133392333984375,2.9920742511749268,0.0,-1.694915771484375,73.25,194.25,chukchi
2022-08-20 11:00:00,3598,73.092792,-165.22620116666667,-0.54,88.9,3.0,14.7,123.19542565926562,1019.02,124.43437375850044,4.88970831170046,123.43459159502468,0.0,0.0,0.0,0.0,2022,-0.014251708984375,3.2553939819335938,0.0,-1.605072021484375,73.0,194.75,chukchi
2022-08-20 12:00:00,3595,73.00477133333334,-164.7802096666667,-0.35,90.3,4.2,14.8,136.58909856567794,1018.61,125.97860862892328,4.8250397553699615,124.87595815002013,0.0,0.0,0.0,0.0,2022,-0.172454833984375,3.3511734008789062,0.0,-1.757415771484375,73.0,195.25,chukchi
2022-08-20 13:00:00,3596,72.91395466666667,-164.34833475,-0.99,90.1,5.1,15.6,119.75480205827952,1018.5,124.64387696572682,4.794101818636453,126.68986599308391,0.0,0.0,0.0,0.0,2022,-0.309173583984375,3.421516180038452,0.0,-1.909759521484375,73.0,195.75,chukchi
2022-08-20 14:00:00,3593,72.82619866666667,-163.9205855,-0.85,89.7,5.0,18.0,120.22832684588566,1018.38,120.25098462804752,4.857557891056067,122.55436053429185,0.0,0.0,0.0,0.0,2022,-0.127532958984375,3.883167266845703,0.0,-1.698822021484375,72.75,196.0,chukchi
2022-08-20 15:00:00,3226,72.74305383333333,-163.49914833333332,-0.61,88.3,4.6,14.9,123.92992648789264,1018.42,124.64188205842696,4.85711918483803,124.51331515812096,0.0006199628022318,0.0,0.0003099814011159,0.0,2022,-0.467376708984375,3.707799196243286,0.0,-2.553314208984375,72.75,196.5,chukchi
2022-08-20 16:00:00,3597,72.64864433333334,-163.04441866666667,-0.42,89.2,5.0,16.1,115.88719330617565,1018.5,125.44392647294698,4.827485399583529,125.59014284142954,0.0,0.0,0.0,0.0,2022,-0.578704833984375,3.5748517513275146,0.0,-2.666595458984375,72.75,197.0,chukchi
2022-08-20 17:00:00,3588,72.55789041666667,-162.62124358333335,-0.28,87.9,4.6,15.4,126.34547776310232,1018.61,122.45979212109958,4.779284372421784,125.2162110552336,0.0005574136008918,0.0,0.0002787068004459,0.0,2022,-0.430267333984375,3.9235639572143555,0.0,-2.481048583984375,72.5,197.5,chukchi
2022-08-20 18:00:00,3593,72.47167599999999,-162.1926308333333,-0.12,86.6,4.9,15.6,125.08477121677832,1018.65,121.2265517367042,4.795891254154865,123.62195724567516,0.0,0.0,0.0,0.0,2022,-0.455657958984375,3.8770692348480225,0.0,-2.533782958984375,72.5,197.75,chukchi
2022-08-20 19:00:00,3596,72.38435016666668,-161.76865625,-0.12,88.3,4.2,14.0,140.82629829694508,1018.72,123.25193877274263,4.77937969166622,124.96256873354685,0.0,0.0,0.0,0.0,2022,-0.486907958984375,3.7947018146514893,0.0,-2.580657958984375,72.5,198.25,chukchi
2022-08-20 20:00:00,3589,72.29667816666667,-161.354202,-0.12,88.2,4.1,13.8,127.37840188515752,1018.95,122.64603380427272,4.670888115225227,123.6853796370615,0.0,0.0,0.0,0.0,2022,-0.096282958984375,4.32023286819458,0.0,-2.100189208984375,72.25,198.75,chukchi
2022-08-20 21:00:00,3586,72.21220841666667,-160.94261175000003,-0.35,91.6,4.6,15.7,127.24558255750468,1018.87,124.33792051623924,4.72697238302162,125.04404202654942,0.0002788622420524,0.0,0.0002788622420524,0.0,2022,-0.139495849609375,3.5753049850463867,0.0,-2.325775146484375,72.25,199.0,chukchi
2022-08-20 22:00:00,3595,72.12317,-160.53520283333333,-0.53,90.3,4.9,15.4,118.85630748222052,1018.83,123.55627511303597,4.672800797530074,124.71309377136508,0.0,0.0,0.0,0.0,2022,-0.190277099609375,4.362546920776367,0.0,-2.239837646484375,72.0,199.5,chukchi
2022-08-20 23:00:00,3596,72.03988108333333,-160.128915,-0.34,89.9,5.2,14.9,123.36563264679565,1018.61,123.9802035658534,4.610861868183546,124.22308066278389,0.0,0.0,0.0,0.0,2022,-0.266448974609375,4.354986190795898,0.0,-2.298431396484375,72.0,199.75,chukchi
2022-08-21 00:00:00,3599,71.95271933333333,-159.7338215,-0.26,90.5,5.6,15.7,113.96735198939872,1018.68,123.07486480874552,4.681216448840244,125.45219199122327,0.0,0.0,0.0,0.0,2022,-0.399261474609375,4.418489933013916,0.0,-2.388275146484375,72.0,200.25,chukchi
2022-08-21 01:00:00,3597,71.866821,-159.3309775,0.09,89.4,5.5,16.6,104.14842727306204,1018.72,119.97133712943644,4.6882613635058705,124.1027368154919,0.0,0.0,0.0,0.0,2022,-0.424652099609375,5.494714260101318,0.0,-2.239837646484375,71.75,200.75,chukchi
2022-08-21 02:00:00,3596,71.78123425,-158.93252808333335,-0.26,89.6,6.7,16.8,115.2582020362678,1018.68,120.98064529350724,4.614406722150273,124.62970695799252,0.0,0.0,0.0,0.0,2022,-0.444183349609375,5.511161804199219,0.0,-2.251556396484375,71.75,201.0,chukchi
2022-08-21 03:00:00,3596,71.6963835,-158.54376166666663,-1.26,95.3,6.3,16.9,113.00831425818454,1019.06,122.44405547657028,4.584352206733394,126.60892581875451,0.0,0.0,0.0,0.0,2022,-0.399993896484375,5.923430919647217,0.0,-2.266693115234375,71.75,201.5,chukchi
2022-08-21 04:00:00,3593,71.60973816666666,-158.16599083333332,-1.13,97.0,6.7,19.0,108.16810744727891,1019.02,118.67736643603496,4.450667605758158,122.37264744675116,0.0,0.0,0.0,0.0,2022,-0.093353271484375,6.602877140045166,0.0,-1.948333740234375,71.5,201.75,chukchi
2022-08-21 05:00:00,3594,71.53282808333333,-157.79128966666667,-0.69,97.1,6.8,18.1,108.44629636363211,1019.17,122.15939070142429,4.3740130636262995,124.79549979449662,0.0,0.0,0.0,0.0,2022,-0.069915771484375,6.5841755867004395,0.0,-1.842864990234375,71.5,202.25,chukchi
2022-08-21 06:00:00,3596,71.44963475,-157.41168775,-0.13,89.7,6.9,19.3,109.73637000541824,1019.32,125.14670850786592,4.566131169168145,125.19793638453642,0.0,0.0,0.0,0.0,2022,-0.060150146484375,6.575522422790527,0.0,-1.792083740234375,71.5,202.5,chukchi
2022-08-21 07:00:00,3600,71.36489341666666,-157.0312435,-0.69,94.2,6.8,16.9,95.67673320394552,1019.62,115.43519811011298,4.560314966870701,126.30714970815632,0.0,0.0,0.0,0.0,2022,0.287506103515625,6.273441791534424,,-1.696380615234375,71.25,203.0,chukchi
2022-08-21 08:00:00,3589,71.33345483333332,-156.88361483333335,-0.49,93.1,6.4,13.4,89.92873483867298,1020.15,64.95803267448294,0.0043316794724533,147.8353072826268,0.0002786291446085,0.0002786291446085,0.0002786291446085,0.0,2022,0.287506103515625,6.273441791534424,,-1.696380615234375,71.25,203.0,chukchi
2022-08-21 09:00:00,3597,71.33345183333333,-156.88360916666667,-0.57,94.4,6.3,12.3,89.31380119546914,1020.52,64.8653322365739,0.0030685005771362,201.70089886413976,0.0,0.0,0.0,0.0,2022,-0.055023193359375,5.300414562225342,,-1.726165771484375,71.25,203.0,chukchi
2022-08-21 10:00:00,3595,71.33345366666667,-156.8836113333333,-0.86,96.9,6.1,12.8,94.46488129713616,1020.86,64.84865090279358,0.0043253770107981,300.42005318729673,0.0,0.0,0.0,0.0,2022,-0.055023193359375,5.300414562225342,,-1.726165771484375,71.25,203.0,chukchi
2022-08-21 11:00:00,3596,71.33345333333334,-156.8836065,-0.67,96.4,6.1,11.9,95.82535515732418,1020.97,64.86796437572109,0.002644439333583,213.61907026071836,0.0,0.0,0.0,0.0,2022,-0.055023193359375,5.300414562225342,,-1.726165771484375,71.25,203.0,chukchi
2022-08-21 12:00:00,3595,71.3334545,-156.88360300000002,-0.46,96.3,6.3,14.1,89.0912744361286,1021.12,64.8564394163675,0.0030667420256535,56.05327086815493,0.0,0.0,0.0,0.0,2022,-0.055023193359375,5.300414562225342,,-1.726165771484375,71.25,203.0,chukchi
2022-08-21 13:00:00,3595,71.33345833333333,-156.88360749999998,0.05,94.4,6.4,11.6,76.18985008725974,1021.2,64.20243931422256,0.0040107460105405,15.499120613309652,0.0,0.0,0.0,0.0,2022,-0.055023193359375,5.300414562225342,,-1.726165771484375,71.25,203.0,chukchi
2022-08-21 14:00:00,3102,71.33346166666666,-156.88362266666667,0.56,91.7,6.4,13.8,75.49172040154377,1021.31,59.88853115026931,0.0032623263724682,51.35616015686915,0.0006447453255963,0.0,0.0003223726627981,0.0,2022,-0.055023193359375,5.300414562225342,,-1.726165771484375,71.25,203.0,chukchi
2022-08-21 15:00:00,3596,71.31606391666666,-156.83528058333334,0.33,89.7,7.3,23.4,93.26207719179928,1021.69,71.74374395323586,0.0734821654681247,177.84411969442274,0.0,0.0,0.0,0.0,2022,0.273590087890625,6.456881523132324,,-1.978363037109375,71.25,203.25,chukchi
2022-08-21 16:00:00,3594,71.31013733333333,-156.81385383333333,0.24,89.9,7.8,13.4,78.49968335219504,1022.1,57.15853513187159,0.0039095065767899,148.62699347732973,0.0,0.0,0.0,0.0,2022,0.273590087890625,6.456881523132324,,-1.978363037109375,71.25,203.25,chukchi
2022-08-21 17:00:00,3591,71.31000399999999,-156.81380583333333,0.14,90.7,6.3,11.9,79.14777220799613,1022.89,134.9619600644218,0.0048548825056989,33.635939418227906,0.0,0.0,0.0,0.0,2022,0.273590087890625,6.456881523132324,,-1.978363037109375,71.25,203.25,chukchi
2022-08-21 18:00:00,3593,71.3100045,-156.81379633333333,-0.3,95.0,5.6,13.6,82.08717401085116,1023.38,134.96994142554553,0.003669331103508,50.375933440878825,0.0,0.0,0.0,0.0,2022,0.273590087890625,6.456881523132324,,-1.978363037109375,71.25,203.25,chukchi
2022-08-21 19:00:00,3596,71.31000566666667,-156.81380516666667,-0.31,96.4,5.6,14.3,78.23988540647306,1023.79,134.9355396599014,0.0039861434715232,29.513310691385236,0.0,0.0,0.0,0.0,2022,0.273590087890625,6.456881523132324,,-1.978363037109375,71.25,203.25,chukchi
2022-08-21 20:00:00,3596,71.31000533333332,-156.81379966666665,-0.14,93.0,6.3,13.3,81.90921319685427,1023.9,134.96546178076096,0.0033951752701831,314.5031870021581,0.0,0.0,0.0,0.0,2022,0.273590087890625,6.456881523132324,,-1.978363037109375,71.25,203.25,chukchi
2022-08-21 21:00:00,3589,71.31000533333332,-156.81380616666667,-0.06,94.3,6.3,14.8,84.89732591285285,1023.86,114.55139820672323,0.0046622180877405,30.76404486469637,0.0002786291446085,0.0008358874338255,0.0002786291446085,0.0,2022,2.017242431640625,6.603735446929932,,-1.214202880859375,71.25,203.25,chukchi
2022-08-21 22:00:00,3596,71.31011083333333,-156.81376,0.34,91.0,6.6,11.1,92.83903932369854,1023.75,65.45253042110508,0.0032294700084281,13.993792381902242,0.0,0.0,0.0,0.0,2022,2.017242431640625,6.603735446929932,,-1.214202880859375,71.25,203.25,chukchi
2022-08-21 23:00:00,3590,71.31010683333334,-156.81375816666664,0.45,90.0,7.1,14.9,88.78209231818268,1023.75,65.45236786409586,0.0025707241372264,161.78549696910997,0.0,0.0,0.0,0.0,2022,2.017242431640625,6.603735446929932,,-1.214202880859375,71.25,203.25,chukchi
2022-08-22 00:00:00,3584,71.31012083333333,-156.81378183333334,0.11,94.1,7.3,14.6,86.16380743876792,1023.68,58.60435198400331,0.0030835754518476,217.5656932682177,0.0005580357142857,0.0,0.0002790178571428,0.0,2022,2.017242431640625,6.603735446929932,,-1.214202880859375,71.25,203.25,chukchi
2022-08-22 01:00:00,3591,71.31012733333334,-156.81379316666667,0.63,90.4,7.6,13.8,100.4116432443478,1023.6,54.44642191387233,0.003567675326035,96.48280595165647,0.0,0.0,0.0,0.0,2022,2.017242431640625,6.603735446929932,,-1.214202880859375,71.25,203.25,chukchi
2022-08-22 02:00:00,3594,71.31012533333333,-156.81381258333334,0.78,87.3,8.8,19.6,101.81575221605324,1023.6,54.44527029538061,0.0050827194125387,141.84235580984333,0.0,0.0,0.0,0.0,2022,2.017242431640625,6.603735446929932,,-1.214202880859375,71.25,203.25,chukchi
2022-08-22 03:00:00,3596,71.3101155,-156.81377933333334,0.45,89.0,9.4,15.6,108.26694951742437,1023.41,61.17426599394257,0.0043081860727736,130.3288318490458,0.0,0.0,0.0,0.0,2022,0.674224853515625,7.499272346496582,,-1.686859130859375,71.25,203.25,chukchi
2022-08-22 04:00:00,3190,71.31011433333333,-156.81378683333332,0.36,90.6,9.6,17.8,113.44996463576418,1023.53,61.02474913141794,0.0045858123329355,219.79044778870613,0.0006269592476489,0.0003134796238244,0.0003134796238244,0.0,2022,0.674224853515625,7.499272346496582,,-1.686859130859375,71.25,203.25,chukchi
2022-08-22 05:00:00,3598,71.31011050000001,-156.81377883333334,0.18,92.3,9.6,18.9,113.60705924370735,1023.56,63.64044471242974,0.0033909225897964,183.5552481016111,0.0,0.0,0.0,0.0,2022,0.674224853515625,7.499272346496582,,-1.686859130859375,71.25,203.25,chukchi
2022-08-22 06:00:00,3596,71.31011199999999,-156.81378233333334,0.09,93.5,9.8,16.4,108.77053420068104,1023.6,63.94888755979534,0.0058086986241581,93.89637258558064,0.0,0.0,0.0,0.0,2022,0.674224853515625,7.499272346496582,,-1.686859130859375,71.25,203.25,chukchi
2022-08-22 07:00:00,3587,71.31011316666667,-156.81378066666667,0.13,93.3,9.9,20.8,110.1368739206309,1023.56,64.48404248038996,0.0039287814599169,133.70041697743645,0.0002787844995818,0.0,0.0002787844995818,0.0,2022,0.674224853515625,7.499272346496582,,-1.686859130859375,71.25,203.25,chukchi
2022-08-22 08:00:00,3591,71.3101075,-156.81377066666667,0.22,93.2,9.6,16.8,116.82439498876738,1023.68,64.9138804161011,0.0049956380286119,70.58179911651692,0.0005569479253689,0.0,0.0002784739626844,0.0,2022,0.674224853515625,7.499272346496582,,-1.686859130859375,71.25,203.25,chukchi
2022-08-22 09:00:00,3596,71.31010283333333,-156.81375716666668,0.2,92.5,10.1,18.1,114.12804084935736,1023.49,71.49755509487603,0.0041745778336634,143.82987243765496,0.0,0.0,0.0,0.0,2022,0.311920166015625,8.329109191894531,,-1.200042724609375,71.25,203.25,chukchi
2022-08-22 10:00:00,3597,71.31010883333333,-156.8137605,0.29,92.5,10.3,19.8,113.1047948356833,1023.04,70.94962471145911,0.0038363761321131,128.11908736978242,0.0,0.0,0.0,0.0,2022,0.311920166015625,8.329109191894531,,-1.200042724609375,71.25,203.25,chukchi
2022-08-22 11:00:00,3595,71.31010366666666,-156.8137635,0.28,91.2,11.1,20.1,111.05361938866724,1022.51,70.96369946950368,0.0042149985595492,226.51812836365156,0.0,0.0,0.0,0.0,2022,0.311920166015625,8.329109191894531,,-1.200042724609375,71.25,203.25,chukchi
2022-08-22 12:00:00,3595,71.310102,-156.8137545,0.37,93.3,10.6,18.9,115.23848238143854,1022.29,72.81843660643787,0.0042164958210481,89.6464588835609,0.0,0.0,0.0,0.0,2022,0.311920166015625,8.329109191894531,,-1.200042724609375,71.25,203.25,chukchi
2022-08-22 13:00:00,3596,71.31009716666668,-156.81373883333333,0.38,94.1,11.3,23.8,116.72188193263948,1021.76,75.87949300362575,0.0051543375626405,302.41159475547477,0.0,0.0,0.0,0.0,2022,0.311920166015625,8.329109191894531,,-1.200042724609375,71.25,203.25,chukchi
2022-08-22 14:00:00,3597,71.31010566666667,-156.8137615,0.35,94.2,11.9,22.3,111.09861358204212,1021.24,69.97236627865776,0.005032057179733,329.8800936841113,0.0,0.0,0.0,0.0,2022,0.311920166015625,8.329109191894531,,-1.200042724609375,71.25,203.25,chukchi
2022-08-22 15:00:00,3593,71.3101015,-156.81375566666665,0.33,94.3,12.8,26.8,113.08950225144216,1020.6,73.40488283825313,0.0058012203414682,315.48440314140544,0.0,0.0,0.0,0.0,2022,1.112457275390625,10.025361061096191,,-1.031829833984375,71.25,203.25,chukchi
2022-08-22 16:00:00,3595,71.31010549999999,-156.81375883333334,0.28,94.6,12.8,26.8,109.12196664276108,1020.22,70.14765403327672,0.0065625250519531,311.96338476668234,0.0,0.0,0.0,0.0,2022,1.112457275390625,10.025361061096191,,-1.031829833984375,71.25,203.25,chukchi
2022-08-22 17:00:00,3595,71.31010599999999,-156.8137625,0.18,94.8,13.1,23.8,111.31185549139812,1019.77,66.48090962295316,0.0101425384557618,344.51191019831,0.0,0.0,0.0,0.0,2022,1.112457275390625,10.025361061096191,,-1.031829833984375,71.25,203.25,chukchi
2022-08-22 18:00:00,3592,71.310089,-156.813694,0.36,95.3,13.1,26.8,110.45107722745782,1019.21,63.11134955369958,0.0075753576261041,238.03133411143955,0.0,0.0,0.0,0.0,2022,1.112457275390625,10.025361061096191,,-1.031829833984375,71.25,203.25,chukchi
2022-08-22 19:00:00,3597,71.31012433333333,-156.81382333333335,0.65,93.8,13.1,22.4,116.5056212422676,1019.58,47.38037124806907,0.0145865707838126,262.82688728641136,0.0,0.0,0.0,0.0,2022,1.112457275390625,10.025361061096191,,-1.031829833984375,71.25,203.25,chukchi
2022-08-22 20:00:00,3595,71.31019549999999,-156.814239,0.83,93.1,12.7,26.1,118.6883992213856,1019.51,37.96924718454024,0.0185369201308391,308.40391401087373,0.0,0.0,0.0,0.0,2022,1.112457275390625,10.025361061096191,,-1.031829833984375,71.25,203.25,chukchi
2022-08-22 21:00:00,3593,71.31019766666667,-156.814233,0.9,92.3,13.3,27.1,119.2385687766624,1018.83,39.385494702873174,0.0111980687725412,161.2365966729471,0.0,0.0,0.0,0.0,2022,1.643463134765625,11.347312927246094,,-0.159759521484375,71.25,203.25,chukchi
2022-08-22 22:00:00,3592,71.31019366666666,-156.81419,1.06,91.6,14.1,23.1,118.68703790162742,1017.86,53.63042056610827,0.0086737335785359,133.37979315370683,0.0,0.0,0.0,0.0,2022,1.643463134765625,11.347312927246094,,-0.159759521484375,71.25,203.25,chukchi
2022-08-22 23:00:00,3596,71.31018466666666,-156.81415316666667,1.02,92.0,14.3,27.1,119.99188119467912,1016.84,60.84518408209789,0.0079930273459455,340.0569119113289,0.0,0.0,0.0,0.0,2022,1.643463134765625,11.347312927246094,,-0.159759521484375,71.25,203.25,chukchi
2022-08-23 00:00:00,3588,71.31019583333334,-156.814179,1.06,92.2,14.4,28.8,119.58685076912413,1016.17,49.98759155951672,0.007028998384346,197.8152531109236,0.0002787068004459,0.0,0.0002787068004459,0.0,2022,1.643463134765625,11.347312927246094,,-0.159759521484375,71.25,203.25,chukchi
2022-08-23 01:00:00,3275,71.310193,-156.81418633333334,1.16,91.2,15.4,33.9,120.81572598036942,1015.27,50.01743698981492,0.0089666845306002,177.33263405173554,0.0003053435114503,0.0,0.0003053435114503,0.0,2022,1.643463134765625,11.347312927246094,,-0.159759521484375,71.25,203.25,chukchi
2022-08-23 02:00:00,3594,71.31019483333333,-156.81419833333334,1.17,91.5,14.4,28.8,127.83830760164749,1015.3,50.02187254411291,0.0116406320397404,222.2652666329789,0.0,0.0,0.0,0.0,2022,1.643463134765625,11.347312927246094,,-0.159759521484375,71.25,203.25,chukchi
2022-08-23 03:00:00,3593,71.31019283333333,-156.81419416666668,1.08,91.6,14.3,32.6,127.97605044873136,1014.82,49.988535011596845,0.0075391441690911,268.0167099290266,0.0,0.0,0.0,0.0,2022,1.640533447265625,10.079633712768555,,0.252105712890625,71.25,203.25,chukchi
2022-08-23 04:00:00,3593,71.31018816666666,-156.81418966666666,1.02,93.1,13.9,26.0,131.06883347985075,1014.37,49.99092768961861,0.0083683500124855,161.03824760156692,0.0,0.0,0.0,0.0,2022,1.640533447265625,10.079633712768555,,0.252105712890625,71.25,203.25,chukchi
2022-08-23 05:00:00,3592,71.31014666666667,-156.8141165,1.11,94.2,13.9,26.1,131.70800223946117,1013.09,73.00747097655163,0.0052737409918121,142.904027911824,0.0,0.0,0.0,0.0,2022,1.640533447265625,10.079633712768555,,0.252105712890625,71.25,203.25,chukchi
2022-08-23 06:00:00,3587,71.31015233333332,-156.8141235,1.15,94.4,13.9,28.0,130.23776368869463,1012.45,75.54173135152305,0.0057841227094542,156.3746923043514,0.0002787844995818,0.0,0.0002787844995818,0.0,2022,1.640533447265625,10.079633712768555,,0.252105712890625,71.25,203.25,chukchi
2022-08-23 07:00:00,3593,71.310148,-156.81411433333332,1.18,94.8,13.6,27.5,129.54446709600782,1012.08,76.59043567967211,0.0047115649309151,236.49800008634787,0.0,0.0,0.0,0.0,2022,1.640533447265625,10.079633712768555,,0.252105712890625,71.25,203.25,chukchi
2022-08-23 08:00:00,3595,71.31014816666668,-156.8141085,1.36,94.5,13.8,27.6,126.45742802678772,1011.4,78.86578858878018,0.0042973690989671,337.0291281858408,0.0,0.0,0.0,0.0,2022,1.640533447265625,10.079633712768555,,0.252105712890625,71.25,203.25,chukchi
2022-08-23 09:00:00,3592,71.31015416666668,-156.81412383333333,1.46,94.5,14.1,25.9,126.06393069833656,1010.65,75.00389763194386,0.0051117888562313,356.9162842861261,0.0,0.0,0.0,0.0,2022,2.218902587890625,9.311245918273926,,0.997711181640625,71.25,203.25,chukchi
2022-08-23 10:00:00,3586,71.31015883333333,-156.81412966666667,1.75,95.0,14.2,24.6,115.48950647535408,1009.94,74.9958729339899,0.0032827709303991,249.63776780272724,0.0002788622420524,0.0,0.0,0.0,2022,2.218902587890625,9.311245918273926,,0.997711181640625,71.25,203.25,chukchi
2022-08-23 11:00:00,3593,71.3101545,-156.8141215,1.84,96.4,13.8,24.8,111.1822947705972,1009.3,74.9887281484368,0.0035682875077295,169.17446603152726,0.0,0.0,0.0,0.0,2022,2.218902587890625,9.311245918273926,,0.997711181640625,71.25,203.25,chukchi
2022-08-23 12:00:00,3592,71.31015866666667,-156.81412983333334,1.87,97.0,13.6,26.1,108.5592412131071,1008.66,70.01804434580234,0.0030632185012465,269.2174839221957,0.0,0.0,0.0,0.0,2022,2.218902587890625,9.311245918273926,,0.997711181640625,71.25,203.25,chukchi
2022-08-23 13:00:00,3041,71.31016233333334,-156.81412916666667,2.01,97.8,13.3,30.4,110.42647270197725,1008.02,66.9760749951747,0.0029612264098415,90.06040991290908,0.0006576783952647,0.0,0.0003288391976323,0.0,2022,2.218902587890625,9.311245918273926,,0.997711181640625,71.25,203.25,chukchi
2022-08-23 14:00:00,3596,71.31016316666667,-156.814138,1.96,98.2,12.6,24.9,108.91170464788098,1007.5,67.0068688057795,0.002420776241948,264.5379286567518,0.0,0.0,0.0,0.0,2022,2.218902587890625,9.311245918273926,,0.997711181640625,71.25,203.25,chukchi
2022-08-23 15:00:00,3595,71.31016383333333,-156.8141405,1.8,98.6,12.1,22.6,106.8983207790286,1007.16,66.1006035688203,0.0032146355611081,338.6736156562945,0.0,0.0,0.0,0.0,2022,2.863433837890625,7.764247894287109,,1.646392822265625,71.25,203.25,chukchi
2022-08-23 16:00:00,3586,71.3101725,-156.814151,1.98,98.9,11.3,21.1,106.6796637404182,1006.6,62.7621352946776,0.0028091364688718,142.710543384244,0.0002788622420524,0.0,0.0002788622420524,0.0,2022,2.863433837890625,7.764247894287109,,1.646392822265625,71.25,203.25,chukchi
2022-08-23 17:00:00,3593,71.31016883333334,-156.81414683333333,2.29,99.0,10.6,21.1,107.79861730100886,1006.11,62.80637346036273,0.0027215469673891,302.64825812622695,0.0,0.0,0.0,0.0,2022,2.863433837890625,7.764247894287109,,1.646392822265625,71.25,203.25,chukchi
2022-08-23 18:00:00,3593,71.31016416666667,-156.81415583333333,2.68,99.1,10.4,21.3,116.75595855871155,1005.62,62.8158364629888,0.0033000406268956,199.4955851100333,0.0,0.0,0.0,0.0,2022,2.863433837890625,7.764247894287109,,1.646392822265625,71.25,203.25,chukchi
2022-08-23 19:00:00,3587,71.3101675,-156.81414600000002,2.71,99.1,10.3,18.9,124.51849567914012,1005.02,62.76032942439328,0.0032250566256867,354.7177171581605,0.0002787844995818,0.0,0.0,0.0,2022,2.863433837890625,7.764247894287109,,1.646392822265625,71.25,203.25,chukchi
2022-08-23 20:00:00,3591,71.31017116666666,-156.81414316666667,2.59,99.2,9.9,20.6,130.16720508252567,1005.06,61.962876307425546,0.0051621867223664,200.22931123784852,0.0005569479253689,0.0,0.0002784739626844,0.0,2022,2.863433837890625,7.764247894287109,,1.646392822265625,71.25,203.25,chukchi
2022-08-23 21:00:00,3592,71.31020783333334,-156.81430283333333,2.48,99.1,8.9,14.9,134.43444619516148,1004.95,42.88657049883419,0.0068813696463656,40.4984052297768,0.0,0.0,0.0,0.0,2022,4.788238525390625,4.616695880889893,,3.466461181640625,71.25,203.25,chukchi
2022-08-23 22:00:00,3596,71.310203,-156.81429408333332,2.68,98.2,8.3,18.8,133.7330656092172,1004.79,57.98479104909544,0.0060074324339971,180.2787685416348,0.0,0.0005561735261401,0.0,0.0,2022,4.788238525390625,4.616695880889893,,3.466461181640625,71.25,203.25,chukchi
2022-08-23 23:00:00,3591,71.31005400000001,-156.81411833333334,3.06,97.8,7.9,15.4,126.78382928574392,1004.38,85.01629016215514,0.0035382304684211,356.45506678202383,0.0,0.0,0.0,0.0,2022,4.788238525390625,4.616695880889893,,3.466461181640625,71.25,203.25,chukchi
2022-08-24 00:00:00,3593,71.31011566666666,-156.81420233333336,3.29,97.0,7.4,15.1,127.29641311364053,1004.38,56.44649561856851,0.0064280898934895,303.2166615063629,0.0,0.0,0.0,0.0,2022,4.788238525390625,4.616695880889893,,3.466461181640625,71.25,203.25,chukchi
2022-08-24 01:00:00,3592,71.3101405,-156.8142935,3.16,98.2,6.6,13.3,128.88451420185362,1004.16,32.68614944241095,0.0044477783645256,129.6241108609395,0.0,0.0,0.0,0.0,2022,4.788238525390625,4.616695880889893,,3.466461181640625,71.25,203.25,chukchi
2022-08-24 02:00:00,3598,71.3101075,-156.81418716666667,3.25,98.8,6.3,13.3,130.75595555925335,1003.93,53.25924068971315,0.0026296302591552,14.20719216286935,0.0,0.0,0.0,0.0,2022,4.788238525390625,4.616695880889893,,3.466461181640625,71.25,203.25,chukchi
2022-08-24 03:00:00,3589,71.31011266666665,-156.81418516666665,3.25,99.0,5.6,11.4,132.89886399556374,1003.82,60.49607131567532,0.001585639714832,184.50227796717132,0.0,0.0,0.0,0.0,2022,5.233062744140625,2.715872049331665,,4.400054931640625,71.25,203.25,chukchi
2022-08-24 04:00:00,3592,71.31010883333333,-156.81418983333333,3.32,99.1,4.4,9.3,122.70427286124396,1003.93,58.5144686253258,0.0031672853045125,301.4928563510246,0.0,0.0,0.0,0.0,2022,5.233062744140625,2.715872049331665,,4.400054931640625,71.25,203.25,chukchi
2022-08-24 05:00:00,3588,71.31007883333334,-156.81422966666665,3.29,99.0,4.3,8.9,128.02621475040655,1003.78,89.63422702927961,0.0025001196630251,191.14830705842303,0.0002787068004459,0.0,0.0,0.0,2022,5.233062744140625,2.715872049331665,,4.400054931640625,71.25,203.25,chukchi
2022-08-24 06:00:00,3594,71.310078,-156.81423750000002,3.2,98.1,3.9,8.1,128.28850814612164,1003.78,88.4103299126952,0.0020153198561659,344.83142449560444,0.0,0.0,0.0,0.0,2022,5.233062744140625,2.715872049331665,,4.400054931640625,71.25,203.25,chukchi
2022-08-24 07:00:00,3021,71.31012866666667,-156.81428583333334,3.05,97.6,4.8,13.2,129.80206879753538,1003.59,60.63814330200724,0.0023823349540412,306.17045186432676,0.0003310162197947,0.0,0.0003310162197947,0.0,2022,5.233062744140625,2.715872049331665,,4.400054931640625,71.25,203.25,chukchi
2022-08-24 08:00:00,3593,71.31012566666666,-156.81428833333334,3.78,96.5,3.9,7.8,138.56480495748275,1003.59,60.02182020048038,0.0050996840376531,287.524479731513,0.0,0.0,0.0,0.0,2022,5.233062744140625,2.715872049331665,,4.400054931640625,71.25,203.25,chukchi
2022-08-24 09:00:00,3594,71.31012466666667,-156.81428866666664,3.84,95.9,4.4,8.8,122.59683021389118,1003.37,60.003366677629906,0.0028061314429327,284.7398765387122,0.0,0.0,0.0,0.0,2022,4.367340087890625,3.021155834197998,,4.105133056640625,71.25,203.25,chukchi
2022-08-24 10:00:00,3593,71.310129,-156.81429816666665,3.74,95.8,4.3,9.8,124.32070018358915,1003.29,59.992930707173066,0.0031655777582121,251.92341391155048,0.0,0.0,0.0,0.0,2022,4.367340087890625,3.021155834197998,,4.105133056640625,71.25,203.25,chukchi
2022-08-24 11:00:00,3597,71.31012383333334,-156.8142915,4.38,95.0,3.6,7.6,126.21071805639131,1003.26,60.01045326706578,0.0030923140493137,183.35043549177257,0.0,0.0,0.0,0.0,2022,4.367340087890625,3.021155834197998,,4.105133056640625,71.25,203.25,chukchi
2022-08-24 12:00:00,3599,71.31012616666666,-156.81428416666668,4.02,95.8,3.1,6.6,117.14449303557276,1003.22,60.009252589726415,0.0025200688310992,40.50708020960397,0.0,0.0,0.0,0.0,2022,4.367340087890625,3.021155834197998,,4.105133056640625,71.25,203.25,chukchi
2022-08-24 13:00:00,3596,71.31012966666667,-156.8142778333333,4.34,95.8,3.3,7.1,119.75238836283144,1003.11,60.033731801950935,0.0025800947817005,226.1826667634387,0.0,0.0,0.0,0.0,2022,4.367340087890625,3.021155834197998,,4.105133056640625,71.25,203.25,chukchi
2022-08-24 14:00:00,3598,71.31012116666668,-156.8142715,4.37,95.9,3.3,6.1,115.6870660325053,1002.81,66.58344280259954,0.0026227858902671,198.4133817079771,0.0,0.0,0.0,0.0,2022,4.367340087890625,3.021155834197998,,4.105133056640625,71.25,203.25,chukchi
2022-08-24 15:00:00,3184,71.31012233333333,-156.81427641666664,4.45,97.7,2.6,6.0,123.78635359086216,1002.81,64.97611763934846,0.0014007912499162,221.1549736445881,0.0006281407035175,0.0,0.0003140703517587,0.0,2022,6.484771728515625,2.1527841091156006,,6.195709228515625,71.25,203.25,chukchi
2022-08-24 16:00:00,3209,71.3101155,-156.81427066666666,4.2,98.5,1.8,7.8,147.86699136684547,1002.99,64.98266199902868,0.0019546226661227,194.20057388983008,0.000311623558741,0.0,0.000311623558741,0.0133998130258647,2022,6.484771728515625,2.1527841091156006,,6.195709228515625,71.25,203.25,chukchi
2022-08-24 17:00:00,3597,71.31011516666668,-156.81426983333333,4.22,98.7,3.1,10.1,25.858564368162323,1002.92,64.99863775674396,0.0016060510596996,311.3903959593364,0.0,0.0,0.0,0.0011120378092855,2022,6.484771728515625,2.1527841091156006,,6.195709228515625,71.25,203.25,chukchi
2022-08-24 18:00:00,3597,71.31011883333333,-156.81428066666666,4.03,98.8,3.3,6.8,19.674961900205712,1002.99,65.02057269410382,0.0012867088735996,11.602377669246286,0.0,0.0005560189046427,0.0,0.0,2022,6.484771728515625,2.1527841091156006,,6.195709228515625,71.25,203.25,chukchi
2022-08-24 19:00:00,3596,71.31012349999999,-156.81427649999998,3.98,98.9,2.1,4.9,84.66236911834076,1002.84,64.94452195726797,0.0028079244849405,218.9217220262023,0.0,0.0,0.0,0.0,2022,6.484771728515625,2.1527841091156006,,6.195709228515625,71.25,203.25,chukchi
2022-08-24 20:00:00,3591,71.31012216666666,-156.81427333333335,4.28,98.9,2.6,13.2,69.04753616524043,1002.77,64.99652641620024,0.0027816346539667,109.33395516337472,0.0002784739626844,0.0,0.0002784739626844,0.0,2022,6.484771728515625,2.1527841091156006,,6.195709228515625,71.25,203.25,chukchi
2022-08-24 21:00:00,3594,71.31036341666666,-156.8142825,3.75,99.0,3.7,31.1,28.09739722934704,1002.77,23.674595447989077,0.073662184095183,341.99377161929027,0.0005564830272676,0.0005564830272676,0.0002782415136338,0.0,2022,7.135406494140625,2.974510908126831,,6.414703369140625,71.25,203.25,chukchi
2022-08-24 22:00:00,3598,71.3716045,-156.90414983333332,3.93,99.1,2.8,5.1,22.914717902690764,1003.07,326.4016087599341,0.003625772666885,121.19068543247356,0.0,0.0,0.0,0.0,2022,5.986968994140625,2.930891275405884,,5.324859619140625,71.25,203.0,chukchi
2022-08-24 23:00:00,3596,71.37163149999999,-156.90389175,3.98,99.1,2.3,6.4,15.800983938336191,1003.22,2.9050664605742047,0.0051243170736437,47.80741329379862,0.0,0.0,0.0,0.0,2022,5.986968994140625,2.930891275405884,,5.324859619140625,71.25,203.0,chukchi
2022-08-25 00:00:00,3597,71.37163383333333,-156.90387683333333,3.97,99.2,3.8,7.4,14.861493566029775,1003.14,20.261996166931574,0.0020719668958311,184.19051393270024,0.0,0.0,0.0,0.0,2022,5.986968994140625,2.930891275405884,,5.324859619140625,71.25,203.0,chukchi
2022-08-25 01:00:00,3596,71.37163683333333,-156.90386966666668,3.91,99.2,2.3,7.1,27.1705911950084,1003.37,20.250361797685773,0.0031686966443805,67.49461957763215,0.0,0.0,0.0,0.0091768631813125,2022,5.986968994140625,2.930891275405884,,5.324859619140625,71.25,203.0,chukchi
2022-08-25 02:00:00,3594,71.42618475,-156.78498675000003,3.89,99.2,7.7,12.6,92.44250562324832,1001.79,32.6509206405697,6.168454849147183,36.22652709057503,0.0,0.0,0.0,0.0,2022,4.699859619140625,1.225446343421936,0.0,4.264312744140625,71.5,203.25,chukchi
2022-08-25 03:00:00,3589,71.58599299999999,-156.4259985,2.98,99.3,8.6,16.6,127.87492394342276,1001.53,66.41449571673883,6.3298215735592915,64.46654783590932,0.0,0.0,0.0,0.0,2022,2.994049072265625,3.2807040214538574,0.0,2.563385009765625,71.5,203.5,chukchi
2022-08-25 04:00:00,3589,71.56907166666666,-155.80600766666666,3.7,99.4,9.8,14.2,158.02150409809326,1002.88,98.47496041221837,6.062968917480579,99.20918009730018,0.0002786291446085,0.0,0.0,0.0,2022,2.937408447265625,3.3266520500183105,0.0,2.639556884765625,71.5,204.25,chukchi
2022-08-25 05:00:00,3591,71.53698633333333,-155.19087033333332,5.1,99.4,9.7,13.6,164.4459954354083,1002.81,99.27810020318324,6.08762165661841,99.2713094409797,0.0,0.0,0.0,0.0,2022,2.992095947265625,3.3665733337402344,0.0,2.832916259765625,71.5,204.75,chukchi
2022-09-14 06:00:00,3589,71.5690355,-155.50809116666667,1.06,90.7,9.4,16.2,138.45358501613202,1008.4,283.98061534062765,6.572652919064746,283.573785205454,0.0,0.0,0.0,0.0,2022,1.290435791015625,11.177142143249512,0.0,-0.683197021484375,71.5,204.5,chukchi
2022-09-14 07:00:00,3591,71.59528916666666,-156.17374516666666,1.1,91.5,9.9,16.0,141.8179345155255,1008.32,272.00350640957936,6.628321323857517,272.2814332298433,0.0,0.0,0.0,0.0,2022,1.438873291015625,11.029845237731934,0.0,-0.507415771484375,71.5,203.75,chukchi
2022-09-14 08:00:00,3463,71.56369833333333,-156.82832633333334,3.18,84.7,12.3,20.3,157.75319586868804,1008.06,248.103411525971,6.415139545769273,248.32900629105683,0.0005775339301183,0.0,0.0002887669650591,0.0,2022,1.511138916015625,10.846518516540527,0.0,-0.411712646484375,71.5,203.25,chukchi
2022-09-14 09:00:00,3582,71.48609341666666,-157.42330958333332,4.6,80.9,12.5,22.9,157.49767582189804,1007.8,246.26611343851377,6.379670485167041,246.7159283891301,0.0002791736460078,0.0,0.0002791736460078,0.0,2022,1.483551025390625,11.27711296081543,0.0,-0.624359130859375,71.5,202.5,chukchi
2022-09-14 10:00:00,3597,71.40069083333333,-158.0111895,5.98,75.5,12.4,22.9,159.00949550622224,1007.53,245.0282719528841,6.408515279850762,245.2206825979892,0.0,0.0,0.0,0.0,2022,1.524566650390625,11.178257942199707,0.0,-0.591156005859375,71.5,202.0,chukchi
2022-09-14 11:00:00,3595,71.31856983333334,-158.61038316666665,4.88,79.8,11.5,20.8,157.24464617139162,1007.23,248.18608028657144,6.472024779145616,248.78023720592324,0.0,0.0,0.0,0.0,2022,1.530426025390625,11.735599517822266,0.0,-0.237640380859375,71.25,201.5,chukchi
2022-09-14 12:00:00,3591,71.23869733333332,-159.2256865,5.06,78.7,13.9,18.7,161.92013436173087,1006.9,246.73940856894427,6.602264073468121,246.79837895869343,0.0,0.0,0.0,0.0,2022,1.577301025390625,11.048973083496094,0.0,-0.216156005859375,71.25,200.75,chukchi
2022-09-14 13:00:00,3596,71.15508766666667,-159.83662900000002,4.38,80.7,13.6,20.9,162.1107245136268,1006.6,247.19880699899383,6.627567667656563,247.3637323096399,0.0,0.0,0.0,0.0,2022,1.676910400390625,10.758646011352539,0.0,-0.153656005859375,71.25,200.25,chukchi
2022-09-14 14:00:00,3588,71.0711015,-160.44681075,3.79,85.3,13.2,21.1,163.49972912730857,1006.37,246.3123972023075,6.640529244943088,246.45556329925267,0.0,0.0,0.0,0.0,2022,1.792144775390625,10.423880577087402,0.0,0.289703369140625,71.0,199.5,chukchi
2022-09-14 15:00:00,3592,70.986994,-161.05417466666665,3.88,84.9,14.3,22.9,162.61417117312791,1005.96,247.1178470065992,6.631644809022844,247.11160421187824,0.0,0.0,0.0,0.0,2022,1.797271728515625,11.49831771850586,0.0,0.115386962890625,71.0,199.0,chukchi
2022-09-14 16:00:00,3594,70.90334916666666,-161.65736683333333,3.61,84.5,15.0,20.8,162.73627767975526,1005.4,246.75935300165563,6.467509583145084,247.11819373516585,0.0,0.0,0.0,0.0,2022,1.998443603515625,11.355131149291992,0.0,0.183746337890625,71.0,198.25,chukchi
2022-09-14 17:00:00,3587,70.82257366666666,-162.238562,4.29,84.3,13.9,21.1,161.8915422072719,1005.32,246.4648505470499,6.3714492940514535,246.8799184853833,0.0,0.0,0.0,0.0,2022,2.176177978515625,11.05388069152832,0.0,0.398590087890625,70.75,197.75,chukchi
2022-09-14 18:00:00,3595,70.74237266666667,-162.81393483333335,7.66,70.2,13.1,20.7,159.96884424090624,1004.91,246.30388875659852,6.34034308290495,247.06113832827285,0.0,0.0,0.0,0.0,2022,2.428131103515625,11.120792388916016,0.0,0.562652587890625,70.75,197.25,chukchi
2022-09-14 19:00:00,3593,70.65732733333333,-163.370958,3.25,86.3,12.6,19.8,163.82335902642637,1004.57,233.7397763060615,6.220308550236707,233.9322938540757,0.0,0.0,0.0,0.0,2022,2.635162353515625,11.125779151916504,0.0,0.677886962890625,70.75,196.75,chukchi
2022-09-14 20:00:00,3588,70.51302075000001,-163.78804524999998,3.01,88.2,12.5,21.2,163.295373575599,1004.12,222.40792056999476,6.238341691689181,223.16374632874297,0.0,0.0,0.0,0.0,2022,2.928131103515625,10.747394561767578,0.0,0.957183837890625,70.5,196.25,chukchi
2022-09-14 21:00:00,3594,70.36551983333334,-164.20550808333334,3.02,87.9,11.2,21.2,166.24830116565718,1003.71,223.36816837971875,6.388883539284985,223.71024018898268,0.0,0.0,0.0,0.0,2022,3.564361572265625,11.000630378723145,0.0,1.842926025390625,70.25,195.75,chukchi
2022-09-14 22:00:00,3589,70.21289716666666,-164.63607966666666,3.2,88.8,12.2,18.0,160.918331335066,1003.18,223.45211203675103,6.533166065312558,223.48188926569924,0.0,0.0,0.0,0.0,2022,3.757720947265625,11.043383598327637,0.0,1.928863525390625,70.25,195.25,chukchi
2022-09-14 23:00:00,3590,70.05862633333334,-165.0638045,3.59,89.3,11.5,17.1,164.18195558432433,1002.66,223.50266106611255,6.5455283928733685,223.4520224147728,0.0,0.0,0.0,0.0,2022,4.076080322265625,10.40107250213623,0.0,2.522613525390625,70.0,195.0,chukchi
2022-09-15 00:00:00,3597,69.9071005,-165.4841345,3.74,92.7,11.3,18.0,158.09090491685544,1002.02,223.07742937808197,5.831799878259101,223.4027315607157,0.0,0.0,0.0,0.0,2022,4.140533447265625,10.325133323669434,0.0,2.501129150390625,70.0,194.5,chukchi
2022-09-15 01:00:00,3597,69.7785485,-165.8380085,4.06,92.1,10.3,17.5,161.4293699710527,1001.68,223.52014037497065,5.4389814410927535,223.52506439631705,0.0,0.0,0.0,0.0,2022,4.371002197265625,9.62321949005127,0.0,2.958160400390625,69.75,194.25,chukchi
2022-09-15 02:00:00,3588,69.65239766666667,-166.1831295,4.36,91.5,9.4,15.4,162.44775997437603,1001.23,223.29558991158592,5.317865959791331,223.39950397979376,0.0002787068004459,0.0008361204013377,0.0,0.0,2022,4.454986572265625,9.527559280395508,0.0,2.940582275390625,69.75,193.75,chukchi
2022-09-15 03:00:00,3594,69.52742783333335,-166.52240416666666,4.85,91.4,9.1,14.4,160.10637898880532,1000.7,223.5087640458436,5.33778117508174,223.48722026980496,0.0,0.0,0.0,0.0,2022,4.989410400390625,8.946820259094238,0.0,3.478668212890625,69.5,193.5,chukchi
2022-09-15 04:00:00,3596,69.40167983333333,-166.86173641666667,5.64,89.2,8.6,12.9,158.8765269912807,1000.33,222.793574180113,5.361265449721791,223.56836871147448,0.0,0.0,0.0,0.0,2022,5.006988525390625,8.916537284851074,0.0,3.480621337890625,69.5,193.25,chukchi
2022-09-15 05:00:00,3598,69.27397458333334,-167.20629341666665,5.29,92.9,9.1,12.6,159.2875212681126,999.92,217.26092302009,5.430511834581159,219.11109265136145,0.0,0.0,0.0,0.0,2022,5.401519775390625,8.366327285766602,0.0,3.920074462890625,69.25,192.75,chukchi
2022-09-15 06:00:00,3599,69.12916316666666,-167.47096016666669,5.24,94.4,9.2,15.6,157.92661832252531,999.54,210.02283989028825,5.278002755190932,211.30327503157068,0.0,0.0013892747985551,0.0,0.0,2022,5.350738525390625,8.365324974060059,0.0,3.851715087890625,69.25,192.5,chukchi
2022-09-15 07:00:00,3581,68.981533,-167.719626,5.39,96.3,9.4,17.9,156.90226434372613,999.16,210.0081438560865,5.417805089500291,210.7482557374572,0.0005585032113934,0.0,0.0002792516056967,0.0,2022,5.821441650390625,8.246709823608398,0.0,4.201324462890625,69.0,192.25,chukchi
2022-09-15 08:00:00,3597,68.83202033333333,-167.96902533333335,5.57,97.8,8.7,13.1,138.52288135940722,998.75,195.7090050725572,5.30680118663481,196.50117796336824,0.0,0.0,0.0,0.0,2022,6.260894775390625,7.950493812561035,0.0,4.482574462890625,68.75,192.0,chukchi
2022-09-15 09:00:00,3597,68.66665333333334,-167.97638866666668,6.43,97.2,9.4,18.3,128.57651188288327,998.34,175.5464473433405,5.167999707602063,176.1322123221347,0.0,0.0,0.0,0.0,2022,5.852935791015625,7.522644519805908,0.0,4.950592041015625,68.75,192.0,chukchi
2022-09-15 10:00:00,3595,68.50829616666667,-167.84969616666663,7.03,95.8,12.1,19.2,136.41807398674968,997.78,155.07203847244853,5.199854174313296,154.78088851953956,0.0,0.0,0.0,0.0,2022,6.659576416015625,7.016428470611572,0.0,5.513092041015625,68.5,192.25,chukchi
2022-09-15 11:00:00,3597,68.35615750000001,-167.64794233333336,8.42,90.8,10.7,16.1,140.93726673453833,997.4,154.91500199233877,5.202202720091598,153.67358017668047,0.0,0.0,0.0,0.0,2022,7.065826416015625,6.2988386154174805,0.0,6.009185791015625,68.25,192.25,chukchi
2022-09-15 12:00:00,3595,68.2097445,-167.43398133333332,8.35,91.8,6.1,16.3,118.0917022633368,996.73,149.04590953601675,5.074528035880495,149.30971981312632,0.0,0.0,0.0,0.0,2022,7.341217041015625,5.873544216156006,0.0,6.196685791015625,68.25,192.5,chukchi
2022-09-15 13:00:00,3597,68.06863799999999,-167.208693,8.76,88.0,5.9,20.5,108.2455378838064,996.73,148.46026905591262,5.107710722139072,149.23951283899493,0.0,0.0,0.0,0.0,2022,8.020904541015625,4.974442958831787,0.0,6.948638916015625,68.0,192.75,chukchi
2022-09-15 14:00:00,3598,67.92647483333334,-166.98364241666664,8.56,89.8,4.6,13.3,86.08609872206885,996.5,148.26290500477754,5.080483068365847,149.3722526613795,0.0,0.0,0.0,0.0,2022,8.196685791015625,4.874764442443848,0.0,7.050201416015625,68.0,193.0,chukchi
2022-09-15 15:00:00,3597,67.78487016666666,-166.76099983333333,8.44,91.0,8.6,23.2,118.6396266865108,995.82,149.14133644141438,5.12114758348028,149.25421614464395,0.0,0.0,0.0,0.0,2022,8.100738525390625,6.005798816680908,0.0,6.604400634765625,67.75,193.25,chukchi
2022-09-15 16:00:00,3589,67.640169,-166.53429816666667,8.93,90.5,14.2,25.1,142.04589960315505,995.64,150.58002323795063,5.247694849294779,149.39323409702374,0.0002786291446085,0.0,0.0,0.0,2022,8.200347900390625,6.078734874725342,0.0,6.596588134765625,67.75,193.5,chukchi
2022-09-15 17:00:00,3596,67.4933795,-166.30620825,9.2,89.1,13.2,21.0,141.4660655828469,995.49,150.91659977119664,5.3163155939515,149.31566409273665,0.0,0.0,0.0,0.0,2022,8.678863525390625,6.590915679931641,0.0,6.973541259765625,67.5,193.75,chukchi
2022-09-15 18:00:00,3599,67.34516433333333,-166.0766445,9.26,88.8,13.6,21.3,139.78533554496065,995.41,151.113448021159,5.382637739865241,149.58559836887167,0.0,0.0,0.0,0.0,2022,8.901519775390625,6.823488235473633,0.0,7.264556884765625,67.25,194.0,chukchi
2022-09-15 19:00:00,3590,67.19499258333332,-165.8476900833333,9.35,87.9,13.2,19.7,139.46522325385305,995.56,148.93927412399017,5.349060582429634,148.92779451464074,0.0002785515320334,0.0,0.0,0.0,2022,8.866363525390625,6.697544574737549,0.0,7.188385009765625,67.25,194.25,chukchi
2022-09-15 20:00:00,3596,67.0466505,-165.61499608333332,9.31,87.7,15.0,22.9,130.52400479347793,995.15,149.45702457235978,5.337278629774455,150.56399672964343,0.0,0.0,0.0,0.0,2022,9.026519775390625,7.138584613800049,0.0,7.463775634765625,67.0,194.5,chukchi
2022-09-15 21:00:00,3594,66.92134433333334,-165.43514891666666,9.35,88.5,16.2,26.2,142.50154309566832,995.19,148.92526651357167,5.451425204664421,149.78949596307433,0.0,0.0,0.0,0.0,2022,9.139068603515625,6.288038730621338,0.0,7.257965087890625,67.0,194.5,chukchi
2022-09-15 22:00:00,3596,66.77062416666666,-165.20180608333334,9.35,88.2,16.0,26.5,121.21552533373678,995.41,121.6858597056543,5.342612262292052,150.14468177982442,0.0,0.0,0.0,0.0,2022,9.129302978515625,6.824115753173828,0.0,7.427886962890625,66.75,194.75,chukchi
2022-09-15 23:00:00,3597,66.75013583333333,-165.16701733333332,9.32,89.4,8.3,15.6,88.42085108461791,995.97,72.85869248493144,0.0025195726090143,296.9378375159647,0.0,0.0,0.0,0.0,2022,9.129302978515625,6.824115753173828,0.0,7.427886962890625,66.75,194.75,chukchi
2022-09-16 00:00:00,3599,66.75013133333333,-165.1670125,9.44,89.4,7.9,12.3,121.27766230587726,996.39,114.92692032654128,0.0079924225441575,217.6187385197817,0.0,0.0,0.0,0.0,2022,9.129302978515625,6.824115753173828,0.0,7.427886962890625,66.75,194.75,chukchi
2022-09-16 01:00:00,3593,66.6998315,-165.291811,9.4,89.6,8.1,16.4,112.27452602454358,996.73,71.82666898656382,0.0029932842262911,319.87976380459537,0.0,0.0,0.0,0.0,2022,9.129302978515625,6.824115753173828,0.0,7.427886962890625,66.75,194.75,chukchi
2022-09-16 02:00:00,3598,66.69985366666667,-165.2918333333333,9.24,90.6,6.6,11.3,89.69873272047124,997.66,61.266157248499766,0.0029582035482083,303.64496216601134,0.0,0.0,0.0,0.0,2022,9.129302978515625,6.824115753173828,0.0,7.427886962890625,66.75,194.75,chukchi
2022-09-16 03:00:00,3598,66.69985816666667,-165.2918515,9.32,90.2,7.8,13.8,91.8866857680735,997.68,50.77980651256746,0.0045429037162455,331.05986894676965,0.0,0.0,0.0,0.0,2022,9.255279541015625,5.467670440673828,0.0,7.465728759765625,66.75,194.75,chukchi
2022-09-16 04:00:00,3595,66.69984866666667,-165.29183733333332,9.4,90.2,6.3,11.4,106.97542153144126,998.38,56.87322479078085,0.0027825566651018,246.96773769589828,0.0,0.0,0.0,0.0,2022,9.255279541015625,5.467670440673828,0.0,7.465728759765625,66.75,194.75,chukchi
2022-09-16 05:00:00,3595,66.699833,-165.29181466666668,9.5,89.6,6.6,20.2,120.19176634315554,998.75,69.27033621449141,0.0023643709799442,129.46005277733192,0.0,0.0,0.0,0.0,2022,9.255279541015625,5.467670440673828,0.0,7.465728759765625,66.75,194.75,chukchi
2022-09-16 06:00:00,3597,66.69981899999999,-165.2917943333333,9.53,89.5,7.3,12.1,120.67941623281604,998.83,78.6067971743559,0.0029708967000592,359.38323696833356,0.0,0.0,0.0,0.0,2022,9.255279541015625,5.467670440673828,0.0,7.465728759765625,66.75,194.75,chukchi
2022-09-16 08:00:00,3596,66.69983066666667,-165.29181866666664,9.64,88.9,8.4,17.1,124.28321206469973,998.9,74.99641268465298,0.0018542552921921,336.79577612023775,0.0,0.0,0.0,0.0,2022,9.255279541015625,5.467670440673828,0.0,7.465728759765625,66.75,194.75,chukchi
2022-09-16 09:00:00,3597,66.699827,-165.2918241666667,9.35,90.5,8.4,13.8,130.15536021362152,998.98,76.45771066639105,0.0035307219319751,177.9304695056663,0.0,0.0,0.0,0.0,2022,8.891754150390625,7.628335952758789,0.0,7.103912353515625,66.75,194.75,chukchi
2022-09-16 10:00:00,3596,66.69981733333334,-165.2918126666667,9.25,90.6,8.4,16.9,138.63811881382338,998.68,81.70309607842137,0.004375061419783,167.17270579745298,0.0,0.0,0.0,0.0,2022,8.891754150390625,7.628335952758789,0.0,7.103912353515625,66.75,194.75,chukchi
2022-09-16 11:00:00,3599,66.6998105,-165.29179866666666,9.16,91.1,9.4,15.8,139.31863782936207,998.3,85.00839113750209,0.0045282720105296,68.81595602264883,0.0,0.0,0.0,0.0,2022,8.891754150390625,7.628335952758789,0.0,7.103912353515625,66.75,194.75,chukchi
2022-09-16 12:00:00,3597,66.69980683333333,-165.29179383333334,9.17,92.2,8.9,19.4,131.3227830016597,997.59,87.02977038659229,0.0030102677305574,111.62319849815432,0.0,0.0,0.0,0.0,2022,8.891754150390625,7.628335952758789,0.0,7.103912353515625,66.75,194.75,chukchi
2022-09-16 13:00:00,3595,66.6997895,-165.2917955,9.26,91.3,9.9,20.0,131.55521529482925,997.18,96.85437155051513,0.0043180824305439,167.2505177499547,0.0,0.0,0.0,0.0,2022,8.891754150390625,7.628335952758789,0.0,7.103912353515625,66.75,194.75,chukchi
2022-09-16 14:00:00,3595,66.69979216666667,-165.29179233333332,9.04,92.2,10.4,19.3,131.49613685780892,996.27,98.19406235089224,0.0031485762767345,224.54056603253773,0.0,0.0,0.0,0.0,2022,8.891754150390625,7.628335952758789,0.0,7.103912353515625,66.75,194.75,chukchi
2022-09-16 15:00:00,3600,66.6997875,-165.291789,8.86,90.6,10.3,18.2,133.68948959122966,995.41,102.67538324190264,0.0063637308709935,91.09506002966432,0.0,0.0,0.0,0.0,2022,8.256011962890625,10.897189140319824,0.0,6.702301025390625,66.75,194.75,chukchi
2022-09-16 16:00:00,3586,66.69977966666667,-165.29178583333336,8.84,89.0,11.4,22.3,129.67506291295652,994.29,100.5040346784164,0.0057753642528102,190.68991087364685,0.0005577244841048,0.0,0.0002788622420524,0.0,2022,8.256011962890625,10.897189140319824,0.0,6.702301025390625,66.75,194.75,chukchi
2022-09-16 17:00:00,3394,66.69977866666666,-165.29179316666668,8.76,88.2,12.8,24.1,133.40139116209718,992.93,100.49477282803534,0.0054053054954062,167.3424074665405,0.0002946375957572,0.0,0.0002946375957572,0.0,2022,8.256011962890625,10.897189140319824,0.0,6.702301025390625,66.75,194.75,chukchi
2022-09-16 18:00:00,3596,66.6997855,-165.29177983333332,8.89,87.4,14.9,27.6,133.5794109396933,990.98,97.4391336906559,0.0081634743324324,247.28452940830027,0.0,0.0,0.0,0.0,2022,8.256011962890625,10.897189140319824,0.0,6.702301025390625,66.75,194.75,chukchi
2022-09-16 19:00:00,3597,66.69978599999999,-165.29177783333333,8.94,86.8,14.0,26.5,141.14234888202708,990.61,99.78054688517196,0.0094791312571535,303.94591190672224,0.0,0.0,0.0,0.0,2022,8.256011962890625,10.897189140319824,0.0,6.702301025390625,66.75,194.75,chukchi
2022-09-16 20:00:00,3589,66.69978233333333,-165.29177733333333,9.13,85.1,15.1,26.2,139.41597357016423,988.92,102.0106147367273,0.0113955898114664,256.7434956217951,0.0002786291446085,0.0,0.0002786291446085,0.0,2022,8.256011962890625,10.897189140319824,0.0,6.702301025390625,66.75,194.75,chukchi
2022-09-16 21:00:00,3594,66.69978366666666,-165.29178766666664,9.53,83.2,15.9,34.9,140.99521159720643,987.06,102.0173349777641,0.0137944533822503,211.03827870454916,0.0,0.0,0.0,0.0,2022,9.518463134765625,15.25623893737793,0.0,6.926666259765625,66.75,194.75,chukchi
2022-09-16 22:00:00,3595,66.6997845,-165.29177650000003,9.45,85.3,17.7,35.1,139.83709685819483,985.01,100.16669318028784,0.0150154482027915,238.56336813537644,0.0,0.0,0.0,0.0,2022,9.518463134765625,15.25623893737793,0.0,6.926666259765625,66.75,194.75,chukchi
2022-09-16 23:00:00,3598,66.69978466666666,-165.29177666666666,9.74,83.4,18.8,34.7,137.57382767136602,983.06,100.61857054952152,0.0181021962343432,277.2709620659353,0.0,0.0,0.0,0.0,2022,9.518463134765625,15.25623893737793,0.0,6.926666259765625,66.75,194.75,chukchi
2022-09-17 00:00:00,3594,66.69977883333333,-165.29178416666667,9.44,86.3,19.4,35.2,141.08622851467496,981.11,102.84722703056156,0.019796865361054,183.91416156393515,0.0,0.0,0.0,0.0,2022,9.518463134765625,15.25623893737793,0.0,6.926666259765625,66.75,194.75,chukchi
2022-09-17 01:00:00,3594,66.69977983333334,-165.2917761666667,9.44,88.6,17.9,31.5,145.55285849344006,979.95,104.9922628165307,0.0226441189154326,129.82417904819297,0.0,0.0,0.0,0.0,2022,9.518463134765625,15.25623893737793,0.0,6.926666259765625,66.75,194.75,chukchi
2022-09-17 02:00:00,3595,66.6997795,-165.29177816666663,9.92,88.0,17.3,33.0,146.23916098554156,979.27,105.01740766206726,0.0187224583914401,194.40392229531,0.0,0.0,0.0,0.0,2022,9.518463134765625,15.25623893737793,0.0,6.926666259765625,66.75,194.75,chukchi
2022-09-17 03:00:00,3596,66.699769,-165.29178,10.21,89.2,13.9,32.1,160.67043863112505,979.53,120.21559137715498,0.0233517863086862,161.67925401280223,0.0,0.0,0.0,0.0,2022,10.146636962890625,12.355560302734375,0.0,7.226470947265625,66.75,194.75,chukchi
2022-09-17 04:00:00,3598,66.63391083333333,-165.25937816666664,10.63,78.9,13.7,34.2,175.1083020632719,978.86,154.17598479750026,0.0182353864656011,161.80345492642994,0.0,0.0,0.0,0.0,2022,10.146636962890625,12.355560302734375,0.0,7.226470947265625,66.75,194.75,chukchi
2022-09-17 05:00:00,3247,66.63391733333333,-165.2593535,10.22,79.0,14.7,27.0,154.08580678035105,977.88,140.0865572587995,0.0114326382738562,121.0019241765661,0.0003079765937788,0.0,0.0003079765937788,0.0,2022,10.146636962890625,12.355560302734375,0.0,7.226470947265625,66.75,194.75,chukchi
2022-09-17 06:00:00,3595,66.6339425,-165.25930716666667,9.76,79.0,16.9,30.4,155.10576034181884,975.97,122.63125827820608,0.0121148881621915,39.05918197865245,0.0,0.0,0.0,0.0,2022,10.146636962890625,12.355560302734375,0.0,7.226470947265625,66.75,194.75,chukchi
2022-09-17 07:00:00,3597,66.63394033333334,-165.25931,9.53,81.6,15.8,30.6,154.78016216987118,975.18,122.51675047770344,0.0120236085354388,182.04754642613383,0.0,0.0,0.0,0.0,2022,10.146636962890625,12.355560302734375,0.0,7.226470947265625,66.75,194.75,chukchi
2022-09-17 08:00:00,3598,66.63393649999999,-165.25930849999995,9.49,80.6,17.55,31.4,151.96168374517757,973.15,121.68307612680304,0.0130350354359606,350.8220460811913,0.0,0.0,0.0,0.0,2022,10.146636962890625,12.355560302734375,0.0,7.226470947265625,66.75,194.75,chukchi
2022-09-17 09:00:00,3557,66.63394050000001,-165.25931533333332,9.43,82.1,17.5,31.8,149.6718433159798,971.92,119.6817484268854,0.0147554980054024,0.8064377096469648,0.0002811357885858,0.0002811357885858,0.0002811357885858,0.0,2022,9.113189697265625,13.723599433898926,0.0,6.495025634765625,66.75,194.75,chukchi
2022-09-17 10:00:00,3194,66.6339395,-165.2593125,9.23,82.9,18.2,31.2,150.6360081496712,970.3,119.5680964010975,0.0183875684703594,307.1623672819006,0.0009392611145898,0.0,0.0003130870381966,0.0,2022,9.113189697265625,13.723599433898926,0.0,6.495025634765625,66.75,194.75,chukchi
2022-09-17 11:00:00,3590,66.63394633333334,-165.25931150000002,9.26,83.3,18.1,32.0,151.70975312227745,969.59,118.37117986163722,0.0208607578273397,265.8874904789957,0.0002785515320334,0.0,0.0,0.0,2022,9.113189697265625,13.723599433898926,0.0,6.495025634765625,66.75,194.75,chukchi
2022-09-17 12:00:00,3590,66.63395066666666,-165.25931124999997,9.67,79.8,17.9,32.0,161.31076228238928,969.42,118.67096857972348,0.0191966474982258,37.63570341544893,0.0002785515320334,0.0005571030640668,0.0,0.0,2022,9.113189697265625,13.723599433898926,0.0,6.495025634765625,66.75,194.75,chukchi
2022-09-17 13:00:00,3596,66.633943,-165.25930891666667,9.67,80.4,16.7,32.7,162.90112437715217,969.44,121.65255351226074,0.0205767875667843,228.321586673852,0.0,0.0,0.0,0.0,2022,9.113189697265625,13.723599433898926,0.0,6.495025634765625,66.75,194.75,chukchi
2022-09-17 14:00:00,3598,66.63394016666666,-165.25930533333334,9.47,81.4,16.7,30.3,162.48763175495955,969.03,121.12027398697926,0.0157809960840541,151.00023376183054,0.0,0.0,0.0,0.0,2022,9.113189697265625,13.723599433898926,0.0,6.495025634765625,66.75,194.75,chukchi
2022-09-17 15:00:00,3598,66.63392883333333,-165.25932566666663,9.4,81.6,17.6,33.4,168.84216566192617,968.54,128.14627021580648,0.0186225382975489,233.2821332592952,0.0,0.0,0.0,0.0,2022,8.872955322265625,13.056893348693848,0.0,6.257965087890625,66.75,194.75,chukchi
2022-09-17 16:00:00,3595,66.63391066666667,-165.25935483333336,9.35,78.8,15.7,29.8,177.88490624614397,969.55,140.03654541184167,0.0154386679518886,216.51778102293105,0.0,0.0,0.0,0.0,2022,8.872955322265625,13.056893348693848,0.0,6.257965087890625,66.75,194.75,chukchi
2022-09-17 17:00:00,3597,66.63391150000001,-165.2593448333333,9.12,78.8,14.7,25.2,181.78042789805832,970.49,140.9221462358754,0.0140085931494899,82.63153973434046,0.0,0.0,0.0,0.0,2022,8.872955322265625,13.056893348693848,0.0,6.257965087890625,66.75,194.75,chukchi
2022-09-17 18:00:00,3594,66.633905,-165.25937366666665,9.12,79.7,15.9,28.9,185.32563752185135,970.86,149.277425453837,0.017027668452759,84.10516481009486,0.0,0.0,0.0,0.0,2022,8.872955322265625,13.056893348693848,0.0,6.257965087890625,66.75,194.75,chukchi
2022-09-17 19:00:00,3596,66.63390233333332,-165.2593791666667,9.35,77.3,15.7,28.4,182.8089996316247,971.54,151.0005798913676,0.0128762000811442,226.8548796850297,0.0,0.0,0.0,0.0,2022,8.872955322265625,13.056893348693848,0.0,6.257965087890625,66.75,194.75,chukchi
2022-09-17 20:00:00,3597,66.63389950000001,-165.25938016666666,9.53,77.3,16.4,28.9,188.0839088220579,971.95,150.985737198028,0.0128872378394462,94.1691801041413,0.0,0.0,0.0,0.0,2022,8.872955322265625,13.056893348693848,0.0,6.257965087890625,66.75,194.75,chukchi
2022-09-17 21:00:00,3595,66.633894,-165.2593705,9.12,82.3,17.5,30.6,187.04313741332797,972.14,150.99924589985727,0.0147504169770443,132.8751567104515,0.0,0.0,0.0,0.0,2022,8.755279541015625,13.343131065368652,0.0,6.170806884765625,66.75,194.75,chukchi
2022-09-17 22:00:00,3239,66.63389766666666,-165.2593775,8.78,86.8,16.7,36.4,192.9286603903244,973.15,156.55418975599883,0.0144135774515161,209.55010103702935,0.0003087372645878,0.0,0.0,0.0,2022,8.755279541015625,13.343131065368652,0.0,6.170806884765625,66.75,194.75,chukchi
2022-09-18 00:00:00,3596,66.63389183333334,-165.25948066666666,8.83,88.5,17.6,30.2,198.9370800112367,974.06,178.0963402619082,0.0217257227548728,49.970264352487746,0.0,0.0,0.0,0.0,2022,8.755279541015625,13.343131065368652,0.0,6.170806884765625,66.75,194.75,chukchi
2022-09-18 01:00:00,3596,66.63389266666667,-165.25952258333334,9.17,87.1,16.2,29.3,208.57900982620356,975.37,189.3378024256297,0.0177424241632897,191.30087693231545,0.0,0.0,0.0,0.0,2022,8.755279541015625,13.343131065368652,0.0,6.170806884765625,66.75,194.75,chukchi
2022-09-18 02:00:00,3596,66.63388933333334,-165.25955283333332,9.34,83.4,16.4,34.2,217.25812791947223,976.23,198.48177980084023,0.0182288990234001,102.55523475775856,0.0,0.0,0.0,0.0,2022,8.755279541015625,13.343131065368652,0.0,6.170806884765625,66.75,194.75,chukchi
2022-09-18 03:00:00,3599,66.6338985,-165.25960399999997,9.26,84.0,15.3,25.2,219.4840669169677,977.85,206.48543866862315,0.022803098186914,105.41106459986172,0.0,0.0,0.0,0.0,2022,8.505279541015625,12.743322372436523,0.0,6.800689697265625,66.75,194.75,chukchi
2022-09-18 04:00:00,3595,66.633902,-165.25961700000002,9.08,86.3,14.7,29.3,216.9343682023117,979.2,209.43810811776345,0.0226153851953561,254.2182292059823,0.0,0.0,0.0,0.0,2022,8.505279541015625,12.743322372436523,0.0,6.800689697265625,66.75,194.75,chukchi
2022-09-18 05:00:00,3592,66.63391016666667,-165.25964666666667,8.78,88.4,14.0,26.2,222.60792119688745,980.55,215.1808796503411,0.0235726900983209,53.36831933271407,0.0002783964365256,0.0,0.0002783964365256,0.0,2022,8.505279541015625,12.743322372436523,0.0,6.800689697265625,66.75,194.75,chukchi
2022-09-18 06:00:00,3599,66.63389666666667,-165.25959849999998,8.91,85.1,16.7,33.3,213.22916985416208,980.7,203.38861014187327,0.0175727413677342,236.2918670888737,0.0,0.0,0.0,0.0,2022,8.505279541015625,12.743322372436523,0.0,6.800689697265625,66.75,194.75,chukchi
2022-09-18 07:00:00,3596,66.63389233333334,-165.2596046666667,8.67,85.0,16.7,35.0,220.11756986883697,981.52,205.12212259719445,0.0227742261022763,60.347107067948976,0.0,0.0,0.0,0.0,2022,8.505279541015625,12.743322372436523,0.0,6.800689697265625,66.75,194.75,chukchi
2022-09-18 08:00:00,3596,66.633895,-165.25960783333332,8.56,84.8,17.2,31.1,222.28462123102076,982.2,207.10337082481468,0.0225255704802318,341.37499577284024,0.0,0.0,0.0,0.0,2022,8.505279541015625,12.743322372436523,0.0,6.800689697265625,66.75,194.75,chukchi
2022-09-18 09:00:00,3597,66.63388816666667,-165.2595115,8.47,85.3,17.1,29.2,227.5672746847397,982.91,208.9626198824034,0.0240397231344816,12.145399161061352,0.0,0.0,0.0,0.0,2022,7.960357666015625,12.463458061218262,0.0,6.229400634765625,66.75,194.75,chukchi
2022-09-18 10:00:00,3594,66.63388416666666,-165.25950666666668,8.26,86.5,16.0,33.7,228.36802501980935,984.23,209.4879415159431,0.0260602743096244,129.4012246826484,0.0,0.0,0.0,0.0,2022,7.960357666015625,12.463458061218262,0.0,6.229400634765625,66.75,194.75,chukchi
2022-09-18 12:00:00,3597,66.63389950000001,-165.25945583333336,7.62,84.4,16.7,30.3,218.38985696176977,985.65,219.0318623209782,0.0236043131991128,83.27513786656486,0.0,0.0,0.0,0.0,2022,7.960357666015625,12.463458061218262,0.0,6.229400634765625,66.75,194.75,chukchi
2022-09-18 13:00:00,3597,66.63389866666667,-165.25947750000003,7.38,85.2,18.2,36.1,227.3721293164783,985.95,223.7587912064033,0.0186841415274315,101.86057384950088,0.0,0.0,0.0,0.0,2022,7.960357666015625,12.463458061218262,0.0,6.229400634765625,66.75,194.75,chukchi
2022-09-18 14:00:00,3599,66.63390083333334,-165.25947950000003,6.97,87.5,18.4,31.4,228.5129306565296,986.93,225.04967051523113,0.0201594687685487,66.75019010231,0.0,0.0,0.0,0.0,2022,7.960357666015625,12.463458061218262,0.0,6.229400634765625,66.75,194.75,chukchi
2022-09-18 15:00:00,3597,66.63390066666666,-165.25946366666668,6.84,87.7,18.7,34.4,228.86562796246875,987.6,223.8855780743027,0.0332541969859305,105.14075973598794,0.0,0.0,0.0,0.0,2022,7.208648681640625,12.826455116271973,0.0,5.348297119140625,66.75,194.75,chukchi
2022-09-18 16:00:00,3596,66.63390133333334,-165.25947383333332,6.69,88.5,18.5,36.8,228.1353022020914,988.66,224.32192915513775,0.0252494852747543,150.04481692649372,0.0,0.0,0.0,0.0,2022,7.208648681640625,12.826455116271973,0.0,5.348297119140625,66.75,194.75,chukchi
2022-09-18 17:00:00,3582,66.62779816666668,-165.45003375000002,6.33,91.9,21.1,46.4,238.6042718176527,988.96,259.5393734291997,5.097036071293403,265.04493445447287,0.0,0.0,0.0,0.0,2022,7.159820556640625,12.797764778137207,0.0,5.336578369140625,66.75,194.5,chukchi
2022-09-18 18:00:00,3586,66.60945050000001,-165.87118775,6.71,86.6,21.4,41.2,258.0952037071213,989.14,260.06586847498494,5.279309234040387,262.6222860221179,0.0005577244841048,0.0,0.0002788622420524,0.0,2022,6.972320556640625,12.384352684020996,0.0,5.061187744140625,66.5,194.25,chukchi
2022-09-18 19:00:00,3596,66.58530091666667,-166.30516824999998,6.21,86.2,21.9,39.8,259.4831956996462,989.63,260.0366225911931,5.477765979271906,261.9728788279939,0.0,0.0,0.0,0.0,2022,6.874664306640625,12.318653106689453,0.0,4.944000244140625,66.5,193.75,chukchi
2022-09-18 20:00:00,3593,66.56278449999999,-166.74759450000002,6.02,81.7,20.4,41.5,260.3457626015798,991.13,260.02900279737105,5.519967469723782,262.9829652071074,0.0,0.0,0.0,0.0,2022,6.673492431640625,11.888456344604492,0.0,4.703765869140625,66.5,193.25,chukchi
2022-09-18 21:00:00,3595,66.5350475,-167.19916533333333,5.61,82.8,19.4,34.9,252.8406515925193,992.71,260.02951346473566,5.643063372436705,259.4960618980889,0.0,0.0,0.0,0.0,2022,6.130035400390625,8.85412311553955,0.0,3.840972900390625,66.5,192.75,chukchi
2022-09-18 22:00:00,3595,66.49957366666666,-167.648917,5.47,81.0,18.5,36.0,251.8219522678001,993.5,260.031738202483,5.698907398735034,258.69639858516166,0.0,0.0,0.0,0.0,2022,5.790191650390625,8.664226531982422,0.0,3.282379150390625,66.5,192.25,chukchi
2022-09-18 23:00:00,3592,66.46914441666667,-168.10464833333333,5.12,81.5,15.8,59.0,259.21842334700415,994.7,253.84307529834723,5.79855219817058,256.819905291422,0.0,0.0002783964365256,0.0,0.0,2022,5.610504150390625,8.661689758300781,0.0,3.036285400390625,66.5,192.0,chukchi
2022-09-19 00:00:00,3590,66.35119283333333,-168.37810316666668,4.98,82.0,12.7,24.5,240.64046702959024,997.29,186.0782651576198,6.0111774921946965,187.39826815633072,0.0005571030640668,0.0008356545961002,0.0002785515320334,0.0,2022,5.596832275390625,6.85123872756958,0.0,2.526519775390625,66.25,191.5,chukchi
2022-09-19 01:00:00,3595,66.1560165,-168.41169449999998,5.22,80.8,12.7,20.1,222.3107796676261,998.08,181.54817955828184,6.103036895036348,182.79541450225943,0.0,0.0,0.0,0.0,2022,5.596832275390625,6.85123872756958,0.0,2.526519775390625,66.25,191.5,chukchi
2022-09-19 02:00:00,3594,65.95899858333334,-168.41592208333336,5.62,80.8,16.3,28.8,212.0601151726086,997.93,179.99538330667082,6.031291531455747,179.8219085994469,0.0,0.0,0.0,0.0,2022,5.766754150390625,6.394017696380615,0.0,2.878082275390625,66.0,191.5,chukchi
2022-09-19 03:00:00,3594,65.77626866666667,-168.416964,5.28,85.3,11.6,26.4,241.10547504825183,998.08,181.70874135903964,5.070030795704253,180.1961756223826,0.0,0.0,0.0,0.0,2022,5.978179931640625,5.918004035949707,0.0,2.917388916015625,65.75,191.5,chukchi
2022-09-19 04:00:00,3589,65.604388,-168.4167518333333,5.16,87.0,18.2,29.7,224.00548465207197,998.19,177.8883334332494,6.049960662907096,179.90002955638872,0.0,0.0,0.0,0.0,2022,5.716461181640625,6.718050956726074,0.0,2.659576416015625,65.5,191.5,chukchi
2022-09-19 05:00:00,3587,65.40826416666667,-168.41678600000003,4.98,86.4,17.6,33.3,228.07482945145728,999.31,176.8262245396545,6.075188554723894,180.05957124366864,0.0,0.0,0.0,0.0,2022,5.716461181640625,6.718050956726074,0.0,2.659576416015625,65.5,191.5,chukchi
2022-09-19 06:00:00,3590,65.20745933333333,-168.41680091666666,4.89,83.9,17.0,25.7,225.7344099120816,1000.14,178.5908892861072,6.220425188275771,179.8797618721626,0.0,0.0,0.0,0.0,2022,5.800445556640625,6.239145755767822,0.0,2.979888916015625,65.25,191.5,chukchi
2022-09-19 07:00:00,3597,65.0059885,-168.41632983333335,4.83,83.5,14.5,21.6,221.15946456466548,1001.45,173.4352485087171,6.330354312895384,174.9452194092475,0.0,0.0005560189046427,0.0,0.0,2022,6.032867431640625,4.9941205978393555,0.0,3.684967041015625,65.0,191.5,chukchi
2023-08-02 21:00:00,3592,65.00731350000001,-168.45043683333333,10.62,98.9,3.4,3.8,152.77966691467174,,329.72738928793194,3.362092288785102,332.6995404953411,0.0,0.0,1.0,0.0,2023,8.522857666015625,3.22446608543396,0.0,8.226470947265625,65.0,191.5,chukchi
2023-08-02 22:00:00,3587,65.10094233333332,-168.58597433333333,10.62,98.8,3.4,3.6,148.59154229284698,,326.61690245755614,3.4528923090580177,328.5965660849336,0.0,0.0,1.0,0.0,2023,8.522857666015625,3.22446608543396,0.0,8.226470947265625,65.0,191.5,chukchi
2023-08-02 23:00:00,3597,65.1734365,-168.69081216666666,10.58,98.6,0.1,3.5,165.0532344511886,,153.7392712322389,0.0160512110824169,320.25598059864933,0.0,0.0,1.0,0.3658604392549346,2023,7.983795166015625,2.618500232696533,0.0,7.843658447265625,65.25,191.25,chukchi
2023-08-03 00:00:00,3597,65.17346033333334,-168.69080933333333,10.72,98.6,0.0,0.3,171.15158011441792,,156.72192550096997,0.0046962854028205,220.39736877318737,0.0,0.0,1.0,0.7901028634973589,2023,7.983795166015625,2.618500232696533,0.0,7.843658447265625,65.25,191.25,chukchi
2023-08-03 01:00:00,3596,65.17345716666667,-168.69081966666667,10.86,98.8,0.0,0.9,171.55112185397607,,155.0893214669304,0.0042328439709078,351.95168165431494,0.0,0.0,1.0,0.7166295884315906,2023,7.983795166015625,2.618500232696533,0.0,7.843658447265625,65.25,191.25,chukchi
2023-08-03 02:00:00,3590,65.17345866666666,-168.6908091666667,11.13,98.9,0.0,0.4,171.8321190527075,,154.9892024486184,0.0070861410988573,48.69522146305812,0.0,0.0,1.0,0.6813370473537604,2023,7.983795166015625,2.618500232696533,0.0,7.843658447265625,65.25,191.25,chukchi
2023-08-03 03:00:00,3596,65.17347833333334,-168.69077066666668,11.13,98.9,0.0,2.6,167.60120668019536,,140.49694118860938,0.0043936996217683,64.74581742379532,0.0,0.0,1.0,0.7233036707452726,2023,8.516998291015625,2.682941436767578,0.0,8.388092041015625,65.25,191.25,chukchi
2023-08-03 04:00:00,3597,65.1734715,-168.69073533333332,11.13,99.0,0.0,1.3,165.13751404492066,,140.0281124406236,0.0048157216711536,199.4251071028032,0.0,0.0,1.0,0.7286627745343341,2023,8.516998291015625,2.682941436767578,0.0,8.388092041015625,65.25,191.25,chukchi
2023-08-03 05:00:00,3596,65.1734685,-168.690749,10.99,99.0,0.0,26.2,170.98249989980698,,143.3768840564776,0.0054935985563566,172.29685861182983,0.0,0.0,1.0,0.6757508342602893,2023,8.516998291015625,2.682941436767578,0.0,8.388092041015625,65.25,191.25,chukchi
2023-08-03 06:00:00,3596,65.22093799999999,-168.61769391666667,11.48,99.0,6.5,6.8,181.0223940610223,,52.52701081967896,6.445450752829314,37.8396825318134,0.0,0.0,1.0,0.1256952169076751,2023,8.845123291015625,2.484668493270874,0.0,8.688873291015625,65.25,191.5,chukchi
2023-08-03 07:00:00,3595,65.40829016666666,-168.41978133333336,12.46,99.0,6.6,6.8,179.99938805878386,,10.595846264306736,6.626781989174393,6.079998549319703,0.0,0.0,1.0,0.0,2023,9.452545166015625,1.975088357925415,0.0,8.921295166015625,65.5,191.5,chukchi
2023-08-03 08:00:00,3597,65.621938,-168.41824783333334,13.04,99.0,6.6,7.5,180.00038920551145,,2.463232965031191,6.632814888074039,359.98365689913834,0.0,0.0005560189046427,1.0,0.0,2023,9.452545166015625,1.975088357925415,0.0,8.921295166015625,65.5,191.5,chukchi
2023-08-03 09:00:00,3098,65.83018041666668,-168.41806216666663,12.41,99.0,6.7,7.3,180.03335631227625,,0.95672284914799,6.71609647832108,0.1862371502765366,0.0006455777921239,0.0,1.0,0.0093608779857972,2023,9.471343994140625,3.6719274520874023,0.0,9.170806884765625,65.75,191.5,chukchi
2023-08-03 10:00:00,3597,66.06099933333333,-168.4180043333333,12.23,98.8,6.8,6.9,180.00130655512982,,0.3677375893647502,6.740145168511342,359.93534310954914,0.0,0.0,1.0,0.0,2023,9.596343994140625,4.28380823135376,0.0,9.184478759765625,66.0,191.5,chukchi
2023-08-03 11:00:00,3597,66.277432,-168.41787266666665,11.99,98.2,6.6,6.8,180.0,,2.4425428745576703,6.570591298497623,359.8685452341913,0.0,0.0,1.0,0.0,2023,9.283843994140625,5.195667266845703,0.0,8.719635009765625,66.25,191.5,chukchi
2023-08-03 12:00:00,3596,66.49032541666668,-168.4189036666667,11.34,98.5,6.6,6.9,180.04890002035378,,343.70174430344287,6.607752869805174,342.200669727875,0.0,0.0,1.0,0.0,2023,9.324859619140625,5.730616092681885,0.0,8.627838134765625,66.5,191.5,chukchi
2023-08-03 13:00:00,3597,66.62994383333333,-168.6874875,10.3,98.8,0.1,6.7,169.91810143428717,,106.29264631485708,0.0459448939299413,285.7341806110857,0.0,0.0,1.0,0.4058938003892132,2023,8.832672119140625,5.800020694732666,0.0,8.293853759765625,66.75,191.25,chukchi
2023-08-03 14:00:00,3592,66.62994716666667,-168.68752300000003,9.98,98.9,0.0,0.4,171.59964293080367,,149.43943267705325,0.0079880819139425,285.2559001282705,0.0005567928730512,0.0,1.0,0.5515033407572383,2023,8.832672119140625,5.800020694732666,0.0,8.293853759765625,66.75,191.25,chukchi
2023-08-03 15:00:00,3596,66.62994466666667,-168.6875198333333,10.23,98.9,0.0,6.8,174.58519107030796,,154.41772981665545,0.0045012729585857,351.620485040839,0.0,0.0,1.0,0.5709121245828699,2023,9.329498291015625,4.838802814483643,0.0,8.791900634765625,66.75,191.25,chukchi
2023-08-03 16:00:00,3597,66.76662800000001,-168.72329566666667,9.35,99.0,6.4,6.6,180.0,,355.4662696639957,6.402667872781219,354.13649801238375,0.0,0.0,1.0,0.0,2023,9.329498291015625,4.838802814483643,0.0,8.791900634765625,66.75,191.25,chukchi
2023-08-03 17:00:00,3117,66.98798749999999,-168.77957883333335,9.26,99.0,6.4,6.6,180.2363950748238,,355.52549613324834,6.402021105040506,354.192727392632,0.0012832852101379,0.0,1.0,0.0227783124799486,2023,8.866607666015625,4.794429779052734,0.0,8.172760009765625,67.0,191.25,chukchi
2023-08-03 18:00:00,3595,67.18339716666667,-168.828017,8.63,99.0,6.5,6.8,180.0018909875096,,355.33089434863416,6.533104389786259,354.16599396688196,0.0,0.0,1.0,0.0,2023,8.015045166015625,4.488732814788818,0.0,7.246978759765625,67.25,191.25,chukchi
2023-08-03 19:00:00,3597,67.39334633333333,-168.88674216666666,8.1,99.0,6.5,6.8,180.00091727757837,,355.6583129591986,6.5283875826929485,354.1780028055618,0.0,0.0,1.0,0.0,2023,7.761138916015625,4.123054504394531,0.0,7.047760009765625,67.5,191.0,chukchi
2023-08-03 20:00:00,3595,67.6027365,-168.9419053333333,8.03,98.9,6.5,6.7,178.5514579517511,,3.057613051479429,6.451711577863037,352.2205509699067,0.0,0.0,1.0,0.0442280945757997,2023,7.761138916015625,4.123054504394531,0.0,7.047760009765625,67.5,191.0,chukchi
2023-08-03 21:00:00,3596,67.66999716666666,-168.95998350000002,8.4,98.5,0.0,1.4,164.71996428058478,,134.70153314239744,0.0056819989113556,351.81623842773945,0.0,0.0,1.0,0.818131256952169,2023,8.188140869140625,4.81746244430542,0.0,7.627593994140625,67.75,191.0,chukchi
2023-08-03 22:00:00,3243,67.6700045,-168.95995399999998,8.33,98.8,0.0,1.3,163.64348685945265,,130.96967402669603,0.0055597740521943,225.90667941469573,0.0006167129201356,0.0003083564600678,1.0,0.8236201048411964,2023,8.188140869140625,4.81746244430542,0.0,7.627593994140625,67.75,191.0,chukchi
2023-08-03 23:00:00,3597,67.67014033333334,-168.95992299999995,8.49,98.9,0.1,6.6,179.15257912954985,,78.33913999522544,0.014400165512064,30.43850147835672,0.0,0.0,1.0,0.4687239366138448,2023,8.188140869140625,4.81746244430542,0.0,7.627593994140625,67.75,191.0,chukchi
2023-08-04 00:00:00,3596,67.76188466666667,-168.6690693333333,8.43,98.9,6.4,6.8,181.19499713073412,,80.39196196352806,6.3744267942027175,47.93332232299608,0.0,0.0,1.0,0.1084538375973303,2023,8.238922119140625,4.710416793823242,0.0,7.748687744140625,67.75,191.25,chukchi
2023-08-04 01:00:00,3597,67.78300883333333,-168.6022065,9.69,99.0,0.1,6.5,177.56764535488952,,111.07171599398248,0.0114040056888086,37.38537623818972,0.0,0.0,1.0,0.3130386433138726,2023,8.311187744140625,4.586973190307617,0.0,7.891265869140625,67.75,191.5,chukchi
2023-08-04 02:00:00,3596,67.89715949999999,-168.23800350000002,9.72,99.0,2.9,6.5,181.05152876068777,,90.8310797578506,2.7998613599286983,50.64128455149658,0.0,0.0,1.0,0.2347052280311457,2023,8.754547119140625,4.274289131164551,0.0,8.369781494140625,68.0,191.75,chukchi
2023-08-04 03:00:00,3590,67.90025666666666,-168.22399983333332,9.8,99.0,4.95,6.4,177.365040661382,,94.3214492470238,4.820018135618126,54.63984691513697,0.0005571030640668,0.0,1.0,0.3821727019498607,2023,8.909088134765625,4.131335735321045,0.0,8.317535400390625,68.0,191.75,chukchi
2023-08-04 04:00:00,3595,68.01300883333333,-167.8670045,10.8,96.8,0.2,6.3,176.58956730290967,,102.77913192680248,0.1368771511088007,48.720088938601165,0.0,0.0,1.0,0.3243393602225313,2023,9.235260009765625,3.791883707046509,0.0,8.669097900390625,68.0,192.25,chukchi
2023-08-04 05:00:00,3597,68.01300549999999,-167.86699816666666,10.79,94.0,0.0,0.4,170.0970017910829,,143.16130975415712,0.0075034769458314,350.09188603185856,0.0,0.0,1.0,0.6333055323881012,2023,9.235260009765625,3.791883707046509,0.0,8.669097900390625,68.0,192.25,chukchi
2023-08-04 06:00:00,3598,68.03984616666666,-167.78100116666664,11.59,90.6,6.3,6.6,179.3818596674786,,68.35829583384897,6.321987260335807,46.578223364835935,0.0,0.0005558643690939,1.0,0.160366870483602,2023,9.235260009765625,3.791883707046509,0.0,8.669097900390625,68.0,192.25,chukchi
2023-08-04 07:00:00,3596,68.12804033333333,-167.49502816666669,12.81,91.9,0.0,6.5,166.03017048879266,,84.65157091867653,0.004433264474677,43.116922384304594,0.0,0.0,1.0,0.5461624026696329,2023,10.278228759765625,2.614358901977539,0.0,9.715972900390625,68.25,192.5,chukchi
2023-08-04 08:00:00,3594,68.15229283333333,-167.41639924999998,12.87,92.4,6.3,6.5,178.38502765692195,,68.0458659273736,6.3091927081607615,52.617463154190894,0.0,0.0,1.0,0.1764051196438508,2023,10.278228759765625,2.614358901977539,0.0,9.715972900390625,68.25,192.5,chukchi
2023-08-04 09:00:00,3593,68.24198933333334,-167.12207049999998,14.16,87.7,0.1,6.6,177.12881147979013,,121.07743885997392,0.0226210936709306,53.02406425552788,0.0,0.0,1.0,0.3239632618981353,2023,13.363433837890625,4.617769241333008,0.0,11.541656494140625,68.25,193.0,chukchi
2023-08-04 10:00:00,3595,68.2420015,-167.1220053333333,13.66,91.6,0.0,7.2,170.0619964729378,,129.25646813056065,0.0041334096640832,88.75285990669464,0.0,0.0,1.0,0.5546592489568846,2023,13.363433837890625,4.617769241333008,0.0,11.541656494140625,68.25,193.0,chukchi
2023-08-04 11:00:00,3595,68.35985699999999,-167.31536433333332,13.57,91.9,7.3,7.6,179.9907796644723,,329.41161484668373,7.26479407262245,328.4784931854021,0.0,0.0005563282336578,1.0,0.0,2023,12.517730712890625,4.906468391418457,0.0,10.938140869140625,68.25,192.75,chukchi
2023-08-04 12:00:00,3592,68.559249,-167.64463516666666,13.57,91.8,7.1,7.3,180.00019487571276,,330.1601515221606,7.085056341899876,328.7482801320345,0.0,0.0,1.0,0.0,2023,12.041168212890625,5.041878700256348,0.0,10.584625244140625,68.5,192.25,chukchi
2023-08-04 13:00:00,3598,68.74989249999999,-167.96207066666665,12.25,94.5,6.8,7.2,180.02087270217476,,330.63955384616366,6.821410236257965,328.75060041500706,0.0,0.0,1.0,0.0,2023,11.693511962890625,5.0687737464904785,0.0,10.201812744140625,68.75,192.0,chukchi
2023-08-04 14:00:00,3590,68.93715933333334,-168.2775350833333,10.57,97.8,6.7,7.7,180.2906970907352,,330.8373326635072,6.69519692179214,328.6861917969927,0.0002785515320334,0.0,1.0,0.0086350974930362,2023,10.714996337890625,5.129659175872803,0.0,9.360015869140625,69.0,191.75,chukchi
2023-08-04 15:00:00,3598,69.12202308333335,-168.59045816666668,9.53,98.4,6.6,7.1,182.08557142579537,,314.6669346975242,6.6491642677504235,334.2870105905072,0.0,0.0,1.0,0.0266814897165091,2023,9.406402587890625,4.794486999511719,0.0,8.639312744140625,69.0,191.5,chukchi
2023-08-04 16:00:00,3597,69.16688133333334,-168.6666555,9.19,98.6,0.0,0.5,181.8600118099285,,200.01509895091647,0.0044508456351067,131.02185134239178,0.0,0.0,1.0,0.601612454823464,2023,9.414215087890625,5.133975028991699,0.0,8.692047119140625,69.25,191.25,chukchi
2023-08-04 17:00:00,3596,69.16672816666666,-168.66645416666665,9.35,97.8,0.0,0.4,178.60282376769757,,178.91698415650612,0.0033587633535054,127.45183287679578,0.0,0.0,1.0,0.7883759733036707,2023,9.414215087890625,5.133975028991699,0.0,8.692047119140625,69.25,191.25,chukchi
2023-08-04 18:00:00,3468,69.18799433333334,-168.66648408333333,9.6,97.3,6.4,6.7,180.63911720078397,,2.732104663581227,6.353165900874583,359.18515781323737,0.0,0.0,1.0,0.1361014994232987,2023,9.414215087890625,5.133975028991699,0.0,8.692047119140625,69.25,191.25,chukchi
2023-08-04 19:00:00,3325,69.41053749999999,-168.66672483333332,9.74,98.2,6.5,6.7,180.03014173030547,,2.0401527788894516,6.494338115709834,359.99864998864126,0.0006015037593984,0.0,1.0,0.0081203007518797,2023,9.632965087890625,5.22607946395874,0.0,8.975250244140625,69.5,191.25,chukchi
2023-08-04 20:00:00,3598,69.612682,-168.66668266666665,9.72,98.4,6.5,6.7,180.0,,0.6491673461335926,6.510927064001328,359.93904977674407,0.0,0.0,1.0,0.0,2023,9.632965087890625,5.22607946395874,0.0,8.975250244140625,69.5,191.25,chukchi
2023-08-04 21:00:00,3595,69.82161466666666,-168.66659883333335,9.43,98.5,6.4,6.6,180.0,,359.6489342537483,6.392165372180252,0.1301595981163213,0.0,0.0,1.0,0.0,2023,9.450347900390625,7.521440029144287,0.0,8.317535400390625,69.75,191.25,chukchi
2023-08-04 22:00:00,3596,70.02674983333334,-168.66643775000003,8.56,98.5,6.3,6.5,180.0195967746103,,4.408830072515722,6.294608316394401,3.666932372957087,0.0,0.0,1.0,0.0,2023,8.383941650390625,7.508557319641113,0.0,7.413238525390625,70.0,191.25,chukchi
2023-08-04 23:00:00,3591,70.2219645,-168.64921650000002,8.21,98.6,6.4,6.7,179.75729188364454,,357.18935509280715,6.364456338689275,355.047746020337,0.0005569479253689,0.0002784739626844,1.0,0.0058479532163742,2023,7.456207275390625,7.449372291564941,0.0,6.682769775390625,70.25,191.25,chukchi
2023-08-05 00:00:00,3597,70.42619566666667,-168.66675283333333,7.62,98.8,6.5,6.6,178.5996927950576,,4.862562147430879,6.4596331080442155,356.3876454258603,0.0,0.0,1.0,0.0289129830414234,2023,7.473785400390625,7.393214225769043,0.0,6.719879150390625,70.5,191.25,chukchi
2023-08-05 01:00:00,3595,70.500018,-168.66689283333332,8.51,98.6,0.0,0.5,180.7897188934135,,185.8571343854831,0.0035970411170246,317.74450264704666,0.0,0.0,1.0,0.6956884561891516,2023,7.473785400390625,7.393214225769043,0.0,6.719879150390625,70.5,191.25,chukchi
2023-08-05 02:00:00,3597,70.5000015,-168.66666883333335,9.34,96.2,0.0,1.2,179.68573436347842,,184.4853863234148,0.005325928371882,286.5350304001836,0.0,0.0,1.0,0.700583819849875,2023,7.473785400390625,7.393214225769043,0.0,6.719879150390625,70.5,191.25,chukchi
2023-08-05 03:00:00,3572,70.52892725,-168.6660441666667,9.44,96.4,5.5,6.7,185.50627809230343,,14.58876930396454,6.495951688841615,12.76164643559422,0.0,0.0,1.0,0.0806270996640537,2023,7.259429931640625,6.6931304931640625,0.0,6.680816650390625,70.5,191.25,chukchi
2023-08-05 04:00:00,3547,70.74283799999999,-168.66687016666668,10.19,95.8,5.5,6.8,180.9555560490315,,2.486051709233598,6.632468499529838,0.0748665745751654,0.0,0.0,1.0,0.0,2023,7.919586181640625,6.719876289367676,0.0,7.217926025390625,70.75,191.25,chukchi
2023-08-05 05:00:00,3555,70.95984983333332,-168.6665166666667,9.62,96.9,4.9,6.9,182.16982239815033,,1.8249572501606963,6.699281379154816,359.9730616144736,0.00056258790436,0.0,1.0,0.0067510548523206,2023,8.448883056640625,6.850554466247559,0.0,7.665191650390625,71.0,191.25,chukchi
2023-08-05 06:00:00,3597,71.17649833333333,-168.66684716666666,9.38,97.6,6.7,6.9,180.37977580627393,,0.9834410722068264,6.731895645555224,359.77779848244046,0.0,0.0,1.0,0.0,2023,8.419586181640625,6.91342306137085,0.0,7.581207275390625,71.25,191.25,chukchi
2023-08-05 07:00:00,3597,71.394611,-168.66662833333334,9.43,98.2,6.7,6.9,178.8906453231129,,0.3249811372830863,6.687511131289261,355.9360538179408,0.0,0.0,1.0,0.0038921323324993,2023,8.050445556640625,6.913395881652832,0.0,7.305816650390625,71.5,191.25,chukchi
2023-08-05 08:00:00,3593,71.43001166666666,-168.66682716666668,9.7,98.2,0.1,3.2,179.32846296995214,,182.7491151845537,0.0045195313431082,36.60089360675894,0.0,0.0,1.0,0.3473420539938769,2023,8.050445556640625,6.913395881652832,0.0,7.305816650390625,71.5,191.25,chukchi
2023-08-05 09:00:00,3597,71.48516033333334,-168.66912616666667,9.74,95.9,3.4,6.8,183.4819012378384,,354.50849173231546,6.7468052523432,357.89068950556157,0.0,0.0,1.0,0.0884070058381985,2023,8.037017822265625,9.004764556884766,0.0,7.232086181640625,71.5,191.25,chukchi
2023-08-05 10:00:00,3121,71.69002166666668,-168.66816333333335,9.39,94.9,4.8,7.0,180.87513416329276,,3.604154042156855,6.846990928611477,0.2202089029145589,0.0006408202499198,0.0,1.0,0.0,2023,7.579986572265625,8.954343795776367,0.0,6.931304931640625,71.75,191.25,chukchi
2023-08-05 11:00:00,3596,71.89498541666667,-168.66696641666667,9.48,93.8,2.5,7.0,183.2443086980972,,336.1257804917226,3.504749742492195,4.4013889926792205,0.0,0.0,1.0,0.0617352614015572,2023,7.109283447265625,8.917972564697266,0.0,6.640289306640625,72.0,191.25,chukchi
2023-08-05 12:00:00,3596,72.03749716666667,-168.66608566666667,9.4,94.6,4.5,6.9,183.01299179090583,,359.9001139951815,6.825846289132949,0.2054500677506862,0.0,0.0,1.0,0.0,2023,7.109283447265625,8.917972564697266,0.0,6.640289306640625,72.0,191.25,chukchi
2023-08-05 13:00:00,3597,72.25663066666667,-168.6672561666667,8.57,95.4,6.0,8.8,177.18536946941762,,17.630316041827797,6.658235986027349,15.552517272903865,0.0,0.0,1.0,0.0,2023,5.978424072265625,8.75742244720459,0.0,5.780914306640625,72.25,191.25,chukchi
2023-08-05 14:00:00,3595,72.35913533333334,-168.66228016666665,6.89,98.0,0.1,6.4,186.59284024271565,,241.7628338818014,0.0306821100519235,304.0790771241582,0.0,0.0,1.0,0.4497913769123783,2023,5.978424072265625,8.75742244720459,0.0,5.780914306640625,72.25,191.25,chukchi
2023-08-05 15:00:00,3596,72.35948400000001,-168.6618135,6.86,98.5,0.0,0.5,190.56934145362953,,209.9292723368445,0.0028599577604703,44.41979807470324,0.0,0.0,1.0,0.8595661846496107,2023,5.506256103515625,6.179178714752197,0.0,5.127838134765625,72.25,191.25,chukchi
2023-08-05 16:00:00,3598,72.35967600000001,-168.66174658333333,6.94,98.7,0.0,6.1,188.10265061192564,,280.65713409747036,0.0085488765354883,32.38038222829592,0.0,0.0,1.0,0.5550305725403002,2023,5.506256103515625,6.179178714752197,0.0,5.127838134765625,72.25,191.25,chukchi
2023-08-05 17:00:00,3593,72.45187666666668,-168.65155399999998,5.98,98.8,4.3,6.5,167.4244049094427,,347.6705652693732,4.191770399965332,348.2747390476114,0.0,0.0,1.0,0.0,2023,4.006256103515625,6.082828521728516,0.109039306640625,3.871978759765625,72.5,191.25,chukchi
2023-08-05 18:00:00,3587,72.57744683333334,-168.72589166666668,5.29,98.8,5.4,6.5,180.0670807804699,,1.9202851517910635,5.4619518267653975,1.0900141230706728,0.0,0.0,1.0,0.0,2023,4.006256103515625,6.082828521728516,0.109039306640625,3.871978759765625,72.5,191.25,chukchi
2023-08-05 19:00:00,3593,72.73479616666667,-168.6833251666667,4.66,98.9,5.2,6.6,176.44415877099533,,359.9367029693772,5.191976962640579,359.9369305418834,0.0,0.0,1.0,0.0,2023,2.777740478515625,5.871849060058594,0.286102294921875,2.727447509765625,72.75,191.25,chukchi
2023-08-05 20:00:00,3592,72.8338025,-168.65364916666664,4.11,98.9,0.3,5.8,208.63680079683505,,314.83078316081753,0.2770877885984737,31.34900468180588,0.0,0.0,1.0,0.2770044543429844,2023,2.777740478515625,5.871849060058594,0.286102294921875,2.727447509765625,72.75,191.25,chukchi
2023-08-05 21:00:00,3471,72.86845116666667,-168.4599845,4.25,99.0,4.0,7.7,207.88011052012848,,58.49849366029613,4.107211336287861,58.04382379415582,0.0005762028233938,0.0002881014116969,1.0,0.0063382310573321,2023,2.928375244140625,4.745565891265869,0.216949462890625,2.871246337890625,72.75,191.5,chukchi
2023-08-05 22:00:00,3592,72.94690933333334,-168.15857008333333,4.06,99.0,4.1,7.1,211.55407636443175,,55.05387935354274,4.232580408090256,54.48394756856605,0.0,0.0,1.0,0.0,2023,2.328765869140625,4.871185779571533,0.2650146484375,2.271636962890625,73.0,191.75,chukchi
2023-08-05 23:00:00,3592,72.98913716666667,-167.82712008333334,3.73,99.0,4.5,6.0,208.32330870586227,,46.55507447789771,4.542282232998775,46.3372413647792,0.0,0.0,1.0,0.0,2023,2.549468994140625,4.994618892669678,0.23822021484375,2.494293212890625,73.0,192.25,chukchi
2023-08-06 00:00:00,3596,73.09048483333333,-167.5277391666667,4.3,99.0,4.6,6.6,192.8863188776957,,43.9082768130033,4.9162080386566505,42.214003458315595,0.0,0.0,1.0,0.0,2023,2.670562744140625,5.061154365539551,0.222869873046875,2.615386962890625,73.0,192.5,chukchi
2023-08-06 01:00:00,3594,73.17035891666667,-167.1817133333333,3.91,99.0,5.5,8.4,196.779779710266,,53.36290972470956,5.439191882682482,51.57235761818769,0.0,0.0,1.0,0.0,2023,2.051422119140625,5.218759536743164,0.261383056640625,1.984527587890625,73.25,192.75,chukchi
2023-08-06 02:00:00,3588,73.27716058333334,-166.73548050000005,4.05,99.1,5.5,6.4,189.23506329829289,,38.11900118506867,5.32180300941243,36.71739608073569,0.0002787068004459,0.0,1.0,0.011984392419175,2023,2.094390869140625,5.268083095550537,0.253448486328125,2.031402587890625,73.25,193.25,chukchi
2023-08-06 03:00:00,3595,73.34671,-166.69553016666669,3.87,99.1,0.1,4.5,179.42345852036786,,266.47216770403446,0.0445006317695798,259.82323037703674,0.0,0.0,1.0,0.462586926286509,2023,1.082427978515625,2.982170343399048,0.253448486328125,0.964996337890625,73.25,193.25,chukchi
2023-08-06 04:00:00,3593,73.36830166666667,-166.6271521666667,3.62,99.1,0.8,7.7,198.54900233706317,,226.25429872056176,0.5180164227078491,36.517396169250475,0.0,0.0,1.0,0.2872251600333982,2023,1.082427978515625,2.982170343399048,0.253448486328125,0.964996337890625,73.25,193.25,chukchi
2023-08-06 05:00:00,3589,73.36866216666667,-166.62982016666666,3.62,99.1,0.3,6.1,179.13565227937585,,280.53016297675583,0.1371201177090232,299.0408342157564,0.0,0.0,1.0,0.3689049874616885,2023,1.082427978515625,2.982170343399048,0.253448486328125,0.964996337890625,73.25,193.25,chukchi
2023-08-06 06:00:00,3591,73.45507316666666,-166.91609950000003,3.18,99.1,4.8,6.3,158.48156007336146,,319.9488440091486,4.757444439399703,319.86632348727466,0.0,0.0,1.0,0.0,2023,0.715240478515625,3.0799028873443604,0.265472412109375,0.574371337890625,73.5,193.0,chukchi
2023-08-06 07:00:00,3594,73.56647124999999,-167.2271945,2.66,99.1,4.9,6.4,159.90695727896372,,323.9899575036497,4.752269524665143,321.5326224726148,0.0,0.0,1.0,0.0,2023,0.717193603515625,3.0474417209625244,0.26849365234375,0.574371337890625,73.5,192.75,chukchi
2023-08-06 08:00:00,3595,73.66332816666666,-167.50517516666665,2.15,99.1,4.7,6.2,149.23275117746297,,321.3575984236516,4.523240570571347,318.05271354088063,0.0,0.0,1.0,0.0,2023,0.320709228515625,2.8856253623962402,0.28765869140625,0.148590087890625,73.75,192.5,chukchi
2023-08-06 09:00:00,3591,73.77935000000001,-167.89651516666666,1.61,99.1,5.8,6.3,177.5348722384776,,320.81757631173105,5.781573680065708,318.7226257359528,0.0,0.0,1.0,0.0,2023,-0.301361083984375,3.4470558166503906,0.294952392578125,-0.426116943359375,73.75,192.0,chukchi
2023-08-06 10:00:00,3596,73.88871658333333,-168.19984558333334,0.55,99.1,0.2,6.2,161.45909276085658,,35.33961348452532,0.1351612938004502,330.84572255425866,0.0,0.0,1.0,0.2049499443826473,2023,-0.574798583984375,4.915478706359863,0.285614013671875,-0.904632568359375,74.0,191.75,chukchi
2023-08-06 11:00:00,3595,73.88808866666666,-168.19862600000002,0.43,99.2,0.2,1.5,210.4773101898172,,72.50523654970726,0.1871855743919572,144.0689120491199,0.0,0.0,1.0,0.2367176634214186,2023,-0.574798583984375,4.915478706359863,0.285614013671875,-0.904632568359375,74.0,191.75,chukchi
2023-08-06 12:00:00,3596,73.885718,-168.19389575,0.42,99.2,0.1,1.8,144.62027900956187,,25.116882985711,0.0483262285066612,240.9474353357536,0.0,0.0,1.0,0.4933259176863181,2023,-0.574798583984375,4.915478706359863,0.285614013671875,-0.904632568359375,74.0,191.75,chukchi
2023-08-06 13:00:00,3599,73.89654449999999,-168.19739816666666,0.39,99.2,5.5,6.2,165.29250169401746,,8.76626197059925,5.489590508158441,355.09161093903924,0.0,0.0,1.0,0.3225896082245068,2023,-0.574798583984375,4.915478706359863,0.285614013671875,-0.904632568359375,74.0,191.75,chukchi
2023-08-06 14:00:00,3589,74.07169933333333,-168.18817266666665,0.27,99.2,5.5,6.3,181.87049019030812,,8.478774618741127,5.4120527737093225,3.830722361558088,0.000557258289217,0.0002786291446085,1.0,0.0089161326274728,2023,-0.574798583984375,4.915478706359863,0.285614013671875,-0.904632568359375,74.0,191.75,chukchi
2023-08-06 15:00:00,3593,74.22901283333334,-168.1320535,0.13,99.2,5.6,6.3,184.3283962268575,,21.18788741696687,5.520266774763056,15.23508427739149,0.0,0.0,0.9532424158085164,0.0,2023,-0.699310302734375,6.761124610900879,0.261627197265625,-1.490814208984375,74.25,191.75,chukchi
2023-08-06 16:00:00,3597,74.34486916666667,-168.050032,-0.05,99.1,0.1,6.4,168.73554060911073,1011.14,83.42446228404306,0.041080686115757,5.048824703970286,0.0,0.0,0.0,0.4881845982763414,2023,-0.726654052734375,6.642082214355469,0.270416259765625,-1.473236083984375,74.25,192.0,chukchi
2023-08-06 17:00:00,3597,74.44940150000001,-168.02716516666666,-0.14,98.5,5.8,6.4,181.16859257252855,1010.39,6.423080507829865,5.720205035676064,3.777834485276824,0.0,0.0,0.0,0.0,2023,-0.818450927734375,6.503198146820068,0.2547607421875,-1.805267333984375,74.5,192.0,chukchi
2023-08-06 19:00:00,3596,74.80048591666666,-167.8999679166667,-1.22,97.1,0.5,6.2,177.1599275615628,1012.75,76.54482641558296,0.5747139318058224,2.160929865999987,0.0,0.0,0.0,0.2655728587319244,2023,-0.912200927734375,6.0798659324646,0.267059326171875,-2.199798583984375,74.75,192.0,chukchi
2023-08-06 20:00:00,3596,74.80058191666666,-167.89825766666667,-1.26,96.5,0.0,1.3,161.9601500517228,1013.47,126.49738580387096,0.0088383448730775,88.80329505066966,0.0,0.0,0.0,0.7766963292547274,2023,-0.912200927734375,6.0798659324646,0.267059326171875,-2.199798583984375,74.75,192.0,chukchi
2023-08-06 21:00:00,3346,74.80106266666667,-167.89991441666666,-1.26,95.4,0.0,1.2,150.9085465796982,1013.73,104.14878696122172,0.0086650005017467,297.7218494766787,0.0005977286312014,0.0,0.0002988643156007,0.6778242677824268,2023,-0.508636474609375,5.4918341636657715,0.2777099609375,-2.144378662109375,74.75,192.0,chukchi
2023-08-06 22:00:00,3596,74.80145399999999,-167.89801333333332,-1.23,93.3,0.0,27.7,142.04812982469122,1014.07,74.90792491184838,0.0064123263648897,57.4492285347231,0.0,0.0,0.0,0.8431590656284761,2023,-0.508636474609375,5.4918341636657715,0.2777099609375,-2.144378662109375,74.75,192.0,chukchi
2023-08-06 23:00:00,3591,74.801479,-167.92903966666665,-1.21,92.3,1.1,6.7,159.79878774029768,1014.4,283.4173436214352,1.1080347971062607,287.7718575012027,0.0005569479253689,0.0,0.126427179058758,0.2032859927596769,2023,-0.508636474609375,5.4918341636657715,0.2777099609375,-2.144378662109375,74.75,192.0,chukchi
2023-08-07 00:00:00,3594,74.8530935,-168.50606316666665,-1.23,91.7,4.1,10.2,169.82479822923108,,267.8067890804309,4.45683993125937,279.6105826697441,0.0,0.0,0.3408458542014468,0.0843071786310517,2023,-0.535980224609375,5.2967634201049805,0.281951904296875,-2.191253662109375,74.75,191.5,chukchi
2023-08-07 01:00:00,3597,74.860392,-168.56635450000002,-1.19,91.8,0.2,1.5,129.65445969068494,1014.4,189.39605157163356,0.1654532666610899,233.96402359557223,0.0,0.0,0.0002780094523213,0.3155407283847651,2023,-0.535980224609375,5.2967634201049805,0.281951904296875,-2.191253662109375,74.75,191.5,chukchi
2023-08-07 02:00:00,3593,74.89454366666668,-168.79561150000004,-1.2,91.9,5.7,9.3,158.6380394303892,1014.89,303.4368237220689,5.506279118873655,292.86265372493415,0.0,0.0,0.0189256888394099,0.0005566379070414,2023,-0.481292724609375,4.657256603240967,0.303558349609375,-2.124847412109375,75.0,191.25,chukchi
2023-08-07 03:00:00,3582,74.95198483333333,-169.47067016666665,-1.21,92.8,6.2,6.7,177.20653941766145,1015.27,290.8191342899638,6.195224371167408,290.3523908355837,0.0008375209380234,0.0002791736460078,0.0005583472920156,0.0147962032384142,2023,-0.550628662109375,4.789389610290527,0.2977294921875,-1.889495849609375,75.0,190.5,chukchi
2023-08-09 10:00:00,3596,76.99551766666667,179.94661566666667,0.27,97.3,0.0,2.4,236.65723002739367,,338.6584160880679,0.003939226498617,158.59949536949054,0.0,0.0,1.0,0.8053392658509455,2023,-0.039154052734375,3.3151779174804688,0.635528564453125,-0.158782958984375,77.0,180.0,east_siberian
2023-08-09 11:00:00,3598,76.99566499999999,179.93512758333338,0.34,96.9,0.3,2.4,163.8621232050026,,343.9792672739987,0.2504512424704608,306.43174335489556,0.0,0.0,1.0,0.3146192329071706,2023,-0.039154052734375,3.3151779174804688,0.635528564453125,-0.158782958984375,77.0,180.0,east_siberian
2023-08-15 08:00:00,3592,76.99987483333332,173.59929150000002,-0.91,92.7,0.1,1.3,191.33661620248836,,259.90692187127183,0.0166254700383772,78.33001692488918,0.0002783964365256,0.0,1.0,0.0874164810690423,2023,0.125885009765625,7.584395885467529,0.0,-2.241302490234375,77.0,173.5,east_siberian
2023-08-15 09:00:00,3589,76.99983783333333,173.59937250000002,-0.76,92.5,0.2,1.6,186.1692318255269,,238.48176450615824,0.0211066627714807,331.16202869069946,0.000557258289217,0.0,1.0,0.0451379214265812,2023,-0.225677490234375,9.987137794494629,0.0,-1.651702880859375,77.0,173.5,east_siberian
2023-08-15 10:00:00,3598,76.99567558333334,173.5676689166667,-0.64,92.7,1.1,1.8,70.23081537024454,,239.60886971202171,1.2393253145323622,241.93170315017312,0.0,0.0,1.0,0.0125069483046136,2023,-0.225677490234375,9.987137794494629,0.0,-1.651702880859375,77.0,173.5,east_siberian
2023-08-15 11:00:00,3596,76.97363966666666,173.4152408333333,-0.54,94.2,1.2,1.8,53.46432295638271,,228.6525809158619,1.2578536114437324,230.42712599944667,0.0,0.0,1.0,0.007230255839822,2023,-0.225677490234375,9.987137794494629,0.0,-1.651702880859375,77.0,173.5,east_siberian
2023-08-15 12:00:00,3595,76.9653735,173.38807300000002,-0.48,94.9,0.2,1.4,183.6407130375361,,224.91797056174045,0.019559258386451,101.91085689177125,0.0,0.0,1.0,0.0258692628650904,2023,-0.225677490234375,9.987137794494629,0.0,-1.651702880859375,77.0,173.5,east_siberian
2023-08-15 13:00:00,3592,76.96536566666667,173.3880963333333,-0.43,95.8,0.2,1.5,186.86600442406737,,220.01705608983875,0.0198062917697469,87.12839763409868,0.0005567928730512,0.0,1.0,0.0278396436525612,2023,-0.225677490234375,9.987137794494629,0.0,-1.651702880859375,77.0,173.5,east_siberian
2023-08-15 14:00:00,3595,76.9653635,173.38808116666667,-0.46,96.3,0.3,1.0,187.53581282759265,,220.0326102920394,0.0173266424250404,67.36711408727594,0.0,0.0,1.0,0.0216968011126564,2023,-0.225677490234375,9.987137794494629,0.0,-1.651702880859375,77.0,173.5,east_siberian
2023-08-15 15:00:00,3595,76.96538216666666,173.3879925,-0.62,94.3,0.2,6.5,189.44006142244132,,231.4284886424924,0.0223926889656056,155.165678482882,0.0,0.0,1.0,0.0267037552155771,2023,-0.200286865234375,8.032231330871582,0.0,-1.687835693359375,77.0,173.5,east_siberian
2023-08-15 16:00:00,3596,76.85371066666667,173.54418116666665,-0.71,93.9,6.4,7.7,181.33647944926136,,165.17828769755124,6.317709360701558,162.93453504459166,0.0,0.0,1.0,0.0,2023,-0.202239990234375,8.454131126403809,0.0,-1.369476318359375,76.75,173.5,east_siberian
2023-08-15 17:00:00,3594,76.66333458333334,173.66048883333332,-0.67,93.9,6.6,8.0,180.95982966947489,,178.37816628183208,6.577768112791028,178.64316550461277,0.0,0.0,1.0,0.0,2023,-0.241302490234375,8.342756271362305,0.0,-1.287445068359375,76.75,173.75,east_siberian
2023-08-15 18:00:00,3594,76.45247266666667,173.65874008333333,-0.7,92.8,6.7,6.9,180.00025041537398,,185.7656945660744,6.632543692666709,186.680895067108,0.0,0.0,1.0,0.0,2023,-0.317474365234375,8.327775001525879,0.137939453125,-1.133148193359375,76.5,173.75,east_siberian
2023-08-15 19:00:00,3594,76.24064291666666,173.58919616666665,-0.68,91.9,6.7,8.3,180.00089035906183,,177.5846434659312,6.6637794629013225,179.21872182664072,0.0,0.0,1.0,0.0,2023,-0.352630615234375,8.16698169708252,0.2958984375,-1.004241943359375,76.25,173.5,east_siberian
2023-08-15 20:00:00,3597,76.03426416666666,173.54717666666667,-0.72,90.0,6.6,6.9,180.8049050719536,,173.38962562478886,6.557406392130691,170.43131381522863,0.0,0.0,1.0,0.1573533500139004,2023,-0.268646240234375,8.272929191589355,0.30279541015625,-0.918304443359375,76.0,173.5,east_siberian
2023-08-15 21:00:00,3369,75.9999335,173.60040250000003,-0.78,86.5,0.0,1.6,165.34855057321306,,20.45764472396932,0.0061161887689722,341.9789491163092,0.0,0.0,1.0,0.8183437221727515,2023,-0.118255615234375,11.083218574523926,0.22900390625,-2.811859130859375,76.0,173.5,east_siberian
2023-08-15 22:00:00,3315,75.99925549999999,173.60875016666668,0.0,79.4,0.0,1.3,153.87468397531626,,25.48924168632754,0.0088861962273454,151.70430441651578,0.000603318250377,0.0,1.0,0.7728506787330317,2023,-0.118255615234375,11.083218574523926,0.22900390625,-2.811859130859375,76.0,173.5,east_siberian
2023-08-15 23:00:00,3598,75.99783416666668,173.61059675,-0.57,84.5,2.4,10.5,181.3982511237425,,182.2183493510036,0.0132672410108412,175.32847942884987,0.0,0.0,1.0,0.1942745969983324,2023,-0.118255615234375,11.083218574523926,0.22900390625,-2.811859130859375,76.0,173.5,east_siberian
2023-08-16 00:00:00,3593,76.00948033333334,173.64731766666665,-0.46,85.0,2.4,9.6,254.07052376074233,,346.5900645204695,0.9362661275419496,24.329393852157093,0.0,0.0,1.0,0.0,2023,-0.141693115234375,10.99057674407959,0.2359619140625,-2.815765380859375,76.0,173.75,east_siberian
2023-08-16 01:00:00,3595,76.04574550000001,173.65995766666668,-0.59,89.6,1.3,3.5,188.0179992726774,,337.5391874647472,1.2457175049531022,7.881535435280442,0.0,0.0,1.0,0.0,2023,-0.141693115234375,10.99057674407959,0.2359619140625,-2.815765380859375,76.0,173.75,east_siberian
2023-08-16 02:00:00,3593,75.99372916666667,173.5977705,-0.53,88.2,6.3,7.0,177.99437909460008,,195.0613992280173,6.262613151557945,189.2878787613976,0.0,0.0,1.0,0.0,2023,-0.118255615234375,11.083218574523926,0.22900390625,-2.811859130859375,76.0,173.5,east_siberian
2023-08-16 03:00:00,3594,75.78728800000002,173.58702441666665,-0.4,82.2,6.5,18.5,179.37255357936232,,176.96168876857035,6.492339053237886,176.41321843484445,0.0,0.0,1.0,0.0,2023,-0.036224365234375,10.483479499816895,0.233734130859375,-1.915130615234375,75.75,173.5,east_siberian
2023-08-16 05:00:00,3596,75.37571233333333,173.59949275000002,-0.42,86.4,6.7,8.3,180.00091735127393,,183.13973853657137,6.666815710550727,182.9667500944031,0.0,0.0,1.0,0.0,2023,0.258697509765625,10.145095825195312,0.19122314453125,-1.659271240234375,75.5,173.5,east_siberian
2023-08-16 10:00:00,3103,75.01940483333333,173.5382308333333,-0.5,87.9,1.5,13.0,169.65676527482876,,308.20702411911316,1.5495377917379942,300.9595925859034,0.0009668063164679,0.0,1.0,0.0277151144054141,2023,-0.382415771484375,7.8787946701049805,0.181488037109375,-2.132659912109375,75.0,173.5,east_siberian
2023-08-16 11:00:00,3596,74.88829033333333,173.2760595,-0.78,92.9,6.6,20.6,180.01896551072755,,204.74091544681252,6.606131902916298,204.96397248754823,0.0,0.0,1.0,0.0,2023,-0.323822021484375,7.85498571395874,0.18048095703125,-2.083831787109375,75.0,173.25,east_siberian
2023-08-16 12:00:00,3596,74.74255191666667,172.77512741666666,-0.71,92.0,6.6,6.8,180.09332592042645,,231.4714946461105,6.5428493702726485,233.3617466853716,0.0,0.0,1.0,0.0,2023,-0.526947021484375,7.32816219329834,0.225067138671875,-2.243988037109375,74.75,172.75,east_siberian
2023-08-16 13:00:00,3587,74.66681700000001,172.39986066666668,-0.81,94.2,0.3,6.7,168.02337780167943,,247.1029114662749,0.286808564759848,259.3790642216885,0.0002787844995818,0.0002787844995818,1.0,0.2642877056035684,2023,-0.552337646484375,7.337850570678711,0.232177734375,-2.290863037109375,74.75,172.5,east_siberian
2023-08-16 14:00:00,3590,74.55966000000001,172.46973233333335,-0.64,93.7,6.3,6.8,180.26885571454503,,196.15578113839595,6.278431272378305,195.52010006083233,0.0002785515320334,0.0002785515320334,1.0,0.0055710306406685,2023,-0.757415771484375,6.971653461456299,0.2496337890625,-2.482269287109375,74.5,172.5,east_siberian
2023-08-16 15:00:00,3598,74.41942916666667,172.03322858333334,-0.64,93.3,6.0,7.4,172.3598030212461,,238.42883691983377,5.967763254518158,240.74638028833056,0.0,0.0,1.0,0.0,2023,-0.524749755859375,10.083581924438477,0.24603271484375,-1.812347412109375,74.5,172.0,east_siberian
2023-08-16 16:00:00,3596,74.36719025000001,171.38763183333333,-0.48,94.2,6.0,7.5,177.34595880670716,,248.37060010796057,5.8881609972369455,249.4172661296336,0.0,0.0,1.0,0.0853726362625139,2023,-0.505218505859375,10.092681884765625,0.248687744140625,-1.865081787109375,74.25,171.5,east_siberian
2023-08-16 17:00:00,3592,74.33521516666667,171.1552609166667,-0.27,96.0,1.2,7.4,202.97665547064057,,227.2957241005715,1.0172208875198734,184.96469471291303,0.0,0.0005567928730512,1.0,0.1753897550111358,2023,-0.456390380859375,10.018879890441895,0.24468994140625,-1.802581787109375,74.25,171.25,east_siberian
2023-08-16 18:00:00,3586,74.22234441666666,170.87318641666667,0.02,96.5,6.0,7.0,179.68075235078086,,228.02926701052448,5.940920195076896,225.7047715356757,0.0,0.0,1.0,0.0,2023,-0.356781005859375,9.85732364654541,0.24554443359375,-1.687347412109375,74.25,170.75,east_siberian
2023-08-16 19:00:00,3591,74.10599950000001,170.35341583333332,0.16,95.6,6.1,7.4,180.10282117164476,,224.28244749017017,6.05421645953238,222.50812678265763,0.0,0.0,1.0,0.0,2023,-0.235687255859375,9.862203598022461,0.22747802734375,-1.683441162109375,74.0,170.25,east_siberian
2023-08-16 20:00:00,3594,74.002485,170.03506350000004,0.01,95.9,0.1,6.8,217.6103064632719,,300.9405522436677,0.0754394316087041,178.9789060340465,0.0,0.0,1.0,0.3967723984418475,2023,-0.192718505859375,9.782642364501953,0.23297119140625,-1.624847412109375,74.0,170.0,east_siberian
2023-08-16 21:00:00,3594,74.00243758333335,170.1636575833333,0.02,95.5,0.0,5.7,212.0947606411623,,332.8365321968104,0.0176488703379157,59.12889117942676,0.0,0.0,1.0,0.5350584307178631,2023,0.315338134765625,9.800073623657227,0.276397705078125,-1.300872802734375,74.0,170.25,east_siberian
2023-08-16 22:00:00,3597,74.00246383333334,170.1636715,0.08,95.4,0.0,1.3,212.34723418633885,,314.7045074633037,0.003802106906672,81.78162600899488,0.0,0.0,1.0,0.9190992493744788,2023,0.315338134765625,9.800073623657227,0.276397705078125,-1.300872802734375,74.0,170.25,east_siberian
2023-08-16 23:00:00,3593,73.99518616666666,170.1910995,0.2,94.2,0.8,3.5,297.7435099479691,,292.6467297858588,0.7511323112052529,134.047848609888,0.0,0.0,1.0,0.0420261619816309,2023,0.315338134765625,9.800073623657227,0.276397705078125,-1.300872802734375,74.0,170.25,east_siberian
2023-08-17 00:00:00,3592,73.98082275,170.22247275,0.21,92.0,0.1,2.1,205.80153333049293,,199.19512569539745,0.0625140962439144,170.08196074832338,0.0,0.0,1.0,0.3783407572383073,2023,0.315338134765625,9.800073623657227,0.276397705078125,-1.300872802734375,74.0,170.25,east_siberian
2023-08-17 01:00:00,3596,73.99562908333334,170.19065416666666,0.13,92.3,0.1,5.5,181.6708687483258,,317.4508181089111,0.029391518983746,335.61030010349424,0.0,0.0,1.0,0.4866518353726363,2023,0.315338134765625,9.800073623657227,0.276397705078125,-1.300872802734375,74.0,170.25,east_siberian
2023-08-17 02:00:00,3591,74.003803,170.1630835,0.07,91.9,0.0,1.8,210.1068946316075,,350.012613588596,0.0059379800754292,195.17085582888976,0.0,0.0,1.0,0.9209133945976052,2023,0.315338134765625,9.800073623657227,0.276397705078125,-1.300872802734375,74.0,170.25,east_siberian
2023-08-17 03:00:00,3594,74.0038115,170.16308866666665,-0.08,91.5,0.0,1.3,203.67553010104135,,350.02971795283383,0.0056842120975821,72.30588761123708,0.0,0.0,1.0,0.9760712298274904,2023,0.099029541015625,9.148028373718262,0.276397705078125,-2.329681396484375,74.0,170.25,east_siberian
2023-08-17 04:00:00,3596,74.00380983333334,170.1630796666667,-0.16,89.2,0.0,1.6,211.7931393142712,,325.9137147689126,0.0040695053082458,123.37993604941076,0.0,0.0,1.0,0.9029477196885428,2023,0.099029541015625,9.148028373718262,0.276397705078125,-2.329681396484375,74.0,170.25,east_siberian
2023-08-17 05:00:00,3596,74.00395366666666,170.16370933333334,-0.12,86.9,0.0,1.4,212.07377560665532,,311.1994792710972,0.0040781819051731,204.83309703285528,0.0,0.0,1.0,0.8984983314794216,2023,0.099029541015625,9.148028373718262,0.276397705078125,-2.329681396484375,74.0,170.25,east_siberian
2023-08-17 06:00:00,3599,74.0038165,170.16338183333332,-0.03,77.7,0.0,1.6,207.05734696654469,,297.1793722021168,0.0048934064184138,224.6639991937152,0.0,0.0,1.0,0.8480133370380661,2023,0.099029541015625,9.148028373718262,0.276397705078125,-2.329681396484375,74.0,170.25,east_siberian
2023-08-17 07:00:00,3586,73.98897641666667,170.32890341666666,-0.02,78.1,1.5,7.5,229.93321383364756,,42.25177050667094,1.556147620317373,87.93754862331149,0.0,0.0,1.0,0.173452314556609,2023,0.099029541015625,9.148028373718262,0.276397705078125,-2.329681396484375,74.0,170.25,east_siberian
2023-08-17 08:00:00,3593,73.97167066666665,170.41751100000002,-0.17,76.1,2.0,5.1,312.71970229853946,,85.4032490492788,1.962206983982543,136.3087644016056,0.0,0.0,1.0,0.0,2023,0.042388916015625,9.286820411682129,0.25433349609375,-2.343353271484375,74.0,170.5,east_siberian
2023-08-17 09:00:00,3588,73.96030291666666,170.42058508333332,-0.22,77.4,1.4,6.1,269.2440034748039,,57.43016301576354,1.4702695619557098,90.7946063812996,0.0,0.0,1.0,0.0,2023,-0.577484130859375,7.4029860496521,0.25433349609375,-3.021575927734375,74.0,170.5,east_siberian
2023-08-17 10:00:00,3591,74.05552200000001,170.57513999999998,-0.43,84.1,6.2,6.9,179.9398715827968,,45.75161836527166,6.148217606427091,46.45181624711308,0.0,0.0,1.0,0.0,2023,-0.577484130859375,7.4029860496521,0.25433349609375,-3.021575927734375,74.0,170.5,east_siberian
2023-08-17 11:00:00,3596,74.14918741666668,171.13826208333333,-0.5,82.2,6.4,7.0,180.02756838799718,,44.62218914313982,6.32474914159884,44.53163792763617,0.0,0.0,1.0,0.0,2023,-0.694671630859375,8.10083293914795,0.2412109375,-3.000091552734375,74.25,171.25,east_siberian
2023-08-17 12:00:00,3590,74.27463541666667,171.72612066666667,-0.7,82.4,6.5,6.6,179.8790307290729,,61.23517051475648,6.478442650433722,60.87999241176515,0.0,0.0,1.0,0.0,2023,-0.667327880859375,8.381178855895996,0.206207275390625,-2.849700927734375,74.25,171.75,east_siberian
2023-08-17 13:00:00,3317,74.38126166666666,172.42297916666666,-0.86,81.7,6.5,6.6,179.62325550381024,,59.200402900924765,6.465640117337899,58.43755727852494,0.0003014772384684,0.0003014772384684,1.0,0.0057280675309014,2023,-0.630218505859375,8.803895950317383,0.1744384765625,-2.525482177734375,74.5,172.5,east_siberian
2023-08-17 14:00:00,3593,74.4549775,173.047134,-1.21,82.1,6.4,6.7,180.66764233818873,,64.75968766325599,6.399887773133906,64.23383607136648,0.0,0.0,1.0,0.0,2023,-0.704437255859375,8.944887161254883,0.173797607421875,-2.488372802734375,74.5,173.0,east_siberian
2023-08-17 15:00:00,3594,74.57326325,173.7039824166667,-1.26,83.3,6.7,7.0,179.89719550291804,,55.89789055911162,6.709036121195235,55.211345981180855,0.0,0.0,1.0,0.0,2023,-1.033294677734375,9.052021980285645,0.1287841796875,-2.830413818359375,74.5,173.75,east_siberian
2023-08-17 16:00:00,3598,74.69113516666667,174.37568550000003,-1.19,81.7,6.6,7.0,192.6330808349653,,39.948596177253,6.569377201005303,69.61205708043691,0.0,0.0,1.0,0.1678710394663702,2023,-1.158294677734375,9.561161041259766,0.089996337890625,-2.810882568359375,74.75,174.5,east_siberian
2023-08-17 17:00:00,3596,74.6990725,174.56269475000002,-1.34,89.0,0.7,3.5,267.13870891745853,,342.79451964554806,0.6758883699315587,101.6326528968504,0.0,0.0,1.0,0.1028921023359288,2023,-1.158294677734375,9.561161041259766,0.089996337890625,-2.810882568359375,74.75,174.5,east_siberian
2023-08-17 18:00:00,3597,74.69372633333334,174.62401683333331,-1.6,95.9,0.0,1.6,224.07901642874697,,332.51116095910254,0.0150779547424267,98.27277181874923,0.0,0.0,1.0,0.5357242146232972,2023,-1.158294677734375,9.561161041259766,0.089996337890625,-2.810882568359375,74.75,174.5,east_siberian
2023-08-17 19:00:00,3179,74.69368433333334,174.6239331666667,-1.35,96.6,0.0,1.3,201.85290719261772,,296.50731945263544,0.0136569862238452,121.14423179443244,0.0006291286568103,0.0,1.0,0.756527209814407,2023,-1.158294677734375,9.561161041259766,0.089996337890625,-2.810882568359375,74.75,174.5,east_siberian
2023-08-17 20:00:00,3596,74.69338091666667,174.6239783333333,-1.22,97.0,0.1,1.2,181.3896541055604,,128.85477725463215,0.0686038984237713,177.53783208957393,0.0,0.0,1.0,0.3826473859844271,2023,-1.158294677734375,9.561161041259766,0.089996337890625,-2.810882568359375,74.75,174.5,east_siberian
2023-08-17 21:00:00,3587,74.691827,174.62417499999998,-1.04,96.8,0.0,1.4,202.6010677648926,,302.55653060237546,0.0070708995510229,33.39576004310006,0.0002787844995818,0.0002787844995818,1.0,0.7948146083077781,2023,-0.902923583984375,8.566751480102539,0.0,-1.753021240234375,74.75,174.5,east_siberian
2023-08-17 22:00:00,3595,74.69183483333333,174.62420200000005,-1.07,97.6,0.0,0.3,206.09124642981348,,322.94792839394984,0.0072779046219139,345.36770912449737,0.0,0.0,1.0,0.9001390820584144,2023,-0.902923583984375,8.566751480102539,0.0,-1.753021240234375,74.75,174.5,east_siberian
2023-08-17 23:00:00,3595,74.69182716666666,174.6241906666667,-1.64,97.1,0.0,1.4,205.5286478779072,,323.0341743375268,0.0081640134657067,271.0008054911648,0.0,0.0,1.0,0.874826147426982,2023,-0.902923583984375,8.566751480102539,0.0,-1.753021240234375,74.75,174.5,east_siberian
2023-08-18 00:00:00,3597,74.69393050000001,174.60629683333335,-1.67,96.8,0.1,3.0,180.60705477912623,,2.1185593329160777,0.0745826540277381,12.786038788119525,0.0,0.0,1.0,0.3772588268001112,2023,-0.902923583984375,8.566751480102539,0.0,-1.753021240234375,74.75,174.5,east_siberian
2023-08-18 01:00:00,3596,74.70007075000001,174.51983341666664,-1.59,95.0,0.3,6.2,163.14258875553668,,354.415872767761,0.2436436296936492,305.77302985181245,0.0,0.0,1.0,0.1782536151279199,2023,-0.902923583984375,8.566751480102539,0.0,-1.753021240234375,74.75,174.5,east_siberian
2023-08-18 02:00:00,3592,74.7836085,174.60190991666667,-1.48,93.7,6.1,6.7,178.96675980426622,,17.109925974210935,6.138221233803137,15.198549505362802,0.0,0.0,1.0,0.0,2023,-0.902923583984375,8.566751480102539,0.0,-1.753021240234375,74.75,174.5,east_siberian
2023-08-18 03:00:00,3593,74.97704166666668,174.83306283333332,-1.35,92.6,6.3,6.6,179.99799738709305,,20.00851569042088,6.331266138049599,16.53453307999322,0.0,0.0,1.0,0.0,2023,-1.060394287109375,11.402817726135254,0.0,-2.533050537109375,75.0,174.75,east_siberian
2023-08-18 04:00:00,3591,75.17436500000001,175.06201483333334,-1.46,90.3,6.4,6.6,179.99794037777812,,20.093268700694196,6.33799577896334,17.385496671817457,0.0,0.0,1.0,0.0,2023,-1.072113037109375,11.220330238342285,0.0,-2.507659912109375,75.25,175.0,east_siberian
2023-08-18 05:00:00,3598,75.37116258333333,175.285418,-1.38,90.9,6.4,6.6,177.80885283522252,,14.962783558000297,6.349555202729266,13.90604941404736,0.0,0.0,1.0,0.1984435797665369,2023,-1.091644287109375,11.021071434020996,0.057647705078125,-2.470550537109375,75.25,175.25,east_siberian
2023-08-18 06:00:00,3593,75.44258483333333,175.54989566666669,-1.34,88.9,6.2,6.5,182.09586910330717,,27.31897395557583,6.150464231649388,30.563855805421337,0.0,0.0,1.0,0.1074311160590036,2023,-1.101409912109375,9.915022850036621,0.1397705078125,-2.560394287109375,75.5,175.5,east_siberian
2023-08-18 07:00:00,3591,75.578878,175.96189149999998,-1.34,86.7,6.3,17.3,180.23757556728057,,60.066135378307735,6.298413276658992,62.10908387262944,0.0,0.0,1.0,0.0005569479253689,2023,-1.154144287109375,9.573907852172852,0.236785888671875,-2.490081787109375,75.5,176.0,east_siberian
2023-08-18 08:00:00,3597,75.69123366666666,176.6137585,-1.4,87.3,6.1,6.5,179.9267033607807,,41.47924856645737,6.112447356389946,42.344207780200506,0.0,0.0,1.0,0.0,2023,-1.242034912109375,8.327641487121582,0.314056396484375,-2.658050537109375,75.75,176.5,east_siberian
2023-08-18 09:00:00,3593,75.79058033333334,177.0413678333333,-1.59,91.2,5.2,6.8,188.89168522280707,,54.237741622025226,5.0237142199508655,89.70619427876541,0.0,0.0,1.0,0.0940718062900083,2023,-2.039886474609375,6.439073085784912,0.337799072265625,-3.327972412109375,75.75,177.0,east_siberian
2023-08-18 10:00:00,3593,75.7342455,177.18987800000002,-1.7,91.7,0.0,8.1,160.11519362214568,,15.723785632925258,0.0073816205624183,178.49344069870045,0.0,0.0,1.0,0.7116615641525188,2023,-2.037933349609375,6.312761306762695,0.332244873046875,-3.335784912109375,75.75,177.25,east_siberian
2023-08-18 11:00:00,3372,75.73042025000001,177.18110191666668,-1.89,91.8,0.0,2.1,147.23405905807653,,26.67134040842507,0.006272600389346,180.2564472848193,0.0005931198102016,0.0,1.0,0.8149466192170819,2023,-2.037933349609375,6.312761306762695,0.332244873046875,-3.335784912109375,75.75,177.25,east_siberian
2023-08-18 12:00:00,3597,75.7269695,177.17454600000002,-1.72,85.7,1.1,6.5,164.71265684215794,,50.16306664185531,1.0217198745876823,52.26866892756004,0.0,0.0,1.0,0.3855991103697526,2023,-2.037933349609375,6.312761306762695,0.332244873046875,-3.335784912109375,75.75,177.25,east_siberian
2023-08-18 13:00:00,3591,75.85766783333334,177.13400866666663,-1.74,86.3,6.5,7.1,180.05820253344305,,346.04636894856185,6.48998724248998,339.7713289069647,0.0,0.0,1.0,0.0005569479253689,2023,-2.037933349609375,6.312761306762695,0.332244873046875,-3.335784912109375,75.75,177.25,east_siberian
2023-08-18 14:00:00,3593,76.00646833333333,177.14377666666667,-2.39,83.4,0.0,6.9,161.701625444977,,22.281252095526,0.0095178582666308,15.409857724127242,0.0,0.0,1.0,0.6468132479821875,2023,-1.942230224609375,6.154919147491455,0.321990966796875,-3.294769287109375,76.0,177.25,east_siberian
2023-08-18 15:00:00,3595,76.00647016666667,177.14383966666665,-2.45,83.5,0.0,1.3,149.3909448016742,,34.49794192770158,0.0036685016112455,136.76161518813893,0.0,0.0,1.0,0.9618915159944368,2023,-2.385833740234375,6.597661018371582,0.321990966796875,-3.477142333984375,76.0,177.25,east_siberian
2023-08-18 16:00:00,3597,76.00645983333334,177.14387383333334,-2.37,84.7,0.0,6.8,157.76228601732464,,37.25198997440773,0.0047528463288039,89.50445784838068,0.0,0.0,1.0,0.7828746177370031,2023,-2.385833740234375,6.597661018371582,0.321990966796875,-3.477142333984375,76.0,177.25,east_siberian
2023-08-18 17:00:00,3596,76.06827116666668,177.32803766666666,-2.17,83.8,5.2,6.8,166.33423299454813,,319.19592361882235,5.0271529925608265,0.8473712273955719,0.0,0.0,1.0,0.0005561735261401,2023,-2.385833740234375,6.597661018371582,0.321990966796875,-3.477142333984375,76.0,177.25,east_siberian
2023-08-18 18:00:00,3592,76.06435883333333,177.3038775,-2.24,90.1,1.3,6.1,307.5066286303754,,287.3080450507159,1.445713697376181,133.54738709678264,0.0,0.0,1.0,0.0005567928730512,2023,-2.385833740234375,6.597661018371582,0.321990966796875,-3.477142333984375,76.0,177.25,east_siberian
2023-08-18 19:00:00,3590,76.05737199999999,177.3152460833333,-2.04,88.2,0.4,1.6,337.9864819651756,,275.5833480382923,0.3546569744271353,159.59408075294428,0.0,0.0,1.0,0.0,2023,-2.385833740234375,6.597661018371582,0.321990966796875,-3.477142333984375,76.0,177.25,east_siberian
2023-08-18 20:00:00,3597,76.04392266666667,177.3227691666667,-1.89,83.8,0.5,1.4,359.0194269513943,,280.0877623380786,0.4481940658941561,180.39389044548872,0.0,0.0,1.0,0.0,2023,-2.385833740234375,6.597661018371582,0.321990966796875,-3.477142333984375,76.0,177.25,east_siberian
2023-08-18 21:00:00,3593,76.02994833333334,177.316109,-1.88,84.4,0.4,1.5,14.24324324659475,,310.41064156191084,0.4377217951421224,195.39844034059487,0.0,0.0,1.0,0.0,2023,-1.542083740234375,7.197627544403076,0.26837158203125,-3.945892333984375,76.0,177.25,east_siberian
2023-08-18 22:00:00,3595,76.01621183333333,177.2931685,-1.85,85.3,0.5,1.5,28.72195073314592,,317.6449400905945,0.463038345732726,209.98860594085127,0.0,0.0,1.0,0.0,2023,-1.542083740234375,7.197627544403076,0.26837158203125,-3.945892333984375,76.0,177.25,east_siberian
2023-08-18 23:00:00,3591,76.00488533333333,177.2516705,-2.04,85.7,0.5,0.5,52.23770748346632,,297.48669072705115,0.4648788245178694,233.32061018392383,0.0,0.0,1.0,0.0008354218880534,2023,-1.542083740234375,7.197627544403076,0.26837158203125,-3.945892333984375,76.0,177.25,east_siberian
2023-08-19 00:00:00,3597,75.99851933333333,177.1977066666667,-2.03,84.6,0.4,0.7,71.74097333462244,,293.29155473537526,0.4340248903202105,252.56551233456352,0.0,0.0,1.0,0.0,2023,-1.542083740234375,7.197627544403076,0.26837158203125,-3.945892333984375,76.0,177.25,east_siberian
2023-08-19 01:00:00,3595,75.99611766666666,177.15043766666665,-2.12,86.4,0.3,0.5,85.65695826081222,,289.3211207268912,0.2967035916632029,266.24873731333173,0.0,0.0,1.0,0.0,2023,-1.542083740234375,7.197627544403076,0.26837158203125,-3.945892333984375,76.0,177.25,east_siberian
2023-08-19 02:00:00,3593,75.99705399999999,177.1151748333333,-2.25,86.3,0.2,1.3,114.11386428441914,,289.2498220057265,0.223275291441725,289.85077378656416,0.0,0.0,1.0,0.0,2023,-1.577239990234375,7.031086444854736,0.283905029296875,-3.916595458984375,76.0,177.0,east_siberian
2023-08-19 03:00:00,3595,75.99958983333333,177.10037066666663,-2.31,85.7,0.1,1.4,182.55108974943667,,304.2912671978321,0.0955697462029011,345.255426333076,0.0,0.0,1.0,0.0130737134909596,2023,-1.440032958984375,6.64613676071167,0.283905029296875,-4.698577880859375,76.0,177.0,east_siberian
2023-08-19 04:00:00,3596,76.00138650000001,177.1082949166667,-2.31,86.0,0.1,0.2,184.2031407730991,,310.7306430151356,0.1224041962883387,80.39532637541987,0.0,0.0,1.0,0.0005561735261401,2023,-1.440032958984375,6.64613676071167,0.283905029296875,-4.698577880859375,76.0,177.0,east_siberian
2023-08-19 05:00:00,3594,76.00044608333333,177.12672683333335,-2.48,84.8,0.2,1.6,268.9474281187674,,289.53155550209607,0.188399136819449,117.02254341001132,0.0,0.0,1.0,0.0,2023,-1.457611083984375,6.858283996582031,0.26837158203125,-4.516937255859375,76.0,177.25,east_siberian
2023-08-19 06:00:00,3597,75.99576266666666,177.14858466666664,-2.62,86.2,0.3,0.4,321.4887914899044,,287.71852027282216,0.2542433034552827,143.05178735489994,0.0,0.0,1.0,0.0,2023,-1.457611083984375,6.858283996582031,0.26837158203125,-4.516937255859375,76.0,177.25,east_siberian
2023-08-19 07:00:00,3598,75.9869095,177.1688503333333,-2.58,84.3,0.4,1.8,336.81379653611623,,291.25450683917154,0.3742287410986877,157.99500888319596,0.0,0.0,1.0,0.0,2023,-1.457611083984375,6.858283996582031,0.26837158203125,-4.516937255859375,76.0,177.25,east_siberian
2023-08-19 08:00:00,3592,75.97472933333333,177.17819641666668,-2.52,83.9,0.4,1.5,358.28999055603083,,286.6403709683439,0.3844760244178147,179.63057997299083,0.0,0.0,1.0,0.0,2023,-1.457611083984375,6.858283996582031,0.26837158203125,-4.516937255859375,76.0,177.25,east_siberian
2023-08-19 09:00:00,3595,75.96234299999999,177.17180533333334,-2.55,86.5,0.4,1.5,12.043856565121065,,299.2946894717342,0.3928284936814608,193.50803016457283,0.0,0.0,1.0,0.0,2023,-1.670257568359375,5.849194049835205,0.26837158203125,-3.527435302734375,76.0,177.25,east_siberian
2023-08-19 10:00:00,3596,75.95001024999999,177.15452200000004,-2.5,88.5,0.4,1.5,26.05484705898117,,299.45711891618794,0.4050180282393532,207.7437247117956,0.0,0.0,1.0,0.0005561735261401,2023,-1.670257568359375,5.849194049835205,0.26837158203125,-3.527435302734375,76.0,177.25,east_siberian
2023-08-19 11:00:00,3589,75.9397075,177.12052883333334,-2.32,88.5,0.4,1.3,46.45889328736741,,295.69141993339645,0.4071290899535935,228.08889181909117,0.0002786291446085,0.0002786291446085,1.0,0.0083588743382557,2023,-1.631195068359375,5.708789825439453,0.283905029296875,-3.378997802734375,76.0,177.0,east_siberian
2023-08-19 12:00:00,3593,75.93276733333333,177.07768733333336,-2.25,91.0,0.4,0.5,63.49251359435204,,296.6305316292879,0.3610747205878198,244.84536876119944,0.0,0.0,1.0,0.0,2023,-1.631195068359375,5.708789825439453,0.283905029296875,-3.378997802734375,76.0,177.0,east_siberian
2023-08-19 13:00:00,3596,75.92972883333334,177.0354875,-2.28,94.3,0.3,1.3,82.65092693772951,,297.21632371288655,0.3024590824117441,263.7379978180867,0.0,0.0,1.0,0.0,2023,-1.631195068359375,5.708789825439453,0.283905029296875,-3.378997802734375,76.0,177.0,east_siberian
2023-08-19 14:00:00,3594,75.93047016666667,176.99986791666666,-2.38,92.8,0.2,0.6,108.02478700681458,,298.0248609878889,0.2401904236532631,287.6138880252995,0.0,0.0,1.0,0.0,2023,-1.631195068359375,5.708789825439453,0.283905029296875,-3.378997802734375,76.0,177.0,east_siberian
2023-08-19 15:00:00,3595,75.93385233333333,176.97529366666666,-2.35,94.3,0.2,0.9,142.43110356742994,,304.51219183322127,0.177602474414308,315.4586652015731,0.0,0.0,1.0,0.0002781641168289,2023,-1.966888427734375,1.5355030298233032,0.283905029296875,-3.473236083984375,76.0,177.0,east_siberian
2023-08-19 16:00:00,3596,75.93776833333334,176.96783166666663,-2.3,95.5,0.1,0.4,184.41003226193664,,306.86558092732815,0.109962814510581,1.5392237039663186,0.0,0.0,1.0,0.0111234705228031,2023,-1.966888427734375,1.5355030298233032,0.283905029296875,-3.473236083984375,76.0,177.0,east_siberian
2023-08-19 17:00:00,3588,75.9391805,176.9547255833333,-2.35,96.2,0.0,11.8,212.5888518927922,,314.05000374310737,0.0074649451880599,31.184846098086656,0.0002787068004459,0.0,1.0,0.600891861761427,2023,-1.966888427734375,1.5355030298233032,0.283905029296875,-3.473236083984375,76.0,177.0,east_siberian
2023-08-19 18:00:00,3595,75.81938083333333,177.06481649999998,-2.25,95.8,6.4,7.5,196.46399273024605,,221.26856028691287,6.352269851807928,172.34238982131754,0.0,0.0,1.0,0.184144645340751,2023,-2.025482177734375,1.4115675687789917,0.296356201171875,-2.910736083984375,75.75,177.0,east_siberian
2023-08-19 19:00:00,3596,75.80626641666666,177.0674623333333,-2.19,95.4,0.3,1.0,196.56381298924077,,9.560348760070308,0.2575854856536796,15.174353738105204,0.0,0.0,1.0,0.0066740823136818,2023,-2.025482177734375,1.4115675687789917,0.296356201171875,-2.910736083984375,75.75,177.0,east_siberian
2023-08-19 20:00:00,3595,75.80176166666666,177.0550355,-2.04,93.6,0.0,4.2,189.80679917062145,,324.3239340948695,0.0138732578658255,309.37934576483525,0.0,0.0,1.0,0.5415855354659249,2023,-2.025482177734375,1.4115675687789917,0.296356201171875,-2.910736083984375,75.75,177.0,east_siberian
2023-08-19 21:00:00,3597,75.80176066666667,177.05482249999997,-2.04,95.2,0.0,0.1,220.81539259241043,,346.3529473127594,0.0035404124223232,114.2420671499153,0.0,0.0,1.0,0.9855435084792884,2023,-1.450286865234375,4.408112525939941,0.2459716796875,-4.963470458984375,75.75,177.0,east_siberian
2023-08-19 22:00:00,3596,75.80176283333334,177.05492708333335,-2.1,90.0,0.0,0.9,196.44450787113735,,359.14443931846756,0.0052261515944891,339.54550684669186,0.0,0.0,1.0,0.9777530589543938,2023,-1.450286865234375,4.408112525939941,0.2459716796875,-4.963470458984375,75.75,177.0,east_siberian
2023-08-19 23:00:00,3597,75.80176750000001,177.05493566666664,-2.17,88.7,0.0,0.4,203.7073003420979,,0.3863497446643653,0.0037150574550614,311.260088353894,0.0,0.0,1.0,0.9886016124548236,2023,-1.450286865234375,4.408112525939941,0.2459716796875,-4.963470458984375,75.75,177.0,east_siberian
2023-08-20 00:00:00,3594,75.80177316666666,177.0549225,-1.96,78.5,0.0,0.2,190.72924315392763,,6.730182747740006,0.0036612397944448,145.47709086610558,0.0,0.0,1.0,0.9554813578185866,2023,-1.450286865234375,4.408112525939941,0.2459716796875,-4.963470458984375,75.75,177.0,east_siberian
2023-08-20 01:00:00,3598,75.80174533333334,177.05531516666667,-1.84,80.1,0.0,1.5,149.1547364456714,,60.74763974469051,0.005505833539485,98.38582957734172,0.0,0.0,1.0,0.8440800444691495,2023,-1.450286865234375,4.408112525939941,0.2459716796875,-4.963470458984375,75.75,177.0,east_siberian
2023-08-20 02:00:00,3595,75.80318683333333,177.0663031666667,-1.72,80.7,0.0,1.4,151.3847248398607,,74.48562538709895,0.0066198690143281,186.2695688118993,0.0,0.0,1.0,0.8094575799721836,2023,-1.450286865234375,4.408112525939941,0.2459716796875,-4.963470458984375,75.75,177.0,east_siberian
2023-08-20 03:00:00,3593,75.80277733333334,177.06627566666666,-1.48,84.0,0.0,0.4,153.82075143090188,,110.0973923481298,0.0037302048652988,354.38531227421174,0.0,0.0,1.0,0.934873364876148,2023,-1.299163818359375,5.226867198944092,0.2459716796875,-3.767425537109375,75.75,177.0,east_siberian
2023-08-20 04:00:00,3172,75.80126408333334,177.05931558333333,-1.32,86.0,0.5,2.2,100.51430303678242,,119.48390440559814,0.5094562469925283,262.298673358254,0.0009457755359394,0.0003152585119798,1.0,0.0457124842370744,2023,-1.299163818359375,5.226867198944092,0.2459716796875,-3.767425537109375,75.75,177.0,east_siberian
2023-08-20 05:00:00,3594,75.8064855,177.07245758333332,-1.31,86.0,0.3,3.3,156.08947276821857,,184.60015941646392,0.2672994171610136,252.9996215635645,0.0,0.0,1.0,0.1616583194212576,2023,-1.299163818359375,5.226867198944092,0.2459716796875,-3.767425537109375,75.75,177.0,east_siberian
2023-08-20 06:00:00,3594,75.80300766666667,177.064342,-1.44,86.5,0.3,3.0,87.7311518400382,,228.45645240094663,0.2563505812512212,232.72517376683535,0.0,0.0,1.0,0.134112409571508,2023,-1.299163818359375,5.226867198944092,0.2459716796875,-3.767425537109375,75.75,177.0,east_siberian
2023-08-20 07:00:00,3061,75.71503550000001,177.0752776666667,-1.53,87.9,6.4,6.8,175.49345422344814,,193.840436610974,6.3306301355829975,192.7095473318516,0.000326690623979,0.0,1.0,0.0117608624632473,2023,-1.299163818359375,5.226867198944092,0.2459716796875,-3.767425537109375,75.75,177.0,east_siberian
2023-08-20 08:00:00,3593,75.545141,176.9136338333333,-1.84,91.1,6.4,6.9,170.89854415191968,,213.15643775832112,6.35484166291196,212.5630375909904,0.0,0.0,1.0,0.0,2023,-1.308929443359375,5.184451103210449,0.25152587890625,-3.673675537109375,75.5,177.0,east_siberian
2023-08-20 09:00:00,3598,75.46182566666667,176.82877658333334,-1.69,90.6,6.3,7.4,197.0742717368126,,136.12073706904027,6.2873582414076425,121.80238014027742,0.0,0.0,1.0,0.0,2023,-1.694183349609375,5.981970310211182,0.24267578125,-3.413177490234375,75.5,176.75,east_siberian
2023-08-20 10:00:00,3596,75.32954341666667,177.34062066666667,-1.57,92.6,6.8,8.4,180.0035369527753,,177.0474602540395,6.747119411406962,177.29356142705353,0.0,0.0,1.0,0.0,2023,-1.727386474609375,6.085632801055908,0.236785888671875,-3.462005615234375,75.25,177.25,east_siberian
2023-08-20 11:00:00,3594,75.15942925,176.99519416666664,-1.77,92.7,6.6,7.0,179.65357792358088,,215.32933355440957,6.53224626648105,216.42825573267265,0.0,0.0,1.0,0.0008347245409015,2023,-1.733245849609375,5.8567070960998535,0.239044189453125,-3.460052490234375,75.25,177.0,east_siberian
2023-08-20 12:00:00,3598,75.07492816666667,176.80011733333333,-1.73,91.5,0.0,3.3,169.67777413664498,,13.262484347148934,0.0086143860707949,72.57384833833989,0.0,0.0,1.0,0.7254030016675931,2023,-1.582855224609375,5.463518142700195,0.16241455078125,-3.555755615234375,75.0,176.75,east_siberian
2023-08-20 13:00:00,3594,75.07497116666667,176.8000535,-1.81,90.9,0.0,0.3,164.90189131876764,,17.80158677719061,0.0077916019522695,78.27274573545874,0.0,0.0,1.0,0.9287701725097384,2023,-1.582855224609375,5.463518142700195,0.16241455078125,-3.555755615234375,75.0,176.75,east_siberian
2023-08-20 14:00:00,3589,75.0736285,176.7976628333333,-1.83,90.0,0.1,3.8,137.388366153118,,27.365802022836533,0.0416890093146515,214.8764113546306,0.0002786291446085,0.0,1.0,0.4700473669545834,2023,-1.582855224609375,5.463518142700195,0.16241455078125,-3.555755615234375,75.0,176.75,east_siberian
2023-08-20 15:00:00,3072,75.05823108333334,176.74292025,-1.67,86.7,0.1,2.6,182.28628052850704,,246.23210951146172,0.094080006820553,321.8862001855876,0.0006510416666666,0.0,1.0,0.3375651041666667,2023,-1.537689208984375,6.168537139892578,0.16241455078125,-4.015228271484375,75.0,176.75,east_siberian
2023-08-20 16:00:00,3598,75.0681915,177.096538,-1.66,87.0,6.0,6.6,186.25650853061913,,87.22300082294286,5.997974125879381,87.8469424594724,0.0,0.0,1.0,0.0008337965536409,2023,-1.596282958984375,6.243723392486572,0.211669921875,-3.849212646484375,75.0,177.0,east_siberian
2023-08-20 17:00:00,3591,75.09800100000001,177.80009066666668,-1.8,94.5,6.0,6.6,188.71566121326185,,77.00591229238968,5.952393982406336,77.84184771328135,0.0,0.0,1.0,0.0005569479253689,2023,-1.658782958984375,6.652213096618652,0.236083984375,-3.575775146484375,75.0,177.75,east_siberian
2023-08-20 18:00:00,3592,75.10786466666667,178.4198975,-1.53,95.7,0.1,6.7,169.71253600968768,,63.93051229744315,0.1191539604635519,58.28686991950684,0.0005567928730512,0.0,1.0,0.3363028953229399,2023,-1.645111083984375,6.938816070556641,0.24853515625,-3.210540771484375,75.0,178.5,east_siberian
2023-08-20 19:00:00,3595,75.14296883333333,178.7081035,-1.41,95.5,6.2,6.5,184.75487089985407,,74.92417728039035,6.1895299410724425,74.52013283968658,0.0,0.0,1.0,0.0,2023,-1.625579833984375,7.055362224578857,0.259033203125,-2.995697021484375,75.25,178.75,east_siberian
2023-08-20 20:00:00,3142,75.18583866666665,179.49879391666667,-1.72,93.8,6.3,6.6,180.2937778846865,,78.79873917658702,6.342739292544798,77.09153479179521,0.0006365372374283,0.0,1.0,0.0101845957988542,2023,-1.545501708984375,6.8947529792785645,0.2789306640625,-2.661712646484375,75.25,179.5,east_siberian
2023-08-20 23:00:00,3595,75.50070683333334,179.99987833333333,-1.78,94.6,0.0,1.4,198.6751150580685,,333.1041284061703,0.005556649631663,268.486024107683,0.0,0.0,1.0,0.5663421418636996,2023,-1.453460693359375,6.952727317810059,0.218109130859375,-2.197845458984375,75.5,180.0,east_siberian
2023-08-21 00:00:00,3597,75.44373066666667,179.99520266666664,-1.8,94.6,6.8,7.3,184.01990276281035,,189.077813198286,6.76463886088756,178.60580686788046,0.0,0.0,1.0,0.1807061440088963,2023,-1.453460693359375,6.952727317810059,0.218109130859375,-2.197845458984375,75.5,180.0,east_siberian
2023-08-21 01:00:00,3596,75.23506416666666,179.96799558333333,-1.75,94.1,6.3,8.2,180.09302031295786,,183.9306307501046,6.319732193899912,181.42089060882245,0.0,0.0,1.0,0.028921023359288,2023,-1.392913818359375,7.188989639282227,0.275421142578125,-2.223236083984375,75.25,180.0,east_siberian
2023-08-21 08:00:00,3595,75.1494325,179.98415350000002,-2.27,97.1,3.8,6.9,182.6737436523578,,77.30332555005471,3.107001020607435,301.5729448353456,0.0,0.0,1.0,0.0995827538247566,2023,-1.502532958984375,2.2956056594848633,0.275421142578125,-2.574798583984375,75.25,180.0,east_siberian
2023-08-23 00:00:00,3591,74.97981783333333,-169.81847366666668,-1.75,94.5,1.1,1.9,90.71250705043444,,227.06002611163547,1.1378203229345754,222.9324231026918,0.0,0.0,1.0,0.3572820941241993,2023,-1.513763427734375,1.6709626913070679,0.0,-3.654388427734375,75.0,190.25,chukchi
2023-08-23 01:00:00,3593,74.97956316666667,-169.824354,-2.0,93.0,0.0,0.3,138.97153840222754,,57.84302006655772,0.0057311199137941,179.2034417507354,0.0,0.0005566379070414,1.0,0.8597272474255497,2023,-1.513763427734375,1.6709626913070679,0.0,-3.654388427734375,75.0,190.25,chukchi
2023-08-23 02:00:00,3594,74.97904233333334,-169.82438483333334,-1.57,90.8,0.0,1.1,156.10541512167907,,111.47744792447703,0.0095874251032963,195.519960461312,0.0,0.0,1.0,0.7849193099610462,2023,-1.513763427734375,1.6709626913070679,0.0,-3.654388427734375,75.0,190.25,chukchi
2023-08-23 03:00:00,3595,74.99259233333333,-169.68799033333332,-2.13,87.1,6.6,6.8,176.5606345540338,,82.73179457739108,6.539011757506347,59.5023342389474,0.0,0.0,1.0,0.274269819193324,2023,-1.209564208984375,4.994912147521973,0.0,-3.495452880859375,75.0,190.25,chukchi
2023-08-27 14:00:00,3592,74.93559158333333,-161.72982475,-0.08,98.7,6.3,7.8,179.3371402326716,,191.73346144247105,6.292613891659732,194.9647535660859,0.0,0.0,1.0,0.0,2023,0.583648681640625,4.613968372344971,0.0,-1.039154052734375,75.0,198.25,chukchi
2023-08-27 15:00:00,3593,74.737721,-161.93233516666666,0.02,98.8,6.4,7.8,180.00166986880075,,191.18545984211823,6.339193673559126,194.91445521400232,0.0,0.0,1.0,0.0,2023,0.376617431640625,5.8570427894592285,0.0,-1.860931396484375,74.75,198.0,chukchi
2023-08-27 16:00:00,3594,74.53777008333333,-162.1315995,0.06,98.8,5.9,7.9,180.28311848967573,,157.0962218434492,5.824667437904338,191.9508155448829,0.0,0.0,1.0,0.031719532554257,2023,0.437164306640625,6.184612274169922,0.0,-1.782806396484375,74.5,197.75,chukchi
2023-08-27 17:00:00,3596,74.516311,-162.15192866666666,0.02,98.9,0.1,1.6,171.27945212431976,,89.97566947433529,0.0108591146073683,12.323649898337608,0.0,0.0,1.0,0.1031701890989988,2023,0.437164306640625,6.184612274169922,0.0,-1.782806396484375,74.5,197.75,chukchi
2023-08-27 18:00:00,3598,74.5163605,-162.15194983333333,-0.08,98.9,0.2,1.6,171.24687044804978,,71.17090676869626,0.0123067921959978,324.2355134549347,0.0,0.0,1.0,0.0800444691495275,2023,0.437164306640625,6.184612274169922,0.0,-1.782806396484375,74.5,197.75,chukchi
2023-08-27 19:00:00,3593,74.51632566666667,-162.15189316666667,-0.02,98.9,0.1,1.4,169.8386802321863,,84.98446944458868,0.0121893889686064,188.58913976723792,0.0,0.0,1.0,0.0846089618703033,2023,0.437164306640625,6.184612274169922,0.0,-1.782806396484375,74.5,197.75,chukchi
2023-08-27 20:00:00,3590,74.51632233333333,-162.151903,0.11,98.9,0.1,12.3,170.35119624282234,,84.31700350310638,0.0162390243987746,280.86125830916967,0.0005571030640668,0.0,1.0,0.0919220055710306,2023,0.437164306640625,6.184612274169922,0.0,-1.782806396484375,74.5,197.75,chukchi
2023-08-27 21:00:00,3592,74.51634933333334,-162.15329549999998,0.23,98.9,0.3,1.8,136.83670414345437,,340.86599836590455,0.0273109342939364,284.8487231336352,0.0,0.0,1.0,0.045935412026726,2023,0.308258056640625,6.7403669357299805,0.0,-1.653167724609375,74.5,197.75,chukchi
2023-08-27 22:00:00,3593,74.524127,-162.28912266666666,0.7,97.0,1.5,7.0,138.6262439467053,,302.21719030583074,1.530933886522745,286.7856915336298,0.0,0.0,1.0,0.0139159476760367,2023,0.308258056640625,6.7403669357299805,0.0,-1.653167724609375,74.5,197.75,chukchi
2023-08-27 23:00:00,3381,74.5607825,-162.9213255,0.4,95.3,6.8,7.1,180.4927871827191,,282.27599023186383,6.7683838008051005,281.8756569749049,0.0005915409642117,0.0,1.0,0.0065069506063294,2023,0.261383056640625,5.986514091491699,0.0,-1.645355224609375,74.5,197.0,chukchi
2023-08-28 00:00:00,3591,74.6056955,-163.743863,-0.95,98.0,6.6,7.0,176.6288713941742,,285.11367988657355,6.598245746331939,279.6685194634387,0.0,0.0,1.0,0.0155945419103313,2023,0.323883056640625,4.881633281707764,0.0,-1.637542724609375,74.5,196.25,chukchi
2023-08-28 01:00:00,3594,74.61525383333333,-163.916898,-0.85,98.3,0.2,6.8,172.55188347134717,,102.89616385944728,0.0119614511527564,340.7017093448078,0.0,0.0,1.0,0.0806900389538119,2023,0.364898681640625,4.502699851989746,0.0,-1.623870849609375,74.5,196.0,chukchi
2023-08-28 02:00:00,3583,74.71828616666667,-164.20576650000004,0.13,98.1,6.6,7.0,178.55941657014702,,325.74241249160076,6.617469599584007,323.1064492801327,0.0,0.0,1.0,0.0,2023,0.282867431640625,3.8984177112579346,0.0,-1.405120849609375,74.75,195.75,chukchi
2023-08-28 03:00:00,3593,74.88857883333334,-164.69849516666667,-0.23,97.8,6.5,6.8,180.0947782144904,,325.6271913742832,6.454433660918393,321.30268338787494,0.0,0.0,1.0,0.0,2023,-0.940277099609375,1.9484623670578003,0.0,-2.569915771484375,75.0,195.25,chukchi
2023-08-28 12:00:00,3594,74.87575275,-165.75459,-0.55,98.6,6.3,7.2,180.57225833744772,,197.16931496652575,6.257582461123764,200.9501586201544,0.0,0.0,1.0,0.0,2023,-0.667816162109375,2.646148204803467,0.0,-1.827239990234375,75.0,194.25,chukchi
2023-08-28 13:00:00,3595,74.70828366666666,-165.9074025,-0.48,98.7,0.6,7.0,182.99464492617312,,221.26823924879184,0.2717638432616543,192.61736113150343,0.0,0.0,1.0,0.0228094575799721,2023,-0.562347412109375,2.602522850036621,0.0,-1.907318115234375,74.75,194.0,chukchi
2023-08-28 14:00:00,3597,74.7079765,-165.90733883333334,-0.5,98.7,0.2,1.4,180.4697683796247,,209.6104935762456,0.0109388377142317,113.77242142674676,0.0,0.0,1.0,0.0161245482346399,2023,-0.562347412109375,2.602522850036621,0.0,-1.907318115234375,74.75,194.0,chukchi
2023-08-28 15:00:00,3599,74.64407366666666,-165.94091366666666,-0.76,98.7,6.1,7.6,180.39566330743057,,183.56625932376463,6.0921797362012,183.979843765844,0.0,0.0,1.0,0.0047235343150875,2023,-0.475433349609375,5.555549621582031,0.0,-2.068939208984375,74.75,194.0,chukchi
2023-08-28 16:00:00,3595,74.44714649999999,-166.0485555,-0.77,98.7,6.3,8.0,179.99933243097612,,184.9715405510887,6.252526547054968,187.55582460295,0.0,0.0,1.0,0.0005563282336578,2023,-0.512542724609375,5.838735580444336,0.0,-2.213470458984375,74.5,194.0,chukchi
2023-08-28 17:00:00,3593,74.242711,-166.1535458333333,-0.71,98.6,6.4,7.8,179.99835823145582,,184.4058796531311,6.3791847002230275,186.53075666414423,0.0,0.0,1.0,0.0,2023,-0.561370849609375,6.227441787719727,0.0,-2.201751708984375,74.25,193.75,chukchi
2023-08-28 18:00:00,3596,74.03631725,-166.24246366666665,-0.47,97.9,6.6,8.0,180.0007230062241,,189.1334011081941,6.557965762284392,188.99229586152788,0.0,0.0,1.0,0.0,2023,-0.666839599609375,6.107728004455566,0.0,-2.133392333984375,74.0,193.75,chukchi
2023-08-28 19:00:00,3594,73.825282,-166.37720575,-0.33,97.0,6.7,8.1,179.99175730633803,,187.9490048715806,6.644921299209806,189.7731612398148,0.0,0.0,1.0,0.0,2023,-0.549652099609375,6.413459777832031,0.0,-2.201751708984375,73.75,193.5,chukchi
2023-08-28 20:00:00,3593,73.62802766666667,-166.51762166666668,-0.28,96.0,6.3,7.6,179.99115284854554,,187.2970863461834,6.314053111850327,190.2960961658646,0.0,0.0,1.0,0.0,2023,-0.549652099609375,6.413459777832031,0.0,-2.201751708984375,73.75,193.5,chukchi
2023-08-28 21:00:00,3594,73.43543174999999,-166.607818,-0.13,96.8,6.1,6.5,181.0911299127157,,183.3455684853677,6.0701797500430414,185.6521540398882,0.0,0.0,1.0,0.0008347245409015,2023,0.725494384765625,10.324605941772461,0.0,-0.625335693359375,73.5,193.5,chukchi
2023-08-28 22:00:00,3591,73.36778766666666,-166.63210883333335,0.19,97.9,0.6,6.0,213.3730471187817,,151.80844242996747,0.5886619349861362,172.13099496773265,0.0,0.0,1.0,0.0061264271790587,2023,0.967681884765625,10.551518440246582,0.0,-0.457366943359375,73.25,193.25,chukchi
2023-08-28 23:00:00,3593,73.3696295,-166.70929449999997,2.07,91.7,1.5,2.1,143.08196160014953,,315.8506711159204,1.5567539311828007,322.9450642078302,0.0,0.0,1.0,0.0,2023,0.967681884765625,10.551518440246582,0.0,-0.457366943359375,73.25,193.25,chukchi
2023-08-29 00:00:00,3592,73.39720925,-166.76247525,0.69,95.9,1.5,4.8,304.19951172151633,,160.71948793758236,1.4813464233701952,124.21688119986244,0.0,0.0,1.0,0.0,2023,0.748931884765625,10.482837677001953,0.0,-0.582366943359375,73.5,193.25,chukchi
2023-08-29 01:00:00,3592,73.36887633333333,-166.66863099999998,0.73,97.3,1.3,1.6,324.3551187462454,,154.0918744716981,1.346139618589047,144.35313097839344,0.0,0.0,1.0,0.0,2023,0.967681884765625,10.551518440246582,0.0,-0.457366943359375,73.25,193.25,chukchi
2023-08-29 02:00:00,3589,73.36265066666667,-166.62345549999998,0.84,97.6,1.7,3.8,145.93432487107506,,280.5131482757348,1.6401581322371444,326.3562964048151,0.0,0.0,1.0,0.0,2023,0.985260009765625,10.427063941955566,0.0,-0.465179443359375,73.25,193.5,chukchi
2023-08-29 03:00:00,3593,73.40280416666666,-166.7039716666667,0.13,98.2,1.7,4.3,156.11609041169197,,293.888185305566,1.7344174864016415,336.29545392303913,0.0,0.0,1.0,0.0008349568605622,2023,0.313629150390625,8.131232261657715,0.0,-0.270599365234375,73.5,193.25,chukchi
2023-08-29 04:00:00,3596,73.38645775,-166.63182208333336,-0.46,98.3,1.7,34.5,320.950612554604,,167.88056854331933,1.672611461127804,141.2254369018777,0.0,0.0,1.0,0.0,2023,0.313629150390625,8.131232261657715,0.0,-0.270599365234375,73.5,193.25,chukchi
2023-08-29 05:00:00,3591,73.37079533333333,-166.5659925,-0.54,97.2,1.5,3.9,150.6849429120614,,295.46737565536034,1.5022670893441024,327.99692391018084,0.0005569479253689,0.0,1.0,0.0083542188805346,2023,0.555816650390625,7.7919721603393555,0.0,-0.124114990234375,73.25,193.5,chukchi
2023-08-29 06:00:00,3592,73.40815633333334,-166.64883625,-0.43,97.9,1.5,3.7,146.8246302326577,,316.7074670447287,1.505398712054038,326.46406786065234,0.0,0.0,1.0,0.0,2023,0.313629150390625,8.131232261657715,0.0,-0.270599365234375,73.5,193.25,chukchi
2023-08-29 07:00:00,3594,73.40576141666666,-166.61402625,-0.45,98.0,2.9,5.5,333.4077954069004,,168.252264152749,2.823851384760661,157.17752183768005,0.0,0.0,1.0,0.0,2023,0.489410400390625,8.172138214111328,0.0,-0.137786865234375,73.5,193.5,chukchi
2023-08-29 08:00:00,3596,73.36645616666667,-166.5950595,-0.71,98.1,1.2,5.7,214.6303993051791,,284.96073610402794,1.182647312833216,128.1606809443213,0.0,0.0,1.0,0.1807563959955506,2023,0.555816650390625,7.7919721603393555,0.0,-0.124114990234375,73.25,193.5,chukchi
2023-08-29 09:00:00,3596,73.40109958333333,-166.5376094166667,-0.98,98.2,2.0,5.4,226.22350527449493,,14.0811882537892,2.0237650577291473,70.44190323578205,0.0,0.0,1.0,0.2177419354838709,2023,-0.336273193359375,6.639769077301025,0.0,-1.347015380859375,73.5,193.5,chukchi
2023-08-29 10:00:00,3597,73.407622,-166.49385866666665,-1.37,98.4,0.0,1.5,199.21565477046093,,347.84412698523545,0.0062433241761885,29.10282300525896,0.0,0.0,1.0,0.8593272171253823,2023,-0.336273193359375,6.639769077301025,0.0,-1.347015380859375,73.5,193.5,chukchi
2023-08-29 11:00:00,3598,73.4076085,-166.49351766666666,-1.38,98.5,0.0,1.4,181.10084687748605,,9.599129268981583,0.0282344394762375,122.7746852857014,0.0,0.0,1.0,0.8293496386881601,2023,-0.336273193359375,6.639769077301025,0.0,-1.347015380859375,73.5,193.5,chukchi
2023-08-29 12:00:00,3596,73.40739400000001,-166.49184366666668,-1.77,98.6,0.0,1.6,151.63136463585457,,54.88777146842971,0.0058741872447754,158.26862371903172,0.0,0.0,1.0,0.8848720800889878,2023,-0.336273193359375,6.639769077301025,0.0,-1.347015380859375,73.5,193.5,chukchi
2023-08-29 13:00:00,3597,73.40658149999999,-166.49195266666666,-1.94,98.5,0.0,1.6,164.88611805643075,,126.8612233547672,0.0146960129411087,206.59652292319885,0.0,0.0,1.0,0.7431192660550459,2023,-0.336273193359375,6.639769077301025,0.0,-1.347015380859375,73.5,193.5,chukchi
2023-08-29 14:00:00,3596,73.40645049999999,-166.49357249999997,-1.745,98.4,0.0,1.4,178.43500386172778,,179.29039524239312,0.0345656463502566,262.326906876566,0.0,0.0,1.0,0.6204115684093437,2023,-0.336273193359375,6.639769077301025,0.0,-1.347015380859375,73.5,193.5,chukchi
2023-08-29 15:00:00,3594,73.40645083333334,-166.49419575000002,-1.53,98.4,0.0,1.4,183.90181272204873,,199.26665727149248,0.0366107480006632,115.91010783199728,0.0,0.0,1.0,0.5102949360044519,2023,-0.205657958984375,5.153720855712891,0.0,-0.942230224609375,73.5,193.5,chukchi
2023-08-29 16:00:00,3595,73.40660383333334,-166.49496150000002,-1.58,98.3,0.0,1.4,192.0975951688041,,228.0175750539049,0.018597890066917,321.6244070887076,0.0,0.0,1.0,0.6575799721835883,2023,-0.205657958984375,5.153720855712891,0.0,-0.942230224609375,73.5,193.5,chukchi
2023-08-29 17:00:00,3176,73.40692033333333,-166.49558424999998,-1.41,98.2,0.0,1.4,198.857641608418,,257.8148023664612,0.0306514770176852,352.68858550130875,0.0006297229219143,0.0,1.0,0.6659319899244333,2023,-0.205657958984375,5.153720855712891,0.0,-0.942230224609375,73.5,193.5,chukchi
2023-08-29 18:00:00,3596,73.40706283333334,-166.49556049999998,-1.14,98.3,0.0,1.4,215.0329276947977,,274.9396033941501,0.0038209208490412,156.68574291258912,0.0,0.0,1.0,0.9813681868743048,2023,-0.205657958984375,5.153720855712891,0.0,-0.942230224609375,73.5,193.5,chukchi
2023-08-29 19:00:00,3599,73.388325,-166.36163516666667,-0.99,98.3,5.8,6.9,189.8713932392114,,139.92591794436854,5.736577285665143,132.1097832688824,0.0,0.0,1.0,0.1853292581272575,2023,-0.229095458984375,5.043519496917725,0.0,-0.942230224609375,73.5,193.75,chukchi
2023-08-29 20:00:00,3598,73.24195475,-165.90140474999998,-1.09,98.3,6.2,7.9,180.567610063914,,128.4789601934778,6.243286539779013,131.20019906729726,0.0,0.0,1.0,0.0,2023,-0.283782958984375,4.192374229431152,0.0,-1.051605224609375,73.25,194.0,chukchi
2023-08-29 21:00:00,3595,73.13445916666666,-165.35149216666667,-1.26,98.3,6.2,7.0,179.89063004537198,,122.42375870786114,6.213591773244014,125.5547290975898,0.0,0.0,1.0,0.0,2023,-0.185638427734375,2.5888750553131104,0.0,-0.937347412109375,73.25,194.75,chukchi
2023-08-29 22:00:00,3599,73.00809416666667,-164.848461,-0.8,98.4,6.1,7.4,179.89125459405656,,123.59033244247792,6.026425443766798,127.14633617214471,0.0,0.0,1.0,0.0,2023,0.415924072265625,1.8498220443725586,0.0,-0.343597412109375,73.0,195.25,chukchi
2023-08-29 23:00:00,3593,72.91575466666667,-164.29275199999998,-0.48,98.6,4.6,6.5,121.08474769008004,,180.0329237758602,4.4502337691573794,172.27397253346854,0.0,0.0,1.0,0.0,2023,0.537017822265625,2.7087154388427734,0.0,0.023590087890625,73.0,195.75,chukchi
2023-08-30 00:00:00,3594,72.90740174999999,-164.31592633333332,-0.29,98.6,0.4,1.0,67.83747509244881,,259.69155496993716,0.4498735393501593,248.0194850545205,0.0,0.0,1.0,0.0,2023,0.537017822265625,2.7087154388427734,0.0,0.023590087890625,73.0,195.75,chukchi
2023-08-30 01:00:00,3593,72.90487983333334,-164.36115366666667,-0.12,98.7,0.4,1.0,93.3580883573524,,264.22077920989653,0.4543597616901358,273.1496593826653,0.0,0.0005566379070414,1.0,0.0,2023,0.537017822265625,2.7087154388427734,0.0,0.023590087890625,73.0,195.75,chukchi
2023-08-30 02:00:00,3593,72.90908283333333,-164.4018326666667,0.11,98.8,0.3,1.6,139.46692294418904,,103.5293959416683,0.3123824261661109,320.474733925007,0.0,0.0,1.0,0.0027831895352073,2023,0.478424072265625,2.0422050952911377,0.0,-0.181488037109375,73.0,195.5,chukchi
2023-08-30 03:00:00,3591,72.91451216666665,-164.38907883333334,0.33,98.9,4.1,6.8,183.40480103510225,,107.41890284111216,4.011642004704622,61.28992516250174,0.0,0.0,1.0,0.0,2023,0.230377197265625,2.039703130722046,0.0,-0.481292724609375,73.0,195.5,chukchi
2023-08-30 04:00:00,3594,72.83349133333333,-163.89201766666667,0.91,98.9,6.0,6.9,196.91690871188908,,119.72740793288762,5.91461810700289,116.65060299427384,0.0,0.0,1.0,0.0008347245409015,2023,0.859283447265625,2.478196144104004,0.0,0.376129150390625,72.75,196.0,chukchi
2023-08-30 05:00:00,3591,72.7387285,-163.5103135,0.86,98.9,5.6,7.5,175.10380609391962,,170.51365142969703,5.432122267402425,169.39125177233336,0.0,0.0,1.0,0.0,2023,0.910064697265625,3.2734525203704834,0.0,0.563629150390625,72.75,196.5,chukchi
2023-08-30 06:00:00,3583,72.613924,-163.16825566666665,1.29,98.9,6.8,7.3,179.89256778493717,,120.29702321841484,6.741320128873416,118.70283283447294,0.0,0.0,1.0,0.0,2023,1.576080322265625,4.138001918792725,0.0,1.219879150390625,72.5,196.75,chukchi
2023-08-30 07:00:00,3588,72.50891758333333,-162.53636733333332,1.54,98.9,6.6,7.4,179.89525197129754,,120.24510853271104,6.609230712008533,120.21631864358037,0.0,0.0,1.0,0.0,2023,1.650299072265625,5.246402740478516,0.0,0.895660400390625,72.5,197.5,chukchi
2023-08-30 08:00:00,3590,72.39470433333334,-161.94706033333333,1.52,95.3,6.5,7.1,179.9,,122.99169909141642,6.435965314782748,124.20830369290694,0.0,0.0,1.0,0.0,2023,1.652252197265625,5.658013820648193,0.0,0.483551025390625,72.5,198.0,chukchi
2023-08-30 09:00:00,3583,72.28021483333333,-161.38534633333333,1.61,90.7,6.4,7.5,179.8852568634396,,123.00430033244938,6.384555512598912,123.95836718052917,0.0,0.0,1.0,0.0,2023,2.048492431640625,5.778854846954346,0.0,0.593170166015625,72.25,198.5,chukchi
2023-08-30 10:00:00,3592,72.1501385,-160.93213458333332,1.61,87.4,6.3,6.7,180.4389256311593,,130.56345577640755,6.257359750244538,132.3593184767331,0.0,0.0,1.0,0.0,2023,1.944976806640625,6.062785625457764,0.0,0.489654541015625,72.25,199.0,chukchi
2023-08-30 11:00:00,3371,72.05320333333334,-160.37507616666664,2.2,84.4,6.4,6.7,179.33233456367105,,114.2112277804046,6.373802800826521,115.03525680998396,0.0005932957579353,0.0,1.0,0.0103826757638682,2023,2.040679931640625,6.050415992736816,0.0,0.569732666015625,72.0,199.5,chukchi
2023-08-30 12:00:00,3586,71.96580441666666,-159.74070183333333,2.19,86.3,6.5,6.7,179.89913555356333,,117.99310808853905,6.428006237030902,117.70434466201506,0.0,0.0,1.0,0.0,2023,2.017242431640625,5.879507541656494,0.0,0.565826416015625,72.0,200.25,chukchi
2023-08-30 13:00:00,3584,71.85081566666668,-159.17793816666665,1.98,86.7,6.6,7.4,179.40090300154475,,124.45864412489956,6.550156608600343,125.42266051958852,0.0005580357142857,0.0,1.0,0.0089285714285714,2023,2.134429931640625,5.531363010406494,0.0,0.632232666015625,71.75,200.75,chukchi
2023-08-30 14:00:00,3408,71.72312841666667,-158.60785299999998,2.09,86.9,6.6,6.8,179.3961597290963,,123.83387249667967,6.606385673644596,125.53328272681148,0.0005868544600938,0.0,1.0,0.0090962441314553,2023,2.142242431640625,4.8282365798950195,0.0,0.640045166015625,71.75,201.5,chukchi
2023-08-30 15:00:00,3587,71.6016295,-158.0665081666667,1.8,96.4,6.6,7.4,179.8866288097406,,123.51831724840964,6.602180205414902,125.45075166460792,0.0,0.0,1.0,0.0,2023,2.577545166015625,4.663488388061523,0.0,1.828765869140625,71.5,202.0,chukchi
2023-08-30 16:00:00,3591,71.48907133333334,-157.5664058333333,2.5,95.8,5.6,6.4,179.88969822912756,,126.39303298958136,5.614402065676763,125.43760607191736,0.0,0.0,1.0,0.0,2023,2.993560791015625,4.779463291168213,0.0,2.199859619140625,71.5,202.5,chukchi
2023-08-30 17:00:00,3586,71.38290816666667,-157.09944341666665,3.74,97.7,5.6,34.0,237.40710313460497,,127.4062708131796,5.553987536664304,125.69932897213552,0.0,0.0,1.0,0.0,2023,3.364654541015625,4.9045515060424805,0.0,2.510406494140625,71.5,203.0,chukchi
2023-08-30 18:00:00,3587,71.33327183333334,-156.88397933333331,3.75,95.7,0.0,4.3,164.90371783558422,,100.11698015981555,0.0114500494945822,115.13184874402076,0.0,0.0,1.0,0.6559799275160301,2023,4.065826416015625,4.856591701507568,,2.967437744140625,71.25,203.0,chukchi
2023-08-30 19:00:00,3591,71.33327916666667,-156.88396300000002,3.65,95.6,0.0,1.3,161.480473646181,,96.97864103701586,0.0054820321893589,284.24434219698463,0.0,0.0,1.0,0.6688944583681425,2023,4.065826416015625,4.856591701507568,,2.967437744140625,71.25,203.0,chukchi
2023-08-30 20:00:00,3596,71.33327783333334,-156.88397566666666,3.62,95.3,0.0,1.3,159.8175179188032,,96.97614016050636,0.007173883210213,317.5634435500774,0.0,0.0,1.0,0.739154616240267,2023,4.065826416015625,4.856591701507568,,2.967437744140625,71.25,203.0,chukchi
2023-08-30 21:00:00,3590,71.31079249999999,-156.81405099999998,3.98,91.6,0.1,4.0,183.2656300308502,,108.31045663214518,0.0120857939668669,110.16176791771214,0.0,0.0,1.0,0.4236768802228412,2023,5.088287353515625,6.955327033996582,,3.006744384765625,71.25,203.25,chukchi
2023-08-30 22:00:00,3594,71.3108015,-156.81401499999998,4.03,91.3,0.0,1.4,155.62428455405777,,89.99104060072384,0.0045001215177403,14.311167785044956,0.0,0.0,1.0,0.8497495826377296,2023,5.088287353515625,6.955327033996582,,3.006744384765625,71.25,203.25,chukchi
2023-08-30 23:00:00,3597,71.31081083333333,-156.81403266666666,4.2,91.8,0.0,1.4,156.98479976919887,,86.72493306149516,0.0077853552941574,325.6071263846415,0.0,0.0,1.0,0.8142896858493188,2023,5.088287353515625,6.955327033996582,,3.006744384765625,71.25,203.25,chukchi
2023-08-31 00:00:00,3593,71.3108275,-156.81403683333335,4.2,94.6,0.0,1.3,150.62695998535932,,69.98149151259288,0.0083842689868512,144.12991171234452,0.0,0.0,1.0,0.9440578903423325,2023,5.088287353515625,6.955327033996582,,3.006744384765625,71.25,203.25,chukchi
2023-08-31 01:00:00,3599,71.31084033333333,-156.81404716666663,4.25,93.6,0.0,1.1,151.744646523301,,70.01339244938453,0.0062797773924344,334.05673959651466,0.0,0.0,1.0,0.9208113364823562,2023,5.088287353515625,6.955327033996582,,3.006744384765625,71.25,203.25,chukchi
2023-08-31 02:00:00,3595,71.31083716666667,-156.81405099999998,4.19,94.3,0.0,1.3,152.727805582874,,69.98166833133966,0.0068756115924535,152.0690020484272,0.0,0.0,1.0,0.901808066759388,2023,5.088287353515625,6.955327033996582,,3.006744384765625,71.25,203.25,chukchi
2023-08-31 03:00:00,3597,71.31082583333334,-156.81402133333333,4.21,95.4,0.0,0.2,149.1971360391618,,69.99744216903687,0.0057916023972692,8.997573208084637,0.0,0.0,1.0,0.9421740339171532,2023,4.232574462890625,6.048603057861328,,3.339019775390625,71.25,203.25,chukchi
2023-08-31 04:00:00,3597,71.31083583333334,-156.81404416666666,4.07,97.4,0.0,1.4,151.6721122662039,,70.00925768364878,0.0056810463122028,301.50121898495814,0.0,0.0,1.0,0.9135390603280512,2023,4.232574462890625,6.048603057861328,,3.339019775390625,71.25,203.25,chukchi
2023-08-31 05:00:00,3595,71.31084083333333,-156.81403166666666,4.15,97.9,0.0,1.4,151.61048537392895,,69.9980250480384,0.0053343864397762,19.435992264017507,0.0,0.0,1.0,0.9340751043115438,2023,4.232574462890625,6.048603057861328,,3.339019775390625,71.25,203.25,chukchi
2023-08-31 06:00:00,3594,71.31084349999999,-156.81405066666667,4.37,98.3,0.0,1.3,149.0959015293751,,70.00258756477274,0.0041190133855162,315.8552691263779,0.0,0.0,1.0,0.952977184195882,2023,4.232574462890625,6.048603057861328,,3.339019775390625,71.25,203.25,chukchi
2023-08-31 07:00:00,3595,71.31082616666666,-156.81403200000003,4.48,98.2,0.0,1.6,155.02495264870134,,74.085905920651,0.0064280515256135,356.5301206981706,0.0,0.0,1.0,0.8445062586926286,2023,4.232574462890625,6.048603057861328,,3.339019775390625,71.25,203.25,chukchi
2023-08-31 08:00:00,3597,71.310821,-156.81404316666666,4.44,98.3,0.0,1.3,152.20903765122588,,72.99124267470492,0.0048130555592733,303.48499857834787,0.0,0.0,1.0,0.9163191548512648,2023,4.232574462890625,6.048603057861328,,3.339019775390625,71.25,203.25,chukchi
2023-08-31 09:00:00,3595,71.31083149999999,-156.81405366666667,4.48,97.9,0.0,1.6,155.16692999826603,,73.01473938591852,0.007086785990762,301.8155490494416,0.0,0.0,1.0,0.8628650904033379,2023,4.649810791015625,5.072938442230225,,3.986968994140625,71.25,203.25,chukchi
2023-08-31 10:00:00,3595,71.31084133333334,-156.81403866666668,4.43,98.4,0.0,1.8,153.50579960558028,,68.15676707715765,0.0062121439028346,349.8033590660588,0.0,0.0,1.0,0.9012517385257302,2023,4.649810791015625,5.072938442230225,,3.986968994140625,71.25,203.25,chukchi
2023-08-31 11:00:00,3596,71.31084766666666,-156.81404233333333,4.44,98.0,0.0,1.4,149.65671800110678,,65.49321472223103,0.0042889800664162,30.004199242196535,0.0,0.0,1.0,0.9488320355951056,2023,4.649810791015625,5.072938442230225,,3.986968994140625,71.25,203.25,chukchi
2023-08-31 12:00:00,3596,71.3108425,-156.81404833333332,4.45,98.1,0.0,1.6,150.0372727536777,,65.5086206772492,0.004060869232348,146.6902740491964,0.0,0.0,1.0,0.946329254727475,2023,4.649810791015625,5.072938442230225,,3.986968994140625,71.25,203.25,chukchi
2023-08-31 13:00:00,3590,71.310853,-156.81405441666666,4.51,98.6,0.0,1.3,147.55312726194106,,65.49300836311562,0.0026464296883664,149.4172542872677,0.0,0.0,1.0,0.9629526462395545,2023,4.649810791015625,5.072938442230225,,3.986968994140625,71.25,203.25,chukchi
2023-08-31 14:00:00,3598,71.3108505,-156.8140555,4.71,98.7,0.0,0.2,146.8917906206682,,65.50066702939492,0.0026618444824668,290.3740851257952,0.0,0.0,1.0,0.9485825458588104,2023,4.649810791015625,5.072938442230225,,3.986968994140625,71.25,203.25,chukchi
2023-08-31 15:00:00,3594,71.31084000000001,-156.814054,4.75,98.8,0.0,1.4,146.74457216460712,,65.50325539770607,0.003552060147733,143.11906055427497,0.0,0.0,1.0,0.9724540901502504,2023,5.403472900390625,4.774733066558838,,4.636627197265625,71.25,203.25,chukchi
2023-08-31 16:00:00,3600,71.31084216666666,-156.8140565,4.71,98.9,0.0,1.3,150.38115525496357,,67.54631003280434,0.0035320799109098,203.32987073546352,0.0,0.0,1.0,0.9483333333333334,2023,5.403472900390625,4.774733066558838,,4.636627197265625,71.25,203.25,chukchi
2023-08-31 17:00:00,3597,71.31083050000001,-156.81405383333333,4.88,98.9,0.0,1.3,153.80263558017234,,69.99966643694697,0.0054845269927475,131.55503554572735,0.0,0.0,1.0,0.878231859883236,2023,5.403472900390625,4.774733066558838,,4.636627197265625,71.25,203.25,chukchi
2023-08-31 18:00:00,3595,71.31083100000001,-156.81403716666668,5.16,99.0,0.0,1.6,150.04548708874714,,70.00050080387068,0.0041036913063708,277.69723108127164,0.0,0.0,1.0,0.9401947148817804,2023,5.403472900390625,4.774733066558838,,4.636627197265625,71.25,203.25,chukchi
2023-08-31 19:00:00,3599,71.31082116666667,-156.81404133333334,5.29,99.0,0.0,1.3,155.0439609159762,,71.15986474108915,0.0035674759197188,226.5639984257872,0.0,0.0,1.0,0.864684634620728,2023,5.403472900390625,4.774733066558838,,4.636627197265625,71.25,203.25,chukchi
2023-08-31 20:00:00,3596,71.310821,-156.81403766666665,5.385,99.0,0.0,1.6,155.48335237082728,,72.00620132028712,0.0032012677098198,353.49498656725626,0.0,0.0,1.0,0.8540044493882091,2023,5.403472900390625,4.774733066558838,,4.636627197265625,71.25,203.25,chukchi
2023-08-31 21:00:00,3597,71.3108235,-156.81402983333334,5.3,99.0,0.0,1.4,153.58728005820652,,72.00383653012051,0.0045007756303243,222.40853314564015,0.0,0.0,1.0,0.8879621907144843,2023,5.403472900390625,4.774733066558838,,4.636627197265625,71.25,203.25,chukchi
2023-08-31 22:00:00,3591,71.3108225,-156.8140211666667,4.87,99.0,0.0,0.4,152.07302776008848,,71.97585400665791,0.0036730159052634,1.696564928257678,0.0005569479253689,0.0,1.0,0.9334447229184072,2023,5.403472900390625,4.774733066558838,,4.636627197265625,71.25,203.25,chukchi
2023-08-31 23:00:00,3599,71.31082616666666,-156.81402616666668,4.71,99.0,0.0,0.1,151.96815724257303,,72.00088905560114,0.003400864743788,43.377114919484214,0.0,0.0,1.0,0.9291469852736872,2023,5.403472900390625,4.774733066558838,,4.636627197265625,71.25,203.25,chukchi
2023-09-01 00:00:00,3597,71.31081433333334,-156.81404883333337,5.74,98.5,0.0,0.3,154.41727605440732,,72.01056419736722,0.006668709687009,238.97400754134867,0.0,0.0,1.0,0.8765638031693077,2023,7.485015869140625,0.876943051815033,,5.230133056640625,71.25,203.25,chukchi
2023-09-01 01:00:00,3589,71.31081766666667,-156.81405099999998,5.85,93.6,0.0,1.3,154.43129048402233,,71.9991362330768,0.003616167473512,266.49341112914374,0.0,0.0,1.0,0.8799108386737253,2023,7.485015869140625,0.876943051815033,,5.230133056640625,71.25,203.25,chukchi
2023-09-01 02:00:00,3589,71.31082433333333,-156.81405666666666,5.27,95.9,0.0,0.8,154.44285318127183,,72.011061591408,0.0037275806929487,109.3229862688478,0.0,0.0,1.0,0.8941209250487601,2023,7.485015869140625,0.876943051815033,,5.230133056640625,71.25,203.25,chukchi
2023-09-01 03:00:00,3590,71.31082816666667,-156.81403583333335,5.52,95.4,0.0,1.6,156.0433487724289,,71.99696384367019,0.0049291802827983,22.690139845535573,0.0,0.0,1.0,0.8518105849582173,2023,5.807281494140625,4.330325603485107,,5.098785400390625,71.25,203.25,chukchi
2023-09-01 04:00:00,3597,71.31082616666666,-156.81403716666668,5.67,98.3,0.0,1.3,156.1560195175672,,74.73251275028704,0.0038734780098476,124.92831256299884,0.0,0.0,1.0,0.8309702529886016,2023,5.807281494140625,4.330325603485107,,5.098785400390625,71.25,203.25,chukchi
2023-09-01 05:00:00,3212,71.31078533333333,-156.8140078333333,4.71,98.5,0.0,1.3,163.736257981281,,99.89142486652982,0.0028569399050784,301.5884269070295,0.0003113325031133,0.0,1.0,0.5463885429638854,2023,5.807281494140625,4.330325603485107,,5.098785400390625,71.25,203.25,chukchi
2023-09-01 06:00:00,3593,71.310785,-156.8140325,5.4,98.7,0.0,1.3,164.1478518938732,,99.99487890118986,0.0057556114444652,263.27851503805726,0.0,0.0,1.0,0.5605343723907598,2023,5.807281494140625,4.330325603485107,,5.098785400390625,71.25,203.25,chukchi
2023-09-01 07:00:00,3598,71.3107875,-156.81402866666667,5.25,98.8,0.0,25.1,164.99276708106368,,99.98707620597064,0.0052501763962312,158.84991107912137,0.0,0.0,1.0,0.5052807115063924,2023,5.807281494140625,4.330325603485107,,5.098785400390625,71.25,203.25,chukchi
2023-09-01 08:00:00,3598,71.31078583333333,-156.81402616666668,5.07,98.8,0.0,1.6,164.13220059002865,,100.0100611362957,0.0048200087493682,286.6581162210156,0.0,0.0,1.0,0.5672595886603669,2023,5.807281494140625,4.330325603485107,,5.098785400390625,71.25,203.25,chukchi
2023-09-01 09:00:00,3595,71.3107875,-156.81403966666667,4.75,98.9,0.0,0.6,165.26702583538437,,100.01446453681444,0.0064017665732317,285.676399113103,0.0,0.0,1.0,0.501808066759388,2023,4.381256103515625,4.0097455978393555,,4.045074462890625,71.25,203.25,chukchi
2023-09-01 10:00:00,3596,71.31079500000001,-156.814049,4.7,98.9,0.0,1.3,164.07543081479912,,99.9963848724634,0.0053102342854775,95.64284861315588,0.0,0.0,1.0,0.5558954393770856,2023,4.381256103515625,4.0097455978393555,,4.045074462890625,71.25,203.25,chukchi
2023-09-01 11:00:00,3594,71.31078966666668,-156.81402758333334,4.66,99.0,0.0,1.6,163.9188552543555,,100.0008903710055,0.0042172856985053,42.309947872011925,0.0,0.0,1.0,0.5798553144129104,2023,4.381256103515625,4.0097455978393555,,4.045074462890625,71.25,203.25,chukchi
2023-09-01 12:00:00,3597,71.31078883333333,-156.8140215,4.68,99.0,0.0,1.4,164.2971263805201,,100.00508755821626,0.0050062145586325,102.99148706012384,0.0,0.0,1.0,0.5360022240756186,2023,4.381256103515625,4.0097455978393555,,4.045074462890625,71.25,203.25,chukchi
2023-09-01 13:00:00,3589,71.31078766666666,-156.81402733333334,4.61,99.0,0.0,1.4,164.9797432370732,,100.00598513850125,0.0041268917193625,153.6212426692884,0.000557258289217,0.0,1.0,0.5118417386458624,2023,4.381256103515625,4.0097455978393555,,4.045074462890625,71.25,203.25,chukchi
2023-09-01 14:00:00,3273,71.31078483333334,-156.81401566666668,4.41,99.1,0.1,1.6,165.4719578900406,,99.99152958176164,0.0039368380249078,298.8880039799069,0.0003055300947143,0.0003055300947143,1.0,0.4653223342499236,2023,4.381256103515625,4.0097455978393555,,4.045074462890625,71.25,203.25,chukchi
2023-09-01 15:00:00,3594,71.31078333333333,-156.814018,4.34,99.1,0.0,1.6,164.7211946511647,,100.00653859422728,0.0051841683562263,349.3139161160656,0.0,0.0,1.0,0.5144685587089594,2023,4.969635009765625,4.523491382598877,,3.545074462890625,71.25,203.25,chukchi
2023-09-01 16:00:00,3597,71.31077116666667,-156.81404949999998,4.31,99.1,0.0,1.3,165.43981431906798,,110.28076856514625,0.003500834919113,205.14809942120715,0.0,0.0,1.0,0.5198776758409785,2023,4.969635009765625,4.523491382598877,,3.545074462890625,71.25,203.25,chukchi
2023-09-01 17:00:00,3594,71.31074916666667,-156.81408466666664,4.47,98.7,0.1,1.4,168.49802648083653,,123.41978298096971,0.0042443200126042,224.45649892715392,0.0,0.0,1.0,0.4354479688369504,2023,4.969635009765625,4.523491382598877,,3.545074462890625,71.25,203.25,chukchi
2023-09-01 18:00:00,3084,71.31074116666667,-156.81406858333332,4.6,97.7,0.1,1.8,167.4308794749895,,114.71083217706436,0.0054333505372407,160.3045344194103,0.0006485084306095,0.0009727626459143,1.0,0.4189364461738002,2023,4.969635009765625,4.523491382598877,,3.545074462890625,71.25,203.25,chukchi
2023-09-01 19:00:00,3598,71.31076816666668,-156.81402883333334,4.71,96.3,0.1,1.6,165.65022917392596,,101.46886524052483,0.0045945251560866,9.12680156086872,0.0,0.0,1.0,0.489716509171762,2023,4.969635009765625,4.523491382598877,,3.545074462890625,71.25,203.25,chukchi
2023-09-01 20:00:00,3598,71.31080449999999,-156.81403366666666,4.61,95.4,0.0,1.3,163.01707700257572,,85.80822866390376,0.0040314451057799,174.1497606937876,0.0,0.0,1.0,0.5817120622568094,2023,4.969635009765625,4.523491382598877,,3.545074462890625,71.25,203.25,chukchi
2023-09-01 21:00:00,3263,71.31078633333333,-156.81400016666666,4.19,96.0,0.1,13.2,166.64656321915348,,97.60375356125992,0.0037443230909816,178.00227795539678,0.0003064664419246,0.0,1.0,0.3935029114311983,2023,5.725982666015625,5.333854675292969,,3.547760009765625,71.25,203.25,chukchi
2023-09-01 22:00:00,3595,71.31078816666667,-156.8139976666667,3.93,95.5,0.1,1.4,168.16388664134774,,99.198803945897,0.0046373486365139,174.68984766924274,0.0,0.0,1.0,0.3482614742698192,2023,5.725982666015625,5.333854675292969,,3.547760009765625,71.25,203.25,chukchi
2023-09-01 23:00:00,3595,71.31079249999999,-156.81402916666667,3.98,94.3,0.1,0.2,167.5819296443425,,99.05863705624512,0.0066033032138819,115.20593395116587,0.0,0.0,1.0,0.3616133518776078,2023,5.725982666015625,5.333854675292969,,3.547760009765625,71.25,203.25,chukchi
2023-09-02 00:00:00,3590,71.31077933333333,-156.81404033333334,3.96,95.1,0.1,1.4,167.58124086830722,,98.97613803581471,0.0073747465533851,199.8669739608696,0.0005571030640668,0.0002785515320334,1.0,0.332033426183844,2023,5.725982666015625,5.333854675292969,,3.547760009765625,71.25,203.25,chukchi
2023-09-02 01:00:00,3596,71.31079150000001,-156.81403816666668,4.32,94.1,0.1,1.5,168.4758514806055,,98.9602327892176,0.0044239521166196,352.3808515693099,0.0,0.0,1.0,0.3345383759733036,2023,5.725982666015625,5.333854675292969,,3.547760009765625,71.25,203.25,chukchi
2023-09-02 02:00:00,3596,71.3323155,-156.87210349999998,4.14,96.5,0.1,4.4,163.00496873326253,,70.83618651853013,0.0132221405276717,347.18792207906387,0.0,0.0,1.0,0.2588987764182425,2023,5.725982666015625,5.333854675292969,,3.547760009765625,71.25,203.25,chukchi
2023-09-02 03:00:00,3594,71.33233100000001,-156.87209983333332,3.88,97.0,0.1,0.4,166.82025930225672,,86.20990563465008,0.0073548714561412,12.652338397590292,0.0,0.0,1.0,0.4076238174735671,2023,4.132720947265625,5.18922233581543,,2.479400634765625,71.25,203.25,chukchi
2023-09-02 04:00:00,3591,71.3323415,-156.87210883333333,3.86,95.6,0.1,5.0,159.778613724784,,50.26987744477862,0.0116601825987471,323.48582117868744,0.0,0.0,1.0,0.2241715399610136,2023,4.132720947265625,5.18922233581543,,2.479400634765625,71.25,203.25,chukchi
2023-09-02 05:00:00,3589,71.42741716666666,-157.12189099999998,3.7,93.7,4.6,4.9,139.34140147882113,,318.39352915415316,4.540207959499598,319.2738407567138,0.0,0.0,1.0,0.0,2023,3.656158447265625,5.929083824157715,0.0,1.924713134765625,71.5,203.0,chukchi
2023-09-02 06:00:00,3584,71.54129025,-157.41003366666666,2.88,97.1,4.5,4.8,141.43454784159306,,323.4768605939724,4.49731588517874,321.31913989485446,0.0005580357142857,0.0,1.0,0.0103236607142857,2023,3.568267822265625,5.812250137329102,0.0,2.102447509765625,71.5,202.5,chukchi
2023-09-02 07:00:00,3597,71.653323,-157.69898,2.27,97.2,4.4,4.9,141.1664473326242,,322.23482895694957,4.436937058329915,321.2474621351259,0.0,0.0,1.0,0.0,2023,2.943267822265625,5.718953609466553,0.0,1.633697509765625,71.75,202.25,chukchi
2023-09-02 08:00:00,3584,71.76499583333333,-157.9883179166667,2.36,96.3,4.4,4.8,140.92093855928437,,323.1109025166523,4.434658436893232,320.85024699644873,0.0,0.0,1.0,0.0,2023,2.829986572265625,5.478127956390381,0.0,1.600494384765625,71.75,202.0,chukchi
2023-09-02 09:00:00,3593,71.8760015,-158.27349316666667,2.41,95.9,4.4,4.7,141.01210690020804,,323.6430210464356,4.412409123691121,321.0273397887395,0.0,0.0,1.0,0.0,2023,2.572418212890625,4.763661861419678,0.0,1.022125244140625,72.0,201.75,chukchi
2023-09-02 10:00:00,3590,71.98846775000001,-158.56577416666664,2.61,93.8,4.5,4.9,140.99281967944603,,323.07854553875165,4.479450092903642,321.0422681812576,0.0,0.0,1.0,0.0008356545961002,2023,2.533355712890625,4.830780982971191,0.0,1.037750244140625,72.0,201.5,chukchi
2023-09-02 11:00:00,3590,72.10003466666666,-158.86152875,2.32,94.6,4.4,4.8,141.08039603565513,,323.17540402095915,4.397343102955521,321.1284577388538,0.0,0.0,1.0,0.0,2023,2.509918212890625,4.898717880249023,0.0,1.088531494140625,72.0,201.25,chukchi
2023-09-02 12:00:00,3382,72.20669541666666,-159.14294583333333,2.21,94.2,4.3,4.8,140.92332150996992,,322.33672994980583,4.313232568693903,320.95109902548677,0.0005913660555884,0.0,1.0,0.0097575399172087,2023,2.300933837890625,5.0768914222717285,0.0,0.916656494140625,72.25,200.75,chukchi
2023-09-02 13:00:00,3589,72.31151116666666,-159.45568166666666,1.59,96.4,4.3,4.6,141.1806703663609,,322.4295839565501,4.31821571254611,320.58250712705336,0.0,0.0,1.0,0.0,2023,2.242340087890625,5.171868324279785,0.0,0.936187744140625,72.25,200.5,chukchi
2023-09-02 14:00:00,3585,72.42638566666666,-159.50407216666665,1.2,98.0,5.1,6.0,177.2943341239043,,1.2181161158723963,5.053376184958955,0.3174590094611408,0.000557880055788,0.0,1.0,0.007810320781032,2023,1.916168212890625,5.238419532775879,0.0,0.635406494140625,72.5,200.5,chukchi
2023-09-02 15:00:00,3590,72.58079583333334,-159.59995633333335,0.99,96.9,5.0,5.5,168.20581686966037,,348.3132994694986,4.94472154967519,346.32874957217376,0.0,0.0,1.0,0.0,2023,1.948883056640625,5.685550689697266,0.0,0.462554931640625,72.5,200.5,chukchi
2023-09-02 16:00:00,3592,72.72735858333334,-159.82672091666666,0.69,97.2,5.1,5.5,156.91925259415757,,324.02850993529046,5.127432656825567,322.4006781270737,0.0,0.0,1.0,0.0,2023,1.677398681640625,5.7686920166015625,0.0,0.284820556640625,72.75,200.25,chukchi
2023-09-02 17:00:00,3587,72.83958333333334,-160.16328066666668,0.83,97.4,4.6,4.9,137.94661002307097,,319.00367979152156,4.5455654925541955,317.9020574711428,0.0,0.0,1.0,0.0,2023,1.499664306640625,5.9118146896362305,0.0,0.224273681640625,72.75,199.75,chukchi
2023-09-02 18:00:00,3079,72.96995133333333,-160.44200283333333,0.48,98.0,4.7,5.7,155.9068708766763,,333.17585311627647,4.75697540118397,331.88008482131306,0.0006495615459564,0.0,1.0,0.0103929847353036,2023,1.472320556640625,6.074129581451416,0.0,0.234039306640625,73.0,199.5,chukchi
2023-09-02 19:00:00,3589,73.07073816666666,-160.80761483333333,0.43,98.3,5.1,5.4,136.92489162966874,,306.66251108719706,5.040045155971533,304.27317889865355,0.0,0.0,1.0,0.0,2023,1.413726806640625,6.1775736808776855,0.0,0.232086181640625,73.0,199.25,chukchi
2023-09-02 20:00:00,3583,73.175048,-161.22483849999998,0.41,98.4,5.0,5.3,137.53771750059911,,316.8798557764064,4.951680967150823,315.7565391944764,0.0,0.0,1.0,0.0,2023,1.380523681640625,6.393501281738281,0.0,0.228179931640625,73.25,198.75,chukchi
2023-09-02 21:00:00,3589,73.29317266666666,-161.615656,0.83,98.3,5.8,6.1,166.5087699240836,,318.6009715889397,5.816934929795877,316.98146855022736,0.0,0.0,1.0,0.0,2023,1.521881103515625,8.06318473815918,0.0,0.215972900390625,73.25,198.5,chukchi
2023-09-02 22:00:00,3588,73.44155516666667,-162.02400241666666,0.56,98.2,6.0,6.2,180.08084646047618,,323.4249702032572,5.957623329954968,320.94214896956225,0.0,0.0,1.0,0.0,2023,1.588287353515625,8.172576904296875,0.0,0.311676025390625,73.5,198.0,chukchi
2023-09-02 23:00:00,3587,73.582123,-162.502557,0.92,98.1,6.0,6.4,180.11085001285014,,319.0223577464209,6.011062321481221,316.4761268425379,0.0,0.0,1.0,0.0,2023,1.416412353515625,8.225122451782227,0.0,0.225738525390625,73.5,197.5,chukchi
2023-09-03 00:00:00,3594,73.73079916666666,-162.93090216666667,0.64,97.2,5.9,6.2,180.11335396898858,,329.1207891228198,5.920652972633902,328.1287465891357,0.0,0.0,1.0,0.0005564830272676,2023,1.273834228515625,8.178789138793945,0.0,0.133941650390625,73.75,197.0,chukchi
2023-09-03 01:00:00,3586,73.88676791666666,-163.2672875,0.58,97.0,5.7,6.2,175.50415841051102,,321.9400120097319,5.681483877019918,321.83473147487206,0.0,0.0,1.0,0.0,2023,1.068756103515625,7.891749858856201,0.0,-0.090667724609375,74.0,196.75,chukchi
2023-09-03 02:00:00,3593,74.00867566666668,-163.72272733333332,0.61,97.4,5.4,5.9,180.0845489437987,,314.6348569532684,5.360018033969711,312.96401690042137,0.0,0.0,1.0,0.0,2023,0.998443603515625,7.81338357925415,0.0,-0.037933349609375,74.0,196.25,chukchi
2023-09-03 03:00:00,3586,74.13418441666667,-164.16321066666666,0.91,96.7,5.5,5.7,180.0880737838143,,317.8651471500659,5.441852308908475,315.4313655353547,0.0,0.0008365867261572,1.0,0.0,2023,0.592926025390625,8.884456634521484,0.0,-0.115814208984375,74.25,195.75,chukchi
2023-09-03 04:00:00,3593,74.25411283333332,-164.62449616666666,0.91,97.2,5.6,6.0,180.10608839507265,,317.0130257136774,5.649418590958387,312.87016891316085,0.0,0.0,1.0,0.0008349568605622,2023,0.495269775390625,8.802790641784668,0.0,-0.168548583984375,74.25,195.5,chukchi
2023-09-03 05:00:00,3594,74.3832895,-165.12420158333333,0.97,97.3,5.9,6.1,180.11626998603313,,316.9691700618446,5.854284499311013,314.4185999095121,0.0,0.0,1.0,0.0,2023,0.184722900390625,8.6161470413208,0.0,-0.313079833984375,74.5,195.0,chukchi
2023-09-03 06:00:00,3583,74.5174605,-165.62814183333333,0.83,97.6,5.9,6.2,180.14653568119465,,317.6039406478484,5.906860504435115,315.14052968069575,0.0,0.0,1.0,0.000837287189506,2023,0.161285400390625,8.057055473327637,0.0,-0.231048583984375,74.5,194.25,chukchi
2023-09-03 07:00:00,3595,74.66071233333334,-166.11141516666666,0.75,97.8,6.0,6.3,180.11551930378388,,322.24662381447024,5.995078726140227,320.6680196325396,0.0,0.0,1.0,0.0,2023,0.126129150390625,7.997354984283447,0.0,-0.316986083984375,74.75,194.0,chukchi
2023-09-03 08:00:00,3587,74.80931716666667,-166.57857416666667,0.85,97.8,5.9,6.2,180.11058609492164,,322.00166518952506,5.933187059919159,321.28889027649876,0.0,0.0,1.0,0.0,2023,0.229644775390625,7.393823146820068,0.0,-0.139251708984375,74.75,193.5,chukchi
2023-09-03 09:00:00,3594,74.95910841666665,-167.03773091666665,0.56,98.2,5.9,6.2,180.1155664403872,,319.68411477982465,5.865574830484699,320.6712816257911,0.0,0.0,1.0,0.0,2023,0.195220947265625,8.516777992248535,0.0,-0.277679443359375,75.0,193.0,chukchi
2023-09-15 22:00:00,3595,76.0794485,179.58335766666667,-1.5,98.4,6.2,6.6,180.16588012419467,,263.4891457493861,6.193784360796455,262.81580097313616,0.0,0.0,1.0,0.0005563282336578,2023,-1.233734130859375,1.0636565685272217,0.0,-1.986907958984375,76.0,179.5,east_siberian
2023-09-15 23:00:00,3596,76.05818116666667,178.97321666666667,-1.5,98.4,6.2,6.8,180.313606461834,,258.15634651832994,6.135060250068197,263.9158333935903,0.0,0.0,1.0,0.0775862068965517,2023,-1.138031005859375,1.053777813911438,0.0,-2.002532958984375,76.0,179.0,east_siberian
2023-09-16 00:00:00,3598,76.05792883333334,178.7906675,-1.39,98.4,0.1,1.5,180.48309518610645,,188.82377362324556,0.0048440879878824,322.86393805069173,0.0,0.0,1.0,0.3818788215675375,2023,-1.079437255859375,1.1290351152420044,0.0,-1.984954833984375,76.0,178.75,east_siberian
2023-09-16 01:00:00,3595,76.04606933333334,178.80950249999998,-1.4,98.4,0.1,4.3,182.0916259131241,,184.68882830433284,0.0231164700808163,180.0018805259413,0.0,0.0,1.0,0.2787204450625869,2023,-1.079437255859375,1.1290351152420044,0.0,-1.984954833984375,76.0,178.75,east_siberian
2023-09-16 02:00:00,3595,76.0460755,178.80948333333333,-1.35,98.4,0.0,1.5,188.5569083462589,,215.7647033146241,0.0037478585458443,276.2911414744435,0.0,0.0,1.0,0.639221140472879,2023,-1.079437255859375,1.1290351152420044,0.0,-1.984954833984375,76.0,178.75,east_siberian
2023-09-16 03:00:00,3593,76.00573899999999,178.4858365,-1.21,98.4,6.1,7.1,177.62320611758594,,239.13464339023335,6.080707132623273,240.01412300429425,0.0,0.0,1.0,0.0144725855830782,2023,-0.922698974609375,2.0399930477142334,0.0,-1.801116943359375,76.0,178.5,east_siberian
2023-09-16 04:00:00,3597,75.9095465,177.78269833333331,-1.17,98.4,4.2,7.1,184.4871065190165,,240.5859261074974,4.3037956490805875,253.9957523770829,0.0,0.0,1.0,0.2988601612454823,2023,-0.782073974609375,2.087611436843872,0.0,-1.760101318359375,76.0,177.75,east_siberian
2023-09-16 05:00:00,3597,75.907947,177.77146116666668,-1.17,98.4,0.0,1.4,191.5907288665508,,239.16605492884992,0.0040000539883645,189.06956348927025,0.0,0.0,1.0,0.6897414512093412,2023,-0.782073974609375,2.087611436843872,0.0,-1.760101318359375,76.0,177.75,east_siberian
2023-09-16 06:00:00,3597,75.907679,177.7696528333333,-1.19,98.4,0.1,6.9,186.2584570869252,,237.64664357418647,0.0039085181840331,230.98335000324803,0.0,0.0,1.0,0.4289685849318876,2023,-0.782073974609375,2.087611436843872,0.0,-1.760101318359375,76.0,177.75,east_siberian
2023-09-16 07:00:00,3598,75.81242524999999,177.17064716666667,-1.21,98.4,6.1,7.0,181.05367501051137,,239.18141833807744,6.066640103331912,242.57319155526855,0.0,0.0,1.0,0.0944969427459699,2023,-0.520355224609375,1.7403438091278076,0.0,-1.465179443359375,75.75,177.25,east_siberian
2023-09-16 08:00:00,3595,75.78742433333333,176.9883381666667,-1.17,98.4,0.0,1.4,189.7154534544839,,234.29791378733304,0.0045199071329219,144.7823466144983,0.0,0.0,1.0,0.6141863699582754,2023,-0.498870849609375,1.6606394052505493,0.0,-1.455413818359375,75.75,177.0,east_siberian
2023-09-16 09:00:00,3594,75.78707899999999,176.98654683333334,-1.16,98.4,0.1,6.5,186.6281376540549,,233.5176434735526,0.0078917175491703,285.7828617227202,0.0,0.0,1.0,0.3714524207011686,2023,-0.069915771484375,2.9615602493286133,0.0,-0.856292724609375,75.75,177.0,east_siberian
2023-09-16 10:00:00,3594,75.813576,177.15029241666667,-1.26,98.4,5.5,6.5,176.0832726086355,,245.6037631756205,5.476714114020621,242.5766345312469,0.0,0.0,1.0,0.0,2023,-0.024993896484375,2.992339611053467,0.0,-0.938323974609375,75.75,177.25,east_siberian
2023-09-16 11:00:00,3590,75.73349075,176.649626,-1.13,98.4,5.6,6.6,180.5075858196041,,235.81326631568135,5.588176227340602,236.7197292188157,0.0005571030640668,0.0,1.0,0.0075208913649025,2023,-0.114837646484375,2.930931806564331,0.0,-0.840667724609375,75.75,176.75,east_siberian
2023-09-16 12:00:00,3587,75.63511366666667,176.0420898333333,-0.75,98.5,5.6,6.7,180.1143955067716,,234.89752558643067,5.567922690998186,236.51204588237243,0.0,0.0,1.0,0.0,2023,-0.253509521484375,2.9101521968841553,0.0,-0.795745849609375,75.75,176.0,east_siberian
2023-09-16 13:00:00,3595,75.61077633333333,175.89547866666666,-0.57,98.6,5.0,6.6,184.69024481496768,,44.634735059720896,5.002202830512264,41.79942895975918,0.0,0.0,1.0,0.1340751043115438,2023,-0.253509521484375,2.5801563262939453,0.0,-1.078948974609375,75.5,176.0,east_siberian
2023-09-16 14:00:00,3595,75.6249785,175.9790933333333,-0.66,98.7,0.0,1.8,198.87732643494755,,250.66425298440944,0.0044971772201923,77.70533925376309,0.0,0.0,1.0,0.7721835883171071,2023,-0.253509521484375,2.5801563262939453,0.0,-1.078948974609375,75.5,176.0,east_siberian
2023-09-16 15:00:00,3596,75.62497666666667,175.97908316666664,-0.64,98.7,0.0,1.4,200.68902362834984,,256.45244144825085,0.0024320268188197,324.03058052131587,0.0,0.0,1.0,0.8576195773081201,2023,-0.303314208984375,2.1007800102233887,0.0,-1.025238037109375,75.5,176.0,east_siberian
2023-09-16 16:00:00,3593,75.62495933333334,175.978979,-0.66,98.7,0.0,1.4,203.8704790351481,,307.50615450878655,0.0029282178817025,82.4945316836685,0.0,0.0,1.0,0.8093515168382966,2023,-0.303314208984375,2.1007800102233887,0.0,-1.025238037109375,75.5,176.0,east_siberian
2023-09-16 17:00:00,3594,75.624963,175.9789878333333,-0.71,98.7,0.0,1.4,197.2182343355972,,318.82231655441245,0.0048704056347648,257.76965749463506,0.0,0.0,1.0,0.7228714524207012,2023,-0.303314208984375,2.1007800102233887,0.0,-1.025238037109375,75.5,176.0,east_siberian
2023-09-16 18:00:00,3595,75.62515766666667,175.97679216666668,-0.66,98.7,0.0,6.4,202.62218007649165,,278.7982259358714,0.0052618366398683,230.3144441174464,0.0,0.0,1.0,0.7385257301808067,2023,-0.293548583984375,2.5993428230285645,0.0,-0.917816162109375,75.75,176.0,east_siberian
2023-09-16 19:00:00,3595,75.55298250000001,175.5552411666667,-0.57,98.7,6.1,7.3,180.12040543208138,,236.6350128409464,6.0814726735031845,235.63774336101,0.0,0.0,1.0,0.0,2023,-0.440032958984375,2.20737361907959,0.0,-0.988128662109375,75.5,175.5,east_siberian
2023-09-16 20:00:00,3593,75.44032083333333,174.89777916666668,-0.57,98.8,6.2,7.2,180.1120474313406,,234.1657783535299,6.184741427390531,235.5710827740237,0.0,0.0,1.0,0.0,2023,-0.594329833984375,2.3181004524230957,0.0,-0.927581787109375,75.5,175.0,east_siberian
2023-09-16 21:00:00,3597,75.34909066666667,174.37132900000003,-0.53,98.8,4.8,7.1,190.96293971661137,,250.41518842160667,4.518226496818192,240.1838907072738,0.0,0.0,1.0,0.242146232971921,2023,-0.740692138671875,3.5584216117858887,0.0,-1.340179443359375,75.25,174.25,east_siberian
2023-09-16 22:00:00,3598,75.34872516666665,174.36954883333334,-0.57,98.8,0.0,1.6,193.85600045506808,,243.42853564773316,0.0046054833061798,133.55909006640158,0.0,0.0,1.0,0.736520289049472,2023,-0.740692138671875,3.5584216117858887,0.0,-1.340179443359375,75.25,174.25,east_siberian
2023-09-16 23:00:00,3593,75.29500683333335,174.07909466666666,-0.57,98.8,6.2,7.2,177.6995978788282,,235.22658672492017,6.159630154182699,234.0144532000947,0.0,0.0,1.0,0.0097411633732257,2023,-0.740692138671875,3.5967977046966553,0.0,-1.347991943359375,75.25,174.0,east_siberian
2023-09-17 00:00:00,3592,75.17185933333334,173.46912391666666,-0.44,98.8,6.1,7.2,180.10778681228192,,229.94518379301985,6.106316429255104,231.88888843983847,0.0,0.0,1.0,0.0,2023,-0.717254638671875,3.6232852935791016,0.0,-1.363616943359375,75.25,173.5,east_siberian
2023-09-17 01:00:00,3597,75.06400000000001,172.8354393333333,-0.27,98.9,5.9,7.4,176.80014848622767,,248.43083438464936,5.818773432472759,245.9224512791907,0.0,0.0,1.0,0.1473450097303308,2023,-0.656707763671875,3.4876654148101807,0.0,-1.361663818359375,75.0,172.75,east_siberian
2023-09-17 02:00:00,3598,75.04811466666666,172.74824066666667,-0.28,98.9,0.0,1.4,209.64069496809392,,284.90518607172976,0.0059059336408488,351.8325655904879,0.0,0.0,1.0,0.9299610894941636,2023,-0.656707763671875,3.4876654148101807,0.0,-1.361663818359375,75.0,172.75,east_siberian
2023-09-17 03:00:00,3596,75.048164,172.7482748333333,-0.29,98.9,0.0,1.6,195.965575972628,,309.97166352497743,0.0049221512169044,338.6055568163936,0.0,0.0,1.0,0.7238598442714127,2023,-0.240570068359375,3.9928414821624756,0.0,-0.927337646484375,75.0,172.75,east_siberian
2023-09-17 04:00:00,3591,75.04909366666668,172.72269250000002,-0.29,98.9,4.2,7.3,191.07646093602492,,262.43288241315577,4.125651363475955,226.07164968295064,0.0,0.0,1.0,0.3976608187134502,2023,-0.240570068359375,3.9928414821624756,0.0,-0.927337646484375,75.0,172.75,east_siberian
2023-09-17 05:00:00,3597,74.96391283333334,172.3054075,-0.3,98.9,0.0,7.4,182.7996964432466,,278.6746153026605,0.0247185569699059,240.4440325437883,0.0,0.0,1.0,0.5043091465109814,2023,-0.217132568359375,4.142837047576904,0.0,-0.880462646484375,75.0,172.25,east_siberian
2023-09-17 06:00:00,3589,74.95819666666667,172.27049533333332,-0.3,99.0,0.0,3.5,178.43211959983765,,271.1671945385075,0.0298364343259652,257.0180108197068,0.000557258289217,0.0,1.0,0.5176929506826414,2023,-0.217132568359375,4.142837047576904,0.0,-0.880462646484375,75.0,172.25,east_siberian
2023-09-17 07:00:00,3597,74.94301816666666,172.17793066666667,-0.29,99.0,6.3,7.4,187.23328256664257,,250.690404100899,6.251297576575419,226.6391214788416,0.0,0.0,1.0,0.308868501529052,2023,-0.217132568359375,4.142837047576904,0.0,-0.880462646484375,75.0,172.25,east_siberian
2023-09-17 08:00:00,3231,74.851296,171.75830549999998,-0.39,99.0,0.0,7.2,191.46970754940736,,281.6169675557597,0.0115115910286524,291.5101262683824,0.0006190034045187,0.0,1.0,0.5391519653358093,2023,-0.256195068359375,4.148514270782471,0.0,-0.888275146484375,74.75,171.75,east_siberian
2023-09-17 09:00:00,3595,74.84874216666667,171.74356566666663,-0.21,99.0,2.0,6.6,195.30288161388847,,281.30436684302623,1.8626469837846429,202.13427477049063,0.0,0.0,1.0,0.4253129346314325,2023,-0.241546630859375,5.211629867553711,0.0,-0.793548583984375,74.75,171.75,east_siberian
2023-09-17 10:00:00,3584,74.89166850000001,171.97980733333333,-0.15,99.0,5.7,5.8,179.77235169868044,,51.62351412650258,5.651433875700006,52.28634669974023,0.0,0.0011160714285714,1.0,0.0,2023,-0.153656005859375,5.331584453582764,0.0,-0.731048583984375,75.0,172.0,east_siberian
2023-09-17 11:00:00,3540,75.0001125,172.5192166666667,-0.24,99.0,5.3,5.5,179.4970156383497,,53.52084062609844,5.25608379570323,52.28591790537153,0.0,0.0,1.0,0.0,2023,-0.202484130859375,5.158511638641357,0.0,-0.785736083984375,75.0,172.5,east_siberian
2023-09-17 12:00:00,3536,75.05948291666667,172.81502866666665,-0.16,99.0,5.4,6.6,176.2643950293647,,238.24956957708892,5.331079880628661,232.40159340341856,0.0,0.0,1.0,0.0,2023,-0.218109130859375,5.102438449859619,0.0,-0.801361083984375,75.0,172.75,east_siberian
2023-09-17 13:00:00,3535,74.9642585,172.32118316666669,-0.08,99.0,3.2,6.8,184.07000523159255,,256.3529998416756,3.262739065346437,236.61028800681544,0.0,0.0,1.0,0.2299858557284299,2023,-0.180999755859375,5.234487056732178,0.0,-0.762298583984375,75.0,172.25,east_siberian
2023-09-17 14:00:00,3549,74.9621125,172.31061649999998,-0.14,99.0,0.0,1.8,213.14192211926584,,300.00927706162986,0.0028489420275408,127.71127431691502,0.0,0.0,1.0,0.8157227387996618,2023,-0.180999755859375,5.234487056732178,0.0,-0.762298583984375,75.0,172.25,east_siberian
2023-09-17 15:00:00,3003,74.96211333333333,172.31062599999998,-0.15,99.0,0.0,1.7,209.47277035768988,,297.611321236204,0.002369811413612,33.41915486940407,0.0003330003330003,0.0,1.0,0.8138528138528138,2023,-0.168304443359375,4.876980781555176,0.0,-1.031341552734375,75.0,172.25,east_siberian
2023-09-17 16:00:00,3595,74.96210566666667,172.31057533333333,-0.12,99.1,0.0,1.4,198.34523400920096,,273.9299871732638,0.0039042236041946,285.8043235015438,0.0,0.0,1.0,0.7162726008344924,2023,-0.168304443359375,4.876980781555176,0.0,-1.031341552734375,75.0,172.25,east_siberian
2023-09-17 17:00:00,3597,74.96217933333334,172.30819300000002,-0.36,99.0,0.0,7.4,193.29957738435263,,277.2499124419822,0.0083990428125215,242.95703851333533,0.0,0.0,1.0,0.5493466777870447,2023,-0.168304443359375,4.876980781555176,0.0,-1.031341552734375,75.0,172.25,east_siberian
2023-09-17 18:00:00,3598,74.87057133333333,171.86355891666665,-0.32,99.0,6.1,7.3,181.61890574337687,,253.33985643488924,6.096341501441681,235.7309097567266,0.0,0.0,1.0,0.178988326848249,2023,-0.219085693359375,4.581411838531494,0.0,-1.025482177734375,74.75,171.75,east_siberian
2023-09-17 19:00:00,3596,74.85065583333333,171.76455883333335,-0.48,99.0,0.0,1.4,207.59346268441433,,304.99505002874173,0.0027629582196844,35.706784408853,0.0,0.0,1.0,0.8848720800889878,2023,-0.219085693359375,4.581411838531494,0.0,-1.025482177734375,74.75,171.75,east_siberian
2023-09-17 20:00:00,3597,74.85065316666667,171.7645681666667,-0.54,99.0,0.0,1.6,208.22303398869488,,304.99694188513615,0.0035442804923254,230.97206997126167,0.0,0.0,1.0,0.8940783986655546,2023,-0.219085693359375,4.581411838531494,0.0,-1.025482177734375,74.75,171.75,east_siberian
2023-09-17 21:00:00,3594,74.82275933333334,171.89069975,-0.39,99.0,4.1,4.4,303.0136898347611,,130.878603969455,4.0869303121110425,134.79839640155805,0.0,0.0,1.0,0.1138007790762381,2023,-0.233978271484375,4.363157749176025,0.0,-1.068450927734375,74.75,172.0,east_siberian
2023-09-17 22:00:00,3587,74.73682766666667,172.27581816666668,-0.21,99.0,4.1,4.2,310.2953314708201,,127.93967534844629,4.087943111927299,130.34736469859982,0.0,0.0,1.0,0.0,2023,-0.233978271484375,4.446433067321777,0.0,-1.084075927734375,74.75,172.25,east_siberian
2023-09-17 23:00:00,3582,74.68740191666666,172.50204266666665,-0.07,99.0,3.7,4.4,318.5484044482822,,104.80286408169532,3.5959443692483695,147.02822724312014,0.0,0.0,1.0,0.010608598548297,2023,-0.232025146484375,4.532864093780518,0.0,-1.097747802734375,74.75,172.5,east_siberian
2023-09-18 00:00:00,3586,74.60692425,172.85495,-0.32,99.0,4.1,11.8,326.0686824341329,,145.85401490652933,4.062136847015619,146.70601584904853,0.0005577244841048,0.0,1.0,0.0061349693251533,2023,-0.317962646484375,4.288775444030762,0.0,-1.087982177734375,74.5,172.75,east_siberian
2023-09-18 01:00:00,3600,74.51424108333333,172.71894500000002,-0.31,99.0,4.1,4.2,43.077257223130395,,223.28692089155737,4.102389741539097,223.0158527790692,0.0,0.0,1.0,0.0,2023,-0.317962646484375,4.288775444030762,0.0,-1.087982177734375,74.5,172.75,east_siberian
2023-09-18 02:00:00,3594,74.41768358333334,172.38203883333335,-0.12,99.0,4.1,4.2,43.187825589587874,,222.98183339022248,4.106089948020576,223.1025967440748,0.0,0.0,1.0,0.0,2023,-0.314056396484375,4.215279579162598,0.0,-1.064544677734375,74.5,172.5,east_siberian
2023-09-18 03:00:00,3596,74.32119416666666,172.04774375,-0.01,99.1,4.1,4.3,43.02870008849708,,223.28407563189535,4.076562683067122,223.03404913220984,0.0,0.0,1.0,0.0,2023,-0.361907958984375,3.8036155700683594,0.0,-1.025238037109375,74.25,172.0,east_siberian
2023-09-18 04:00:00,3592,74.22317516666666,171.71033983333334,0.1,99.1,4.1,4.3,43.06422332798437,,222.93956291463945,4.1071296117553455,223.00603584873096,0.0,0.0,1.0,0.0,2023,-0.324798583984375,3.9522624015808105,0.0,-0.964691162109375,74.25,171.75,east_siberian
2023-09-18 05:00:00,3596,74.12687066666666,171.37971191666668,0.12,99.1,4.1,4.2,42.6882035915634,,222.6841587700985,4.052301341519794,222.6739391040293,0.0,0.0,1.0,0.0,2023,-0.283782958984375,4.101658821105957,0.0,-0.906097412109375,74.25,171.5,east_siberian
2023-09-18 06:00:00,3594,74.03056158333334,171.05152175,0.1,99.1,4.1,4.2,43.48215508847172,,223.35484102484216,4.089550108102267,223.45046006883717,0.0,0.0,1.0,0.0,2023,-0.209564208984375,4.34252405166626,0.0,-0.726409912109375,74.0,171.0,east_siberian
2023-09-18 07:00:00,3593,73.93446683333333,170.72613366666664,0.08,99.1,4.1,4.2,43.10578960338939,,222.2947832669422,4.037689038108289,223.05470226394831,0.0,0.0,1.0,0.0,2023,-0.168548583984375,4.497982978820801,0.0,-0.693206787109375,74.0,170.75,east_siberian
2023-09-18 08:00:00,3594,73.83787291666667,170.4013536666667,-0.02,99.2,4.2,4.3,43.009443899275446,,223.42103167505883,4.16724994764967,222.9518037175208,0.0,0.0,1.0,0.0,2023,-0.188079833984375,4.310798168182373,0.0,-0.720550537109375,73.75,170.5,east_siberian
2023-09-18 09:00:00,3239,73.760656,170.17822833333332,0.02,99.1,3.2,4.4,308.5768810362583,,114.80602309898516,3.2168802159852197,115.9184411400978,0.0006174745291756,0.0,1.0,0.0123494905835134,2023,0.083526611328125,4.959327220916748,0.0,-0.601165771484375,73.75,170.25,east_siberian
2023-09-18 10:00:00,3586,73.8185415,170.3916940833333,-0.01,99.1,3.1,3.2,222.47502305003073,,40.57164162320138,3.0804621916985906,42.30438685445438,0.0,0.0,1.0,0.0,2023,0.103057861328125,4.9444661140441895,0.0,-0.583587646484375,73.75,170.5,east_siberian
2023-09-18 11:00:00,3596,73.89170816666667,170.63283483333333,-0.01,99.1,3.1,3.3,222.17274175205492,,40.84879596855168,3.1340218597780773,42.035387509570214,0.0,0.0,1.0,0.0,2023,0.218292236328125,5.192434787750244,0.0,-0.497650146484375,74.0,170.75,east_siberian
2023-09-18 12:00:00,3584,73.966128,170.87696366666663,-0.07,99.1,3.1,3.2,222.29271282376908,,41.322743444946504,3.0574539855065654,42.29620516539023,0.0,0.0,1.0,0.0,2023,0.228057861328125,5.183505535125732,0.0,-0.483978271484375,74.0,171.0,east_siberian
2023-09-18 13:00:00,3584,74.00676916666667,170.99749408333332,-0.14,99.1,3.0,3.2,107.12228479523398,,287.765213820509,2.996823105973258,285.2469005888188,0.0,0.0,1.0,0.0,2023,0.228057861328125,5.183505535125732,0.0,-0.483978271484375,74.0,171.0,east_siberian
2023-09-18 14:00:00,3589,74.00329400000001,170.93288900000002,-0.08,99.1,3.0,3.4,316.4369222038449,,131.57196747598493,3.011171923845545,138.33577078804834,0.0,0.0,1.0,0.0,2023,0.228057861328125,5.183505535125732,0.0,-0.483978271484375,74.0,171.0,east_siberian
2023-09-18 15:00:00,3593,73.998834,170.94511683333332,0.02,99.1,2.8,3.8,178.37484606257163,,12.731125422192305,2.802751239088751,17.475058131411018,0.0,0.0,1.0,0.0773726690787642,2023,-0.106170654296875,5.498971939086914,0.0,-1.070526123046875,74.0,171.0,east_siberian
2023-09-18 16:00:00,3596,73.99888133333334,170.94513608333332,6.25,93.4,0.0,1.3,153.97698480293903,,36.81017799858093,0.0036529246821592,74.65061747787101,0.0,0.0,1.0,0.8968298109010011,2023,-0.106170654296875,5.498971939086914,0.0,-1.070526123046875,74.0,171.0,east_siberian
2023-09-18 17:00:00,3596,73.99950650000001,170.94675966666668,1.4,92.3,0.0,1.3,163.19553082235518,,36.7991383586573,0.0065198440014565,19.59874497608936,0.0,0.0,1.0,0.7830923248053393,2023,-0.106170654296875,5.498971939086914,0.0,-1.070526123046875,74.0,171.0,east_siberian
2023-09-18 18:00:00,3595,73.99996066666667,170.94798183333333,9.95,62.1,0.0,1.3,160.4298510180688,,36.79513241693626,0.0050401717141214,174.90371009980709,0.0,0.0,1.0,0.8333796940194715,2023,-0.106170654296875,5.498971939086914,0.0,-1.070526123046875,74.0,171.0,east_siberian
2023-09-18 19:00:00,3598,73.99997816666668,170.94800700000002,4.25,81.6,0.0,1.3,157.91655416995536,,36.80803225805421,0.0042942436334439,145.12665943904284,0.0,0.0,1.0,0.8785436353529739,2023,-0.106170654296875,5.498971939086914,0.0,-1.070526123046875,74.0,171.0,east_siberian
2023-09-18 20:00:00,3594,74.02730066666666,170.9867705,-0.26,97.4,0.0,5.7,197.8485067479887,,286.98676393494156,0.0092539071795837,64.01833938856123,0.0,0.0,1.0,0.6446855870895938,2023,-0.106170654296875,5.498971939086914,0.0,-1.070526123046875,74.0,171.0,east_siberian
2023-09-18 21:00:00,3591,74.02731316666667,170.98676716666668,-0.29,98.3,0.0,0.3,202.60731557104623,,260.0020050345454,0.0029497538040441,227.7914813901476,0.0,0.0,1.0,0.9069896964633808,2023,0.103057861328125,4.351747512817383,0.0,-0.687347412109375,74.0,171.0,east_siberian
2023-09-18 22:00:00,3594,74.027317,170.98676966666667,-0.27,98.5,0.0,4.2,178.8947150725588,,276.79506082572664,0.0117649839949881,295.9709820259917,0.0,0.0,1.0,0.5912632164718976,2023,0.103057861328125,4.351747512817383,0.0,-0.687347412109375,74.0,171.0,east_siberian
2023-09-18 23:00:00,3593,74.09964483333333,170.68324666666666,-0.25,98.7,4.1,4.2,130.87931693284932,,311.27922797457586,4.129035357362704,310.93330771264266,0.0,0.0,1.0,0.0,2023,0.081573486328125,4.32211446762085,0.0,-0.679534912109375,74.0,170.75,east_siberian
2023-09-19 00:00:00,3592,74.18783008333334,170.3110268333333,-0.16,98.8,4.2,4.4,130.42814499219867,,311.674017363011,4.159821962759551,310.51798203462795,0.0,0.0,1.0,0.0,2023,0.106964111328125,4.22027063369751,0.0,-0.667816162109375,74.25,170.25,east_siberian
2023-09-19 01:00:00,3595,74.27514283333333,169.93975216666664,0.11,98.8,4.1,4.2,131.42469439216794,,312.46012388948157,4.10187638240925,311.5159895726957,0.0,0.0,1.0,0.0,2023,0.083526611328125,4.167917251586914,0.0,-0.665863037109375,74.25,170.0,east_siberian
2023-09-19 02:00:00,3589,74.36201916666667,169.57023666666663,0.38,98.8,4.1,4.2,130.89163468180368,,311.93917199794026,4.104516863513611,310.92135191465127,0.0,0.0,1.0,0.0,2023,0.196807861328125,3.821173667907715,0.0,-0.509613037109375,74.25,169.5,east_siberian
2023-09-19 03:00:00,3594,74.45052274999999,169.1907528333333,0.62,92.9,4.3,4.5,130.9646342156694,,312.10472779707675,4.252633437647445,310.98296749029333,0.0,0.0,1.0,0.0,2023,-0.103118896484375,2.5671045780181885,0.0,-0.836273193359375,74.5,169.25,east_siberian
2023-09-19 04:00:00,3587,74.53966083333333,168.80603499999998,0.66,85.9,4.1,4.4,130.9169866359435,,312.20208705124304,4.119815686153559,310.91620115708906,0.0,0.0,1.0,0.0,2023,0.053131103515625,3.656057357788086,0.0,-0.851898193359375,74.5,168.75,east_siberian
2023-09-19 05:00:00,3591,74.59329766666666,168.44792583333336,0.16,83.2,3.1,4.2,71.27344584567005,,253.83968783561744,3.124365842373759,251.05471866119635,0.0,0.0,1.0,0.0,2023,0.156646728515625,3.9541211128234863,0.0,-0.957366943359375,74.5,168.5,east_siberian
2023-09-19 06:00:00,3033,74.52505716666666,168.16212399999998,-0.36,92.0,3.1,3.2,45.07075037875341,,226.23742351326348,3.053203357762202,225.00099061724657,0.0006594131223211,0.0,1.0,0.0121991427629409,2023,0.254302978515625,3.942012310028076,0.0,-1.113616943359375,74.5,168.25,east_siberian
2023-09-19 07:00:00,3590,74.46121816666667,167.91355249999998,-0.5,87.85,3.1,3.2,47.479271161980215,,229.4234222956,3.105525251616356,227.4303381785416,0.0,0.0,1.0,0.0,2023,0.350006103515625,3.9293580055236816,0.0,-1.271820068359375,74.5,168.0,east_siberian
2023-09-19 08:00:00,3591,74.39893883333335,167.63755966666668,-0.79,89.7,3.1,3.5,56.038592587090186,,245.37385033642065,3.1250243903469306,235.3679579181786,0.0,0.0,1.0,0.0,2023,0.402740478515625,3.7689900398254395,0.0,-1.357757568359375,74.5,167.75,east_siberian
2023-09-19 09:00:00,3591,74.44326566666668,167.75199299999997,-0.93,85.2,3.1,3.4,222.1029878119873,,38.08664168731035,3.0511071615238707,42.40119408182653,0.0,0.0,1.0,0.0,2023,0.060211181640625,1.528489351272583,0.0,-1.190521240234375,74.5,167.75,east_siberian
2023-09-19 10:00:00,3597,74.44397649999999,167.77471800000004,-1.14,85.8,3.1,3.9,16.078222914768816,,202.39674939170908,3.10301533910648,196.7678034026967,0.0,0.0,1.0,0.0,2023,0.060211181640625,1.528489351272583,0.0,-1.190521240234375,74.5,167.75,east_siberian
2023-09-19 11:00:00,3011,74.44286050000001,167.79976033333332,-1.03,85.4,3.1,3.4,257.1174069624915,,71.76970990595976,3.1287185367595445,76.07456737631996,0.000664231152441,0.0,1.0,0.0092992361341746,2023,0.060211181640625,1.528489351272583,0.0,-1.190521240234375,74.5,167.75,east_siberian
2023-09-19 12:00:00,3592,74.44390083333334,167.82468466666666,-1.19,92.2,3.1,3.8,279.9492206197493,,103.62602852962048,3.1072275042185846,101.14956879600643,0.0,0.0,1.0,0.0,2023,0.060211181640625,1.528489351272583,0.0,-1.190521240234375,74.5,167.75,east_siberian
2023-09-19 13:00:00,3596,74.43561391666665,167.81968283333333,-1.3,88.2,3.1,3.7,33.71041448101268,,213.66068133834145,3.083496707463806,212.54370620192023,0.0,0.0,1.0,0.0,2023,0.060211181640625,1.528489351272583,0.0,-1.190521240234375,74.5,167.75,east_siberian
2023-09-19 14:00:00,3596,74.42924841666667,167.82333408333335,-1.59,88.7,3.2,3.5,260.3830624623045,,79.78125374482126,3.161003894431968,81.51735735170352,0.0,0.0,1.0,0.0,2023,0.060211181640625,1.528489351272583,0.0,-1.190521240234375,74.5,167.75,east_siberian
2023-09-19 15:00:00,3599,74.4323295,167.855808,-1.82,89.7,3.1,3.5,263.7070945711557,,84.63974741851304,3.1306102038652455,84.90779041403353,0.0,0.0,1.0,0.0016671297582661,2023,-0.153167724609375,1.9681390523910522,0.0,-1.616058349609375,74.5,167.75,east_siberian
2023-09-19 16:00:00,3596,74.429975,167.85019516666665,-2.01,90.3,3.1,4.4,112.69371105537306,,274.3122749866058,3.1050348759669157,289.04101920530104,0.0,0.0,1.0,0.0055617352614015,2023,-0.153167724609375,1.9681390523910522,0.0,-1.616058349609375,74.5,167.75,east_siberian
2023-09-21 00:00:00,3595,74.01959583333334,171.25974600000004,-1.9,91.8,3.1,6.3,231.3606481453145,,59.724177429797926,3.0924899254641907,55.07293095715112,0.0,0.0,1.0,0.0,2023,-1.039642333984375,7.038300037384033,0.0,-2.831390380859375,74.0,171.25,east_siberian
2023-09-21 01:00:00,3596,74.12875799999999,171.67806366666667,-1.94,96.1,6.3,6.7,179.99654909457104,,39.46753596272443,6.329111117451385,37.243011121267834,0.0,0.0,1.0,0.0,2023,-1.340423583984375,6.866316795349121,0.0,-3.300140380859375,74.25,171.75,east_siberian
2023-09-21 02:00:00,3596,74.28934866666667,172.13135675,-1.75,93.2,6.3,6.7,179.90382432737826,,51.91953306682436,6.267156120868354,48.68188260828866,0.0,0.0,1.0,0.0,2023,-1.490814208984375,6.718216896057129,0.0,-3.722015380859375,74.25,172.25,east_siberian
2023-09-21 03:00:00,3595,74.39955450000001,172.75650183333337,-1.67,89.2,6.2,6.6,179.8828924407777,,61.0298327559526,6.215180791828668,58.59799451451958,0.0,0.0,1.0,0.0,2023,-1.119232177734375,7.2744317054748535,0.0,-4.325531005859375,74.5,172.75,east_siberian
2023-09-21 04:00:00,3596,74.49523091666667,173.40695825,-1.67,87.5,6.1,6.7,179.83401431993786,,67.39831259840969,6.113590776271179,65.3292241992891,0.0,0.0,1.0,0.0,2023,-1.142669677734375,7.255931854248047,0.0,-4.220062255859375,74.5,173.5,east_siberian
2023-09-21 05:00:00,3596,74.57636108333334,174.08521983333333,-1.82,86.6,6.2,6.8,179.88812893703073,,68.0251116627257,6.149417590758386,65.73898399389184,0.0,0.0,1.0,0.0,2023,-1.107513427734375,7.167251110076904,0.0,-4.259124755859375,74.5,174.0,east_siberian
2023-09-21 06:00:00,3597,74.65448633333334,174.7792695,-1.89,85.9,6.2,6.6,179.86877040176557,,71.61967617252392,6.152648818874324,69.05409398630104,0.0,0.0,1.0,0.0,2023,-1.212982177734375,6.644475936889648,0.0,-4.636077880859375,74.75,174.75,east_siberian
2023-09-21 07:00:00,3595,74.72284916666668,175.48628116666666,-2.24,87.9,6.2,6.6,179.8266778962978,,71.97560355245156,6.181910799540245,70.42522050243879,0.0,0.0,1.0,0.0008344923504867,2023,-1.232513427734375,6.3809123039245605,0.0,-4.794281005859375,74.75,175.5,east_siberian
2023-09-21 08:00:00,3596,74.79036933333333,176.21286625,-2.78,93.5,6.3,6.6,179.87804630245986,,72.00764723758789,6.3179258581104625,70.55076683016715,0.0,0.0,1.0,0.0,2023,-1.293060302734375,6.142489910125732,0.0,-5.026702880859375,74.75,176.25,east_siberian
2023-09-21 09:00:00,3592,74.8584725,176.94893716666667,-2.99,95.9,6.4,6.7,179.88774087275152,,72.01464376539167,6.339467541505006,70.39662543071576,0.0,0.0,1.0,0.0,2023,-1.335296630859375,4.592259883880615,0.0,-5.523529052734375,74.75,177.0,east_siberian
2023-09-21 10:00:00,3596,74.92655066666667,177.69926391666667,-2.85,96.6,6.4,6.6,179.87631893739365,,69.21339157724756,6.369926529891006,68.92158714146848,0.0,0.0,1.0,0.0,2023,-1.341156005859375,4.927640914916992,0.0,-4.673919677734375,75.0,177.75,east_siberian
2023-09-21 11:00:00,3024,74.98518075000001,178.3868740833333,-2.89,96.9,6.4,6.8,178.93062772672985,,82.87194882420286,6.396209210473842,82.9970048300155,0.0009920634920634,0.0003306878306878,1.0,0.0162037037037037,2023,-1.417327880859375,4.897929668426514,0.0,-4.832122802734375,75.0,178.5,east_siberian
2023-09-21 12:00:00,3595,75.0362605,179.147761,-2.77,97.2,6.3,6.9,179.90056912826446,,71.4509572833105,6.182092653195511,71.21174715232875,0.0,0.0,1.0,0.0,2023,-1.499359130859375,5.014112949371338,0.0,-4.789154052734375,75.0,179.25,east_siberian
2023-09-21 13:00:00,3597,75.03850633333333,179.61232916666668,-2.77,97.3,6.2,6.8,179.87410773303148,,91.97773157647752,6.206106302443635,92.1014977768634,0.0,0.0,1.0,0.0,2023,-1.526702880859375,5.014408588409424,0.0,-4.906341552734375,75.0,179.5,east_siberian
2023-09-21 18:00:00,3597,74.99435033333333,-176.3175185,-2.96,96.7,5.9,6.6,180.264058356801,,92.00964675752266,5.879192631808926,94.23418842923392,0.0,0.0,1.0,0.0,2023,-1.402191162109375,6.287681579589844,0.0,-5.787445068359375,75.0,183.75,chukchi
2023-09-21 19:00:00,3594,74.98037450000001,-175.59322766666668,-2.59,96.5,5.8,6.7,181.09404357114937,,92.00570293218344,5.791034558205811,93.51796702809118,0.0,0.0,1.0,0.0,2023,-1.349456787109375,6.758357524871826,0.0,-5.514007568359375,75.0,184.5,chukchi
2023-09-21 20:00:00,3587,74.96064816666667,-174.8662093333333,-2.21,94.4,6.1,6.9,180.25223542620023,,97.3663249773576,6.013765957142271,99.04633369544904,0.0,0.0,1.0,0.0,2023,-1.271331787109375,7.275576591491699,0.0,-4.916351318359375,75.0,185.25,chukchi
2023-09-21 21:00:00,3594,74.92985675,-174.137904,-2.03,94.0,5.9,7.0,180.98372148149332,,97.01290916997036,5.894131810903549,98.48181456278162,0.0,0.0,1.0,0.0,2023,-1.065277099609375,6.646001815795898,0.0,-4.242034912109375,75.0,185.75,chukchi
2023-09-21 22:00:00,3600,74.90361225000001,-173.411406,-1.71,94.0,5.9,6.9,181.1649324577695,,98.3454725451196,5.889294613921586,98.879870789518,0.0,0.0,1.0,0.0,2023,-0.987152099609375,6.926997184753418,0.0,-4.083831787109375,75.0,186.5,chukchi
2023-09-21 23:00:00,3594,74.87173475,-172.69484908333334,-1.44,92.9,5.9,7.1,182.25048615263665,,98.58803569941612,5.863324284601906,99.78073003901522,0.0,0.0,1.0,0.0,2023,-0.883636474609375,7.000370979309082,0.0,-3.845550537109375,74.75,187.25,chukchi
2023-09-22 00:00:00,3592,74.8171275,-172.0031570833333,-1.57,91.5,6.1,7.1,180.19743506495757,,114.49604741855202,6.000029807758031,116.99316047722697,0.0002783964365256,0.0002783964365256,1.0,0.0,2023,-0.825042724609375,7.087679386138916,0.0,-3.613128662109375,74.75,188.0,chukchi
2023-09-22 01:00:00,3594,74.71167708333333,-171.36288208333332,-1.42,91.8,6.3,7.5,179.93780111296417,,124.12574748854765,6.259835403928494,126.38316279546184,0.0,0.0,1.0,0.0,2023,-0.743011474609375,7.397737979888916,0.0,-3.257659912109375,74.75,188.75,chukchi
2023-09-22 02:00:00,3026,74.59618058333334,-170.80549991666666,-1.39,92.2,6.3,7.5,178.54330913046493,,125.52630544290972,6.292629023936442,127.11856331072742,0.0006609385327164,0.0,1.0,0.0264375413086582,2023,-0.594573974609375,7.166393756866455,0.0,-3.376800537109375,74.5,189.25,chukchi
2023-09-22 03:00:00,3595,74.45431883333335,-170.16224933333336,-1.26,90.5,6.5,7.9,179.88881401425493,,129.97407321814478,6.464082367836749,132.2833500726557,0.0,0.0,1.0,0.0,2023,-0.895111083984375,8.184885025024414,0.0,-3.297943115234375,74.5,189.75,chukchi
2023-09-22 04:00:00,3593,74.31308383333334,-169.58669250000003,-1.07,89.5,6.5,7.6,179.88681534975294,,130.04249925329754,6.464312964547081,132.9297357515969,0.0,0.0,1.0,0.0,2023,-0.639251708984375,8.290607452392578,0.0,-3.213958740234375,74.25,190.5,chukchi
2023-09-22 05:00:00,3596,74.16885333333335,-169.02836491666667,-1.05,89.8,6.5,7.4,179.88127452083577,,130.00364286569751,6.480506791905054,133.84549609021394,0.0,0.0,1.0,0.0,2023,-0.512298583984375,8.622868537902832,0.0,-3.194427490234375,74.25,191.0,chukchi
2023-09-22 06:00:00,3590,74.02402625,-168.48014683333332,-0.95,90.4,6.4,7.7,179.38925730509789,,130.02557848030756,6.363021197249395,133.78013871198797,0.0002785515320334,0.0005571030640668,1.0,0.0105849582172701,2023,-0.432220458984375,8.440749168395996,0.0,-3.114349365234375,74.0,191.5,chukchi
2023-09-22 07:00:00,3597,73.88342183333333,-167.93971950000002,-0.78,89.3,6.4,7.4,179.87497559336435,,130.0073393697731,6.321221103707267,133.21489861161356,0.0,0.0,1.0,0.0,2023,-0.340423583984375,8.550395011901855,0.0,-3.059661865234375,74.0,192.0,chukchi
2023-09-22 08:00:00,3594,73.74425466666666,-167.41081308333332,-0.23,86.1,6.3,7.1,179.89059546265898,,130.01140808775236,6.2398345369610695,133.6046452524089,0.0,0.0,1.0,0.0,2023,-0.338470458984375,8.208954811096191,0.0,-2.987396240234375,73.75,192.5,chukchi
2023-09-22 09:00:00,3590,73.60221141666668,-166.89239808333332,-0.43,89.4,6.4,7.5,179.88181733237653,,132.57203363855075,6.392792475096161,135.23420651741765,0.0,0.0,1.0,0.0,2023,-0.348968505859375,7.742396354675293,0.0,-2.626312255859375,73.5,193.0,chukchi
2023-09-22 10:00:00,3595,73.44079766666667,-166.47939099999996,-0.62,89.5,6.5,7.4,179.95359103813928,,165.97990374912254,6.4293990650901005,167.78559490469544,0.0,0.0,1.0,0.0,2023,-0.296234130859375,7.712187767028809,0.0,-2.591156005859375,73.5,193.5,chukchi
2023-09-22 11:00:00,3594,73.23317216666666,-166.52500983333334,-0.5,87.8,6.5,7.8,179.99983305585337,,183.85754248102185,6.4548368096347835,185.4905129470199,0.0,0.0,1.0,0.0,2023,-0.235687255859375,8.03982162475586,0.0,-2.679046630859375,73.25,193.5,chukchi
2023-09-22 13:00:00,3594,72.81637208333333,-166.66174233333334,-0.8,86.6,6.5,7.8,179.99899833651955,,183.46985515228232,6.417867659836096,185.48746232249337,0.0,0.0,1.0,0.0,2023,0.080718994140625,7.968770980834961,0.0,-3.214202880859375,72.75,193.25,chukchi
2023-09-22 14:00:00,3594,72.60857566666667,-166.72917116666667,-0.68,88.0,6.5,7.9,179.99924875402596,,183.6488306330809,6.461989026980969,185.55175229378904,0.0,0.0,1.0,0.0,2023,0.276031494140625,7.509126663208008,0.0,-3.384124755859375,72.5,193.25,chukchi
2023-09-22 15:00:00,3593,72.40118600000001,-166.7948266666667,-0.23,82.7,6.5,8.1,179.99927637479408,,182.8400726690063,6.4383265901034274,185.3833347423276,0.0,0.0,1.0,0.0,2023,0.479156494140625,6.329151153564453,0.0,-2.654388427734375,72.5,193.25,chukchi
2023-09-22 16:00:00,3589,72.19325983333333,-166.85885100000002,-0.16,83.9,6.3,7.9,179.99852328369917,,182.19919009523105,6.3592922677248875,185.37277075077296,0.0,0.0,1.0,0.0,2023,0.844390869140625,5.8824567794799805,0.0,-2.886810302734375,72.25,193.25,chukchi
2023-09-22 17:00:00,3163,71.98352,-166.92723850000002,-0.155,81.6,6.2,6.4,179.96169129506296,,183.01977099057677,6.167292079338953,185.9349367962068,0.0003161555485298,0.0,1.0,0.0113815997470755,2023,1.031890869140625,5.053711414337158,0.0,-3.318450927734375,72.0,193.0,chukchi
2023-09-22 18:00:00,3597,71.79537099999999,-166.98770800000003,0.12,82.8,6.3,7.7,179.99913817702367,,182.77748467767424,6.215028698816564,185.49015329862132,0.0,0.0,1.0,0.0,2023,1.067047119140625,4.335768699645996,0.0,-3.595794677734375,71.75,193.0,chukchi
2023-09-22 19:00:00,3595,71.59565416666666,-167.0437673333333,0.24,82.8,6.2,7.9,179.99916551997387,,182.81033850623177,6.193717683223062,185.11550803220263,0.0,0.0,1.0,0.0,2023,1.231109619140625,3.6083502769470215,0.0,-3.421966552734375,71.5,193.0,chukchi
2023-09-22 20:00:00,3369,71.39036216666666,-167.10723800000002,0.69,80.7,6.2,7.5,179.97275879996067,,183.7874789805432,6.184223777380076,185.55668469438197,0.0011872959335114,0.0002968239833778,1.0,0.0166221430691599,2023,1.231109619140625,3.6083502769470215,0.0,-3.421966552734375,71.5,193.0,chukchi
2023-09-22 21:00:00,3590,71.19507775,-167.16736566666668,0.91,84.2,6.2,7.8,179.99649025862908,,183.70336811118128,6.178388226035854,185.38915273496616,0.0,0.0,1.0,0.0,2023,1.757476806640625,2.9398207664489746,0.0,-2.758148193359375,71.25,192.75,chukchi
2023-09-22 22:00:00,3597,70.99693666666667,-167.22209033333334,1.51,81.1,6.2,7.3,179.9995829862836,,184.41620638912588,6.1729536043662785,185.695338529684,0.0,0.0,1.0,0.0,2023,1.995758056640625,2.048813581466675,0.0,-2.033538818359375,71.0,192.75,chukchi
2023-09-22 23:00:00,3590,70.79941275,-167.28053291666666,2.21,75.7,6.1,7.5,179.99977715751288,,183.91212781734177,6.049764805338275,185.59748716634573,0.0,0.0,1.0,0.0008356545961002,2023,2.407867431640625,1.5758832693099976,0.0,-2.099945068359375,70.75,192.75,chukchi
2023-09-23 00:00:00,3591,70.6040115,-167.33890499999998,2.6,77.7,6.1,7.5,179.99977722128094,,183.26361391278445,6.083626380410769,185.1211466540016,0.0,0.0,1.0,0.0,2023,2.876617431640625,1.2778847217559814,0.0,-2.097991943359375,70.5,192.75,chukchi
2023-09-23 01:00:00,3588,70.40827125,-167.39225033333335,3.06,76.3,6.1,7.4,179.99983277617372,,183.4265885284321,6.082754635308332,185.53596129823973,0.0,0.0,1.0,0.0,2023,2.888336181640625,1.2501217126846313,0.0,-2.181976318359375,70.5,192.5,chukchi
2023-09-23 02:00:00,3594,70.21293866666667,-167.45104133333334,3.48,80.1,6.1,7.7,179.99974958462602,,183.3706203241485,6.042831375642217,185.48837180692135,0.0,0.0,1.0,0.0,2023,3.302398681640625,1.1582964658737183,0.0,-2.006195068359375,70.25,192.5,chukchi
2023-09-23 03:00:00,3593,70.01936300000001,-167.5055171666667,3.57,83.2,6.0,7.3,179.9994990306161,,183.05087606461015,6.010508618719282,185.2445479477634,0.0,0.0,1.0,0.0,2023,3.579498291015625,2.7382867336273193,0.0,-1.089202880859375,70.0,192.5,chukchi
2023-09-23 04:00:00,3587,69.82674483333334,-167.5577706666667,3.77,81.1,6.0,6.9,179.99997212156418,,184.33487347616423,5.960694776256129,186.1952584823955,0.0,0.0,1.0,0.0,2023,3.882232666015625,3.3613133430480957,0.0,-0.647796630859375,69.75,192.5,chukchi
2023-09-23 05:00:00,3320,69.62572625,-167.61165741666667,3.96,81.3,6.0,7.3,179.97652803003214,,184.186939022827,6.011296104073632,185.04325997619569,0.0006024096385542,0.0,1.0,0.0102409638554216,2023,3.882232666015625,3.3613133430480957,0.0,-0.647796630859375,69.75,192.5,chukchi
2023-09-23 06:00:00,3598,69.44077991666666,-167.6675504166667,4.235,80.35,6.0,7.6,179.99936076279556,,182.80749667094312,5.975375427047472,185.40045558932903,0.0,0.0,1.0,0.0,2023,4.126373291015625,3.374408006668091,0.0,0.387359619140625,69.5,192.25,chukchi
2023-09-23 07:00:00,3591,69.24159966666666,-167.7204168333333,4.71,74.5,6.2,6.5,179.99997215261786,,182.85123913368605,6.214355199887078,185.2345841105601,0.0,0.0,1.0,0.0,2023,4.196685791015625,2.6484649181365967,0.0,0.735015869140625,69.25,192.25,chukchi
2023-09-23 08:00:00,3590,69.04271791666667,-167.77302175,4.94,72.4,6.2,7.4,179.99944290000374,,183.00916438657953,6.123276703668194,186.0125160252684,0.0,0.0,1.0,0.0,2023,4.405670166015625,2.054410219192505,0.0,0.346343994140625,69.0,192.25,chukchi
2023-09-23 09:00:00,3596,68.84444716666667,-167.82020150000002,4.66,74.5,6.3,7.7,179.9993604033781,,182.19405497041956,6.222398099569537,184.53950982303397,0.0,0.0,1.0,0.0,2023,4.561676025390625,1.8589940071105957,0.0,0.219146728515625,68.75,192.25,chukchi
2023-09-23 11:00:00,3593,68.44364316666666,-167.9304546666667,4.29,79.1,6.3,7.6,179.9994155333603,,183.27680870974663,6.234072023234921,185.2503874235684,0.0,0.0,1.0,0.0,2023,4.401519775390625,1.9267770051956177,0.0,0.730865478515625,68.5,192.0,chukchi
2023-09-23 12:00:00,3587,68.2418095,-167.98461033333334,3.87,83.0,6.3,7.6,179.99941456055043,,182.54561597741875,6.239200339624066,185.55722501455304,0.0,0.0,1.0,0.0,2023,4.340972900390625,1.6585273742675781,0.0,0.785552978515625,68.25,192.0,chukchi
2023-09-23 13:00:00,3586,68.03911550000001,-168.03560225,4.03,85.1,6.3,6.5,180.0,,182.1212486679834,6.259543876941729,185.30727972296745,0.0,0.0,1.0,0.0,2023,4.270660400390625,1.407456636428833,0.0,1.094146728515625,68.0,192.0,chukchi
2023-09-23 14:00:00,3593,67.84041433333333,-168.08684416666668,4.03,81.0,6.2,7.7,179.99509872135,,182.2734721325597,6.165189153019054,185.53346762658884,0.0,0.0,1.0,0.0,2023,4.340972900390625,1.7935600280761719,0.0,1.283599853515625,67.75,192.0,chukchi
2023-09-23 15:00:00,3584,67.63475283333332,-168.1382415,3.78,81.9,6.5,7.8,179.9998883937627,,184.6688396478868,6.460613018946842,185.49093820258528,0.0,0.0,1.0,0.0,2023,4.364654541015625,2.838148355484009,0.0,1.309722900390625,67.75,191.75,chukchi
2023-09-23 16:00:00,3598,67.4336635,-168.18854833333336,3.7,84.4,6.2,7.6,179.99952751982977,,184.72259107327335,6.219272105653149,185.42822689085165,0.0,0.0,1.0,0.0,2023,4.337310791015625,3.352818012237549,0.0,1.704254150390625,67.5,191.75,chukchi
2023-09-23 17:00:00,3584,67.23997624999998,-168.23572141666665,3.78,86.9,6.0,7.3,179.99994419645685,,186.22827958309944,5.9882229088332535,185.9270468530977,0.0,0.0,1.0,0.0,2023,4.636138916015625,4.087667942047119,0.0,1.749176025390625,67.25,191.75,chukchi
2023-09-23 18:00:00,3590,67.04682258333332,-168.2878836666667,4.43,77.9,6.0,7.4,180.0000835608385,,185.39203781250012,5.9694791516743715,185.03945588279916,0.0,0.0,1.0,0.0,2023,5.106842041015625,4.69258975982666,0.0,1.663238525390625,67.0,191.75,chukchi
2023-09-23 19:00:00,3590,66.85687583333333,-168.33148074999997,4.38,77.5,5.9,7.0,180.0315095253457,,185.94188739575387,5.8304494304067465,185.38076395617753,0.0,0.0,1.0,0.0,2023,5.556060791015625,5.080568790435791,0.0,1.198394775390625,66.75,191.75,chukchi
2023-09-23 20:00:00,3596,66.666856,-168.37935625,4.74,74.5,6.0,6.9,180.0,,184.9767757040674,5.978560172809009,186.1061997890468,0.0,0.0,1.0,0.0,2023,5.509185791015625,5.157158851623535,0.0,1.272613525390625,66.75,191.5,chukchi
2023-09-23 21:00:00,3595,66.47406649999999,-168.41996350000002,5.39,75.2,5.8,7.4,179.99821992699583,,177.17504858307058,5.775561076632045,181.26642490504472,0.0,0.0,1.0,0.0,2023,5.694732666015625,3.107917070388794,0.0,1.299224853515625,66.5,191.5,chukchi
2023-09-23 22:00:00,3599,66.29228883333333,-168.41934116666664,5.42,74.4,5.6,6.9,180.00188321196885,,177.0985832787512,5.5226091315575285,179.8654872413635,0.0,0.0,1.0,0.0,2023,5.731842041015625,3.1681582927703857,0.0,2.156646728515625,66.25,191.5,chukchi
2023-09-23 23:00:00,3596,66.11690158333334,-168.41764849999998,5.16,76.8,5.4,6.8,179.99282575256018,,178.48708706436446,5.373420146685633,179.9775445009731,0.0,0.0,1.0,0.0,2023,5.731842041015625,3.4827523231506348,0.0,2.676177978515625,66.0,191.5,chukchi
2023-09-24 00:00:00,3597,65.94332016666667,-168.41819783333332,5.38,76.8,5.4,6.8,179.99782706756258,,180.4292019036676,5.412265418705544,180.2159101714819,0.0,0.0,1.0,0.0,2023,5.731842041015625,3.4827523231506348,0.0,2.676177978515625,66.0,191.5,chukchi
2023-09-24 01:00:00,3596,65.77004125,-168.41828258333334,5.71,72.8,5.3,5.6,179.95535658598254,,180.68856418934809,5.263840658943602,180.10675906288824,0.0,0.0,1.0,0.0,2023,5.847076416015625,3.4655234813690186,0.0,2.594146728515625,65.75,191.5,chukchi
2023-09-24 02:00:00,3594,65.59887841666668,-168.41838324999998,5.98,70.1,5.4,6.7,179.98983103537893,,178.22693846920316,5.376685189218432,180.0487396892113,0.0,0.0,1.0,0.0008347245409015,2023,5.985748291015625,3.4308767318725586,0.0,2.295318603515625,65.5,191.5,chukchi
2023-09-24 03:00:00,3597,65.4212335,-168.418544,6.12,70.0,5.7,6.9,179.9984432722376,,176.8247684363163,5.7390720027728985,179.9124618413062,0.0,0.0,1.0,0.0,2023,5.913482666015625,4.734629154205322,0.0,2.465972900390625,65.5,191.5,chukchi
2023-09-24 04:00:00,3594,65.23455266666667,-168.41836949999998,6.4,72.3,5.8,7.1,179.9991365584326,,177.7373615385412,5.761750579944608,179.9942317562997,0.0,0.0,1.0,0.0,2023,6.284576416015625,4.80153751373291,0.0,2.819488525390625,65.25,191.5,chukchi
2023-09-24 05:00:00,3465,65.05413016666667,-168.41830000000002,6.39,75.4,5.5,6.8,179.88562112584037,,177.22160906052073,5.482347836384408,178.60134824898327,0.0011544011544011,0.0,1.0,0.017027417027417,2023,5.966217041015625,4.373115539550781,0.0,3.319488525390625,65.0,191.5,chukchi
2024-07-31 22:00:00,3599,65.07772849999999,-168.55285116666667,5.99,98.4,6.4,6.8,180.08738538901366,,329.9084700951681,6.341982623876205,330.88555339717357,0.0,0.0,1.0,0.0,2024,6.469879150390625,8.73240852355957,0.0,6.052154541015625,65.0,191.5,chukchi
2024-07-31 23:00:00,3600,65.17343241666666,-168.69080283333332,5.18,98.6,0.1,5.9,179.59405467040585,,218.80026389894613,0.0157411183362925,21.82185558450636,0.0,0.0,1.0,0.1166666666666666,2024,6.223785400390625,8.815038681030273,0.0,5.813873291015625,65.25,191.25,chukchi
2024-08-01 00:00:00,3599,65.17358516666667,-168.6904765,5.12,98.7,0.1,0.4,183.36325932347847,,200.0634836286476,0.01190811920416,139.4545048365417,0.0,0.0,1.0,0.1194776326757432,2024,6.337554931640625,7.890979766845703,0.0,6.046539306640625,65.25,191.25,chukchi
2024-08-01 01:00:00,3600,65.1735785,-168.69044266666666,5.28,98.8,0.1,6.4,181.07554411853684,,190.34751023922956,0.0134654005408225,163.66240356264933,0.0,0.0,1.0,0.0677777777777777,2024,6.337554931640625,7.890979766845703,0.0,6.046539306640625,65.25,191.25,chukchi
2024-08-01 02:00:00,3596,65.27123683333333,-168.53254249999998,6.115,98.8,6.6,7.3,179.99802693577126,,32.77688159133416,6.59208230342503,30.864544576529433,0.0,0.0,1.0,0.0,2024,6.849273681640625,7.971750259399414,0.0,6.470367431640625,65.25,191.5,chukchi
2024-08-01 03:00:00,3600,65.47153091666667,-168.41857808333333,6.15,98.8,6.7,7.2,180.0,,3.176521143291536,6.665565406507697,0.0238187355283497,0.0,0.0,1.0,0.0,2024,6.454986572265625,4.902926445007324,0.0,6.075103759765625,65.5,191.5,chukchi
2024-08-01 04:00:00,3440,65.685959,-168.41814358333332,5.49,98.9,6.8,7.0,180.0,,359.8544438850101,6.777723001578954,359.97669202419405,0.0,0.0,1.0,0.0,2024,6.324127197265625,1.6448588371276855,0.0,5.686431884765625,65.75,191.5,chukchi
2024-08-01 06:00:00,3591,66.11521850000001,-168.41799216666666,4.38,97.1,6.4,6.7,180.0,,3.4040563842199476,6.384139969679581,0.0152707785235296,0.0,0.0,1.0,0.0,2024,6.003814697265625,4.10581636428833,0.0,4.981353759765625,66.0,191.5,chukchi
2024-08-01 07:00:00,3593,66.32171083333333,-168.4179468333333,3.62,92.9,6.3,6.8,180.0,,4.38107331178749,6.310872548741774,359.97558505938247,0.0,0.0,1.0,0.0,2024,4.898345947265625,6.868126392364502,0.0,3.877838134765625,66.25,191.5,chukchi
2024-08-01 08:00:00,3597,66.52003383333334,-168.45917583333332,2.89,92.1,6.5,7.0,180.06244092595395,,336.7731587516883,6.511401913943967,333.43796204142757,0.0,0.0,1.0,0.0,2024,3.410064697265625,6.638160705566406,0.0,2.657135009765625,66.5,191.5,chukchi
2024-08-01 09:00:00,3600,66.62991283333334,-168.68741116666666,3.19,90.7,0.1,6.8,173.24252499737335,,13.809310136413478,0.0125766686459406,348.9012485786872,0.0,0.0,1.0,0.2158333333333333,2024,3.457183837890625,6.71433687210083,0.0,0.989898681640625,66.75,191.25,chukchi
2024-08-01 10:00:00,3600,66.629939,-168.68759008333333,3.39,90.2,0.1,1.0,174.4700558372945,,45.22847723182043,0.033293551147776,160.99716161552587,0.0,0.0,1.0,0.12,2024,3.457183837890625,6.71433687210083,0.0,0.989898681640625,66.75,191.25,chukchi
2024-08-01 11:00:00,3596,66.66475866666667,-168.69634641666664,3.39,88.5,6.3,6.7,177.635423587082,,13.406895829496504,6.3356723132775095,353.2483564650322,0.0,0.0,1.0,0.039488320355951,2024,3.457183837890625,6.71433687210083,0.0,0.989898681640625,66.75,191.25,chukchi
2024-08-01 12:00:00,3593,66.86812683333332,-168.74929783333332,3.2,87.2,6.2,6.7,180.0,,355.27416011645954,6.208898277479145,354.23094203505195,0.0,0.0,1.0,0.0,2024,3.457183837890625,6.71433687210083,0.0,0.989898681640625,66.75,191.25,chukchi
2024-08-01 13:00:00,3597,67.0682765,-168.80094433333332,2.92,87.1,6.3,6.7,180.0,,355.0437329193104,6.26668391837421,354.1925323305156,0.0,0.0,1.0,0.0,2024,3.138824462890625,6.396883487701416,0.0,0.970367431640625,67.0,191.25,chukchi
2024-08-01 14:00:00,3600,67.26892025,-168.8539285833333,2.89,83.7,6.2,6.7,180.0,,354.62115714872533,6.205050831187592,354.1532778090737,0.0,0.0,1.0,0.0,2024,2.996246337890625,6.311129093170166,0.0,0.763336181640625,67.25,191.25,chukchi
2024-08-01 15:00:00,3592,67.46686975,-168.90630516666667,2.34,91.4,6.1,6.3,180.0,,355.07779421113884,6.07510647838878,354.2254827809308,0.0,0.0,1.0,0.0,2024,2.135406494140625,5.597570896148682,0.0,-1.251312255859375,67.5,191.0,chukchi
2024-08-01 16:00:00,3596,67.66058108333334,-168.95032175,2.07,92.4,5.6,6.2,182.1762918860351,,346.24865114633576,5.611645715717091,356.21495571979136,0.0,0.0,1.0,0.175194660734149,2024,2.307281494140625,5.550012588500977,0.0,-1.421234130859375,67.75,191.0,chukchi
2024-08-01 17:00:00,3600,67.670011,-168.95996033333333,2.11,92.5,0.1,1.0,188.90194345844637,,331.4391463302447,0.0076837573507246,49.46622395458682,0.0,0.0,1.0,0.435,2024,2.307281494140625,5.550012588500977,0.0,-1.421234130859375,67.75,191.0,chukchi
2024-08-01 18:00:00,3600,67.67000200000001,-168.95999550000002,2.2,90.9,0.1,1.5,190.5581463933713,,324.4935031955173,0.0063636223433171,210.8011528231412,0.0,0.0,1.0,0.3994444444444444,2024,2.307281494140625,5.550012588500977,0.0,-1.421234130859375,67.75,191.0,chukchi
2024-08-01 19:00:00,3592,67.70792333333333,-168.84032175,2.5,90.0,6.4,6.8,181.7827056458648,,43.81806680976771,6.37620349885381,46.28427412563765,0.0,0.0,1.0,0.0086302895322939,2024,2.299468994140625,5.578858375549316,0.0,-1.288421630859375,67.75,191.25,chukchi
2024-08-01 20:00:00,3599,67.78297783333333,-168.60240516666667,2.71,88.5,0.1,6.6,189.103912950864,,327.2135597982452,0.0099265369188163,326.00199391192865,0.0,0.0,1.0,0.2292303417616004,2024,2.287750244140625,5.612585067749023,0.0,-1.165374755859375,67.75,191.5,chukchi
2024-08-01 21:00:00,3597,67.80671316666667,-168.52713733333331,2.87,88.3,6.1,6.5,183.14660075879237,,25.688945855524928,6.1444292136600875,44.47884029343935,0.0,0.0,1.0,0.0628301362246316,2024,2.992828369140625,5.512928009033203,0.0,-0.283050537109375,67.75,191.5,chukchi
2024-08-01 22:00:00,3597,67.89788966666667,-168.234925,2.82,89.8,0.1,6.4,188.16509103380173,,350.0787610862616,0.0113904066911309,60.091708931565,0.0,0.0,1.0,0.2101751459549624,2024,3.334625244140625,5.618484020233154,0.0,-0.353363037109375,68.0,191.75,chukchi
2024-08-02 01:00:00,3596,68.01300716666667,-167.86698616666666,3.15,76.9,0.1,6.5,185.61441145783817,,359.68283339290866,0.0133302387290563,47.86799277061263,0.0,0.0,1.0,0.1473859844271412,2024,3.557281494140625,5.935698986053467,0.0,-0.263519287109375,68.0,192.25,chukchi
2024-08-02 02:00:00,3597,68.11676349999999,-167.53142016666666,3.37,78.2,5.8,6.5,184.8221039129384,,31.78886935081945,5.887643897399401,51.91984282485738,0.0,0.0,1.0,0.132054489852655,2024,3.756500244140625,6.088027000427246,0.0,-0.015472412109375,68.0,192.5,chukchi
2024-08-02 03:00:00,3593,68.12887116666667,-167.49451483333334,3.3,75.7,2.0,6.7,185.45466126701524,,8.02671565430879,2.165224714096067,47.72973625328437,0.0,0.0,1.0,0.1065961591984414,2024,3.854888916015625,3.210831642150879,0.0,-0.277435302734375,68.25,192.5,chukchi
2024-08-02 04:00:00,3600,68.24190683333333,-167.12222683333337,3.53,74.6,0.2,6.8,184.90868494929617,,9.46818799096044,0.064752802496592,44.12415059433471,0.0,0.0,1.0,0.1972222222222222,2024,4.302154541015625,3.188722610473633,0.0,-0.197357177734375,68.25,193.0,chukchi
2024-08-02 05:00:00,3599,68.24157883333334,-167.12201833333336,3.73,71.4,0.1,2.6,187.9555307872144,,311.9849690728377,0.0136129742120813,207.5941559164699,0.0,0.0,1.0,0.2367324256737982,2024,4.302154541015625,3.188722610473633,0.0,-0.197357177734375,68.25,193.0,chukchi
2024-08-02 06:00:00,3597,68.3276655,-167.262532,3.81,70.7,6.4,6.8,179.2508979886777,,329.9249048415378,6.380688639836595,328.2059063113761,0.0,0.0,1.0,0.0,2024,4.106842041015625,3.2239766120910645,0.0,-0.238372802734375,68.25,192.75,chukchi
2024-08-02 07:00:00,3598,68.50465983333333,-167.5544946666667,3.63,74.4,6.5,6.8,180.01673151280335,,332.33755814637107,6.457290694693709,329.3889460608277,0.0,0.0,1.0,0.0,2024,3.970123291015625,3.347639322280884,0.0,-0.472747802734375,68.5,192.5,chukchi
2024-08-02 08:00:00,3595,68.68440816666666,-167.8530401666667,3.16,76.7,6.4,6.8,180.09440890363192,,330.1336650823553,6.3762658181590295,328.7742174783744,0.0,0.0,1.0,0.0,2024,3.686920166015625,3.9701006412506104,0.0,-0.361419677734375,68.75,192.25,chukchi
2024-08-02 09:00:00,3592,68.85826925,-168.14466875,2.95,80.5,6.3,6.5,180.09999999999997,,329.4908976767832,6.244581488312002,328.780458916426,0.0,0.0,1.0,0.0,2024,2.451324462890625,5.577455997467041,0.0,-1.158294677734375,68.75,191.75,chukchi
2024-08-02 10:00:00,3597,69.03159383333333,-168.4361895,2.57,84.5,6.3,6.6,180.09999999999997,,329.4440739005074,6.235639468689012,328.9846709186793,0.0,0.0,1.0,0.0,2024,2.291168212890625,6.354596138000488,0.0,-1.127044677734375,69.0,191.5,chukchi
2024-08-02 11:00:00,3596,69.16685283333332,-168.66665650000002,1.8,87.7,0.1,6.5,184.782863918716,,270.08421357124354,0.0219708036290628,325.65516733511635,0.0,0.0,1.0,0.3303670745272525,2024,1.982574462890625,7.052661418914795,0.0,-1.242279052734375,69.25,191.25,chukchi
2024-08-02 12:00:00,3599,69.16684466666668,-168.66669616666664,1.39,89.7,0.0,0.5,193.8107487135977,,249.2046405272604,0.0086756166574953,106.64377593045222,0.0,0.0,1.0,0.5020839121978328,2024,1.982574462890625,7.052661418914795,0.0,-1.242279052734375,69.25,191.25,chukchi
2024-08-02 13:00:00,3594,69.19942583333332,-168.666713,1.39,91.0,6.3,6.5,184.7745773029373,,332.84521519554386,6.299506388092005,1.4409917135528427,0.0,0.0,1.0,0.2103505843071786,2024,1.982574462890625,7.052661418914795,0.0,-1.242279052734375,69.25,191.25,chukchi
2024-08-02 14:00:00,3593,69.40557166666667,-168.66690550000004,1.74,89.6,6.4,6.8,180.0,,0.6060905105327331,6.367974502261405,359.5968810793532,0.0,0.0,1.0,0.0,2024,1.689605712890625,7.75493860244751,0.0,-1.148529052734375,69.5,191.25,chukchi
2024-08-02 15:00:00,3599,69.6106885,-168.66684266666664,2.34,88.1,6.4,6.7,180.0,,0.895263093550913,6.343159368556615,0.374603589284108,0.0,0.0,1.0,0.0,2024,2.953765869140625,7.266409397125244,0.0,-0.858489990234375,69.5,191.25,chukchi
2024-08-02 16:00:00,3597,69.81577233333334,-168.66688299999998,2.51,89.4,6.3,6.5,180.0,,359.6304572891003,6.264415720383446,359.9057877890261,0.0,0.0,1.0,0.0,2024,2.518218994140625,7.327899932861328,0.0,-0.458099365234375,69.75,191.25,chukchi
2024-08-02 17:00:00,3599,70.01625516666667,-168.66562783333333,1.6,90.4,6.2,6.4,180.0,,359.63759497953333,6.216891811578108,359.2892179560491,0.0,0.0,1.0,0.0,2024,1.869781494140625,7.4289469718933105,0.0,-0.458099365234375,70.0,191.25,chukchi
2024-08-02 18:00:00,3599,70.21461566666667,-168.67928733333332,1.19,90.9,6.3,6.4,180.0477426328711,,2.4021830539009805,6.266487209204583,1.161278552605149,0.0,0.0,1.0,0.0,2024,1.322906494140625,7.688170909881592,0.0,-0.622161865234375,70.25,191.25,chukchi
2024-08-02 19:00:00,3599,70.41461333333334,-168.66661666666667,1.11,91.0,6.1,6.3,180.07997466756171,,359.1453326582277,6.115210637900661,359.69343917213024,0.0,0.0,1.0,0.0044456793553764,2024,1.029937744140625,7.947926998138428,0.0,-0.682708740234375,70.5,191.25,chukchi
2024-08-02 20:00:00,3599,70.50004183333334,-168.66691466666666,1.05,90.9,0.0,0.5,195.033365073378,,256.3283232153058,0.0068451232914043,26.694243940773628,0.0,0.0,1.0,0.6554598499583217,2024,1.029937744140625,7.947926998138428,0.0,-0.682708740234375,70.5,191.25,chukchi
2024-08-02 21:00:00,3599,70.500057,-168.6668551666667,1.19,89.0,0.0,0.3,199.65309198364807,,333.56121925104316,0.0038618522256222,301.3324364036009,0.0,0.0,1.0,0.8941372603500972,2024,1.569244384765625,8.68828010559082,0.0,-0.137786865234375,70.5,191.25,chukchi
2024-08-02 22:00:00,3599,70.56107333333333,-168.66998733333335,1.24,88.2,6.2,6.5,179.51212743699384,,351.5977438728343,6.2166102309200975,350.9438921585179,0.0,0.0,1.0,0.090580716865796,2024,1.569244384765625,8.68828010559082,0.0,-0.137786865234375,70.5,191.25,chukchi
2024-08-02 23:00:00,3600,70.75934099999999,-168.66691666666665,1.32,87.6,6.3,6.4,180.0,,4.691602449917542,6.251013249405519,1.9387134772337404,0.0,0.0,1.0,0.0,2024,1.389556884765625,8.878539085388184,0.0,-0.200286865234375,70.75,191.25,chukchi
2024-08-03 00:00:00,3592,70.96158391666665,-168.66687641666664,1.39,88.2,6.3,6.6,180.0,,2.542288217025758,6.256020348561875,359.97687203988113,0.0,0.0,1.0,0.0,2024,1.377838134765625,8.895142555236816,0.0,-0.067474365234375,71.0,191.25,chukchi
2024-08-03 01:00:00,3599,71.165511,-168.6666865,1.51,88.6,6.3,7.0,180.0,,2.3204072738495705,6.333228567437313,0.0451058667032632,0.0,0.0,1.0,0.0,2024,1.514556884765625,8.925468444824219,0.0,0.077056884765625,71.25,191.25,chukchi
2024-08-03 02:00:00,3434,71.36576841666667,-168.66680816666667,1.61,89.3,6.3,6.5,181.06251591351577,,352.1171826548903,6.309863039593641,2.637112168129785,0.0,0.0,1.0,0.0364006988934187,2024,1.514556884765625,8.925468444824219,0.0,0.077056884765625,71.25,191.25,chukchi
2024-08-03 04:00:00,3596,71.44929466666667,-168.6668620833333,1.75,91.1,6.3,6.5,181.41600646659296,,323.3175022700382,6.281570059682638,3.4302556150767467,0.0,0.0,1.0,0.1654616240266963,2024,1.502349853515625,7.6249494552612305,0.0,0.310455322265625,71.5,191.25,chukchi
2024-08-03 05:00:00,3595,71.65405166666666,-168.66686466666664,1.64,90.9,6.3,6.5,180.00058413674873,,1.7522550946411282,6.317458364568663,359.9678381555039,0.0,0.0,1.0,0.0,2024,1.375396728515625,7.631931781768799,0.0,0.353424072265625,71.75,191.25,chukchi
2024-08-03 06:00:00,3048,71.87151258333333,-168.66716441666665,1.11,92.2,6.0,6.4,178.44349189870513,,346.50355781681003,5.937529530004067,356.815070408753,0.0006561679790026,0.0003280839895013,1.0,0.0282152230971128,2024,1.375396728515625,7.631931781768799,0.0,0.353424072265625,71.75,191.25,chukchi
2024-08-03 07:00:00,3590,71.94354816666666,-168.66806983333336,0.7,93.8,6.1,6.5,184.52549698168957,,337.84594136700576,5.987543727882249,351.8460098663506,0.0,0.0,1.0,0.1972144846796657,2024,1.244537353515625,7.780538558959961,0.04241943359375,0.347564697265625,72.0,191.25,chukchi
2024-08-03 08:00:00,3589,72.08282200000001,-168.73353516666666,-0.35,97.3,4.1,6.5,162.6328206036606,,322.4682333022889,4.023111525549653,331.56993050735434,0.0,0.0,1.0,0.0,2024,1.244537353515625,7.780538558959961,0.04241943359375,0.347564697265625,72.0,191.25,chukchi
2024-08-03 09:00:00,3596,72.18072616666666,-168.77460000000002,-0.57,98.0,5.1,7.4,183.45752788777017,,4.142282105725451,4.914411103888713,5.83485102914598,0.0,0.0,1.0,0.0,2024,0.832183837890625,7.119098663330078,0.175140380859375,-0.026702880859375,72.25,191.25,chukchi
2024-08-03 10:00:00,3600,72.346453,-168.68274775,-0.8,98.2,4.5,6.7,191.0892527969959,,14.532826256155612,4.4445267031869,20.54568517803743,0.0,0.0,1.0,0.1341666666666666,2024,0.832183837890625,7.119098663330078,0.175140380859375,-0.026702880859375,72.25,191.25,chukchi
2024-08-03 11:00:00,3601,72.36959666666667,-168.6394523333333,-0.26,98.4,0.0,2.1,199.24805901103483,,228.1535443115035,0.0085946365985912,36.43704451645199,0.0,0.0,1.0,0.6959178006109414,2024,0.832183837890625,7.119098663330078,0.175140380859375,-0.026702880859375,72.25,191.25,chukchi
2024-08-03 12:00:00,3599,72.373488,-168.6242543333333,-0.55,98.3,0.0,1.1,196.43367507475884,,216.85932013705684,0.0043665684241225,66.57098729314409,0.0,0.0,1.0,0.6954709641567102,2024,0.916168212890625,7.252628326416016,0.133087158203125,0.029937744140625,72.25,191.5,chukchi
2024-08-03 13:00:00,3499,72.38251516666666,-168.60466649999998,-1.18,98.4,1.1,6.9,183.64469450138824,,263.6262455742051,1.0614989399655808,355.1870947469665,0.0,0.0,1.0,0.1071734781366104,2024,0.611480712890625,7.374118328094482,0.2623291015625,-0.298187255859375,72.5,191.5,chukchi
2024-08-03 15:00:00,3596,72.7589855,-168.64468691666667,-0.37,98.5,6.4,6.9,180.64553655425823,,357.22014904329086,6.373848170233932,7.363544887289629,0.0,0.0,1.0,0.0397664071190211,2024,0.200592041015625,5.840219497680664,0.353546142578125,-0.472991943359375,72.75,191.25,chukchi
2024-08-03 16:00:00,3596,72.86520008333332,-168.58428508333333,-0.47,98.6,5.8,6.8,187.0042360974717,,45.98002073400231,5.763853516543578,43.71759739657546,0.0,0.0,1.0,0.2208008898776418,2024,0.220123291015625,5.915326118469238,0.347076416015625,-0.449554443359375,72.75,191.5,chukchi
2024-08-03 17:00:00,3592,72.95034166666667,-168.05973666666665,-0.43,98.6,5.8,6.9,201.20817608263417,,53.548856748130106,5.795161813336932,54.6112018674525,0.0005567928730512,0.0002783964365256,1.0,0.0077951002227171,2024,0.149810791015625,6.072147846221924,0.443389892578125,-0.533538818359375,73.0,192.0,chukchi
2024-08-03 18:00:00,3592,73.04135133333332,-167.57078074999998,-0.25,98.7,5.8,6.9,198.1709686861495,,77.55492999050139,5.589453520205434,77.73015570167341,0.0,0.0,1.0,0.0,2024,0.198638916015625,6.17303466796875,0.43170166015625,-0.514007568359375,73.0,192.5,chukchi
2024-08-03 20:00:00,3595,73.22446916666667,-166.79037466666668,0.11,98.7,5.4,6.2,187.73038214232656,,27.11572442980066,5.319806876701869,26.87806662887944,0.0,0.0,1.0,0.0,2024,0.362701416015625,6.365971565246582,0.50482177734375,-0.291351318359375,73.25,193.25,chukchi
2024-08-03 21:00:00,3595,73.37764066666666,-166.6608113333333,0.19,98.7,2.0,6.2,191.47908385513537,,312.401461517468,2.0090050181096166,7.967562339066101,0.0,0.0,1.0,0.3510431154381085,2024,0.390289306640625,6.00471305847168,0.4332275390625,-0.097503662109375,73.5,193.25,chukchi
2024-08-03 22:00:00,3600,73.37837800000001,-166.66081566666665,0.11,98.8,0.0,6.5,197.5212144792862,,292.94458425413075,0.0071484852869894,306.3847385449667,0.0,0.0,1.0,0.5619444444444445,2024,0.390289306640625,6.00471305847168,0.4332275390625,-0.097503662109375,73.5,193.25,chukchi
2024-08-03 23:00:00,3598,73.50919808333333,-167.0301045,0.18,98.8,6.4,6.7,177.90057577575942,,321.0900274009406,6.416206206992288,321.0536859535545,0.0,0.0,1.0,0.0,2024,0.355133056640625,5.958958625793457,0.445281982421875,-0.101409912109375,73.5,193.0,chukchi
2024-08-04 00:00:00,3597,73.6448625,-167.39789900000002,0.15,98.8,5.8,6.8,177.1701648568768,,325.37491350720524,5.7145944068063494,323.0044510103357,0.0,0.0,1.0,0.0,2024,0.165679931640625,6.0373454093933105,0.431884765625,-0.253753662109375,73.75,192.5,chukchi
2024-08-04 01:00:00,3588,73.79513750000001,-167.73564275,0.24,98.9,6.3,6.8,179.04037861956726,,320.7767190919713,6.252936881963082,319.9251390524141,0.0,0.0,1.0,0.0,2024,0.169586181640625,5.987111568450928,0.4617919921875,-0.245941162109375,73.75,192.25,chukchi
2024-08-04 02:00:00,3596,73.86219841666667,-168.14541483333335,0.11,98.9,4.2,6.7,175.77534935397884,,232.08353702055933,4.182512880674066,283.10195210101006,0.0,0.0,1.0,0.3634593993325917,2024,0.286773681640625,5.90865421295166,0.521331787109375,-0.083831787109375,73.75,191.75,chukchi
2024-08-04 03:00:00,3599,73.86219633333333,-168.14541950000003,0.29,98.9,0.0,1.1,187.26100454169753,,210.10014369188073,0.0040174368337617,237.8030279301683,0.0,0.0,1.0,0.8007779938871908,2024,-0.085540771484375,4.146671772003174,0.521331787109375,-0.325775146484375,73.75,191.75,chukchi
2024-08-04 04:00:00,3599,73.86160933333333,-168.14713683333332,0.14,98.9,0.0,1.3,193.79783293333628,,219.9754934928277,0.0043541080293913,168.20920085190158,0.0,0.0,1.0,0.8766323978883023,2024,-0.085540771484375,4.146671772003174,0.521331787109375,-0.325775146484375,73.75,191.75,chukchi
2024-08-04 05:00:00,3598,73.86863825,-168.13765733333335,-0.06,98.9,4.4,6.7,183.81302047737591,,259.8132517344071,4.470292615617049,3.259677811184704,0.0,0.0,1.0,0.1372984991662034,2024,-0.085540771484375,4.146671772003174,0.521331787109375,-0.325775146484375,73.75,191.75,chukchi
2024-08-04 06:00:00,3587,74.02912616666667,-168.1634691666667,-0.08,99.0,6.5,7.1,179.7906386392327,,10.268850569660984,6.479383613181807,7.21618912847209,0.0,0.0,1.0,0.0,2024,-0.110931396484375,4.210561752319336,0.521331787109375,-0.419525146484375,74.0,191.75,chukchi
2024-08-04 07:00:00,3598,74.22820999999999,-168.08681558333336,-0.32,99.0,6.6,7.1,180.05383280549316,,4.121490060971251,6.588846805861853,0.9321235501762348,0.0,0.0,1.0,0.0,2024,-0.218353271484375,4.300273418426514,0.49853515625,-0.620697021484375,74.25,192.0,chukchi
2024-08-04 08:00:00,3599,74.334266,-168.0520271666667,-0.48,99.0,0.0,6.5,208.37495715937268,,306.48569903812466,0.002784873349797,337.972609687164,0.0,0.0,1.0,0.6499027507641011,2024,-0.218353271484375,4.300273418426514,0.49853515625,-0.620697021484375,74.25,192.0,chukchi
2024-08-04 09:00:00,3595,74.45551,-168.04328249999998,-0.82,98.9,6.2,7.1,179.97766571224253,,356.5994068257936,6.18438105056203,355.9754484357589,0.0,0.0,1.0,0.0,2024,-0.738861083984375,3.630082130432129,0.479461669921875,-1.397308349609375,74.5,192.0,chukchi
2024-08-04 10:00:00,3591,74.64290416666667,-168.04052516666664,-0.62,98.9,6.3,6.9,179.24997655179317,,4.685597341479538,6.272937556115115,1.140286903646884,0.0,0.0,1.0,0.0,2024,-0.738861083984375,4.0287346839904785,0.4676513671875,-1.407073974609375,74.75,192.0,chukchi
2024-08-04 11:00:00,3595,74.79073916666667,-168.0844455,-0.82,98.9,0.0,6.4,214.01928402515736,,323.5047060652983,0.0049434912249944,325.6855443603962,0.0,0.0,1.0,0.6286509040333796,2024,-0.738861083984375,4.0287346839904785,0.4676513671875,-1.407073974609375,74.75,192.0,chukchi
2024-08-04 12:00:00,3598,74.79073883333334,-168.08445891666668,-1.09,98.7,0.0,0.3,228.15710923321797,,313.31851276620506,0.0025856650549481,355.2731899960701,0.0,0.0,1.0,0.9216231239577544,2024,-0.738861083984375,4.0287346839904785,0.4676513671875,-1.407073974609375,74.75,192.0,chukchi
2024-08-04 13:00:00,3598,74.78792583333333,-168.05943283333332,-1.47,98.7,0.0,1.8,226.1457133956226,,294.9444383232979,0.0045095614224857,179.25751318165717,0.0,0.0,1.0,0.6756531406336854,2024,-0.738861083984375,4.0287346839904785,0.4676513671875,-1.407073974609375,74.75,192.0,chukchi
2024-08-04 14:00:00,3596,74.78747233333334,-168.06010475,-1.89,98.6,0.2,6.5,175.62280634211916,,286.8011944609054,0.2215828218729116,287.39138479692036,0.0,0.0,1.0,0.3656840934371524,2024,-0.738861083984375,4.0287346839904785,0.4676513671875,-1.407073974609375,74.75,192.0,chukchi
2024-08-04 15:00:00,3599,74.88137583333334,-168.44027266666666,-2.29,98.2,6.3,7.2,174.84909967846937,,317.87912025667515,6.209380917211832,316.2706084062737,0.0,0.0,1.0,0.0,2024,-0.708099365234375,3.4148659706115723,0.499481201171875,-2.249114990234375,75.0,191.5,chukchi
2024-08-06 13:00:00,3599,76.96891283333333,179.87138450000003,-0.9,98.4,0.0,6.1,223.22586607192173,,300.5434970571553,0.0032188787069183,207.33257480371103,0.0,0.0,1.0,0.8488469019171992,2024,-0.566986083984375,3.1964125633239746,0.496551513671875,-1.014984130859375,77.0,179.75,east_siberian
2024-08-06 14:00:00,3600,76.96842283333334,179.883278,-0.89,98.4,0.0,2.1,220.0891906104038,,280.0049837928275,0.0027543534783982,309.5328341101501,0.0,0.0,1.0,0.885,2024,-0.555267333984375,3.215510368347168,0.5086669921875,-1.001312255859375,77.0,180.0,east_siberian
2024-08-06 15:00:00,3599,76.96621683333333,179.8869993333333,-0.99,98.4,0.0,1.3,233.4226714511711,,280.63989078340785,0.008423289728742,169.1398728120721,0.0,0.0,1.0,0.7135315365379272,2024,-0.563323974609375,1.8840450048446655,0.5086669921875,-0.924407958984375,77.0,180.0,east_siberian
2024-08-06 16:00:00,3597,76.965215,179.81904033333333,-1.03,98.4,5.5,6.7,177.90072614801895,,326.517475519202,5.409627679470558,337.041531404775,0.0,0.0,1.0,0.1387267167083681,2024,-0.575042724609375,1.8766316175460815,0.496551513671875,-0.941986083984375,77.0,179.75,east_siberian
2024-08-13 10:00:00,3599,76.9948275,173.56129,-1.94,96.3,1.0,1.6,83.31967187920732,,249.4305119638089,1.1601172507325512,245.806750810133,0.0,0.0,1.0,0.1519866629619338,2024,-0.836761474609375,7.066176414489746,0.20770263671875,-1.686859130859375,77.0,173.5,east_siberian
2024-08-13 11:00:00,3598,76.99663616666666,173.42720366666666,-1.53,97.1,0.0,5.6,158.50232880467274,,133.4675629268021,0.0080996461293748,291.2677221714724,0.0,0.0,1.0,0.631461923290717,2024,-0.836761474609375,7.066176414489746,0.20770263671875,-1.686859130859375,77.0,173.5,east_siberian
2024-08-13 12:00:00,3599,76.99663383333333,173.427199,-1.3,97.6,0.0,0.1,164.76922206685782,,140.1818846577073,0.0047589729064177,140.68222615315585,0.0,0.0,1.0,0.8958043901083634,2024,-0.836761474609375,7.066176414489746,0.20770263671875,-1.686859130859375,77.0,173.5,east_siberian
2024-08-13 13:00:00,3599,76.99662433333333,173.42724616666666,-1.3,97.9,0.0,0.2,166.04528780360994,,140.16674133247665,0.0054543461177387,346.6588964969967,0.0,0.0,1.0,0.8316198944151153,2024,-0.836761474609375,7.066176414489746,0.20770263671875,-1.686859130859375,77.0,173.5,east_siberian
2024-08-13 14:00:00,3598,76.94594766666665,173.51301708333335,-1.27,98.1,6.4,6.8,178.48868290606944,,153.8996944401586,6.296448679380922,158.05176546372667,0.0,0.0,1.0,0.1553640911617565,2024,-0.836761474609375,7.066176414489746,0.20770263671875,-1.686859130859375,77.0,173.5,east_siberian
2024-08-13 15:00:00,3599,76.75579783333333,173.5945721666667,-1.06,98.2,6.5,7.6,179.37655658593116,,184.1626734229049,6.42826245840371,186.6792602358134,0.0,0.0,1.0,0.0,2024,-0.946014404296875,9.12226390838623,0.195587158203125,-1.773895263671875,76.75,173.5,east_siberian
2024-08-13 16:00:00,3600,76.5799085,173.55494866666663,-1.03,98.2,6.5,8.0,179.83125666294637,,184.12905657051255,6.4345767224059625,187.7013184711656,0.0,0.0,1.0,0.0,2024,-0.977264404296875,9.147933006286621,0.18414306640625,-1.898895263671875,76.5,173.5,east_siberian
2024-08-13 17:00:00,3597,76.389045,173.56066533333336,-1.45,97.9,6.5,6.7,179.9600500437097,,159.83066190703303,6.497870605124265,163.008202186471,0.0,0.0,1.0,0.0,2024,-0.977264404296875,9.147933006286621,0.18414306640625,-1.898895263671875,76.5,173.5,east_siberian
2024-08-13 18:00:00,3600,76.20501483333334,173.55795966666665,-1.68,97.8,6.6,6.8,180.00530555327552,,184.18672875404587,6.548227852168259,187.10748299746476,0.0,0.0,1.0,0.0,2024,-1.018280029296875,9.153730392456055,0.04681396484375,-2.037567138671875,76.25,173.5,east_siberian
2024-08-13 19:00:00,3598,76.05030541666667,173.57509191666668,-1.77,97.4,5.8,7.0,147.25891127268673,,170.0574121434953,5.728754311978374,187.8897135064856,0.0,0.0,1.0,0.0033351862145636,2024,-1.162811279296875,9.178484916687012,0.01959228515625,-2.404754638671875,76.0,173.5,east_siberian
2024-08-13 20:00:00,3599,75.97957716666666,173.57455266666668,-1.72,96.6,0.0,2.2,142.69418835414706,,46.40228170622054,0.0255155055510336,204.5900958630901,0.0,0.0,1.0,0.5429285912753543,2024,-1.162811279296875,9.178484916687012,0.01959228515625,-2.404754638671875,76.0,173.5,east_siberian
2024-08-13 21:00:00,3599,75.96848,173.54764433333335,-1.63,95.4,0.0,2.4,146.52298032761803,,39.42502545280504,0.0152382174853921,203.46754599254345,0.0,0.0,1.0,0.6707418727424285,2024,-0.734222412109375,9.6415433883667,0.0,-1.771209716796875,76.0,173.5,east_siberian
2024-08-13 22:00:00,3601,75.96394033333333,173.53671666666668,-1.75,94.9,0.0,6.0,154.62083725847285,,29.515266859957617,0.0067117542059021,238.75465206968897,0.0,0.0,1.0,0.8400444321021938,2024,-0.734222412109375,9.6415433883667,0.0,-1.771209716796875,76.0,173.5,east_siberian
2024-08-13 23:00:00,3599,75.89379966666667,173.87542266666665,-1.65,95.4,6.4,6.7,180.67106263180287,,135.08447909324204,6.353852845612654,137.2429584512628,0.0,0.0,1.0,0.0,2024,-0.724456787109375,9.722565650939941,0.0,-1.769256591796875,76.0,174.0,east_siberian
2024-08-14 00:00:00,3599,75.717554,174.26384083333335,-1.61,96.6,6.5,6.7,179.93328702040486,,141.4011279819271,6.409788314241277,145.8477272707091,0.0,0.0,1.0,0.0,2024,-0.896331787109375,10.170304298400879,0.043426513671875,-1.968475341796875,75.75,174.25,east_siberian
2024-08-14 01:00:00,3590,75.58930466666666,174.82620425000002,-1.49,96.8,6.4,6.7,179.92122562185574,,136.8269114946188,6.359359229080837,139.77710955758113,0.0,0.0,1.0,0.0,2024,-0.972503662109375,10.735072135925293,0.178558349609375,-1.964569091796875,75.5,174.75,east_siberian
2024-08-14 02:00:00,3597,75.42133783333334,175.29144750000003,-1.41,97.4,6.2,7.0,175.44819834089455,,126.62944010038495,6.200428014841743,151.2117721933025,0.0,0.0,1.0,0.2274117319988879,2024,-0.939300537109375,10.618780136108398,0.26953125,-1.892303466796875,75.5,175.25,east_siberian
2024-08-14 03:00:00,3599,75.38507116666666,175.30790916666666,-1.4,97.7,0.0,0.2,164.0261908254346,,19.464455432960712,0.0062591975746815,279.3404684070455,0.0,0.0,1.0,0.9035843289802724,2024,-0.761077880859375,9.15755844116211,0.26953125,-1.595550537109375,75.5,175.25,east_siberian
2024-08-14 04:00:00,3599,75.385064,175.30789633333333,-1.4,97.7,0.0,6.8,161.79609109821962,,352.539597964422,0.0089027508999654,238.39193291167223,0.0,0.0,1.0,0.6454570714087247,2024,-0.761077880859375,9.15755844116211,0.26953125,-1.595550537109375,75.5,175.25,east_siberian
2024-08-14 05:00:00,3600,75.28953466666667,174.86788525000003,-1.34,97.4,6.4,6.8,178.38884331764672,,230.04189213773,6.274088923933166,229.70263936689523,0.0,0.0,1.0,0.0,2024,-0.848968505859375,9.441734313964844,0.234954833984375,-1.669769287109375,75.25,174.75,east_siberian
2024-08-14 06:00:00,3599,75.17684966666667,174.222773,-1.31,97.3,6.7,7.0,180.05713007230955,,225.91792615149745,6.658848885941894,227.816865994501,0.0,0.0,1.0,0.0,2024,-0.870452880859375,9.995823860168457,0.078521728515625,-1.800628662109375,75.25,174.25,east_siberian
2024-08-14 07:00:00,3598,75.02588916666667,173.64511499999998,-1.3,97.4,6.8,7.8,174.51791854272787,,231.24687744916884,6.816211737380895,226.26929046521747,0.0,0.0,1.0,0.1395219566425792,2024,-0.889984130859375,10.422897338867188,0.09747314453125,-1.845550537109375,75.0,173.75,east_siberian
2024-08-14 08:00:00,3600,74.98809833333333,173.54658383333336,-1.26,97.5,0.0,0.3,162.42217526380767,,27.38858388714582,0.0086152651543611,316.2804356836488,0.0,0.0,1.0,0.8294444444444444,2024,-0.874359130859375,10.510579109191895,0.077301025390625,-1.847503662109375,75.0,173.5,east_siberian
2024-08-14 11:00:00,3599,74.7856525,172.79958633333337,-1.24,95.9,6.4,6.5,180.03734370357822,,216.2421937375973,6.385177658733704,221.18873737539468,0.0,0.0,1.0,0.0,2024,-0.890472412109375,9.637907028198242,0.0,-1.820648193359375,74.75,172.75,east_siberian
2024-08-14 12:00:00,3599,74.66650116666666,172.40189933333332,-1.26,94.5,0.4,6.5,153.72897363704004,,105.24182491460093,0.3454182730978714,230.41969159328343,0.0,0.0,1.0,0.3189774937482634,2024,-0.853363037109375,9.632925033569336,0.0,-1.783538818359375,74.75,172.5,east_siberian
2024-08-14 13:00:00,3596,74.59386141666667,172.14589983333332,-1.21,92.1,6.5,6.8,178.34362378033816,,223.8909455306146,6.4388806562341125,225.10852498373,0.0,0.0,1.0,0.0,2024,-0.755706787109375,9.86411190032959,0.0,-1.750335693359375,74.5,172.25,east_siberian
2024-08-14 14:00:00,3599,74.44924333333333,171.62041349999998,-1.21,92.9,6.4,7.6,180.06517929943203,,221.46012130599897,6.413627242048573,223.5718185082599,0.0,0.0,1.0,0.0,2024,-0.654144287109375,9.892820358276367,0.0,-1.680023193359375,74.5,171.5,east_siberian
2024-08-14 15:00:00,3597,74.3331065,171.20252116666663,-1.21,88.9,0.4,6.6,158.77418561333056,,178.09648892866022,0.3239698050968302,199.9621398740921,0.0,0.0,1.0,0.3033083124826244,2024,-0.755706787109375,7.316447734832764,0.0,-1.511322021484375,74.25,171.25,east_siberian
2024-08-14 16:00:00,3598,74.24718341666667,170.90019525000002,-1.4,88.8,6.1,6.3,180.08037799263587,,226.46182372689063,6.104183336859092,226.2269968851146,0.0,0.0,1.0,0.0,2024,-0.736175537109375,7.33659029006958,0.0,-1.511322021484375,74.25,171.0,east_siberian
2024-08-14 17:00:00,3598,74.10632558333333,170.41738758333332,-1.3,92.7,6.3,6.4,180.0676764908635,,219.04369313013729,6.23212393157983,219.67768680523204,0.0,0.0,1.0,0.0,2024,-0.747894287109375,7.479207992553711,0.0,-1.523040771484375,74.0,170.5,east_siberian
2024-08-14 18:00:00,3600,73.9936275,170.05717366666667,-1.25,96.9,0.0,6.3,194.98912705114807,,277.65930262178443,0.0158403474513317,222.82996684292743,0.0,0.0,1.0,0.5663888888888889,2024,-0.732269287109375,7.374009609222412,0.0,-1.483978271484375,74.0,170.0,east_siberian
2024-08-14 19:00:00,3599,73.99362083333334,170.057426,-0.94,97.8,0.0,0.2,212.13461837013568,,328.99563550979383,0.0035040970713665,46.86940048152579,0.0,0.0,1.0,0.9583217560433454,2024,-0.732269287109375,7.374009609222412,0.0,-1.483978271484375,74.0,170.0,east_siberian
2024-08-14 22:00:00,3598,74.07865516666666,170.58170133333334,-1.35,98.0,6.1,6.2,179.9,,58.13129840602141,6.066777493050891,57.89885340221351,0.0,0.0,1.0,0.0,2024,-0.848236083984375,6.379711151123047,0.0,-1.559661865234375,74.0,170.5,east_siberian
2024-08-14 23:00:00,3587,74.18194116666668,171.18979133333335,-1.48,98.0,6.2,6.3,179.89385703087376,,60.83821197952127,6.180814825715251,58.915383050305714,0.0,0.0,1.0,0.0,2024,-0.693939208984375,6.426368236541748,0.0,-1.374114990234375,74.25,171.25,east_siberian
2024-08-15 00:00:00,3579,74.279296,171.84325266666667,-1.54,98.0,6.4,6.5,179.9,,64.72217627755592,6.342910792528064,62.62656310247623,0.0,0.0,1.0,0.0,2024,-0.686126708984375,6.3495049476623535,0.0,-1.356536865234375,74.25,171.75,east_siberian
2024-08-15 01:00:00,3585,74.37726933333333,172.5140463333333,-2.12,97.7,6.5,6.6,179.8950014076333,,62.17214233640486,6.438259417416697,60.6232885855912,0.0,0.0,1.0,0.0,2024,-0.795501708984375,5.914926052093506,0.0,-1.376068115234375,74.5,172.5,east_siberian
2024-08-15 02:00:00,3584,74.47875391666666,173.18717508333333,-2.12,97.6,6.4,6.6,179.89952778447602,,59.59218319911626,6.393435847833867,58.996701902287555,0.0,0.0,1.0,0.0,2024,-0.859954833984375,5.789273738861084,0.049346923828125,-1.553802490234375,74.5,173.25,east_siberian
2024-08-15 03:00:00,3575,74.5865165,173.823937,-1.94,97.6,6.4,6.5,179.9,,61.09289337431957,6.392709151792466,61.444241275885574,0.0,0.0,1.0,0.0,2024,-1.003753662109375,7.496738433837891,0.080841064453125,-1.851165771484375,74.5,173.75,east_siberian
2024-08-15 06:00:00,3598,74.70071150000001,174.5190700833333,-1.3,98.0,0.3,5.9,148.78923019145026,,70.22125876173884,0.2577721070090318,242.7391237645827,0.0,0.0,1.0,0.2996108949416342,2024,-1.115081787109375,6.992319583892822,0.132080078125,-1.792572021484375,74.75,174.5,east_siberian
2024-08-15 07:00:00,3600,74.70055258333333,174.5191635,-1.25,98.1,0.0,0.9,173.71644447655754,,18.139764173580947,0.0165385796876562,14.939348595866315,0.0,0.0,1.0,0.6916666666666667,2024,-1.115081787109375,6.992319583892822,0.132080078125,-1.792572021484375,74.75,174.5,east_siberian
2024-08-15 08:00:00,3600,74.70102775000001,174.51572133333335,-1.26,98.1,0.0,0.8,174.55390797655454,,315.1790328190239,0.0328288847572245,268.5201216627313,0.0,0.0,1.0,0.5188888888888888,2024,-1.115081787109375,6.992319583892822,0.132080078125,-1.792572021484375,74.75,174.5,east_siberian
2024-08-15 09:00:00,3601,74.7015385,174.49680733333335,-1.16,98.1,0.0,5.9,198.81824063933257,,289.2673722300311,0.0134019050084796,355.3069081174002,0.0,0.0,1.0,0.636489863926687,2024,-0.662933349609375,8.854360580444336,0.132080078125,-1.271575927734375,74.75,174.5,east_siberian
2024-08-15 10:00:00,3599,74.7095185,174.55122683333332,-0.94,98.3,0.0,1.0,195.27041222480304,,199.77147471343372,0.0140888866763478,85.31208984209132,0.0,0.0,1.0,0.6371214226173937,2024,-0.662933349609375,8.854360580444336,0.132080078125,-1.271575927734375,74.75,174.5,east_siberian
2024-08-15 11:00:00,3599,74.710095,174.54974533333333,-0.79,98.4,0.1,0.3,189.59787262217415,,254.5533696723568,0.0442603687755804,326.8923690195994,0.0,0.0,1.0,0.4048346762989719,2024,-0.662933349609375,8.854360580444336,0.132080078125,-1.271575927734375,74.75,174.5,east_siberian
2024-08-15 12:00:00,3599,74.7098525,174.549902,-0.95,98.4,0.1,0.3,192.23245820230147,,251.73760907793272,0.0330987328914164,153.86065482539422,0.0,0.0,1.0,0.495693248124479,2024,-0.662933349609375,8.854360580444336,0.132080078125,-1.271575927734375,74.75,174.5,east_siberian
2024-08-15 15:00:00,3600,74.71040966666666,174.54995499999998,-1.17,98.3,0.0,0.3,206.79035926878728,,295.990107663245,0.0109581079023077,68.48872067029338,0.0,0.0,1.0,0.6819444444444445,2024,-0.707122802734375,8.343351364135742,0.132080078125,-1.611175537109375,74.75,174.5,east_siberian
2024-08-15 16:00:00,3599,74.7104985,174.55025600000002,-1.71,98.1,0.0,0.7,207.1700153179058,,322.78765239090905,0.0224181706319129,219.10048644156376,0.0,0.0,1.0,0.6601833842734093,2024,-0.707122802734375,8.343351364135742,0.132080078125,-1.611175537109375,74.75,174.5,east_siberian
2024-08-15 17:00:00,3596,74.69972608333333,174.53402025000003,-1.6,98.0,0.4,6.2,167.85989166225795,,356.4061452965307,0.2806589952839465,0.2952026150074934,0.0,0.0,1.0,0.1562847608453837,2024,-0.707122802734375,8.343351364135742,0.132080078125,-1.611175537109375,74.75,174.5,east_siberian
2024-08-15 18:00:00,3594,74.73904199999998,174.84380683333336,-1.61,98.0,6.0,6.4,182.3867996444999,,55.68415765653339,5.9564331328584865,56.08915071588204,0.0,0.0,1.0,0.0395102949360044,2024,-0.732513427734375,8.247380256652832,0.200714111328125,-1.618988037109375,74.75,174.75,east_siberian
2024-08-15 19:00:00,3599,74.86871233333333,175.29663266666665,-1.82,97.8,6.1,6.4,184.7912062760463,,53.228431466598735,6.081844224648193,51.73110038351142,0.0,0.0,1.0,0.0,2024,-0.773529052734375,8.057928085327148,0.293212890625,-1.626800537109375,74.75,175.25,east_siberian
2024-08-15 20:00:00,3587,74.93679399999999,175.94183549999997,-1.82,97.7,5.9,6.4,184.3868314494868,,63.39732659928674,5.789071148229368,62.52097553272784,0.0,0.0,1.0,0.0,2024,-0.910247802734375,7.776731491088867,0.368072509765625,-1.673675537109375,75.0,176.0,east_siberian
2024-08-15 21:00:00,3589,75.03092733333332,176.59458966666668,-1.71,97.6,6.1,6.5,182.6988357485465,,65.1951101956164,6.036954226306002,64.43394357090364,0.0,0.0,1.0,0.0,2024,-0.724945068359375,8.988738059997559,0.35400390625,-2.080413818359375,75.0,176.5,east_siberian
2024-08-16 00:00:00,3599,75.07225916666667,177.01951283333335,-1.3,98.0,0.1,6.5,185.84828935200943,,254.78761522828685,0.0832722636172121,219.50088314068384,0.0,0.0,1.0,0.4348430119477632,2024,-0.767913818359375,8.836618423461914,0.37823486328125,-2.045257568359375,75.0,177.0,east_siberian
2024-08-16 01:00:00,3600,75.071048,177.01239533333336,-1.3,98.0,0.0,6.4,201.5829899978959,,249.83903218502837,0.0100076122735293,27.96809487975362,0.0,0.0,1.0,0.6036111111111111,2024,-0.767913818359375,8.836618423461914,0.37823486328125,-2.045257568359375,75.0,177.0,east_siberian
2024-08-16 02:00:00,3597,75.18388333333334,177.17505633333332,-1.34,98.0,6.4,6.7,180.05767593298185,,11.56226479534014,6.337554455295193,12.732004121292132,0.0,0.0,1.0,0.0,2024,-0.758148193359375,8.31191349029541,0.3902587890625,-2.254241943359375,75.25,177.25,east_siberian
2024-08-16 03:00:00,3598,75.37583608333333,177.18696183333333,-1.26,98.1,6.1,6.6,179.06841045357953,,0.9197649220204271,6.042253748784242,1.125583776165202,0.0,0.0,1.0,0.0,2024,-1.037933349609375,8.043315887451172,0.337188720703125,-2.018157958984375,75.5,177.25,east_siberian
2024-08-16 04:00:00,3601,75.52910816666667,177.05432816666664,-1.32,98.1,6.0,6.3,174.6622373528913,,337.83929995517843,5.950624307470475,337.1640209854801,0.0,0.0,1.0,0.0,2024,-1.043792724609375,8.156688690185547,0.317626953125,-2.016204833984375,75.5,177.0,east_siberian
2024-08-16 05:00:00,3596,75.714875,177.01070508333336,-1.51,98.0,6.1,6.4,181.10597621170828,,5.81685948178686,6.0255307101244755,6.314031165245994,0.0,0.0,1.0,0.0005561735261401,2024,-1.098480224609375,7.736895561218262,0.24761962890625,-1.996673583984375,75.75,177.0,east_siberian
2024-08-16 06:00:00,3599,75.8018665,177.06317583333336,-1.54,97.9,0.0,1.4,192.68551753483675,,308.39410584614086,0.0225864339330405,6.532029112187308,0.0,0.0,1.0,0.5682133926090581,2024,-1.098480224609375,7.736895561218262,0.24761962890625,-1.996673583984375,75.75,177.0,east_siberian
2024-08-16 07:00:00,3599,75.80239350000001,177.05045216666664,-1.48,98.0,0.3,2.0,93.73730063494938,,278.99282645645326,0.353799728622964,259.99378849553443,0.0,0.0,1.0,0.0522367324256737,2024,-1.098480224609375,7.736895561218262,0.24761962890625,-1.996673583984375,75.75,177.0,east_siberian
2024-08-16 08:00:00,3598,75.80146483333333,177.04912416666667,-1.48,98.0,0.1,5.3,190.83290881102008,,281.81424219031027,0.0411224485639998,168.71090535528978,0.0,0.0,1.0,0.4346859366314619,2024,-1.098480224609375,7.736895561218262,0.24761962890625,-1.996673583984375,75.75,177.0,east_siberian
2024-08-16 09:00:00,3600,75.801503,177.05175041666666,-1.48,98.0,0.0,0.3,189.2358773056787,,349.33447041114647,0.0069621636326889,253.2063795793778,0.0,0.0,1.0,0.8577777777777778,2024,-1.356048583984375,4.2636189460754395,0.24761962890625,-1.939788818359375,75.75,177.0,east_siberian
2024-08-16 10:00:00,3600,75.80164091666667,177.047916,-1.18,98.2,0.0,1.3,147.06838185322115,,82.56960032039737,0.016145995385727,250.0852021262471,0.0,0.0,1.0,0.5266666666666666,2024,-1.356048583984375,4.2636189460754395,0.24761962890625,-1.939788818359375,75.75,177.0,east_siberian
2024-08-16 11:00:00,3600,75.79344583333334,177.02837441666668,-1.41,98.1,0.1,1.4,162.36863853191136,,171.97295178904386,0.131123586325737,166.8043141499547,0.0,0.0,1.0,0.2063888888888889,2024,-1.356048583984375,4.2636189460754395,0.24761962890625,-1.939788818359375,75.75,177.0,east_siberian
2024-08-16 12:00:00,3600,75.79276133333333,177.0277373333333,-1.46,98.1,0.0,0.3,147.61714230470298,,60.75081349620067,0.004694287287971,209.85656705546776,0.0,0.0,1.0,0.7672222222222222,2024,-1.356048583984375,4.2636189460754395,0.24761962890625,-1.939788818359375,75.75,177.0,east_siberian
2024-08-16 13:00:00,3599,75.79237816666667,177.02832933333332,-1.51,98.0,0.0,0.3,143.75556570434614,,89.61929322385764,0.0039507085133005,240.10869953456609,0.0,0.0,1.0,0.935815504306752,2024,-1.356048583984375,4.2636189460754395,0.24761962890625,-1.939788818359375,75.75,177.0,east_siberian
2024-08-16 14:00:00,3599,75.79220916666667,177.0280831666667,-1.49,98.0,0.1,0.4,164.743916039647,,133.42612585663153,0.092213706913937,272.17813917207076,0.0,0.0,1.0,0.3970547374270631,2024,-1.356048583984375,4.2636189460754395,0.24761962890625,-1.939788818359375,75.75,177.0,east_siberian
2024-08-16 15:00:00,3600,75.7928805,177.02443516666668,-1.73,98.0,0.0,0.5,197.54605873425643,,327.1477179034424,0.0126984727806674,24.21163938748928,0.0,0.0,1.0,0.6522222222222223,2024,-1.364593505859375,8.370274543762207,0.24761962890625,-2.191986083984375,75.75,177.0,east_siberian
2024-08-16 16:00:00,3600,75.79620483333333,177.06634041666666,-2.12,97.6,0.1,5.8,185.7467326011125,,329.3977450640824,0.0991181836597083,301.33883232526324,0.0,0.0,1.0,0.3411111111111111,2024,-1.364593505859375,8.370274543762207,0.24761962890625,-2.191986083984375,75.75,177.0,east_siberian
2024-08-16 17:00:00,3599,75.79856766666667,177.0749613333333,-2.08,97.5,0.1,0.6,165.2032420346287,,336.7166670524544,0.1569855702089525,325.39169437197353,0.0,0.0,1.0,0.1594887468741317,2024,-1.364593505859375,8.370274543762207,0.24761962890625,-2.191986083984375,75.75,177.0,east_siberian
2024-08-16 18:00:00,3600,75.79902916666666,177.0696384166667,-2.03,97.4,0.1,4.8,203.484819684562,,4.493183824128034,0.1161630187734021,76.16686632218322,0.0,0.0,1.0,0.37,2024,-1.364593505859375,8.370274543762207,0.24761962890625,-2.191986083984375,75.75,177.0,east_siberian
2024-08-16 19:00:00,3596,75.86861216666665,177.3695625,-2.03,97.2,6.1,6.3,180.359125966576,,46.790794058381636,6.06238188177022,47.89566981791196,0.0,0.0,1.0,0.0,2024,-1.364593505859375,8.009101867675781,0.26885986328125,-2.123626708984375,75.75,177.25,east_siberian
2024-08-16 20:00:00,3599,75.9914635,177.97779899999998,-1.97,95.7,6.0,6.3,179.99997371254003,,52.54366618388848,6.0192437683618705,51.8861359299018,0.0,0.0,1.0,0.0,2024,-1.368499755859375,7.179460048675537,0.294647216796875,-2.002532958984375,76.0,178.0,east_siberian
2024-08-16 21:00:00,3593,76.1053,178.5597316666667,-1.85,91.6,6.0,13.1,180.90264961019685,,49.70539115819264,5.954282228427265,47.81012666738225,0.0002783189535207,0.0002783189535207,1.0,0.0066796548844976,2024,-1.357025146484375,8.852861404418945,0.329986572265625,-3.217864990234375,76.0,178.5,east_siberian
2024-08-16 22:00:00,3597,76.145684,178.70267916666666,-1.85,87.6,5.3,6.6,177.60086682080305,,296.4809377497079,5.131836414798581,250.0882788981661,0.0,0.0,1.0,0.1150959132610508,2024,-1.390228271484375,8.99125862121582,0.356689453125,-3.329193115234375,76.25,178.75,east_siberian
2024-08-16 23:00:00,3600,76.12535291666666,178.7660125,-1.85,90.1,2.7,6.3,183.1431970501284,,76.01557350324953,2.9230542803769355,75.8103560580723,0.0,0.0,1.0,0.1072222222222222,2024,-1.390228271484375,8.99125862121582,0.356689453125,-3.329193115234375,76.25,178.75,east_siberian
2024-08-17 00:00:00,3600,76.12178825000001,178.78300283333334,-1.75,89.2,0.2,2.8,207.82864868766111,,107.88575923414102,0.1771034381518343,90.45315805257184,0.0,0.0,1.0,0.2305555555555555,2024,-1.335540771484375,8.915770530700684,0.346893310546875,-3.053802490234375,76.0,178.75,east_siberian
2024-08-17 01:00:00,3600,76.12249100000001,178.77934683333334,-1.75,91.8,0.1,2.9,191.69208129810264,,30.66868147222317,0.0502314753836362,147.21054012770708,0.0,0.0,1.0,0.4486111111111111,2024,-1.335540771484375,8.915770530700684,0.346893310546875,-3.053802490234375,76.0,178.75,east_siberian
2024-08-17 02:00:00,3599,76.12248833333334,178.79815633333334,-1.63,93.4,0.0,0.2,210.65743348596865,,322.52217408459853,0.0059767084484982,205.2439392405905,0.0,0.0,1.0,0.910530702973048,2024,-1.335540771484375,8.915770530700684,0.346893310546875,-3.053802490234375,76.0,178.75,east_siberian
2024-08-17 03:00:00,3599,76.12240733333333,178.7978098333333,-1.75,83.8,0.0,6.7,199.1831281992462,,235.56215466874048,0.0113575145759095,169.68994528668222,0.0,0.0,1.0,0.6304529035843289,2024,-0.856536865234375,7.26287317276001,0.346893310546875,-2.552825927734375,76.0,178.75,east_siberian
2024-08-17 04:00:00,3600,76.02549058333334,179.16950258333333,-1.71,82.3,6.7,7.0,179.93341666292008,,130.8013064747252,6.636320042630316,133.96097940988042,0.0,0.0,1.0,0.0,2024,-0.870208740234375,7.213773727416992,0.3746337890625,-2.671966552734375,76.0,179.25,east_siberian
2024-08-17 05:00:00,3599,75.83995516666667,179.34005083333335,-1.69,81.9,6.4,7.9,179.3901513155062,,181.88862256839457,6.402825966573023,185.27475015015747,0.0,0.0,1.0,0.0,2024,-1.024505615234375,7.009740352630615,0.39923095703125,-3.140716552734375,75.75,179.25,east_siberian
2024-08-17 06:00:00,3599,75.68636583333334,179.58743900000002,-1.7,82.8,6.1,6.7,186.85954887185144,,129.94839036771438,5.993660716476229,133.56459028345344,0.0,0.0,1.0,0.0,2024,-1.020599365234375,6.98649263381958,0.410919189453125,-3.164154052734375,75.75,179.5,east_siberian
2024-08-17 07:00:00,3601,75.53152716666666,179.88794433333334,-1.68,82.6,5.6,6.8,175.61921031504133,,141.614692789215,5.638889002235006,166.1157176491711,0.0,0.0,1.0,0.1816162177173007,2024,-1.128021240234375,6.791828632354736,0.442840576171875,-3.449310302734375,75.5,180.0,east_siberian
2024-08-17 08:00:00,3599,75.49811183333333,179.94655083333333,-1.45,83.3,0.0,6.7,150.99803595737657,,92.36933676296982,0.007515848803023,253.1570438442354,0.0,0.0,1.0,0.8149485968324535,2024,-1.128021240234375,6.791828632354736,0.442840576171875,-3.449310302734375,75.5,180.0,east_siberian
2024-08-17 09:00:00,3598,75.40200383333334,179.88845491666666,-1.51,92.55,5.9,6.7,180.08996439968104,,171.4562204202336,5.836779308157305,173.31928270904348,0.0,0.0,1.0,0.0,2024,-1.256195068359375,6.305855751037598,0.442840576171875,-2.318450927734375,75.5,180.0,east_siberian
2024-08-20 15:00:00,3600,74.99657766666667,-165.28773183333334,-1.33,94.5,6.3,6.5,188.26644149069887,,136.86760458555486,6.276378789791383,127.59889211020337,0.0,0.0,1.0,0.2444444444444444,2024,-0.783538818359375,7.966144561767578,0.0,-3.008636474609375,75.0,194.75,chukchi
2024-08-20 16:00:00,3600,74.90198358333333,-164.58434241666663,-1.23,94.9,6.4,6.7,179.92656631334475,,117.52031305393446,6.3931352915103306,120.59142045164457,0.0,0.0,1.0,0.0,2024,-0.664398193359375,8.183103561401367,0.0,-2.916839599609375,75.0,195.5,chukchi
2024-08-20 17:00:00,3599,74.79553533333333,-163.9085685,-0.99,94.6,6.4,6.7,179.8983065568653,,118.2091266475564,6.41933383921876,121.53660154501416,0.0,0.0,1.0,0.0,2024,-0.566741943359375,7.634462356567383,0.0,-2.811370849609375,74.75,196.0,chukchi
2024-08-20 18:00:00,3599,74.6886765,-163.23007566666666,-0.85,94.7,6.4,6.7,179.9,,116.68482309126242,6.3777920412797675,120.91102338030122,0.0,0.0,1.0,0.0,2024,-0.486663818359375,7.774964332580566,0.0,-2.563323974609375,74.75,196.75,chukchi
2024-08-20 19:00:00,3599,74.58294733333334,-162.56572966666667,-0.6,89.9,6.4,7.0,179.89468223206794,,117.29057189982728,6.33576972470131,121.03713547148348,0.0,0.0,1.0,0.0,2024,-0.387054443359375,7.365306377410889,0.0,-2.448089599609375,74.5,197.5,chukchi
2024-08-20 20:00:00,3361,74.5164285,-162.151539,-0.53,86.8,0.1,6.4,195.0238833851698,,285.2078703602318,0.0110145531449446,102.448510924703,0.0002975304968759,0.0,1.0,0.4013686402856293,2024,-0.359710693359375,7.397716522216797,0.0,-2.391448974609375,74.5,197.75,chukchi
2024-08-20 21:00:00,3598,74.516431,-162.15155383333334,-0.49,84.4,0.0,0.7,195.268288069662,,284.2831513028342,0.006735270249971,58.69808257393424,0.0,0.0,1.0,0.537520844913841,2024,-0.467376708984375,6.706984043121338,0.0,-3.346038818359375,74.5,197.75,chukchi
2024-08-20 22:00:00,3600,74.51640916666666,-162.151556,-0.46,85.6,0.0,0.4,197.25916397877737,,270.40837856019755,0.0078815930270943,49.590539610756245,0.0,0.0,1.0,0.6366666666666667,2024,-0.467376708984375,6.706984043121338,0.0,-3.346038818359375,74.5,197.75,chukchi
2024-08-20 23:00:00,3599,74.51557433333333,-162.15655166666664,-0.44,86.2,0.1,5.9,168.69510592261057,,239.4627007311402,0.0147394050723325,221.74287430804847,0.0,0.0,1.0,0.3003612114476243,2024,-0.467376708984375,6.706984043121338,0.0,-3.346038818359375,74.5,197.75,chukchi
2024-08-21 00:00:00,3600,74.55990366666666,-161.80497608333332,-0.3,85.5,6.4,6.5,179.9,,63.427792002679304,6.347419056135535,64.93927983711922,0.0,0.0,1.0,0.0,2024,-0.469329833984375,6.809746742248535,0.0,-3.349945068359375,74.5,198.25,chukchi
2024-08-21 01:00:00,3595,74.64510166666668,-161.08878916666666,-0.16,74.2,6.5,6.8,179.9,,63.81905522023277,6.515879955745574,65.8200964927595,0.0,0.0,1.0,0.0,2024,-0.586517333984375,7.420087814331055,0.0,-3.265960693359375,74.75,199.0,chukchi
2024-08-21 02:00:00,3599,74.66571766666667,-160.55504633333334,-0.16,74.5,2.0,6.8,216.5198069797609,,159.0654492073029,1.7844393687544315,97.10577068790116,0.0,0.0,1.0,0.0069463739927757,2024,-0.500579833984375,7.4400410652160645,0.0,-3.211273193359375,74.75,199.5,chukchi
2024-08-21 03:00:00,3599,74.71072666666667,-160.174995,-0.1,80.7,6.9,7.0,182.63179931412876,,60.58163849237002,6.82975880046412,63.63334135623807,0.0,0.0,1.0,0.0,2024,-0.056243896484375,7.423041820526123,0.0,-3.556732177734375,74.75,199.75,chukchi
2024-08-21 04:00:00,3599,74.80912666666667,-159.42892983333334,-0.79,93.3,6.8,7.0,179.9,,60.47329672405804,6.754649115192064,62.64897736835833,0.0,0.0,1.0,0.0,2024,-0.120697021484375,7.30045747756958,0.0,-3.564544677734375,74.75,200.5,chukchi
2024-08-21 05:00:00,3599,74.9092655,-158.68944166666668,-1.27,91.0,6.7,6.9,179.9,,59.10938390307914,6.683698719166135,62.71318724639085,0.0,0.0,1.0,0.0,2024,-0.235931396484375,7.371945381164551,0.0,-3.486419677734375,75.0,201.25,chukchi
2024-08-24 02:00:00,3601,74.84173216666666,-167.81763016666665,-0.99,94.9,6.1,6.6,184.91883178304872,,221.34453640819692,6.086329876244128,203.06285424741745,0.0,0.0,1.0,0.2204943071369064,2024,-0.724945068359375,10.164346694946289,0.0,-1.934906005859375,74.75,192.25,chukchi
2024-08-24 03:00:00,3599,74.80541083333333,-167.88188833333334,-1.06,95.1,0.0,1.1,208.22341641990369,,283.9394269699768,0.0078087027879948,223.1881203518857,0.0,0.0,1.0,0.9044178938594054,2024,-0.648529052734375,10.485608100891113,0.0,-1.871185302734375,74.75,192.0,chukchi
2024-08-24 04:00:00,3599,74.75937833333334,-167.98389633333335,-1.23,96.3,0.7,6.5,174.3338604339803,,259.2618133648913,0.7237804866457113,237.26294782254587,0.0,0.0,1.0,0.3011947763267574,2024,-0.648529052734375,10.485608100891113,0.0,-1.871185302734375,74.75,192.0,chukchi
2024-08-24 05:00:00,3600,74.74358866666667,-168.039188,-1.23,95.0,0.0,1.2,204.577240511908,,299.96433296288683,0.0092419445624493,182.60181597506988,0.0,0.0,1.0,0.6438888888888888,2024,-0.648529052734375,10.485608100891113,0.0,-1.871185302734375,74.75,192.0,chukchi
2024-08-24 06:00:00,3599,74.7411995,-168.02058666666665,-1.17,94.4,0.2,2.7,200.39186002141872,,320.95557634975944,0.1726121020956658,6.765909108568468,0.0,0.0,1.0,0.360933592664629,2024,-0.648529052734375,10.485608100891113,0.0,-1.871185302734375,74.75,192.0,chukchi
2024-08-24 07:00:00,3600,74.74120416666666,-168.02058100000002,-1.13,93.0,0.0,0.2,204.78781519206944,,324.6703456690667,0.01113028831658,237.003535114405,0.0,0.0,1.0,0.8830555555555556,2024,-0.648529052734375,10.485608100891113,0.0,-1.871185302734375,74.75,192.0,chukchi
2024-08-24 08:00:00,3599,74.74128133333333,-168.01986483333332,-1.16,95.6,0.0,0.4,194.64410822574612,,343.6459913868846,0.0155232451577152,89.69550096857789,0.0,0.0,1.0,0.7913309252570159,2024,-0.648529052734375,10.485608100891113,0.0,-1.871185302734375,74.75,192.0,chukchi
2024-08-24 09:00:00,3601,74.74130133333333,-168.01980116666667,-1.17,97.7,0.0,0.3,196.55588878815036,,347.27221900714727,0.0144250766105858,97.40508479003454,0.0,0.0,1.0,0.8750347125798389,2024,-0.433929443359375,10.605393409729004,0.0,-1.542327880859375,74.75,192.0,chukchi
2024-08-24 10:00:00,3599,74.74130216666667,-168.019136,-1.13,97.8,0.0,1.3,184.92322292767705,,2.55370222434776,0.0082324993064057,114.55893200606492,0.0,0.0,1.0,0.955543206446235,2024,-0.433929443359375,10.605393409729004,0.0,-1.542327880859375,74.75,192.0,chukchi
2024-08-24 13:00:00,3599,74.5285225,-167.02133816666665,-1.07,96.1,6.4,7.3,179.89620252279178,,130.95106146330644,6.335015451419816,134.46339261268616,0.0,0.0,1.0,0.0,2024,-0.185882568359375,10.362142562866211,0.0,-1.374359130859375,74.5,193.0,chukchi
2024-08-24 14:00:00,3599,74.37273933333333,-166.5067358333333,-1.08,97.0,6.5,6.6,186.311195157698,,137.48685174557318,6.460518811792111,139.1107771900632,0.0,0.0,1.0,0.0,2024,-0.181976318359375,9.96772289276123,0.0,-1.413421630859375,74.25,193.5,chukchi
2024-08-24 15:00:00,3346,74.24867358333333,-166.11272149999996,-0.87,96.7,6.5,6.6,187.99536477221932,,138.14450974596025,6.430035037315605,137.08063084656462,0.0,0.0,1.0,0.0,2024,0.159820556640625,10.353035926818848,0.0,-1.030120849609375,74.25,194.0,chukchi
2024-08-24 17:00:00,3599,73.92381099999999,-165.08408516666665,-0.57,94.9,6.6,7.1,179.89972214856104,,137.17494730259813,6.612033455281434,139.12937793766469,0.0,0.0,1.0,0.0,2024,0.140289306640625,10.352380752563477,0.0,-1.118011474609375,74.0,195.0,chukchi
2024-08-24 18:00:00,3599,73.79999983333333,-164.7001278333333,-0.71,95.9,0.2,6.7,187.12020329990688,,311.1535898024158,0.0517627554022188,137.1953531752169,0.0,0.0,1.0,0.1019727702139483,2024,0.066070556640625,10.323219299316406,0.0,-1.266448974609375,73.75,195.25,chukchi
2024-08-24 19:00:00,3471,73.79996366666666,-164.70021533333335,-0.8,96.4,0.1,0.4,189.85562443892675,,299.892246533442,0.011927444779197,265.9921723018972,0.0005762028233938,0.0002881014116969,1.0,0.2244309997118986,2024,0.066070556640625,10.323219299316406,0.0,-1.266448974609375,73.75,195.25,chukchi
2024-08-24 20:00:00,3599,73.79996116666666,-164.70018116666662,-0.76,96.6,0.1,0.8,189.09749066548108,,299.90805799878274,0.0117392388504483,192.73749483954188,0.0,0.0,1.0,0.1956098916365657,2024,0.066070556640625,10.323219299316406,0.0,-1.266448974609375,73.75,195.25,chukchi
2024-08-24 21:00:00,3599,73.799965,-164.70019600000003,-0.53,91.3,0.1,0.5,189.6964163155953,,299.9108638874188,0.0179986274375536,59.13795484296251,0.0,0.0,1.0,0.216726868574604,2024,-0.112640380859375,11.478175163269043,0.0,-1.235443115234375,73.75,195.25,chukchi
2024-08-24 22:00:00,3599,73.79997533333334,-164.70019433333334,-0.55,91.3,0.1,0.6,188.13187810178772,,299.5732149833319,0.0166243573253494,130.17032904698425,0.0,0.0,1.0,0.189774937482634,2024,-0.112640380859375,11.478175163269043,0.0,-1.235443115234375,73.75,195.25,chukchi
2024-08-24 23:00:00,3600,73.77498483333332,-164.6217345,-0.62,91.6,5.5,6.0,183.55668778050384,,143.2864988860985,5.467519534137339,135.3455304376465,0.0,0.0,1.0,0.0383333333333333,2024,-0.048187255859375,11.51117992401123,0.0,-1.163177490234375,73.75,195.5,chukchi
2024-08-25 02:00:00,3599,73.39102849999999,-163.32905583333334,-0.71,92.0,5.5,6.3,179.91952483813762,,131.26439697534727,5.436436896513001,136.7645278176197,0.0,0.0,1.0,0.0,2024,0.270172119140625,11.635931968688965,0.0,-0.866302490234375,73.5,196.75,chukchi
2024-08-25 03:00:00,3601,73.265321,-162.90540116666668,-0.71,92.1,5.4,5.6,179.94613628197675,,132.22226242614187,5.402745035450255,136.31875045446137,0.0,0.0,1.0,0.0,2024,-0.522308349609375,9.964090347290039,0.0,-2.115325927734375,73.25,197.0,chukchi
2024-08-25 04:00:00,3598,73.13884858333333,-162.50119091666667,-0.99,93.4,5.2,5.4,206.4834358358031,,132.91977617877208,5.149481360213448,136.37349992895375,0.0,0.0,1.0,0.0,2024,-0.473480224609375,9.981861114501953,0.0,-2.050872802734375,73.25,197.5,chukchi
2024-08-25 05:00:00,3600,73.01964008333334,-162.1071111666667,-1.04,94.6,5.2,5.6,202.32473742313056,,134.5604577583247,5.194043144987396,136.89930406290125,0.0,0.0,1.0,0.0,2024,-0.635589599609375,9.72896957397461,0.0,-2.074310302734375,73.0,198.0,chukchi
2024-08-25 06:00:00,3599,72.89259483333333,-161.70369283333332,-1.3,95.1,5.4,5.6,183.35639405797156,,134.11465476208596,5.423851986412081,136.13608237555286,0.0,0.0,1.0,0.0,2024,-0.571136474609375,9.770394325256348,0.0,-2.007904052734375,73.0,198.25,chukchi
2024-08-25 07:00:00,3598,72.77004191666666,-161.30703766666667,-1.54,95.4,5.2,5.5,197.99191944975857,,134.36181761409424,5.1562021687387105,136.97193657785405,0.0,0.0,1.0,0.0,2024,-0.524261474609375,9.611031532287598,0.0,-1.918060302734375,72.75,198.75,chukchi
2024-08-25 08:00:00,3598,72.64769658333333,-160.91599524999998,-1.81,95.5,5.3,5.9,180.62974187020197,,132.6243422891875,5.246783402503422,136.21304520420296,0.0,0.0,1.0,0.0,2024,-0.467620849609375,9.643314361572266,0.0,-1.878997802734375,72.75,199.0,chukchi
2024-08-25 09:00:00,3600,72.524518,-160.52366166666667,-2.0,95.5,5.3,5.6,179.94296938570713,,134.26794674261703,5.277745471182448,136.52559500846644,0.0,0.0,1.0,0.0,2024,-0.809417724609375,6.885084629058838,0.0,-2.406829833984375,72.5,199.5,chukchi
2024-08-25 10:00:00,3600,72.40082749999999,-160.13429066666666,-1.95,94.7,5.3,5.5,181.95149772341753,,134.34954152088994,5.22999008509206,136.73625642421518,0.0,0.0,1.0,0.0,2024,-0.782073974609375,7.235134601593018,0.0,-2.367767333984375,72.5,199.75,chukchi
2024-08-25 11:00:00,3599,72.27746499999999,-159.75052016666666,-1.82,95.0,5.2,5.5,184.0940402352819,,133.9438462326263,5.216690493174275,136.4792350533367,0.0,0.0,1.0,0.0,2024,-0.655120849609375,7.4123148918151855,0.0,-2.137298583984375,72.25,200.25,chukchi
2024-08-25 12:00:00,3599,72.15481016666666,-159.36966266666667,-1.41,96.5,5.3,5.7,182.56414382442728,,133.83498438952105,5.2320724918446855,136.48598983143432,0.0,0.0,1.0,0.0,2024,-0.576995849609375,7.63909387588501,0.0,-2.024017333984375,72.25,200.75,chukchi
2024-08-25 13:00:00,3600,72.03277591666667,-158.99031891666667,-0.61,96.2,5.3,5.5,183.78214853382408,,134.03443960149582,5.237633471918797,136.56742715004216,0.0,0.0,1.0,0.0,2024,-0.348480224609375,7.420748233795166,0.0,-1.738861083984375,72.0,201.0,chukchi
2024-08-25 16:00:00,3125,71.66828133333334,-157.883507,0.68,94.1,5.2,5.5,185.0978442452054,,132.9729105122292,5.203291941900284,136.4397736762099,0.0,0.0,1.0,0.0,2024,-0.172454833984375,6.747156143188477,0.0,-1.950042724609375,71.75,202.0,chukchi
2024-08-25 19:00:00,3601,71.333338,-156.883425,1.36,94.4,0.2,5.4,198.14955593781823,,255.52956631597377,0.0321181228060956,165.8291661069103,0.0,0.0,1.0,0.0377672868647597,2024,1.099029541015625,6.100255489349365,,-0.707855224609375,71.25,203.0,chukchi
2024-08-25 20:00:00,3596,71.33331566666668,-156.883402,1.4,93.6,0.2,5.5,198.56693892298793,,238.75421628870197,0.0130371831721956,94.16323615697269,0.0,0.0,1.0,0.0333704115684093,2024,1.099029541015625,6.100255489349365,,-0.707855224609375,71.25,203.0,chukchi
2024-08-25 22:00:00,3598,71.31001450000001,-156.81326608333333,1.79,90.5,0.2,0.8,181.9707153885144,,240.00403059299495,0.009701407995487,245.35088822732507,0.0,0.0,1.0,0.0461367426347971,2024,2.880767822265625,4.7873992919921875,,0.345855712890625,71.25,203.25,chukchi
2024-08-25 23:00:00,3598,71.31003266666667,-156.81331450000002,2.01,89.9,0.1,0.5,190.27310913498997,,257.47335127695084,0.0094551603936039,341.5602859923381,0.0,0.0,1.0,0.103390772651473,2024,2.880767822265625,4.7873992919921875,,0.345855712890625,71.25,203.25,chukchi
2024-08-26 00:00:00,3598,71.31001116666667,-156.8132445,2.15,90.7,0.1,0.6,188.60079062237824,,250.422307287648,0.0090337505884207,128.8152402447049,0.0,0.0,1.0,0.0719844357976653,2024,2.880767822265625,4.7873992919921875,,0.345855712890625,71.25,203.25,chukchi
2024-08-26 01:00:00,3594,71.31001033333334,-156.81326,2.41,91.8,0.1,0.7,186.449275309793,,246.9867837038335,0.0087649449008534,125.61994661540363,0.0,0.0,1.0,0.0765164162493044,2024,2.880767822265625,4.7873992919921875,,0.345855712890625,71.25,203.25,chukchi
2024-08-26 02:00:00,3596,71.31000816666666,-156.8132375,2.6,91.7,0.1,1.0,186.93690951758535,,247.0088711589553,0.0082952015843628,83.44049946056076,0.0,0.0,1.0,0.0814794215795328,2024,2.880767822265625,4.7873992919921875,,0.345855712890625,71.25,203.25,chukchi
2024-08-26 03:00:00,3599,71.30999666666666,-156.81324316666667,2.88,90.4,0.1,1.1,185.9284583751836,,246.98738515316748,0.0076570998166799,123.06072513505072,0.0,0.0,1.0,0.0708530147263128,2024,2.380035400390625,0.9213575124740601,,-0.020355224609375,71.25,203.25,chukchi
2024-08-26 04:00:00,3600,71.3099975,-156.81324966666668,3.0,88.1,0.1,1.4,188.9486320305037,,247.01983981070697,0.0062008134907775,181.5281813957494,0.0,0.0,1.0,0.0666666666666666,2024,2.380035400390625,0.9213575124740601,,-0.020355224609375,71.25,203.25,chukchi
2024-08-26 05:00:00,3599,71.30999283333334,-156.81321133333333,3.25,84.5,0.1,0.6,189.3810501037308,,246.98052208729047,0.0112982901448464,7.234914854469423,0.0,0.0,1.0,0.0689080300083356,2024,2.380035400390625,0.9213575124740601,,-0.020355224609375,71.25,203.25,chukchi
2024-08-26 06:00:00,3599,71.3100075,-156.813224,3.56,80.9,0.1,0.4,188.41730975292097,,232.51827955793584,0.0085316923914253,169.7822555666308,0.0,0.0,1.0,0.0933592664629063,2024,2.380035400390625,0.9213575124740601,,-0.020355224609375,71.25,203.25,chukchi
2024-08-26 07:00:00,3598,71.309969,-156.81312633333334,3.57,83.9,0.1,0.5,186.83401032822775,,223.05581112431295,0.0078741581668175,318.42707561588855,0.0,0.0,1.0,0.0817120622568093,2024,2.380035400390625,0.9213575124740601,,-0.020355224609375,71.25,203.25,chukchi
2024-08-26 08:00:00,3600,71.30997483333334,-156.81310133333332,3.39,87.5,0.1,0.6,185.4147205538491,,224.82361115927444,0.0094382125354432,137.26671162173446,0.0,0.0,1.0,0.0880555555555555,2024,2.380035400390625,0.9213575124740601,,-0.020355224609375,71.25,203.25,chukchi
2024-08-26 09:00:00,3014,71.30996783333333,-156.81316116666667,3.16,90.7,0.1,13.1,184.63544401563323,,224.8124386220936,0.0077141827111085,184.29945962761624,0.0003317850033178,0.0,1.0,0.1154611811546118,2024,1.176422119140625,3.3752379417419434,,-0.073333740234375,71.25,203.25,chukchi
2024-08-26 10:00:00,3598,71.30996766666667,-156.813152,3.19,89.1,0.1,1.4,184.08939323321172,,224.8003303407337,0.0080897042119245,160.7505713565755,0.0,0.0,1.0,0.1111728738187882,2024,1.176422119140625,3.3752379417419434,,-0.073333740234375,71.25,203.25,chukchi
2024-08-26 11:00:00,3599,71.30996266666666,-156.81314233333333,3.13,87.6,0.1,0.4,185.3226382455595,,224.81028119051933,0.006180403906011,189.07141505927987,0.0,0.0,1.0,0.1228118921922756,2024,1.176422119140625,3.3752379417419434,,-0.073333740234375,71.25,203.25,chukchi
2024-08-26 12:00:00,3595,71.3099735,-156.813129,3.16,90.2,0.1,0.3,185.0291008845562,,224.7816685426877,0.0074329568291914,55.65733094725348,0.0,0.0,1.0,0.1382475660639777,2024,1.176422119140625,3.3752379417419434,,-0.073333740234375,71.25,203.25,chukchi
2024-08-26 13:00:00,3600,71.30997183333334,-156.8131335,3.64,91.3,0.1,0.9,185.08517779077712,,224.8000831339807,0.0056303830672578,236.15454206228733,0.0,0.0,1.0,0.1633333333333333,2024,1.176422119140625,3.3752379417419434,,-0.073333740234375,71.25,203.25,chukchi
2024-08-26 14:00:00,3600,71.30998500000001,-156.81314366666666,3.84,92.8,0.1,0.4,186.20781200217112,,222.03861119478057,0.0061903106902155,95.58099990852617,0.0,0.0,1.0,0.2219444444444444,2024,1.176422119140625,3.3752379417419434,,-0.073333740234375,71.25,203.25,chukchi
2024-08-26 15:00:00,3596,71.30997083333334,-156.81312125,3.93,93.6,0.1,0.3,185.09625199438844,,214.80747961223912,0.0056319763745253,218.15012780726363,0.0,0.0,1.0,0.2349833147942158,2024,4.600250244140625,5.369380474090576,,2.850494384765625,71.25,203.25,chukchi
2024-08-26 16:00:00,3599,71.3099585,-156.81312533333332,3.84,94.4,0.1,0.9,184.8500323500749,,214.80830779820997,0.0054733310060487,163.01806072516928,0.0,0.0,1.0,0.2622950819672131,2024,4.600250244140625,5.369380474090576,,2.850494384765625,71.25,203.25,chukchi
2024-08-26 17:00:00,3599,71.30995066666667,-156.81312433333332,4.43,91.2,0.1,0.5,183.68290734547443,,209.1419711136901,0.0075391541739434,300.8997400189322,0.0,0.0,1.0,0.2936926924145596,2024,4.600250244140625,5.369380474090576,,2.850494384765625,71.25,203.25,chukchi
2024-08-26 18:00:00,3599,71.3099415,-156.81286,5.3,87.3,0.0,0.2,176.22492319844605,,173.45598269604812,0.0050319488040291,104.49122848403717,0.0,0.0,1.0,0.6323978883023061,2024,4.600250244140625,5.369380474090576,,2.850494384765625,71.25,203.25,chukchi
2024-08-26 19:00:00,3599,71.3099585,-156.81308516666667,6.39,80.4,0.0,0.3,186.35862803943905,,212.82042238211656,0.0063409949072341,54.2375951003693,0.0,0.0,1.0,0.5223673242567379,2024,4.600250244140625,5.369380474090576,,2.850494384765625,71.25,203.25,chukchi
2024-08-26 20:00:00,3600,71.3099605,-156.81307299999995,6.92,80.3,0.0,0.2,184.25321686942996,,203.4124461671841,0.0081941856557556,194.58011760619976,0.0,0.0,1.0,0.5844444444444444,2024,4.600250244140625,5.369380474090576,,2.850494384765625,71.25,203.25,chukchi
2024-08-26 21:00:00,3601,71.30996183333333,-156.81276916666667,7.49,78.7,0.0,0.6,166.93846460278573,,145.06492613530824,0.0043176416503199,31.580546048327573,0.0,0.0,1.0,0.8442099416828659,2024,8.855377197265625,4.2961835861206055,,4.685455322265625,71.25,203.25,chukchi
2024-08-26 22:00:00,3599,71.30996,-156.812766,7.94,77.2,0.0,0.3,166.8004368914357,,145.00247288376443,0.0040521063736204,152.33887272191143,0.0,0.0,1.0,0.8782995276465685,2024,8.855377197265625,4.2961835861206055,,4.685455322265625,71.25,203.25,chukchi
2024-08-26 23:00:00,3250,71.30995033333333,-156.81273733333333,8.9,74.4,0.0,1.4,167.0591324002075,,145.02282536486948,0.0070868713864758,249.04163693346305,0.0,0.0,1.0,0.8470769230769231,2024,8.855377197265625,4.2961835861206055,,4.685455322265625,71.25,203.25,chukchi
2024-08-27 01:00:00,3597,71.3099785,-156.8131498333333,9.66,76.1,0.0,0.1,193.75504489166832,,229.6563801876832,0.0041498172431364,292.6726011099248,0.0,0.0,1.0,0.8426466499860995,2024,8.855377197265625,4.2961835861206055,,4.685455322265625,71.25,203.25,chukchi
2024-08-27 02:00:00,3591,71.30998766666667,-156.81311033333336,10.02,75.8,0.0,0.1,195.38394659401683,,229.6575328983742,0.0062345222093147,103.43061136075612,0.0,0.0,1.0,0.9178501810080756,2024,8.855377197265625,4.2961835861206055,,4.685455322265625,71.25,203.25,chukchi
2024-08-27 03:00:00,3598,71.30995891666666,-156.81309525,9.91,76.7,0.0,0.3,186.75655599502957,,206.4555661585281,0.006025764315932,293.92142463186764,0.0,0.0,1.0,0.8635352973874375,2024,6.745758056640625,3.594486951828003,,5.151519775390625,71.25,203.25,chukchi
2024-08-27 04:00:00,3600,71.30994883333332,-156.81293683333334,7.36,92.9,0.0,0.4,177.98314982075448,,180.01425000549798,0.0044646296674585,145.37421837549442,0.0,0.0,1.0,0.8938888888888888,2024,6.745758056640625,3.594486951828003,,5.151519775390625,71.25,203.25,chukchi
2024-08-27 05:00:00,3598,71.30995066666667,-156.81291216666665,5.35,97.8,0.0,0.2,177.94013294686889,,179.99369095166776,0.0032492211654722,341.33389175746873,0.0,0.0,1.0,0.9227348526959422,2024,6.745758056640625,3.594486951828003,,5.151519775390625,71.25,203.25,chukchi
2024-08-27 06:00:00,3600,71.30995383333334,-156.81292216666668,4.64,98.3,0.0,0.2,178.09384172585686,,180.0063333592485,0.0030903334484294,219.44122526135897,0.0,0.0,1.0,0.8641666666666666,2024,6.745758056640625,3.594486951828003,,5.151519775390625,71.25,203.25,chukchi
2024-08-27 07:00:00,3600,71.30994333333334,-156.8129273333333,4.16,98.5,0.0,0.2,177.90842764225695,,179.99377776699924,0.0024179527163393,162.92065188930854,0.0,0.0,1.0,0.9294444444444444,2024,6.745758056640625,3.594486951828003,,5.151519775390625,71.25,203.25,chukchi
2024-08-27 08:00:00,3599,71.3099485,-156.81291016666668,4.22,98.7,0.0,0.5,175.2728787658235,,169.01619228551652,0.0080079488641053,21.947637823724705,0.0,0.0,1.0,0.8038343984440123,2024,6.745758056640625,3.594486951828003,,5.151519775390625,71.25,203.25,chukchi
2024-08-27 09:00:00,3600,71.30994683333333,-156.81293116666666,4.58,98.7,0.0,1.1,177.8791909637264,,180.00072224537112,0.0035150275110958,285.0244473621599,0.0,0.0,1.0,0.9333333333333332,2024,4.465240478515625,3.6271746158599854,,3.474029541015625,71.25,203.25,chukchi
2024-08-27 10:00:00,3599,71.30993600000001,-156.81306666666666,4.66,98.8,0.0,1.3,186.1820997996924,,200.9339641415497,0.0055298510097906,322.6721647926104,0.0,0.0,1.0,0.9121978327313144,2024,4.465240478515625,3.6271746158599854,,3.474029541015625,71.25,203.25,chukchi
2024-08-27 11:00:00,3596,71.30995016666667,-156.81307316666667,4.4,98.8,0.0,0.2,189.08080453288224,,210.00350389872835,0.0054163986565751,174.57125961531904,0.0,0.0,1.0,0.9254727474972192,2024,4.465240478515625,3.6271746158599854,,3.474029541015625,71.25,203.25,chukchi
2024-08-27 12:00:00,3598,71.30994816666666,-156.81308516666667,4.39,98.9,0.0,1.0,189.0781505682531,,209.98412996395516,0.0049489269828018,314.47083770229955,0.0,0.0,1.0,0.9071706503613118,2024,4.465240478515625,3.6271746158599854,,3.474029541015625,71.25,203.25,chukchi
2024-08-27 13:00:00,3596,71.30995166666666,-156.81309066666665,4.2,98.9,0.0,0.2,189.2666993292427,,209.99457703142076,0.0042164989191426,29.70076628919582,0.0,0.0,1.0,0.906840934371524,2024,4.465240478515625,3.6271746158599854,,3.474029541015625,71.25,203.25,chukchi
2024-08-27 14:00:00,3599,71.30996016666667,-156.81308266666667,4.2,98.9,0.0,0.3,187.942492022622,,210.00080586739136,0.0035619215827202,346.7123804301736,0.0,0.0,1.0,0.8163378716310086,2024,4.465240478515625,3.6271746158599854,,3.474029541015625,71.25,203.25,chukchi
2024-08-27 15:00:00,3598,71.30995066666667,-156.81311283333335,4.07,98.9,0.0,6.6,184.07281182212537,,232.35037824749207,0.0051325911993769,313.53454285186433,0.0,0.0,1.0,0.6347971095052807,2024,6.214752197265625,3.904594659805298,,5.308258056640625,71.25,203.25,chukchi
2024-08-27 16:00:00,3597,71.37265933333333,-157.01765966666665,4.16,99.0,0.1,6.6,181.4297948956251,,227.4021486506353,0.0058454153521598,319.1995777678184,0.0,0.0,1.0,0.4979149291075896,2024,5.831939697265625,3.7656641006469727,,4.970367431640625,71.25,203.0,chukchi
2024-08-27 17:00:00,3598,71.37266391666667,-157.01766966666668,3.87,99.1,0.0,0.4,187.28339609944192,,213.1604779855508,0.0064625558831297,358.3063460774281,0.0,0.0,1.0,0.6520289049471929,2024,5.831939697265625,3.7656641006469727,,4.970367431640625,71.25,203.0,chukchi
2024-08-27 18:00:00,3600,71.37601816666667,-157.02944083333335,3.94,99.1,5.6,6.5,181.340587499261,,265.3571297479923,5.54359734618623,306.4460830841367,0.0,0.0,1.0,0.3147222222222222,2024,4.443267822265625,4.630370616912842,0.0,3.941070556640625,71.5,203.0,chukchi
2024-08-27 19:00:00,3599,71.52252083333333,-157.489383,2.85,99.1,6.5,6.7,180.09999999999997,,310.8983186444916,6.466558434786227,314.37636248977225,0.0,0.0,1.0,0.0,2024,4.146392822265625,4.099938869476318,0.0,3.552398681640625,71.5,202.5,chukchi
2024-08-27 20:00:00,3600,71.66971891666667,-157.9604285,2.98,99.1,6.6,6.9,180.09999999999997,,310.82713478129796,6.564838430053522,314.9061024907459,0.0,0.0,1.0,0.0,2024,3.671783447265625,4.359956741333008,0.0,3.136383056640625,71.75,202.0,chukchi
2024-08-27 21:00:00,3600,71.81851158333333,-158.456705,3.01,99.1,6.6,6.9,180.09999999999997,,309.99094452507876,6.62197269655319,314.24318632048795,0.0,0.0,1.0,0.0,2024,3.327301025390625,3.345072031021118,0.0,3.209625244140625,71.75,201.5,chukchi
2024-08-27 22:00:00,3599,71.97125916666667,-158.9443325,2.93,98.9,6.7,6.9,180.09999999999997,,310.9408739767345,6.64890914662882,314.7069851822654,0.0,0.0,1.0,0.0,2024,2.725738525390625,3.0534324645996094,0.0,2.610015869140625,72.0,201.0,chukchi
2024-08-27 23:00:00,3599,72.12150283333334,-159.44269666666665,2.84,98.2,6.7,6.9,180.09999999999997,,312.58759592985894,6.673233512806908,314.50719600150796,0.0,0.0,1.0,0.0,2024,2.676910400390625,2.682464599609375,0.0,2.467437744140625,72.0,200.5,chukchi
2024-08-28 00:00:00,3596,72.27269758333333,-159.94523608333333,2.61,97.8,6.6,6.8,180.1886960635817,,312.37626164199247,6.624540711759735,314.5425185062868,0.0,0.0,1.0,0.0008342602892102,2024,2.159332275390625,2.4815196990966797,0.0,1.916656494140625,72.25,200.0,chukchi
2024-08-28 01:00:00,3598,72.4244915,-160.44642808333333,3.06,97.1,6.7,6.8,180.03038563843674,,311.4288403544665,6.662210312398367,314.61988608644697,0.0,0.0,1.0,0.0,2024,1.747222900390625,2.568922519683838,0.0,1.481109619140625,72.5,199.5,chukchi
2024-08-28 02:00:00,3252,72.5802425,-160.98280808333334,1.8,96.9,6.6,6.8,180.5277905564232,,310.45799449357537,6.562839763525163,314.5165433452451,0.0006150061500615,0.0,1.0,0.0092250922509225,2024,1.792144775390625,2.5038461685180664,0.0,1.383453369140625,72.5,199.0,chukchi
2024-08-28 03:00:00,3594,72.720849,-161.46023575,1.33,98.1,6.5,6.6,180.09999999999997,,310.97875324136174,6.440268401098774,314.29361293564466,0.0,0.0,1.0,0.0,2024,1.556304931640625,2.9013373851776123,0.0,1.322662353515625,72.75,198.5,chukchi
2024-08-28 04:00:00,3599,72.86718283333333,-161.95835066666666,1.0,98.4,6.5,6.6,180.09999999999997,,310.39796302703155,6.4381742858635285,314.2146786283697,0.0,0.0,1.0,0.0,2024,1.681304931640625,2.8936233520507812,0.0,1.285552978515625,72.75,198.0,chukchi
2024-08-28 06:00:00,3035,73.1508155,-162.95505749999998,1.91,98.4,6.5,6.7,180.09999999999997,,311.8837393119388,6.52932040113799,314.57358854402537,0.0,0.0,1.0,0.0,2024,1.663726806640625,3.3850808143615723,0.0,1.185943603515625,73.25,197.0,chukchi
2024-08-28 08:00:00,3599,73.46538783333334,-164.06271083333334,0.14,98.8,6.6,6.8,180.1086622665579,,311.0419021452196,6.616570636857535,314.49347917412217,0.0,0.0,1.0,0.0,2024,1.054351806640625,3.6045641899108887,0.0,0.725006103515625,73.5,196.0,chukchi
2024-08-28 09:00:00,3599,73.61331383333332,-164.59347266666663,-0.67,98.8,6.3,6.7,180.09999999999997,,311.08003559759175,6.26040295817714,314.5212444528087,0.0,0.0,1.0,0.0,2024,-1.280609130859375,6.318622589111328,0.0,-2.699310302734375,73.5,195.5,chukchi
2024-08-28 10:00:00,3599,73.75485483333334,-165.1052771666667,-1.5,98.5,6.3,6.6,180.09999999999997,,311.0637282029237,6.232122323662948,314.5380012867151,0.0,0.0,1.0,0.0,2024,-1.313812255859375,6.1376118659973145,0.0,-2.871185302734375,73.75,195.0,chukchi
2024-08-28 11:00:00,3598,73.86802983333334,-165.69724041666666,-1.38,98.4,6.4,6.5,180.10585776480062,,291.8726007484073,6.400825107092233,294.29670168368784,0.0,0.0,1.0,0.0,2024,-1.194671630859375,5.648682117462158,0.0,-3.070404052734375,73.75,194.25,chukchi
2024-08-28 12:00:00,3600,73.95295325000001,-166.38015683333333,-0.86,96.8,6.4,6.7,180.09999999999997,,292.73958636815667,6.412469832003069,294.2294131763767,0.0,0.0,1.0,0.0,2024,-1.040374755859375,4.705378532409668,0.0,-3.201263427734375,74.0,193.5,chukchi
2024-08-28 13:00:00,3600,74.03887725000001,-167.06933375,-0.88,97.6,6.5,6.7,180.09999999999997,,292.9285261540489,6.512282679124592,294.5216745712726,0.0,0.0,1.0,0.0,2024,-0.827484130859375,4.319109916687012,0.0,-3.097747802734375,74.0,193.0,chukchi
2024-08-28 14:00:00,3599,74.12589983333334,-167.77363583333334,-0.89,98.1,6.6,6.9,180.09999999999997,,291.64571310025724,6.580404489794593,293.764977071723,0.0,0.0,1.0,0.0,2024,-0.802093505859375,3.8058199882507324,0.0,-2.687591552734375,74.25,192.25,chukchi
2024-08-28 15:00:00,3599,74.2173475,-168.4851421666667,-0.89,98.4,6.7,6.8,180.1001944936373,,290.8999652113645,6.671378689604489,293.5238795441959,0.0,0.0,1.0,0.0,2024,-0.537445068359375,3.6667535305023193,0.0,-1.028167724609375,74.25,191.5,chukchi
2024-08-28 16:00:00,3599,74.30079333333333,-169.21274983333333,-0.99,98.4,6.7,7.1,180.09999999999997,,290.6096885172768,6.644234176421444,294.7070136144369,0.0,0.0,1.0,0.0,2024,-0.662445068359375,3.1442019939422607,0.0,-1.106292724609375,74.25,190.75,chukchi
2024-08-28 17:00:00,3600,74.4005755,-169.89418658333335,-1.15,98.5,6.6,6.8,180.09999999999997,,291.9767572571277,6.582132918245653,295.7579751961692,0.0,0.0,1.0,0.0,2024,-0.867523193359375,2.42878794670105,0.0,-1.219573974609375,74.5,190.0,chukchi
2024-08-28 18:00:00,3600,74.47892591666667,-170.5768083333333,-1.26,98.5,6.4,6.7,177.8312504141506,,293.13921737694744,6.373442907410611,296.68622211061506,0.0,0.0,1.0,0.0,2024,-1.037445068359375,2.719869613647461,0.0948486328125,-1.385589599609375,74.5,189.5,chukchi
2024-08-28 19:00:00,3600,74.53740608333334,-171.26975033333335,-1.46,98.4,6.3,6.6,178.93129392160307,,297.70471657076047,6.279809355695178,299.9451661957971,0.0,0.0,1.0,0.0,2024,-1.242523193359375,3.4749791622161865,0.194183349609375,-1.596527099609375,74.5,188.75,chukchi
2024-08-28 20:00:00,3598,74.67295425,-171.77244166666665,-1.89,97.8,6.1,6.6,179.86885461517383,,295.72144987593236,6.0318454176790945,298.1541345000706,0.0,0.0,1.0,0.0,2024,-1.347991943359375,3.7432425022125244,0.201568603515625,-1.784027099609375,74.75,188.25,chukchi
2024-08-28 21:00:00,3600,74.74097791666667,-172.41413991666667,-1.77,96.8,6.3,6.5,179.34595856237843,,294.1835678226482,6.2710026012990685,297.1646918722558,0.0,0.0,1.0,0.0,2024,-0.588226318359375,6.667281150817871,0.191558837890625,-1.240570068359375,74.75,187.5,chukchi
2024-08-28 22:00:00,3599,74.7936565,-173.09317283333337,-1.26,97.4,6.4,6.7,179.39498855840668,,272.9449776113694,6.365486346345038,275.31384556040916,0.0,0.0,1.0,0.0,2024,-0.553070068359375,6.706905364990234,0.19000244140625,-1.199554443359375,74.75,187.0,chukchi
2024-08-28 23:00:00,3600,74.82052325000001,-173.87141508333332,-1.07,98.2,6.4,6.6,180.09999999999997,,276.85678810402027,6.380771300062418,279.18373922825424,0.0,0.0,1.0,0.0,2024,-0.453460693359375,6.95909309387207,0.177642822265625,-1.156585693359375,74.75,186.25,chukchi
2024-08-29 00:00:00,3599,74.84703566666667,-174.62587983333336,-1.01,98.4,6.4,6.6,180.09999999999997,,276.0588749840406,6.350668263096926,278.6604996855235,0.0,0.0,1.0,0.0,2024,-0.207366943359375,7.602546691894531,0.1612548828125,-0.998382568359375,74.75,185.25,chukchi
2024-08-29 08:00:00,3600,75.02910775000001,179.68345791666667,-0.96,98.7,5.9,6.9,165.7185496401557,,273.1506152914257,5.798270000510101,275.8856223359868,0.0,0.0,1.0,0.0,2024,-0.700286865234375,5.178900241851807,0.094879150390625,-1.256927490234375,75.0,179.75,east_siberian
2024-08-29 11:00:00,3600,75.08671058333333,177.74500558333335,-1.38,98.6,6.6,6.7,177.5304761597776,,250.44733688144487,6.54183200917502,253.03468063201683,0.0,0.0,1.0,0.0,2024,-0.676116943359375,3.810023784637451,0.0,-1.174652099609375,75.0,177.75,east_siberian
2024-08-29 12:00:00,3600,75.032815,176.9509498333333,-1.41,98.5,6.5,6.7,180.09999999999997,,252.053045949308,6.504180945903726,255.7486585088756,0.0,0.0,1.0,0.0,2024,-0.572601318359375,4.012475967407227,0.0,-1.063323974609375,75.0,177.0,east_siberian
2024-08-29 13:00:00,3598,74.98069683333333,176.16358958333333,-1.69,98.4,6.5,6.8,180.09999999999997,,252.00994998714432,6.462397130824323,255.11806389540857,0.0,0.0,1.0,0.0,2024,-0.490570068359375,4.2032246589660645,0.0,-1.012542724609375,75.0,176.25,east_siberian
2024-08-29 14:00:00,3601,74.92401483333333,175.38849366666668,-1.75,98.3,6.5,7.0,180.09999999999997,,252.0133574307117,6.489108698707778,253.6339704236576,0.0,0.0,1.0,0.0,2024,-0.428070068359375,4.3912353515625,0.0,-0.963714599609375,75.0,175.5,east_siberian
2024-08-29 15:00:00,3599,74.86401716666666,174.6138805,-1.58,98.3,6.5,6.7,180.09999999999997,,252.95414569590105,6.482768651231374,254.17212709269444,0.0,0.0,1.0,0.0,2024,-0.165130615234375,5.422198295593262,0.0,-0.662933349609375,74.75,174.5,east_siberian
2024-08-29 16:00:00,3599,74.811468,173.84833766666665,-1.45,98.3,6.4,6.6,180.09999999999997,,254.007278963614,6.377768170954407,255.63848943260615,0.0,0.0,1.0,0.0,2024,-0.087005615234375,5.6778974533081055,0.0,-0.545745849609375,74.75,173.75,east_siberian
2024-08-29 17:00:00,3599,74.76128316666667,173.07915683333334,-1.53,98.3,6.4,6.7,180.09999999999997,,254.01872716167725,6.401756680040847,256.4811427497944,0.0,0.0,1.0,0.0,2024,-0.044036865234375,5.941671848297119,0.0,-0.491058349609375,74.75,173.0,east_siberian
2024-08-29 18:00:00,3599,74.71332816666667,172.31785483333334,-0.1,98.6,6.4,6.5,180.09999999999997,,254.01303155506355,6.329492503733304,256.32358291893155,0.0,0.0,1.0,0.0,2024,0.051666259765625,6.129770755767822,0.0,-0.381683349609375,74.75,172.25,east_siberian
2024-08-29 19:00:00,3599,74.66436983333332,171.5689361666667,0.25,98.8,6.3,6.5,180.09999999999997,,254.0242843625613,6.2317063767989636,255.81758679903055,0.0,0.0,1.0,0.0,2024,0.164947509765625,6.317998886108398,0.0,-0.260589599609375,74.75,171.5,east_siberian
2024-08-29 20:00:00,3600,74.61457341666667,170.83539033333335,0.59,98.9,6.2,6.5,180.09999999999997,,254.01447248071412,6.2177917085686225,255.60023079989023,0.0,0.0,1.0,0.0,2024,0.348541259765625,6.386776924133301,0.0,-0.123870849609375,74.5,170.75,east_siberian
2024-08-29 23:00:00,3600,74.48091516666666,168.63327075,1.2,99.0,6.2,6.4,180.09999999999997,,257.21133542593543,6.13540890323429,258.6992408952337,0.0,0.0,1.0,0.0,2024,1.330230712890625,7.982875823974609,0.0,0.408233642578125,74.5,168.75,east_siberian
2024-08-30 00:00:00,3600,74.44202541666667,167.9052138333333,1.36,99.0,6.1,6.4,180.91889542383157,,257.10485978859424,6.110537483854502,258.7854673302437,0.0,0.0,1.0,0.1461111111111111,2024,1.488433837890625,8.008159637451172,0.0,0.523468017578125,74.5,168.0,east_siberian
2024-08-30 01:00:00,3600,74.43665633333333,167.81676466666667,1.34,99.0,0.0,0.4,195.30758144317485,,262.9872777963423,0.0063129757164158,180.05711764541792,0.0,0.0,1.0,0.5688888888888889,2024,1.543121337890625,8.007760047912598,0.0,0.570343017578125,74.5,167.75,east_siberian
2024-08-30 02:00:00,3599,74.43747950000001,167.81609533333332,1.11,99.1,0.0,0.7,193.55961093639164,,262.4299828861688,0.0087643596069162,78.36615469249637,0.0,0.0,1.0,0.5059738816337872,2024,1.543121337890625,8.007760047912598,0.0,0.570343017578125,74.5,167.75,east_siberian
2024-08-30 03:00:00,3599,74.43748383333333,167.81610383333336,0.86,99.1,0.2,0.6,174.53195876824822,,262.01319788185714,0.2518946950555539,224.98827890317165,0.0,0.0,1.0,0.1333703806612948,2024,1.403228759765625,7.0924177169799805,0.0,0.435943603515625,74.5,167.75,east_siberian
2024-08-30 04:00:00,3044,74.43727916666667,167.81281716666666,0.74,99.1,0.0,1.3,193.47377128153715,,261.98449408775343,0.0048421663258423,145.50338976591848,0.0003285151116951,0.0,1.0,0.5565045992115637,2024,1.403228759765625,7.0924177169799805,0.0,0.435943603515625,74.5,167.75,east_siberian
2024-08-30 05:00:00,3599,74.43627116666667,167.73441866666664,0.93,98.4,0.8,6.1,183.8713685085582,,84.48983237963564,0.7825376627660803,302.706518516336,0.0,0.0,1.0,0.099194220616838,2024,1.403228759765625,7.0924177169799805,0.0,0.435943603515625,74.5,167.75,east_siberian
2024-08-30 06:00:00,3599,74.43692,167.80532383333332,1.65,92.8,1.0,3.2,265.95671401085735,,84.43628889249506,1.019739486330417,85.30488359718314,0.0,0.0,1.0,0.0,2024,1.403228759765625,7.0924177169799805,0.0,0.435943603515625,74.5,167.75,east_siberian
2024-08-30 07:00:00,3600,74.43793983333333,167.81419233333332,0.83,96.9,1.0,4.2,57.27846647438442,,229.05000882180013,1.0176631022056195,234.92905160183892,0.0,0.0,1.0,0.0105555555555555,2024,1.403228759765625,7.0924177169799805,0.0,0.435943603515625,74.5,167.75,east_siberian
2024-08-30 08:00:00,3600,74.43966975000001,167.81416399999998,0.83,98.4,1.0,1.7,168.7685063626553,,314.20877477538056,1.016510466296568,350.62014984372337,0.0,0.0,1.0,0.0383333333333333,2024,1.403228759765625,7.0924177169799805,0.0,0.435943603515625,74.5,167.75,east_siberian
2024-08-30 09:00:00,3600,74.44183366666667,167.80790508333337,1.11,97.1,0.1,1.0,182.95491223193045,,316.49231137142743,0.0088221545891042,125.23788363813397,0.0,0.0,1.0,0.4477777777777778,2024,1.134185791015625,7.295217514038086,0.0,0.092193603515625,74.5,167.75,east_siberian
2024-08-30 10:00:00,3599,74.437515,167.81563916666667,1.25,94.9,0.0,3.2,201.24622964430552,,279.8001515928437,0.0106766453906003,180.59667676148393,0.0,0.0,1.0,0.5418171714365101,2024,1.134185791015625,7.295217514038086,0.0,0.092193603515625,74.5,167.75,east_siberian
2024-08-30 11:00:00,3598,74.43747966666666,167.8156526666667,1.13,95.8,0.0,0.6,196.8717292636753,,262.4567816397869,0.0064225721514547,334.2914088090071,0.0,0.0,1.0,0.6684269038354641,2024,1.134185791015625,7.295217514038086,0.0,0.092193603515625,74.5,167.75,east_siberian
2024-08-30 12:00:00,3599,74.4374735,167.815654,0.75,98.1,0.0,0.3,197.51157674131855,,262.5005278685535,0.0068236086856578,104.07806001301084,0.0,0.0,1.0,0.6721311475409836,2024,1.134185791015625,7.295217514038086,0.0,0.092193603515625,74.5,167.75,east_siberian
2024-08-30 13:00:00,3472,74.43743333333333,167.81385199999997,0.47,98.6,0.0,1.4,197.1309943171864,,263.7000493231717,0.0085413603714356,132.20327944986408,0.0002880184331797,0.0,1.0,0.5440668202764977,2024,1.134185791015625,7.295217514038086,0.0,0.092193603515625,74.5,167.75,east_siberian
2024-08-30 14:00:00,3599,74.43742350000001,167.81388366666664,0.15,98.8,0.1,0.8,194.317097916678,,264.26438917833656,0.0079700228159403,30.347151810214935,0.0,0.0,1.0,0.4784662406223951,2024,1.134185791015625,7.295217514038086,0.0,0.092193603515625,74.5,167.75,east_siberian
2024-08-30 15:00:00,3600,74.437449,167.813913,-0.02,98.9,0.1,4.4,193.1835788961563,,277.71077525395157,0.0092408757221622,231.0858280896668,0.0,0.0,1.0,0.4533333333333333,2024,0.967437744140625,7.4122185707092285,0.0,0.040435791015625,74.5,167.75,east_siberian
2024-08-30 16:00:00,3599,74.43071666666667,167.79280083333336,-0.04,98.9,1.0,4.4,215.46171308149863,,35.42224244594204,1.013451039512567,42.93852787501537,0.0,0.0,1.0,0.0388996943595443,2024,0.967437744140625,7.4122185707092285,0.0,0.040435791015625,74.5,167.75,east_siberian
2024-08-30 17:00:00,3599,74.44602499999999,167.85849049999996,-0.14,99.0,1.0,1.6,165.98730564593157,,298.7791149683502,1.0170530702512526,209.57130269014937,0.0,0.0,1.0,0.0383439844401222,2024,0.967437744140625,7.4122185707092285,0.0,0.040435791015625,74.5,167.75,east_siberian
2024-08-30 18:00:00,3600,74.43440566666666,167.81216525000002,0.05,99.0,1.0,1.3,214.68155986157905,,331.5024139700551,1.0216619805616332,109.53607423934956,0.0,0.0,1.0,0.0183333333333333,2024,0.967437744140625,7.4122185707092285,0.0,0.040435791015625,74.5,167.75,east_siberian
2024-08-30 19:00:00,3598,74.44665516666666,167.85534341666667,0.14,98.8,1.0,2.6,126.09025200521128,,302.9315650799096,1.018451732536174,265.7288904782018,0.0,0.0,1.0,0.0094496942745969,2024,0.967437744140625,7.4122185707092285,0.0,0.040435791015625,74.5,167.75,east_siberian
2024-08-30 20:00:00,3600,74.4366615,167.8030545833333,-0.08,98.9,1.0,1.2,184.2095918887902,,323.5720815540531,1.0170749493855338,5.454140846885567,0.0,0.0,1.0,0.0127777777777777,2024,0.967437744140625,7.4122185707092285,0.0,0.040435791015625,74.5,167.75,east_siberian
2024-08-30 21:00:00,3600,74.44826983333333,167.84903824999998,0.02,98.7,1.0,1.2,110.55134625774184,,312.91360595513834,1.010847872883024,243.112751645127,0.0,0.0,1.0,0.0111111111111111,2024,0.845123291015625,5.883118152618408,0.0,-0.050872802734375,74.5,167.75,east_siberian
2024-08-30 22:00:00,3599,74.43342716666666,167.78542916666666,0.12,98.3,0.5,3.1,114.59074321697088,,258.912215091606,0.4390681686333421,231.2958440930603,0.0,0.0,1.0,0.2584051125312587,2024,0.845123291015625,5.883118152618408,0.0,-0.050872802734375,74.5,167.75,east_siberian
2024-08-30 23:00:00,3599,74.35002800000001,167.82088750000003,-0.35,98.6,5.2,5.5,181.37118709582728,,172.81098933836202,5.211298242199816,174.03347408780627,0.0,0.0,1.0,0.0,2024,0.583404541015625,5.341164588928223,0.0,-0.234466552734375,74.25,167.75,east_siberian
2024-08-31 00:00:00,3599,74.18120116666667,167.87536616666668,-0.57,98.8,5.2,5.6,187.96841123958689,,165.12472655176293,5.23292554350043,167.50891395580194,0.0,0.0,1.0,0.0,2024,0.599029541015625,5.43628454208374,0.0,-0.230560302734375,74.25,168.0,east_siberian
2024-08-31 01:00:00,3600,74.13768541666667,168.26413474999998,-0.58,98.8,5.1,5.6,234.3939239281264,,76.56664039144064,5.108928655052976,79.42040939538543,0.0,0.0,1.0,0.0,2024,0.595123291015625,5.530763626098633,0.0,-0.244232177734375,74.25,168.25,east_siberian
2024-08-31 02:00:00,3599,74.16783933333333,168.8611635,-0.26,98.8,5.2,5.4,198.0960969191528,,75.7772431663526,5.208912875936066,79.43941245836899,0.0,0.0,1.0,0.0,2024,0.600982666015625,5.704415798187256,0.0,-0.246185302734375,74.25,168.75,east_siberian
2024-08-31 03:00:00,3598,74.19946816666666,169.472641,-0.62,98.7,5.2,5.5,180.8678913527672,,75.6969315899153,5.237924211232957,79.36947334373912,0.0,0.0,1.0,0.0,2024,0.437164306640625,6.115961074829102,0.0,-0.345062255859375,74.25,169.5,east_siberian
2024-08-31 04:00:00,3599,74.2298675,170.07661183333337,-0.89,98.8,5.1,5.3,220.26659694588415,,76.15326276496081,5.1255375016579485,79.49397076894587,0.0,0.0,1.0,0.0,2024,0.431304931640625,6.208137512207031,0.0,-0.366546630859375,74.25,170.0,east_siberian
2024-08-31 05:00:00,3526,74.26032175,170.6771428333333,-0.99,98.8,5.2,5.4,187.1298832805303,,75.99761897287443,5.193838868425979,79.38330750846573,0.0,0.0,1.0,0.0,2024,0.421539306640625,6.264867305755615,0.0,-0.370452880859375,74.25,170.75,east_siberian
2024-08-31 08:00:00,3600,74.03431875,170.99805508333333,-1.34,98.9,5.1,5.3,43.77126719615397,,204.36660508353555,5.107182144911929,203.83436174955375,0.0,0.0,1.0,0.0,2024,0.110992431640625,5.727519512176514,0.0,-0.626312255859375,74.0,171.0,east_siberian
2024-08-31 09:00:00,3600,73.93521866666666,170.8296246666667,-1.57,99.0,3.3,3.8,47.372821149457245,,228.92080242926275,3.2353684286654354,227.576118530368,0.0,0.0,1.0,0.0,2024,-1.866058349609375,4.173124313354492,0.0,-2.010833740234375,74.0,170.75,east_siberian
2024-08-31 10:00:00,3600,73.87880375,170.5195659166667,-1.59,99.0,3.6,3.8,54.917773226932326,,234.02214017178227,3.5904390352093447,234.8548854705801,0.0,0.0,1.0,0.0,2024,-1.850433349609375,4.098629951477051,0.0,-1.987396240234375,74.0,170.5,east_siberian
2024-08-31 11:00:00,3600,73.81990208333333,170.2186705,-1.62,99.0,2.6,4.0,54.9695175159927,,233.99694984358,2.5964823173217004,234.88395654945137,0.0,0.0,1.0,0.0,2024,-2.059417724609375,3.3374078273773193,0.0,-2.182708740234375,73.75,170.25,east_siberian
2024-08-31 12:00:00,3599,73.75889733333334,169.90833199999997,-1.53,98.9,3.6,3.7,55.00478302594983,,233.12451457876412,3.5934669096951866,234.92512133192412,0.0,0.0,1.0,0.0,2024,-2.059417724609375,3.2211852073669434,0.0,-2.178802490234375,73.75,170.0,east_siberian
2024-08-31 13:00:00,3599,73.729466,169.75360650000002,-1.54,98.8,3.6,5.6,231.17342778310064,,49.28189604602399,3.637007480398476,53.78849820991096,0.0,0.0,1.0,0.0,2024,-2.049652099609375,3.111783742904663,0.0,-2.170989990234375,73.75,169.75,east_siberian
2024-08-31 14:00:00,3600,73.79235691666668,170.07241625,-1.34,98.8,3.6,4.0,234.74491958613555,,50.593922381416306,3.6230017263896226,54.70393905935496,0.0,0.0,1.0,0.0,2024,-2.059417724609375,3.2211852073669434,0.0,-2.178802490234375,73.75,170.0,east_siberian
2024-08-31 15:00:00,3599,73.8555405,170.42022166666666,-0.78,98.7,3.6,3.9,238.11054365745636,,53.43063868773432,3.585398330898644,58.099717583386145,0.0,0.0,1.0,0.0,2024,-1.796478271484375,2.747924566268921,0.0,-2.180023193359375,73.75,170.5,east_siberian
2024-08-31 16:00:00,3600,73.86442908333333,170.4868985,-0.49,98.6,3.6,3.8,48.744191499430634,,228.56073330743425,3.570786944795687,228.6295306980666,0.0,0.0,1.0,0.0,2024,-1.796478271484375,2.747924566268921,0.0,-2.180023193359375,73.75,170.5,east_siberian
2024-08-31 17:00:00,3600,73.87067541666667,170.5558965,-0.22,98.2,3.6,3.8,255.25931217227776,,59.63221043361549,3.615802188127032,76.20239398774085,0.0,0.0,1.0,0.0,2024,-1.796478271484375,2.747924566268921,0.0,-2.180023193359375,73.75,170.5,east_siberian
2024-08-31 18:00:00,3600,73.84452633333333,170.41225666666668,-0.31,98.1,2.6,3.7,181.65521028983312,,274.16301068512644,2.5817274755992536,302.3402784186501,0.0,0.0,1.0,0.2269444444444444,2024,-1.796478271484375,2.747924566268921,0.0,-2.180023193359375,73.75,170.5,east_siberian
2024-08-31 19:00:00,3599,73.84385966666667,170.40748050000002,-0.43,98.0,0.0,3.3,192.70765435850296,,256.8766259808583,0.0132916234443932,241.23407965055935,0.0,0.0,1.0,0.5251458738538483,2024,-1.796478271484375,2.747924566268921,0.0,-2.180023193359375,73.75,170.5,east_siberian
2024-08-31 21:00:00,3026,73.79575516666667,170.09000899999998,-0.76,97.5,0.0,0.3,197.73646654394688,,275.17695773393535,0.0049879771982629,229.95568184262825,0.0003304692663582,0.0,1.0,0.760079312623926,2024,-1.767181396484375,2.6051185131073,0.0,-2.201507568359375,73.75,170.0,east_siberian
2024-08-31 22:00:00,3601,73.79556299999999,170.08814833333332,-0.94,97.1,0.0,1.1,200.4545200025399,,249.99680644301804,0.0029777801544296,58.203897806760985,0.0,0.0,1.0,0.8986392668703138,2024,-1.767181396484375,2.6051185131073,0.0,-2.201507568359375,73.75,170.0,east_siberian
2024-08-31 23:00:00,3599,73.79556433333333,170.08818233333332,-1.3,97.2,0.0,5.1,206.46990611739415,,254.32255734746295,0.0095176761660501,40.429241342644275,0.0,0.0,1.0,0.7182550708530148,2024,-1.767181396484375,2.6051185131073,0.0,-2.201507568359375,73.75,170.0,east_siberian
2024-09-01 00:00:00,3599,73.8458485,170.4102571666667,-1.44,97.5,3.2,5.2,216.03464689553192,,56.85366741378073,3.2701287903577434,55.19004064785401,0.0,0.0,1.0,0.018338427340928,2024,-1.899261474609375,1.5654432773590088,0.0,-2.684661865234375,73.75,170.5,east_siberian
2024-09-01 01:00:00,3599,73.84268116666667,170.3983915,-1.77,97.9,0.0,3.2,130.65386842388634,,74.3468192758091,0.0239548036805713,284.1240874817945,0.0,0.0,1.0,0.6468463462072798,2024,-1.899261474609375,1.5654432773590088,0.0,-2.684661865234375,73.75,170.5,east_siberian
2024-09-01 02:00:00,3599,73.843509,170.40232333333333,-1.75,98.0,1.1,3.4,193.61903743742005,,66.60375107488598,1.1067532356865812,20.35633459859131,0.0,0.0,1.0,0.0736315643234231,2024,-1.899261474609375,1.5654432773590088,0.0,-2.684661865234375,73.75,170.5,east_siberian
2024-09-01 03:00:00,3598,73.85116675,170.44029916666665,-1.81,98.1,1.0,1.1,237.59736422262023,,66.75737446015351,1.0149574701725346,61.58152245475763,0.0,0.0,1.0,0.0172317954419121,2024,-2.008636474609375,1.97431480884552,0.0,-2.893646240234375,73.75,170.5,east_siberian
2024-09-01 04:00:00,3600,73.84655091666666,170.41894141666666,-1.95,98.2,1.0,1.1,124.12178414550314,,90.352519980663,1.0180403555635282,209.7884897070741,0.0,0.0,1.0,0.0222222222222222,2024,-2.008636474609375,1.97431480884552,0.0,-2.893646240234375,73.75,170.5,east_siberian
2024-09-01 05:00:00,3599,73.84922316666666,170.43903133333333,-1.85,98.3,1.0,1.1,70.86275955072898,,241.76734013275723,1.0163979105945329,229.61084720086893,0.0,0.0,1.0,0.1311475409836065,2024,-2.008636474609375,1.97431480884552,0.0,-2.893646240234375,73.75,170.5,east_siberian
2024-09-01 06:00:00,3277,73.84313183333333,170.40488433333334,-1.89,98.2,1.2,5.4,203.95301142106817,,258.3335472914776,1.6384363349815303,3.5095418445566406,0.0,0.0,0.9996948428440648,0.4519377479401892,2024,-2.008636474609375,1.97431480884552,0.0,-2.893646240234375,73.75,170.5,east_siberian
2024-09-01 08:00:00,3599,73.92787733333333,170.76961683333332,-1.94,98.2,1.5,5.5,230.66618789618255,,52.041676700222155,1.4961525541369023,55.623712905304096,0.0,0.0,1.0,0.0,2024,-2.284027099609375,1.7380942106246948,0.0,-3.200286865234375,74.0,170.75,east_siberian
2024-09-01 09:00:00,3598,73.95732841666666,170.92629849999997,-2.09,98.1,3.1,3.2,235.77048118189745,,52.617725810253525,3.0828961154034196,55.66462747195668,0.0,0.0,1.0,0.0,2024,-2.357757568359375,4.109503269195557,0.0,-3.289154052734375,74.0,171.0,east_siberian
2024-09-01 10:00:00,3599,73.99990033333333,171.14862733333334,-2.05,98.0,2.1,3.8,69.97825152496684,,244.15240158194507,2.0830677523352055,241.95316753912033,0.0,0.0,1.0,0.000555709919422,2024,-2.379241943359375,4.0825276374816895,0.0,-3.298919677734375,74.0,171.25,east_siberian
2024-09-01 11:00:00,3599,73.971589,170.9948858333333,-1.96,98.0,2.1,2.2,55.82970319067736,,231.12673521408587,2.0905732753819697,235.8449597092162,0.0,0.0,1.0,0.0,2024,-2.357757568359375,4.109503269195557,0.0,-3.289154052734375,74.0,171.0,east_siberian
2024-09-01 12:00:00,3600,73.93344441666667,170.79190491666665,-1.98,98.1,2.1,3.0,39.49529267262833,,215.4586132505496,2.109505364442569,219.98453414425933,0.0,0.0,1.0,0.0,2024,-2.336273193359375,4.137054920196533,0.0,-3.285247802734375,74.0,170.75,east_siberian
2024-09-01 13:00:00,3599,73.92354016666667,170.77401733333335,-1.98,98.1,1.6,3.9,179.47664799345867,,351.92503205753854,1.686610613253431,356.46549232762106,0.0,0.0,1.0,0.0,2024,-2.336273193359375,4.137054920196533,0.0,-3.285247802734375,74.0,170.75,east_siberian
2024-09-01 14:00:00,3600,73.930238,170.77865533333335,-1.98,98.2,1.6,6.3,168.15140154350092,,281.23809626927704,1.5943176392251022,286.3898419678959,0.0,0.0,1.0,0.0,2024,-2.336273193359375,4.137054920196533,0.0,-3.285247802734375,74.0,170.75,east_siberian
2024-09-01 15:00:00,3599,73.8500145,170.42958466666667,-2.19,98.2,0.7,6.3,166.23158169432205,,328.6158059838194,0.6840200119982113,203.97498750800565,0.0,0.0,1.0,0.1091969991664351,2024,-0.942474365234375,4.898423671722412,0.0,-2.072113037109375,73.75,170.5,east_siberian
2024-09-01 16:00:00,3599,73.84905466666667,170.428247,-2.45,98.1,0.6,1.7,205.01982461028047,,110.86721729400492,0.3715259104806755,118.11461221148345,0.0,0.0,1.0,0.0627952208946929,2024,-0.942474365234375,4.898423671722412,0.0,-2.072113037109375,73.75,170.5,east_siberian
2024-09-01 17:00:00,3599,73.84759616666666,170.43555699999996,-2.44,98.0,0.8,1.7,167.0839821338961,,60.0737710760224,0.6811158484263617,130.94438514756777,0.0,0.0,1.0,0.1544873575993331,2024,-0.942474365234375,4.898423671722412,0.0,-2.072113037109375,73.75,170.5,east_siberian
2024-09-01 18:00:00,3599,73.84949916666666,170.43292766666667,-2.15,98.0,0.3,1.9,152.48069752557964,,121.4434646655203,0.3021294817459369,223.23321302433993,0.0,0.0,1.0,0.3056404556821339,2024,-0.942474365234375,4.898423671722412,0.0,-2.072113037109375,73.75,170.5,east_siberian
2024-09-01 19:00:00,3273,73.84889966666667,170.42908983333334,-2.03,97.9,0.0,0.4,160.79367728827333,,120.04390909876795,0.006459791557693,331.4460077785033,0.0,0.0,1.0,0.7390772991139627,2024,-0.942474365234375,4.898423671722412,0.0,-2.072113037109375,73.75,170.5,east_siberian
2024-09-01 21:00:00,3599,73.8486525,170.430746,-1.51,98.1,0.0,0.3,158.68189346602563,,119.98858033543046,0.0041236225201973,215.50052587658143,0.0,0.0,1.0,0.8632953598221729,2024,-0.339691162109375,5.444339752197266,0.0,-0.731292724609375,73.75,170.5,east_siberian
2024-09-01 22:00:00,3600,73.84863258333333,170.4307285,-1.4,98.2,0.0,0.5,163.1568718336124,,120.00479249977424,0.0074228035032123,295.9195775997021,0.0,0.0,1.0,0.7033333333333334,2024,-0.339691162109375,5.444339752197266,0.0,-0.731292724609375,73.75,170.5,east_siberian
2024-09-01 23:00:00,3598,73.84867116666666,170.430864,-1.26,98.3,0.0,5.7,164.76962094029855,,116.02775742557932,0.0074516349752106,79.19569754789526,0.0,0.0,1.0,0.7556976097832129,2024,-0.339691162109375,5.444339752197266,0.0,-0.731292724609375,73.75,170.5,east_siberian
2024-09-02 00:00:00,3601,73.91806183333333,170.73352383333332,-1.4,98.2,6.3,6.4,182.0154402223745,,68.49466118092279,6.2819206330079815,50.30607877231623,0.0,0.0,1.0,0.094140516523188,2024,-0.386566162109375,5.348923206329346,0.0,-0.826995849609375,74.0,170.75,east_siberian
2024-09-02 01:00:00,3600,73.9337,170.80163491666667,-1.39,98.2,0.0,0.4,161.18417761395386,,109.93190206546542,0.0072708293725738,165.09202901468117,0.0,0.0,1.0,0.7825,2024,-0.386566162109375,5.348923206329346,0.0,-0.826995849609375,74.0,170.75,east_siberian
2024-09-02 02:00:00,3274,73.93345599999999,170.802813,-1.19,98.3,0.0,1.1,159.3781233163156,,110.97712411622676,0.0056382060206795,124.464944757612,0.0,0.0,1.0,0.7950519242516799,2024,-0.386566162109375,5.348923206329346,0.0,-0.826995849609375,74.0,170.75,east_siberian
2024-09-02 04:00:00,3600,73.93630416666667,170.79871708333332,-0.8,98.6,1.0,1.2,159.08867525192744,,179.39277664248573,1.0311635576286895,274.8044110748009,0.0,0.0,1.0,0.0144444444444444,2024,-0.637298583984375,5.712313175201416,0.0,-1.047698974609375,74.0,170.75,east_siberian
2024-09-02 05:00:00,3589,73.93502316666667,170.79777950000002,-0.12,98.6,1.0,1.3,132.76122184298995,,300.4792481642917,1.0352849056973552,278.94631575233825,0.0002786291446085,0.0,1.0,0.0158818612426859,2024,-0.637298583984375,5.712313175201416,0.0,-1.047698974609375,74.0,170.75,east_siberian
2024-09-02 06:00:00,3598,73.93462808333334,170.79487491666669,-0.09,98.6,1.0,1.1,141.5566356484579,,332.97157117404095,1.0126586399701154,289.8496474874255,0.0,0.0,1.0,0.0289049471928849,2024,-0.637298583984375,5.712313175201416,0.0,-1.047698974609375,74.0,170.75,east_siberian
2024-09-02 07:00:00,3599,73.93554216666666,170.7942495,-0.02,98.5,1.0,1.5,175.27102093547708,,8.526815342014348,1.0153140986597735,346.0918917098652,0.0,0.0,1.0,0.0083356487913309,2024,-0.637298583984375,5.712313175201416,0.0,-1.047698974609375,74.0,170.75,east_siberian
2024-09-02 10:00:00,3600,73.93757508333334,170.79796316666668,0.07,98.3,2.6,4.3,259.381858552511,,81.82545207391092,2.592550816998281,93.05611727805476,0.0,0.0,1.0,0.0,2024,0.079986572265625,5.6622843742370605,0.0,-0.661956787109375,74.0,170.75,east_siberian
2024-09-02 11:00:00,3600,73.93198791666667,170.77858716666668,0.57,98.1,0.1,3.4,183.18907279862137,,227.5116431144677,0.0454411069041835,206.60467258722028,0.0,0.0,1.0,0.3227777777777778,2024,0.079986572265625,5.6622843742370605,0.0,-0.661956787109375,74.0,170.75,east_siberian
2024-09-02 12:00:00,3598,73.93196433333333,170.7785391666667,2.34,87.9,0.0,0.3,194.33895620447535,,232.67918288554824,0.004974552934078,17.974948025082902,0.0,0.0,1.0,0.8196220122290161,2024,0.079986572265625,5.6622843742370605,0.0,-0.661956787109375,74.0,170.75,east_siberian
2024-09-02 13:00:00,3598,73.93540916666666,170.79082950000003,1.69,92.0,0.0,1.6,198.28267775954865,,232.65736898185384,0.0081689103377803,41.54043203006648,0.0,0.0,1.0,0.5686492495831017,2024,0.079986572265625,5.6622843742370605,0.0,-0.661956787109375,74.0,170.75,east_siberian
2024-09-02 14:00:00,3599,73.93642100000001,170.79465783333333,0.69,93.2,0.0,1.2,186.07162212287597,,216.9472202938374,0.007222052460678,56.188454249490086,0.0,0.0,1.0,0.5821061405946096,2024,0.079986572265625,5.6622843742370605,0.0,-0.661956787109375,74.0,170.75,east_siberian
2024-09-02 15:00:00,3598,73.937939,170.80206583333336,0.24,96.4,0.0,0.2,151.3110093113448,,63.920566974630646,0.0029495157447917,255.18749785967623,0.0,0.0,1.0,0.9018899388549194,2024,0.203033447265625,4.535696029663086,0.0,-0.520599365234375,74.0,170.75,east_siberian
2024-09-02 16:00:00,3599,73.93793933333333,170.80202616666665,0.24,96.6,0.0,0.2,148.53125820576872,,59.96264887623922,0.0033538895558179,316.2516810110957,0.0,0.0,1.0,0.9260905807168658,2024,0.203033447265625,4.535696029663086,0.0,-0.520599365234375,74.0,170.75,east_siberian
2024-09-02 17:00:00,3599,73.93794849999999,170.802081,0.24,96.9,0.0,1.8,189.68017479131808,,56.348354211796824,0.0090065616550085,58.821579662191475,0.0,0.0,1.0,0.5181994998610725,2024,0.203033447265625,4.535696029663086,0.0,-0.520599365234375,74.0,170.75,east_siberian
2024-09-02 18:00:00,3600,73.96377266666667,170.945043,-0.08,97.5,1.5,1.7,237.0351371533191,,56.19926841854467,1.5506306458551993,57.04297068874132,0.0,0.0,1.0,0.0,2024,0.191314697265625,4.410298824310303,0.0,-0.532318115234375,74.0,171.0,east_siberian
2024-09-02 19:00:00,3600,73.99958625,171.14467924999997,-0.53,97.9,2.6,2.8,236.9896560978637,,55.84820742076655,2.5879385788432776,56.910690525449375,0.0,0.0,1.0,0.0,2024,0.171783447265625,4.339221477508545,0.0,-0.549896240234375,74.0,171.25,east_siberian
2024-09-02 20:00:00,3599,74.04510916666666,171.40182183333334,-1.26,98.4,2.6,2.7,227.81135611404133,,45.643312074453014,2.5989229178972995,47.42456031616195,0.0,0.0,1.0,0.0,2024,0.150299072265625,4.272820472717285,0.0,-0.567474365234375,74.0,171.5,east_siberian
2024-09-02 21:00:00,3598,74.02984975000001,171.31424158333334,-1.31,98.6,2.6,2.8,50.54249887607955,,227.5994621973142,2.5941573841101433,230.6404334025365,0.0,0.0,1.0,0.0,2024,0.211334228515625,2.590672492980957,0.0,-0.514007568359375,74.0,171.25,east_siberian
2024-09-03 00:00:00,3600,73.93163666666666,170.76895075,-1.5,98.6,2.5,2.8,216.42918697227873,,35.54763179820858,2.5158816993619055,36.96513184249172,0.0,0.0,1.0,0.0,2024,0.301177978515625,2.6650195121765137,0.0,-0.430023193359375,74.0,170.75,east_siberian
2024-09-03 01:00:00,3598,73.93001175,170.81715541666668,-1.54,98.7,2.5,2.8,8.604352092876482,,181.37770402553315,2.5475114271600727,186.3499600610543,0.0,0.0,1.0,0.0,2024,0.301177978515625,2.6650195121765137,0.0,-0.430023193359375,74.0,170.75,east_siberian
2024-09-03 04:00:00,3600,73.9365985,170.79560433333336,-1.86,98.8,0.0,0.6,150.6962698269871,,79.98472988914286,0.0039543977545936,185.9293280559936,0.0,0.0,1.0,0.8680555555555556,2024,-0.313568115234375,4.114720344543457,0.0,-0.816741943359375,74.0,170.75,east_siberian
2024-09-03 05:00:00,3599,73.93684549999999,170.7956716666667,-2.22,98.7,0.0,0.4,152.14856979629937,,80.01519843371811,0.0041752801803369,237.1610086284867,0.0,0.0,1.0,0.8894137260350097,2024,-0.313568115234375,4.114720344543457,0.0,-0.816741943359375,74.0,170.75,east_siberian
2024-09-03 06:00:00,3593,73.94085833333334,170.79102366666666,-2.4,98.5,4.9,13.1,165.7126166663201,,21.901810793170757,4.925573473429705,354.27312893242384,0.0002783189535207,0.0005566379070414,1.0,0.3765655441135541,2024,-0.313568115234375,4.114720344543457,0.0,-0.816741943359375,74.0,170.75,east_siberian
2024-09-03 07:00:00,3599,74.09718016666667,170.584598,-2.58,98.3,5.1,5.3,170.9584985602031,,337.58804112267575,5.1293832135272925,340.2049906521342,0.0,0.0,1.0,0.0,2024,-0.208099365234375,4.109034061431885,0.0,-0.746429443359375,74.0,170.5,east_siberian
2024-09-03 08:00:00,3600,74.25319008333334,170.37939058333336,-2.71,98.0,5.1,5.4,170.8382234261906,,337.58994052562065,5.12729111063069,340.27146240114786,0.0,0.0,1.0,0.0,2024,-0.087005615234375,3.7741363048553467,0.0,-0.668304443359375,74.25,170.5,east_siberian
2024-09-03 09:00:00,3598,74.41050258333334,170.23251833333336,-2.17,98.0,5.2,5.5,184.21324652820013,,7.586224337510316,5.172235148343079,10.48136765514646,0.0,0.0,1.0,0.0,2024,-0.504974365234375,3.514206886291504,0.0,-1.646575927734375,74.5,170.25,east_siberian
2024-09-03 10:00:00,3599,74.52519316666667,170.59485166666667,-1.58,98.1,5.1,5.3,193.1951456218743,,43.65965254003216,5.140881760757909,46.98214087787745,0.0,0.0,1.0,0.0,2024,-0.565521240234375,3.362093210220337,0.0,-1.714935302734375,74.5,170.5,east_siberian
2024-09-03 11:00:00,3599,74.63843983333332,171.0516875,-1.48,98.0,5.1,5.3,204.83106635502625,,43.85921140112334,5.119590079295542,47.0028718683674,0.0,0.0,1.0,0.0,2024,-0.631927490234375,2.848562717437744,0.0,-1.783294677734375,74.75,171.0,east_siberian
2024-09-03 16:00:00,3600,74.97795649999999,172.39609150000004,-2.29,97.0,0.0,1.7,183.5634026868239,,231.67457577457864,0.0117618480120574,258.7807230902973,0.0,0.0,1.0,0.5922222222222222,2024,-1.130462646484375,2.3914928436279297,0.0,-2.486907958984375,75.0,172.5,east_siberian
2024-09-03 17:00:00,3599,74.98357850000001,172.42315266666665,-2.24,96.7,0.3,2.7,198.30383320087603,,243.48751516175088,0.3644238708185028,3.6307952164059545,0.0,0.0,1.0,0.4117810502917477,2024,-1.130462646484375,2.3914928436279297,0.0,-2.486907958984375,75.0,172.5,east_siberian
2024-09-03 20:00:00,3599,74.98759016666666,172.41201883333335,-1.48,95.8,0.0,0.2,203.26224237320324,,0.0006948301892874,0.0035802400933375,298.6317894003605,0.0,0.0,1.0,0.9691580994720757,2024,-1.130462646484375,2.3914928436279297,0.0,-2.486907958984375,75.0,172.5,east_siberian
2024-09-03 21:00:00,3599,74.98759066666666,172.4120125,-1.35,96.1,0.0,0.1,219.59968946187203,,359.99822170541137,0.0021856799858141,131.54270730500207,0.0,0.0,1.0,0.998888580161156,2024,-1.174407958984375,2.590542793273926,0.0,-2.580657958984375,75.0,172.5,east_siberian
2024-09-03 22:00:00,3600,75.0446775,172.58871391666665,-1.13,96.0,6.4,6.5,187.3295010627705,,33.783301293577686,6.366080033870438,36.91125228197508,0.0,0.0,1.0,0.0436111111111111,2024,-1.174407958984375,2.590542793273926,0.0,-2.580657958984375,75.0,172.5,east_siberian
2024-09-03 23:00:00,3600,75.20859383333334,173.0727501666667,-0.71,97.9,6.4,6.4,180.0,,34.726348299985375,6.352642226794979,36.88187750562232,0.0,0.0,1.0,0.0,2024,-1.156829833984375,1.9874231815338135,0.0,-2.627532958984375,75.25,173.0,east_siberian
2024-09-04 00:00:00,3599,75.37427299999999,173.5627405,-0.8,98.4,6.5,6.8,179.99642118421428,,34.61203517780127,6.464063790232785,36.83003636266962,0.0,0.0,1.0,0.0,2024,-1.250579833984375,1.8150171041488647,0.0,-2.766204833984375,75.25,173.5,east_siberian
2024-09-04 01:00:00,3599,75.50455583333334,173.95076450000002,-1.45,98.3,0.0,11.8,158.17376773651316,,44.94845682428704,0.0036957489988814,42.08975238321273,0.0,0.0,1.0,0.6596276743539872,2024,-1.100189208984375,1.6621594429016113,0.0,-2.856048583984375,75.5,174.0,east_siberian
2024-09-04 02:00:00,3600,75.50440683333333,173.95058808333334,-1.63,97.5,0.0,1.0,140.9482416105577,,181.24355788440732,0.0142017001263147,195.5253764181374,0.0,0.0,1.0,0.5944444444444444,2024,-1.100189208984375,1.6621594429016113,0.0,-2.856048583984375,75.5,174.0,east_siberian
2024-09-04 03:00:00,3599,75.4995875,173.934336,-2.0,97.6,0.0,2.1,180.25731480576852,,225.1751812228979,0.0051548184353161,294.4894671164353,0.0,0.0,1.0,0.7327035287579883,2024,-1.053314208984375,4.119540214538574,0.0,-2.374847412109375,75.5,174.0,east_siberian
2024-09-04 04:00:00,3599,75.50251133333333,173.92056266666663,-2.12,97.5,0.0,1.3,147.0729263146065,,59.72672968907214,0.0039457756694196,59.61133130663626,0.0,0.0,1.0,0.9502639622117256,2024,-1.053314208984375,4.119540214538574,0.0,-2.374847412109375,75.5,174.0,east_siberian
2024-09-04 05:00:00,3599,75.50251166666666,173.92053066666668,-2.22,97.7,0.0,0.5,154.45808593324026,,59.725590496059006,0.0035339443786059,321.9859858981316,0.0,0.0,1.0,0.8632953598221729,2024,-1.053314208984375,4.119540214538574,0.0,-2.374847412109375,75.5,174.0,east_siberian
2024-09-04 06:00:00,3599,75.50251483333334,173.92051300000003,-2.32,97.9,0.0,0.3,147.78845679119553,,59.718644085987805,0.0024592592504103,307.43700227026414,0.0,0.0,1.0,0.9538760766879688,2024,-1.053314208984375,4.119540214538574,0.0,-2.374847412109375,75.5,174.0,east_siberian
2024-09-04 07:00:00,3404,75.545742,173.9728264166667,-2.39,97.7,5.1,5.4,180.97085031371495,,18.745823563304263,5.133695479639288,12.084686819245457,0.0,0.0,1.0,0.150117508813161,2024,-1.053314208984375,4.119540214538574,0.0,-2.374847412109375,75.5,174.0,east_siberian
2024-09-04 09:00:00,3601,75.87859916666666,174.15246333333332,-2.8,95.7,5.1,5.4,196.8469791664759,,17.347210463817937,5.074261215129506,17.818308594877514,0.0,0.0,1.0,0.0,2024,-1.122161865234375,7.398461818695068,0.0,-2.459320068359375,76.0,174.25,east_siberian
2024-09-04 10:00:00,3598,75.90305216666667,174.59540408333334,-2.49,94.6,5.1,5.4,243.7507852673073,,102.67741797458557,5.107549452666266,107.5777567405134,0.0,0.0,1.0,0.0,2024,-1.169036865234375,7.343518257141113,0.0,-2.424163818359375,76.0,174.5,east_siberian
2024-09-04 11:00:00,3598,75.862495,175.23889400000002,-2.77,95.3,5.1,5.7,233.0669750902805,,80.53623452971482,5.107596658616324,84.48869741811966,0.0,0.0,1.0,0.0,2024,-1.274505615234375,6.809030055999756,0.0,-2.984710693359375,75.75,175.25,east_siberian
2024-09-04 12:00:00,3600,75.92358816666666,175.1795405833333,-2.96,95.7,5.1,5.3,136.01743772006475,,288.0883290881621,5.095539264001718,291.94578178060704,0.0,0.0,1.0,0.0,2024,-1.292083740234375,6.809388160705566,0.0,-2.514007568359375,76.0,175.25,east_siberian
2024-09-04 13:00:00,3598,75.97479341666667,174.53417725000003,-3.08,94.3,5.1,6.2,114.7437932162223,,288.5620268010291,5.0550369164071,292.0630474837611,0.0,0.0,1.0,0.0,2024,-1.169036865234375,7.343518257141113,0.0,-2.424163818359375,76.0,174.5,east_siberian
2024-09-04 14:00:00,3600,76.03632966666666,174.46779058333334,-3.26,94.5,5.1,5.4,254.2023760739316,,81.77266170060983,5.062022656234592,84.89041989713952,0.0,0.0,1.0,0.0,2024,-1.169036865234375,7.343518257141113,0.0,-2.424163818359375,76.0,174.5,east_siberian
2024-09-04 15:00:00,3601,76.06362166666666,174.99144733333335,-3.31,94.9,5.3,6.2,187.5050427301611,,35.849314769577866,5.265178218634556,39.99094033042035,0.0,0.0,1.0,0.0238822549291863,2024,-1.438323974609375,8.719908714294434,0.0,-3.378753662109375,76.0,175.0,east_siberian
2024-09-04 16:00:00,3600,76.06293983333333,175.16398816666666,-3.23,95.4,0.0,6.8,156.3691272327311,,101.33339954732462,0.0218066035584227,155.91296638347117,0.0,0.0,1.0,0.5094444444444445,2024,-1.473480224609375,8.746560096740723,0.0,-3.427581787109375,76.0,175.25,east_siberian
2024-09-04 17:00:00,3600,76.06301308333333,175.1638028333333,-3.19,95.5,0.0,0.3,151.07396604121246,,39.58547933431787,0.0072586530278747,326.7967634121435,0.0,0.0,1.0,0.8966666666666666,2024,-1.473480224609375,8.746560096740723,0.0,-3.427581787109375,76.0,175.25,east_siberian
2024-09-04 18:00:00,3600,76.06279433333334,175.16562233333337,-3.18,95.1,0.0,6.3,158.65947820661577,,27.101619173975926,0.0086007104332995,325.1161762671816,0.0,0.0,1.0,0.6627777777777778,2024,-1.473480224609375,8.746560096740723,0.0,-3.427581787109375,76.0,175.25,east_siberian
2024-09-04 19:00:00,3599,76.17252533333334,175.21229216666663,-3.16,94.9,6.2,6.5,179.97924423939364,,19.657953004357623,6.196910564486928,22.807229309183462,0.0,0.0,1.0,0.0,2024,-1.578948974609375,8.299261093139648,0.0,-3.074066162109375,76.25,175.25,east_siberian
2024-09-04 20:00:00,3599,76.32597633333333,175.5961256666667,-3.24,95.1,6.2,6.4,182.3124935700853,,30.16489267284408,6.1361100059109255,29.318272403233593,0.0,0.0,1.0,0.0027785495971103,2024,-1.612152099609375,8.309962272644043,0.0,-3.109222412109375,76.25,175.5,east_siberian
2024-09-04 21:00:00,3599,76.39174016666666,175.78697,-3.24,95.3,0.0,0.1,149.80235563038315,,61.35087471168264,0.0062060014778418,255.41811460390505,0.0,0.0,1.0,0.9219227563212004,2024,-2.022308349609375,8.94542121887207,0.0,-4.195648193359375,76.5,175.75,east_siberian
2024-09-04 22:00:00,3600,76.3918005,175.78666766666666,-3.22,94.8,0.0,0.1,156.53447621041352,,23.42386486249639,0.007362738164279,299.94748120093374,0.0,0.0,1.0,0.9511111111111112,2024,-2.022308349609375,8.94542121887207,0.0,-4.195648193359375,76.5,175.75,east_siberian
2024-09-04 23:00:00,3600,76.39180400000001,175.78658,-3.3,95.3,0.0,1.4,165.5102803466914,,11.725855063900095,0.0121481574571072,29.20463639583487,0.0,0.0,1.0,0.9547222222222222,2024,-2.022308349609375,8.94542121887207,0.0,-4.195648193359375,76.5,175.75,east_siberian
2024-09-05 00:00:00,3600,76.45068025,175.679956,-3.5,95.6,6.0,6.4,179.2956387903713,,345.0789790053117,6.023040875523108,342.7918373451435,0.0,0.0,1.0,0.08,2024,-2.022308349609375,8.94542121887207,0.0,-4.195648193359375,76.5,175.75,east_siberian
2024-09-05 01:00:00,3598,76.64398266666667,175.57304791666667,-3.59,94.6,6.3,6.5,179.9915508648533,,0.8746254409942347,6.251542141973444,2.4934351515527977,0.0,0.0,1.0,0.0,2024,-2.170745849609375,8.854647636413574,0.105133056640625,-4.615570068359375,76.75,175.5,east_siberian
2024-09-05 02:00:00,3600,76.83600641666666,175.54874808333335,-3.78,94.0,6.3,6.5,179.8379927489544,,351.2018277725871,6.342494749183251,353.04023070699327,0.0,0.0,1.0,0.0,2024,-2.170745849609375,8.854647636413574,0.105133056640625,-4.615570068359375,76.75,175.5,east_siberian
2024-09-10 06:00:00,3600,76.94699033333333,178.29121416666666,-1.26,98.2,6.4,6.6,180.7045291678047,,107.8501747184305,6.410463296234306,109.4717021675484,0.0,0.0,1.0,0.0,2024,-1.163421630859375,6.822747230529785,0.0,-1.748870849609375,77.0,178.25,east_siberian
2024-09-10 07:00:00,3599,76.88448799999999,179.14626266666667,-1.1,98.5,6.3,6.5,179.89955544648538,,109.24811480862644,6.278452630659538,111.05527365143786,0.0,0.0,1.0,0.0,2024,-1.083343505859375,6.828863143920898,0.054962158203125,-1.686370849609375,77.0,179.25,east_siberian
2024-09-12 05:00:00,3542,74.51925783333334,-167.5065175,-0.43,98.4,6.4,8.0,179.89037988744963,,160.00047968241662,6.3674275121705755,162.92131362611823,0.0,0.0,1.0,0.0,2024,-0.047210693359375,3.5879452228546143,0.0,-0.786224365234375,74.5,192.5,chukchi
2024-09-12 06:00:00,3546,74.31986216666667,-167.28320099999996,-0.42,98.8,6.4,7.9,179.8765989882931,,160.0148054773313,6.393764063194888,163.4365243814554,0.0,0.0,1.0,0.0008460236886632,2024,0.134429931640625,3.106920003890991,0.0,-0.569427490234375,74.25,192.75,chukchi
2024-09-12 07:00:00,3548,74.12295499999999,-167.07404416666665,-0.32,98.7,6.4,7.9,179.8682094959918,,161.54437574237326,6.332794755705888,164.558882705489,0.0,0.0,1.0,0.0,2024,0.329742431640625,2.6007800102233887,0.0,-0.352630615234375,74.0,193.0,chukchi
2024-09-12 08:00:00,3543,73.92412416666666,-166.8775018333333,-0.5,98.7,6.4,7.9,179.8641024450493,,160.86700407504074,6.374530601346282,164.870725701859,0.0,0.0,1.0,0.0,2024,0.329742431640625,2.6007800102233887,0.0,-0.352630615234375,74.0,193.0,chukchi
2024-09-12 09:00:00,3557,73.72450816666667,-166.683998,-0.39,98.8,6.4,13.1,179.79979590529868,,162.163647476179,6.406625876252035,165.039656580271,0.0002811357885858,0.0,1.0,0.0064661231374754,2024,0.285797119140625,0.9280474781990051,0.0,-0.197357177734375,73.75,193.25,chukchi
2024-09-12 10:00:00,3599,73.52288116666666,-166.50718766666668,-0.52,98.9,6.5,6.6,180.0,,168.37445714819316,6.455259791161834,170.6237369109962,0.0,0.0,1.0,0.0,2024,0.582672119140625,0.4417019486427307,0.0,-0.060638427734375,73.5,193.5,chukchi
2024-09-12 11:00:00,3598,73.33187724999999,-166.3268968333333,-1.09,98.9,6.3,6.7,179.2248122290464,,160.55721361586873,6.206311104381144,162.77240482792598,0.0,0.0,1.0,0.0,2024,0.727203369140625,0.6905922293663025,0.0,-0.058685302734375,73.25,193.75,chukchi
2024-09-12 12:00:00,3599,73.16960283333333,-166.26396516666665,-1.21,98.9,6.5,6.9,180.13300222362352,,179.08263598492644,6.500277437450103,180.28342263498652,0.0,0.0,1.0,0.0,2024,0.727203369140625,0.6905922293663025,0.0,-0.058685302734375,73.25,193.75,chukchi
2024-09-12 13:00:00,3598,72.96304866666667,-166.35931699999998,-0.86,98.9,6.5,6.8,180.0,,191.86147203300408,6.512952305299624,193.64308836244263,0.0,0.0,1.0,0.0,2024,0.203765869140625,1.037321925163269,0.0,-0.328216552734375,73.0,193.75,chukchi
2024-09-12 16:00:00,3601,72.36185883333333,-166.95852599999998,-0.62,99.0,6.4,6.7,180.0,,192.78299604342016,6.391446884943087,194.1486563940053,0.0,0.0,1.0,0.0,2024,0.721832275390625,2.9221084117889404,0.0,-0.149017333984375,72.25,193.0,chukchi
2024-09-12 17:00:00,3586,72.15942700000001,-167.0757590833333,0.16,99.0,6.3,7.6,179.99994422757987,,185.81019091380213,6.253127850470515,188.0703928053815,0.0,0.0,1.0,0.0,2024,0.721832275390625,2.9221084117889404,0.0,-0.149017333984375,72.25,193.0,chukchi
2024-09-12 18:00:00,3585,71.95855766666666,-167.16962583333333,0.41,99.0,6.3,6.5,180.0,,186.0732203247214,6.216796624539154,188.0724781381292,0.0,0.0,1.0,0.0,2024,1.169097900390625,2.906158685684204,0.0,0.229888916015625,72.0,192.75,chukchi
2024-09-12 19:00:00,3584,71.76144425,-167.26028341666665,0.63,99.0,6.2,7.5,179.99994419645685,,185.54971953452664,6.124720116141093,188.04999694507745,0.0,0.0,1.0,0.0,2024,1.618316650390625,2.8607053756713867,0.0,0.669342041015625,71.75,192.75,chukchi
2024-09-12 20:00:00,3587,71.569943,-167.3447815,1.66,96.2,5.9,6.1,180.0,,185.10986505521615,5.8947002871196865,188.08801745861985,0.0,0.0,1.0,0.0,2024,2.233551025390625,2.781106472015381,0.0,1.186920166015625,71.5,192.75,chukchi
2024-09-12 21:00:00,3268,71.37432183333334,-167.43234175,1.95,97.8,5.9,6.1,180.00480553378128,,185.61975250753923,5.911654910895304,188.10084637114664,0.0003059975520195,0.0003059975520195,1.0,0.0076499388004895,2024,3.066558837890625,3.1481425762176514,0.0,2.089019775390625,71.25,192.5,chukchi
2024-09-12 22:00:00,3587,71.19292833333334,-167.5124818333333,2.26,96.2,6.0,6.1,180.0,,186.045136259273,5.928208698078145,188.03579099292097,0.0,0.0,1.0,0.0,2024,3.066558837890625,3.1481425762176514,0.0,2.089019775390625,71.25,192.5,chukchi
2024-09-12 23:00:00,3598,71.00277841666667,-167.59606100000002,2.01,97.4,6.0,6.1,180.0,,185.6582229143828,5.930557353865736,188.07970693506832,0.0,0.0,1.0,0.0,2024,3.187652587890625,3.0777125358581543,0.0,2.348785400390625,71.0,192.5,chukchi
2024-09-13 00:00:00,3593,70.812,-167.67866266666667,1.8,98.5,6.0,6.2,180.0,,185.64848756163244,5.978299806205078,188.09540065204152,0.0,0.0,1.0,0.0,2024,3.189605712890625,3.111774444580078,0.0,2.350738525390625,70.75,192.25,chukchi
2024-09-13 01:00:00,3597,70.61748116666666,-167.76234316666668,1.87,98.8,6.2,6.3,180.0,,186.0441749921839,6.119996975346987,188.00425615621188,0.0,0.0,1.0,0.0,2024,3.338043212890625,3.3629348278045654,0.0,2.475738525390625,70.5,192.25,chukchi
2024-09-13 02:00:00,3594,70.42110025,-167.84612050000004,1.93,99.0,6.1,6.3,180.0,,185.98383205818195,6.099199819074578,188.13776995623567,0.0,0.0,1.0,0.0,2024,3.338043212890625,3.3629348278045654,0.0,2.475738525390625,70.5,192.25,chukchi
2024-09-13 05:00:00,3599,69.84700433333335,-168.0865581666667,3.47,99.2,5.9,6.2,179.99927760482532,,186.00806049657464,5.877832830971545,187.8072751893135,0.0,0.0,1.0,0.000833564879133,2024,4.654937744140625,4.956079006195068,0.0,3.440826416015625,69.75,192.0,chukchi
2024-09-13 06:00:00,3597,69.656988,-168.1657375,4.47,97.1,6.0,6.1,180.0,,186.39454273675628,5.951825906504213,187.87182814024737,0.0,0.0,1.0,0.0,2024,4.531890869140625,4.795520782470703,0.0,3.407623291015625,69.75,191.75,chukchi
2024-09-13 07:00:00,3600,69.4663835,-168.24139541666665,5.08,94.7,6.0,6.1,180.0,,186.2098079229374,5.925683028581295,188.3951033183816,0.0,0.0,1.0,0.0,2024,5.244781494140625,5.1617631912231445,0.0,3.708404541015625,69.5,191.75,chukchi
2024-09-13 08:00:00,3597,69.27545083333332,-168.31787749999998,5.43,94.6,6.0,6.2,180.0,,186.1055624648533,6.015855259265095,188.13601815188872,0.0,0.0,1.0,0.0,2024,5.781890869140625,5.098432540893555,0.0,3.849029541015625,69.25,191.75,chukchi
2024-09-13 09:00:00,3597,69.08131183333333,-168.39647666666667,5.67,96.9,6.1,6.3,180.0,,185.2742537134808,6.108910226158009,187.2845938388602,0.0,0.0,1.0,0.0,2024,5.310211181640625,4.265342712402344,0.0,4.149078369140625,69.0,191.5,chukchi
2024-09-13 10:00:00,3599,68.88534066666666,-168.42645966666666,6.07,97.0,6.0,6.3,180.0,,176.63700358768554,6.009610313527518,179.9727611179905,0.0,0.0,1.0,0.0,2024,5.310211181640625,4.265342712402344,0.0,4.149078369140625,69.0,191.5,chukchi
2024-09-13 11:00:00,3597,68.69166516666668,-168.42594533333337,6.3,96.4,6.0,6.6,180.0,,177.85065065076347,5.984769084189846,179.98790472733072,0.0,0.0,1.0,0.0,2024,5.546539306640625,4.023733139038086,0.0,4.299468994140625,68.75,191.5,chukchi
2024-09-13 12:00:00,3599,68.49665033333333,-168.42560016666667,6.51,97.1,6.0,6.3,180.0,,176.94195698375765,6.011290908539779,179.92714151812973,0.0,0.0,1.0,0.0,2024,5.767242431640625,3.3599116802215576,0.0,4.502593994140625,68.5,191.5,chukchi
2024-09-13 13:00:00,3599,68.30415166666667,-168.4250641666667,6.81,93.3,5.9,7.4,179.99877757025115,,176.45728938369888,5.912678655861637,179.92817513599843,0.0,0.0,1.0,0.0,2024,5.603179931640625,2.3593761920928955,0.0,4.502593994140625,68.25,191.5,chukchi
2024-09-13 14:00:00,3600,68.11625425,-168.4245959166667,6.3,90.2,5.7,6.0,179.99986111287248,,176.07499558267278,5.713970795088627,179.94842832818054,0.0,0.0,1.0,0.0,2024,5.073883056640625,1.2461649179458618,0.0,4.221343994140625,68.0,191.5,chukchi
2024-09-13 15:00:00,3597,67.9455465,-168.28332866666668,5.16,97.8,6.1,6.3,179.70788189287006,,160.93342354686067,6.108308402208164,161.57949974409098,0.0,0.0,1.0,0.0008340283569641,2024,5.366363525390625,1.0873920917510986,0.0,4.446685791015625,68.0,191.75,chukchi
2024-09-13 16:00:00,3592,67.7722605,-168.29904775,3.2,98.6,6.0,6.3,180.3294162780334,,166.61620463591188,5.927991573847233,166.7040527022837,0.0,0.0,1.0,0.0,2024,4.481597900390625,1.2916139364242554,0.0,3.962310791015625,67.75,191.75,chukchi
2024-09-13 17:00:00,3593,67.59705516666666,-168.12438733333337,1.94,98.9,6.2,7.5,179.9822154577674,,169.96259732539443,6.18769840859752,170.47231821097895,0.0,0.0,1.0,0.0,2024,4.073394775390625,1.5089155435562134,0.0,3.669342041015625,67.5,192.0,chukchi
2024-09-13 18:00:00,3598,67.40749633333334,-167.99484158333337,1.8,99.0,6.2,6.4,179.79142653680927,,167.2597592714423,6.207737695234033,167.9795142241768,0.0,0.0,1.0,0.0,2024,4.073394775390625,1.5089155435562134,0.0,3.669342041015625,67.5,192.0,chukchi
2024-09-13 19:00:00,3593,67.21679833333333,-168.0440843333333,4.07,99.1,6.2,7.4,180.00077921649887,,194.00983910835575,6.1657480376579485,194.63319391843785,0.0,0.0,1.0,0.0,2024,3.630035400390625,1.3633934259414673,0.0,3.323638916015625,67.25,192.0,chukchi
2024-09-13 20:00:00,3597,67.024601,-168.1650953333333,5.52,98.6,6.1,6.3,180.0,,191.6852431413109,6.094476511922625,192.67696411977883,0.0,0.0,1.0,0.0,2024,4.352691650390625,1.6295262575149536,0.0,3.854888916015625,67.0,191.75,chukchi
2024-09-13 21:00:00,3599,66.83072966666667,-168.27486133333332,6.26,88.2,6.2,7.4,180.00058346258805,,192.02720165640625,6.206534870804904,192.21734397642095,0.0,0.0,1.0,0.0,2024,6.325347900390625,2.9751691818237305,0.0,3.893951416015625,66.75,191.75,chukchi
2024-09-13 22:00:00,3599,66.63405783333333,-168.39018883333333,6.42,93.4,6.1,6.4,180.0,,188.53056147456184,6.062439634930844,190.4532294938478,0.0,0.0,1.0,0.0,2024,6.190582275390625,3.052964448928833,0.0,4.153717041015625,66.75,191.5,chukchi
2024-09-13 23:00:00,3599,66.443207,-168.421244,5.66,95.9,5.9,7.0,179.99888871459217,,177.83547789941414,5.908218998785577,180.1189830465262,0.0,0.0,1.0,0.0,2024,6.296051025390625,3.593641757965088,0.0,4.138092041015625,66.5,191.5,chukchi
2024-09-14 00:00:00,3599,66.24760933333333,-168.42055883333336,5.57,97.1,5.9,6.4,180.0,,178.46657286177873,5.899433134229022,179.9212150638143,0.0,0.0,1.0,0.0,2024,6.381988525390625,3.68304181098938,0.0,4.247467041015625,66.25,191.5,chukchi
2024-09-14 01:00:00,3599,66.05552800000001,-168.4204665,6.2,95.6,6.1,6.6,180.0,,178.84209701222937,6.088387320894429,179.88282011046667,0.0,0.0,1.0,0.0,2024,6.495269775390625,3.1573989391326904,0.0,4.544342041015625,66.0,191.5,chukchi
2024-09-14 02:00:00,3599,65.86183433333333,-168.41999649999997,8.02,84.5,5.9,6.3,179.99997221451812,,179.34060965757826,5.841257098662396,180.02871984793853,0.0,0.0,1.0,0.0,2024,6.631988525390625,3.6202023029327393,0.0,4.671295166015625,65.75,191.5,chukchi
2024-09-14 03:00:00,3600,65.67865641666666,-168.4199166666667,8.35,82.0,5.7,6.1,180.0,,177.20592040150632,5.6771419345847445,179.81446542946048,0.0,0.0,1.0,0.0,2024,7.508941650390625,6.241099834442139,0.0,5.273101806640625,65.75,191.5,chukchi
2024-09-14 04:00:00,3599,65.48985599999999,-168.4189125,7.79,88.7,6.0,6.2,180.0,,175.9950502590855,5.991605232108698,180.0125309346508,0.0,0.0,1.0,0.0,2024,7.495269775390625,6.720831394195557,0.0,5.390289306640625,65.5,191.5,chukchi
2024-09-14 05:00:00,3599,65.2951455,-168.4178078333333,7.63,87.6,6.1,6.3,180.0,,177.06752567630048,6.075145077152799,180.04697837194814,0.0,0.0,1.0,0.0,2024,7.452301025390625,8.05876636505127,0.0,5.714508056640625,65.25,191.5,chukchi
2024-09-14 06:00:00,3598,65.09845983333332,-168.41934741666668,7.52,92.4,6.0,6.3,180.0,,176.4575494501355,5.948926013838784,179.8672371664484,0.0,0.0,1.0,0.0,2024,7.202301025390625,8.25937557220459,0.0,5.886383056640625,65.0,191.5,chukchi
