datetime,cruise_year,era5_region,sog_ms,slow,ice,wind,cold,fog,composite
2020-08-03 23:00:00,2020,chukchi,5.212076037746875,0,0.0,0.39617945353190104,0.0,0.50546875,0.17304368760850694
2020-08-04 01:00:00,2020,chukchi,5.1935511646645045,0,0.0,0.3899179458618164,0.0,0.42265625,0.16033228556315104
2020-08-04 02:00:00,2020,chukchi,5.5364904484113735,0,0.0,0.38311023712158204,0.0,0.46875,0.16466272989908853
2020-08-04 03:00:00,2020,chukchi,5.6366765801258065,0,0.0,0.28012809753417967,0.0,0.59375,0.15386749267578126
2020-08-04 04:00:00,2020,chukchi,5.774281019090425,0,0.0,0.25833606719970703,0.0,0.64375,0.15472295125325522
2020-08-04 05:00:00,2020,chukchi,5.779819641350133,0,0.0,0.2370084762573242,0.0,0.73984375,0.1618480936686198
2020-08-04 06:00:00,2020,chukchi,5.939057299332025,0,0.0,0.2370084762573242,0.0,0.73984375,0.1618480936686198
2020-08-04 07:00:00,2020,chukchi,5.956334991667614,0,0.0,0.22635294596354166,0.0,0.83046875,0.17108995225694443
2020-08-04 08:00:00,2020,chukchi,5.912119741690371,0,0.0,0.2158777872721354,0.0,0.828125,0.16798407660590278
2020-08-04 10:00:00,2020,chukchi,5.299692109814066,0,0.0,0.13951123555501302,0.0,0.8296875,0.14782799614800346
2020-08-04 11:00:00,2020,chukchi,5.7015170183783725,0,0.0,0.13951123555501302,0.0,0.8296875,0.14782799614800346
2020-08-04 12:00:00,2020,chukchi,5.703112401365927,0,0.0,0.09578364690144857,0.0,0.87265625,0.14189647250705295
2020-08-04 13:00:00,2020,chukchi,5.317109139360662,0,0.0,0.07028128306070963,0.0,0.89921875,0.13863750881618922
2020-08-04 14:00:00,2020,chukchi,5.649745155923414,0,0.0,0.07028128306070963,0.0,0.89921875,0.13863750881618922
2020-08-04 15:00:00,2020,chukchi,5.676333060688494,0,0.0,0.0,0.0,0.92548828125,0.1233984375
2020-08-04 16:00:00,2020,chukchi,3.0833270909564465,1,0.0,0.0,0.0,0.89501953125,0.1193359375
2020-08-04 18:00:00,2020,chukchi,5.973803563545652,0,0.0,0.0,0.0,0.87392578125,0.1165234375
2020-08-04 19:00:00,2020,chukchi,2.9714588607942227,1,0.0,0.0,0.0,0.85439453125,0.11391927083333332
2020-08-04 21:00:00,2020,chukchi,5.676391364442165,0,0.0,0.0,0.0,0.6298828125,0.083984375
2020-08-04 23:00:00,2020,chukchi,4.8914189610259005,1,0.0,0.0,0.0,0.4603515625,0.06138020833333333
2020-08-05 00:00:00,2020,chukchi,5.577547607817835,0,0.0,0.0,0.0,0.0,0.0
2020-08-05 02:00:00,2020,chukchi,5.693707821744088,0,0.0,0.0,0.0,0.0,0.0
2020-08-05 03:00:00,2020,chukchi,5.711853962868015,0,0.0,0.0,0.0,0.4970703125,0.06627604166666666
2020-08-05 04:00:00,2020,chukchi,5.67644307779866,0,0.0,0.0,0.0,0.5634765625,0.07513020833333334
2020-08-05 05:00:00,2020,chukchi,5.506472296305763,0,0.0,0.0,0.0,0.5228515625,0.06971354166666666
2020-08-05 06:00:00,2020,chukchi,5.7101639606760815,0,0.0,0.0,0.0,0.5228515625,0.06971354166666666
2020-08-05 07:00:00,2020,chukchi,5.816913512040636,0,0.0,0.019932047526041666,0.0,0.2845703125,0.04325792100694444
2020-08-05 08:00:00,2020,chukchi,5.668043939507935,0,0.0,0.019932047526041666,0.0,0.2845703125,0.04325792100694444
2020-08-05 09:00:00,2020,chukchi,5.722664680009702,0,0.0,0.0,0.0,0.0,0.0
2020-08-05 11:00:00,2020,chukchi,5.840285000107556,0,0.0,0.0,0.0,0.0,0.0
2020-08-05 12:00:00,2020,chukchi,5.851465924810878,0,0.0,0.0,0.0,0.01962890625,0.0026171875
2020-08-05 13:00:00,2020,chukchi,5.777345312523964,0,0.0,0.0,0.0,0.0,0.0
2020-08-05 14:00:00,2020,chukchi,5.586236455279059,0,0.0,0.0,0.0,0.0,0.0
2020-08-05 15:00:00,2020,chukchi,5.7592685920910105,0,0.0,0.0,0.0,0.0,0.0
2020-08-05 16:00:00,2020,chukchi,5.7244106878610905,0,0.0,0.0,0.0,0.0,0.0
2020-08-05 17:00:00,2020,chukchi,5.657926795915618,0,0.0,0.0,0.0,0.0,0.0
2020-08-05 19:00:00,2020,chukchi,2.7476809328661935,1,0.0,0.0,0.0,0.0,0.0
2020-08-05 20:00:00,2020,chukchi,5.69766328728089,0,0.0,0.0,0.0,0.0,0.0
2020-08-05 21:00:00,2020,chukchi,5.710399408372864,0,0.0,0.0006348609924316407,0.0,0.04052734375,0.005572942097981771
2020-08-05 22:00:00,2020,chukchi,5.7486979873586925,0,0.0,0.0,0.0,0.15537109375,0.02071614583333333
2020-08-05 23:00:00,2020,chukchi,5.815882689954005,0,0.0,0.0,0.0,0.0,0.0
2020-08-06 00:00:00,2020,chukchi,5.8759934595208705,0,0.0,0.0,0.0,0.0,0.0
2020-08-06 03:00:00,2020,chukchi,5.713344523827221,0,0.0,0.0,0.0,0.4802734375,0.06403645833333334
2020-08-06 04:00:00,2020,chukchi,5.8047207869237205,0,0.0,0.0,0.0,0.5826171875,0.07768229166666667
2020-08-06 05:00:00,2020,chukchi,4.935537647922222,1,0.0,0.0,0.0,0.8927734375,0.11903645833333333
2020-08-06 06:00:00,2020,chukchi,5.9909374020645085,0,0.0,0.0,0.0,0.8927734375,0.11903645833333333
2020-08-06 07:00:00,2020,chukchi,5.92469106059555,0,0.0,0.0,0.0,1.0,0.13333333333333333
2020-08-06 09:00:00,2020,chukchi,5.714822869656607,0,0.0,0.0,0.0,0.67607421875,0.09014322916666666
2020-08-06 10:00:00,2020,chukchi,5.685499533461163,0,0.0,0.0,0.0,0.67607421875,0.09014322916666666
2020-08-06 11:00:00,2020,chukchi,4.643598373157759,1,0.0,0.0,0.0,0.84638671875,0.1128515625
2020-08-06 12:00:00,2020,chukchi,5.581307468259021,0,0.23983328683035712,0.0,0.01952362060546875,0.94169921875,0.24008524576822915
2020-08-06 13:00:00,2020,chukchi,4.992905227101722,1,0.25487409319196425,0.0,0.02089080810546875,0.99169921875,0.25395324707031247
2020-08-06 14:00:00,2020,chukchi,6.223138764682094,0,0.24558803013392855,0.0,0.02362518310546875,1.0,0.25109110514322913
2020-08-06 15:00:00,2020,chukchi,6.657997336530376,0,0.35497174944196425,0.0,0.04891815185546875,1.0,0.3055092366536458
2020-08-06 16:00:00,2020,chukchi,5.92736919344714,0,0.37184361049107145,0.0,0.05253143310546875,1.0,0.31386454264322916
2020-08-06 17:00:00,2020,chukchi,6.317603132753243,0,0.32092285156249994,0.0,0.05751190185546875,1.0,0.2907655843098958
2020-08-06 18:00:00,2020,chukchi,6.247625132127955,0,0.3064052036830357,0.0,0.04891815185546875,1.0,0.28284484863281245
2020-08-06 19:00:00,2020,chukchi,6.033408818501614,0,0.2917567661830357,0.0,0.04696502685546875,1.0,0.2757484944661458
2020-08-07 02:00:00,2020,chukchi,5.829023128383446,0,0.22540283203124997,0.0,0.00845184326171875,0.71103515625,0.2011195882161458
2020-08-07 03:00:00,2020,chukchi,6.228441303790523,0,0.22038922991071425,0.0,0.03258514404296875,0.6833984375,0.19831278483072912
2020-08-07 05:00:00,2020,chukchi,6.2948930584093405,0,0.21860177176339282,0.0,0.03297576904296875,0.7873046875,0.2113848876953125
2020-08-07 06:00:00,2020,chukchi,5.923826875904966,0,0.24166434151785712,0.0,0.03424530029296875,0.8232421875,0.2271083577473958
2020-08-07 09:00:00,2020,chukchi,5.971264781524065,0,0.24166434151785712,0.0,0.07061004638671875,0.7728515625,0.2252382405598958
2020-08-09 19:00:00,2020,east_siberian,6.42341295822668,0,0.3150809151785714,0.0,0.05394744873046875,1.0,0.28756408691406243
2020-08-09 20:00:00,2020,east_siberian,6.390726083768899,0,0.32432338169642855,0.0,0.05746307373046875,1.0,0.2923459879557292
2020-08-09 22:00:00,2020,east_siberian,5.737935000625907,0,0.3006940569196428,0.0,0.02284393310546875,1.0,0.27670308430989576
2020-08-09 23:00:00,2020,east_siberian,5.636292170297393,0,0.3233206612723214,0.0,0.02294158935546875,1.0,0.28727518717447914
2020-08-10 00:00:00,2020,east_siberian,6.106799931443544,0,0.30814906529017855,0.0,0.02352752685546875,1.0,0.2802732340494791
2020-08-10 02:00:00,2020,east_siberian,6.177732414121144,0,0.3624267578125,0.0,0.02186737060546875,1.0,0.3053814697265625
2020-08-10 03:00:00,2020,east_siberian,6.263969204099498,0,0.36399623325892855,0.0,0.02302703857421875,1.0,0.3062685139973958
2020-08-10 04:00:00,2020,east_siberian,5.061926187102687,1,0.4264700753348214,0.006377983093261719,0.00945281982421875,1.0,0.3353138732910156
2020-08-13 18:00:00,2020,east_siberian,5.483708597838344,0,0.5560825892857143,0.00044768651326497396,0.01616668701171875,0.98359375,0.3929259830050998
2020-08-13 19:00:00,2020,east_siberian,5.702024976221996,0,0.4643118722098214,0.016090838114420573,0.01890106201171875,0.97578125,0.3535940721299913
2020-08-13 20:00:00,2020,east_siberian,5.765509092722241,0,0.35021972656249994,0.03267043431599935,0.02017059326171875,0.97734375,0.3051499006483289
2020-08-13 22:00:00,2020,east_siberian,5.8777933494261,0,0.17177908761160712,0.11952228546142578,0.01177215576171875,1.0,0.24693913777669269
2020-08-13 23:00:00,2020,east_siberian,6.190739804416084,0,0.0,0.15734291076660156,0.01606903076171875,0.98994140625,0.17609283447265625
2020-08-14 00:00:00,2020,east_siberian,3.398937315190256,1,0.0,0.19749043782552084,0.02163543701171875,0.94775390625,0.18191602918836805
2020-08-14 07:00:00,2020,east_siberian,6.218628195981007,0,0.0,0.32411537170410154,0.03168182373046875,0.73212890625,0.18827219645182292
2020-08-14 08:00:00,2020,east_siberian,6.208075799016617,0,0.0,0.3315975824991861,0.02562713623046875,0.74853515625,0.19164766099717878
2020-08-14 09:00:00,2020,east_siberian,6.1518574026449135,0,0.0,0.32574469248453775,0.01730194091796875,0.953515625,0.21630759345160588
2020-08-14 11:00:00,2020,east_siberian,5.867249043878788,0,0.0,0.2794046401977539,0.00607147216796875,1.0,0.20865076700846352
2020-08-14 12:00:00,2020,east_siberian,5.993245356737452,0,0.0,0.273873011271159,0.00216522216796875,1.0,0.20665483262803824
2020-08-14 13:00:00,2020,east_siberian,6.171443269487013,0,0.0,0.16797812779744467,0.0,1.0,0.17812750074598524
2020-08-14 14:00:00,2020,east_siberian,6.3805857839162154,0,0.0,0.15610895156860352,0.0,1.0,0.17496238708496092
2020-08-14 15:00:00,2020,east_siberian,6.3485454866160715,0,0.0,0.17886470158894857,0.0,1.0,0.18103058709038627
2020-08-15 01:00:00,2020,east_siberian,6.522302300321558,0,0.0,0.0,0.0,0.98623046875,0.13149739583333334
2020-08-15 02:00:00,2020,east_siberian,6.58760300637525,0,0.0,0.0,0.0,0.97919921875,0.13055989583333333
2020-08-15 03:00:00,2020,east_siberian,6.54747823110209,0,0.0,0.07031431198120117,0.0,0.95859375,0.14656298319498698
2020-08-15 04:00:00,2020,east_siberian,6.645597052308895,0,0.0,0.11265811920166016,0.0,0.925,0.15337549845377604
2020-08-15 05:00:00,2020,east_siberian,6.735602085269963,0,0.0,0.10123662948608399,0.0,0.93515625,0.1516839345296224
2020-08-15 06:00:00,2020,east_siberian,6.765806165665224,0,0.0,0.11355861028035481,0.0,0.90390625,0.15080312940809462
2020-08-15 07:00:00,2020,east_siberian,6.695536507278159,0,0.0,0.10271100997924805,0.0,0.93125,0.15155626932779948
2020-08-15 08:00:00,2020,east_siberian,6.5080956981441584,0,0.0,0.08795630137125651,0.0,0.8984375,0.1432466803656684
2020-08-15 09:00:00,2020,east_siberian,6.412972873625083,0,0.0,0.20747572580973309,0.0,1.0,0.18866019354926217
2020-08-15 10:00:00,2020,east_siberian,6.339526125499082,0,0.0,0.3526070276896159,0.0,1.0,0.22736187405056424
2020-08-15 11:00:00,2020,east_siberian,6.217334392955395,0,0.0,0.3442233403523763,0.00038299560546875,1.0,0.22517729017469618
2020-08-15 12:00:00,2020,east_siberian,6.48827944083921,0,0.0,0.22933311462402345,0.0,1.0,0.19448883056640626
2020-08-15 13:00:00,2020,east_siberian,6.524404486150434,0,0.0,0.21109256744384766,0.0,1.0,0.18962468465169272
2020-08-15 14:00:00,2020,east_siberian,6.451915665758782,0,0.0,0.0,0.0,1.0,0.13333333333333333
2020-08-15 19:00:00,2020,east_siberian,6.21925548560103,0,0.0,0.31638660430908205,0.0,0.930078125,0.2083801778157552
2020-08-15 20:00:00,2020,east_siberian,6.173533309835155,0,0.0,0.33229414621988934,0.0,0.909765625,0.20991385565863716
2020-08-15 21:00:00,2020,east_siberian,6.172622575024549,0,0.0,0.39955151875813805,0.0,0.79306640625,0.2122892591688368
2020-08-15 22:00:00,2020,east_siberian,6.142793372221976,0,0.0,0.38800169626871744,0.0,0.83916015625,0.21535513983832466
2020-08-15 23:00:00,2020,east_siberian,6.08560804932227,0,0.0,0.37169799804687487,0.00426483154296875,0.87275390625,0.21605529785156247
2020-08-16 02:00:00,2020,east_siberian,6.19906878393401,0,0.0,0.3748750050862629,0.00455780029296875,0.86884765625,0.21642072889539926
2020-08-16 03:00:00,2020,east_siberian,6.3890828647437425,0,0.0,0.4016554514567057,0.0,0.8484375,0.22023312038845483
2020-08-16 04:00:00,2020,east_siberian,6.408880220961627,0,0.0,0.39651590983072915,0.0,0.87109375,0.22188340928819444
2020-08-16 07:00:00,2020,east_siberian,6.3615404758412035,0,0.0,0.401140022277832,0.0,0.86328125,0.22207483927408853
2020-08-16 08:00:00,2020,east_siberian,6.398459867472726,0,0.0,0.3803403854370117,0.00603485107421875,0.88671875,0.22045791625976563
2020-08-16 09:00:00,2020,east_siberian,3.068396726099343,1,0.0,0.3797767639160156,0.0,0.82705078125,0.2115472412109375
2020-08-16 10:00:00,2020,east_siberian,6.292853912605091,0,0.0,0.38158302307128905,0.0,0.82080078125,0.2111955769856771
2020-08-16 11:00:00,2020,east_siberian,5.527085167726138,0,0.0,0.37904256184895846,0.0,0.83564453125,0.21249728732638892
2020-08-16 12:00:00,2020,east_siberian,6.067717491588538,0,0.0,0.37959473927815757,0.0,0.83095703125,0.212019534640842
2020-08-16 13:00:00,2020,east_siberian,6.5702673109796175,0,0.0,0.3675306955973306,0.00254364013671875,0.85283203125,0.21205827501085067
2020-08-17 04:00:00,2020,east_siberian,5.965329182917474,0,0.0,0.03537473678588867,0.00304412841796875,0.96943359375,0.13909695943196615
2020-08-17 05:00:00,2020,east_siberian,6.297380596661594,0,0.0,0.0,0.01056365966796875,1.0,0.1347418212890625
2020-08-17 06:00:00,2020,east_siberian,6.353079616040616,0,0.0,0.0,0.01056365966796875,1.0,0.1347418212890625
2020-08-17 07:00:00,2020,east_siberian,6.542405950551438,0,0.0,0.0,0.01320037841796875,1.0,0.1350933837890625
2020-08-17 10:00:00,2020,east_siberian,6.345152494037401,0,0.0,0.17237993876139324,0.0,0.95859375,0.17378048366970486
2020-08-17 11:00:00,2020,east_siberian,6.17940139346993,0,0.0,0.2506847381591797,0.0,0.915625,0.1889325968424479
2020-08-17 13:00:00,2020,east_siberian,6.032802785460759,0,0.0,0.2968275705973306,0.0,0.95703125,0.20675818549262148
2020-08-17 14:00:00,2020,east_siberian,5.914396355225641,0,0.0,0.31522916158040376,0.0,0.96328125,0.2124986097547743
2020-08-18 17:00:00,2020,chukchi,6.389830120937189,0,0.0,0.0,0.01280975341796875,1.0,0.13504130045572915
2020-08-18 18:00:00,2020,chukchi,6.502284878249936,0,0.0,0.0,0.01212615966796875,1.0,0.13495015462239582
2020-08-18 19:00:00,2020,chukchi,4.536042156842881,1,0.0,0.0,0.00900115966796875,1.0,0.13453348795572917
2020-08-18 20:00:00,2020,chukchi,6.3208698461793835,0,0.0,0.0,0.01085662841796875,1.0,0.1347808837890625
2020-08-25 15:00:00,2020,chukchi,6.493650828341399,0,0.0,0.0,0.0,1.0,0.13333333333333333
2020-08-25 16:00:00,2020,chukchi,6.567621648631671,0,0.0,0.0,0.0,1.0,0.13333333333333333
2020-08-25 17:00:00,2020,chukchi,6.475445956253096,0,0.0,0.0,0.0,0.94287109375,0.12571614583333332
2020-08-25 18:00:00,2020,chukchi,6.5875911848403454,0,0.0,0.0,0.0,0.86005859375,0.11467447916666668
2020-08-25 19:00:00,2020,chukchi,6.603047827876922,0,0.0,0.0,0.0,0.79521484375,0.10602864583333332
2020-08-25 22:00:00,2020,chukchi,6.31227941104952,0,0.0,0.0,0.0,0.83955078125,0.11194010416666667
2020-08-25 23:00:00,2020,chukchi,6.507010618142281,0,0.0,0.0,0.0,0.84658203125,0.11287760416666666
2020-08-26 03:00:00,2020,chukchi,6.8617753950682525,0,0.0,0.04364636739095052,0.0,0.87255859375,0.1279801771375868
2020-08-26 06:00:00,2020,chukchi,6.425719751890713,0,0.0,0.043396409352620444,0.0,0.87412109375,0.1281218549940321
2020-08-26 07:00:00,2020,chukchi,6.585348371230728,0,0.0,0.0,0.0,0.90927734375,0.12123697916666666
2020-08-26 08:00:00,2020,chukchi,6.746271777972847,0,0.0,0.0,0.0,0.89833984375,0.11977864583333332
2020-08-26 09:00:00,2020,chukchi,6.791397274557099,0,0.0,0.0,0.0,1.0,0.13333333333333333
2020-08-26 10:00:00,2020,chukchi,6.612905900393272,0,0.0,0.0,0.0,1.0,0.13333333333333333
2020-08-26 11:00:00,2020,chukchi,6.712184137523241,0,0.0,0.0,0.0,0.9892578125,0.13190104166666666
2020-08-26 23:00:00,2020,chukchi,6.66680720460672,0,0.0,0.0,0.01448211669921875,1.0,0.1352642822265625
2020-08-27 00:00:00,2020,chukchi,6.598397026351238,0,0.0,0.0,0.01682586669921875,1.0,0.1355767822265625
2021-07-20 12:00:00,2021,chukchi,4.74704351275233,1,0.0,0.0,0.0,1.0,0.13333333333333333
2021-07-20 21:00:00,2021,chukchi,5.397803871524077,0,0.0,0.32769927978515623,0.0,0.99716796875,0.22034220377604166
2021-07-20 22:00:00,2021,chukchi,5.653267475314865,0,0.0,0.012771797180175782,0.0,1.0,0.13673914591471353
2021-07-20 23:00:00,2021,chukchi,6.245334418957891,0,0.0,0.1811084747314453,0.0,0.93232421875,0.17260548909505208
2021-07-21 00:00:00,2021,chukchi,6.560932875893401,0,0.0,0.2312872568766276,0.0,1.0,0.1950099351671007
2021-07-21 02:00:00,2021,chukchi,6.442889734590037,0,0.0,0.2029193878173828,0.0,1.0,0.1874451700846354
2021-07-21 03:00:00,2021,chukchi,6.092752551721985,0,0.0,0.15034898122151694,0.0,1.0,0.17342639499240453
2021-07-21 04:00:00,2021,chukchi,6.2172637728367866,0,0.0,0.15601441065470378,0.0,1.0,0.17493717617458768
2021-07-21 05:00:00,2021,chukchi,6.123901755777041,0,0.0,0.15601441065470378,0.0,1.0,0.17493717617458768
2021-07-21 10:00:00,2021,chukchi,6.143016151631217,0,0.0,0.20076637268066405,0.0,0.887890625,0.1719231160481771
2021-07-21 11:00:00,2021,chukchi,6.319806268353011,0,0.0,0.13889376322428384,0.0,0.914453125,0.15896542019314236
2021-07-21 13:00:00,2021,chukchi,6.483806429877755,0,0.0,0.02725811004638672,0.0,0.916796875,0.12950841267903646
2021-07-21 14:00:00,2021,chukchi,6.306219301779406,0,0.0,0.0,0.0,1.0,0.13333333333333333
2021-07-21 15:00:00,2021,chukchi,3.9133717305585383,1,0.0,0.14763174057006836,0.0,0.787109375,0.1443163808186849
2021-07-21 19:00:00,2021,chukchi,6.32871848847065,0,0.0,0.1532422383626302,0.0,0.786328125,0.1457083468967014
2021-07-21 20:00:00,2021,chukchi,6.340660351139117,0,0.0,0.15742616653442382,0.0,0.769921875,0.14463656107584633
2021-07-21 22:00:00,2021,chukchi,5.579030753123222,0,0.0,0.27119229634602865,0.0,0.56748046875,0.1479820081922743
2021-07-22 01:00:00,2021,chukchi,6.38758529426454,0,0.0,0.21471354166666667,0.0,0.49560546875,0.12333767361111111
2021-07-22 06:00:00,2021,chukchi,4.56261569669061,1,0.0,0.0,0.0,0.69130859375,0.09217447916666666
2021-07-22 08:00:00,2021,chukchi,6.60266127841887,0,0.0,0.0,0.0,0.72568359375,0.0967578125
2021-07-22 09:00:00,2021,chukchi,6.592959006570433,0,0.0,0.0,0.0,0.7833984375,0.10445312500000001
2021-07-22 10:00:00,2021,chukchi,6.618981550741413,0,0.0,0.0,0.0,0.8982421875,0.11976562499999999
2021-07-22 11:00:00,2021,chukchi,6.613682747481899,0,0.0,0.0,0.0,0.8982421875,0.11976562499999999
2021-07-22 12:00:00,2021,chukchi,6.721621005351176,0,0.0,0.0,0.0,0.7060546875,0.094140625
2021-07-22 13:00:00,2021,chukchi,6.768050595114518,0,0.0,0.0228668212890625,0.0,0.6701171875,0.09544677734375001
2021-07-22 14:00:00,2021,chukchi,6.683149408886191,0,0.0,0.0228668212890625,0.0,0.6701171875,0.09544677734375001
2021-07-22 17:00:00,2021,chukchi,6.211417277395255,0,0.0,0.0,0.0,0.97353515625,0.1298046875
2021-07-22 18:00:00,2021,chukchi,6.120299414120049,0,0.0,0.03701693216959635,0.0,0.97666015625,0.14009253607855904
2021-07-22 19:00:00,2021,chukchi,6.16684120542217,0,0.0,0.03701693216959635,0.0,0.97666015625,0.14009253607855904
2021-07-22 20:00:00,2021,chukchi,6.059935698791131,0,0.0,0.04711370468139649,0.0,0.98212890625,0.14351417541503905
2021-07-22 21:00:00,2021,chukchi,6.022260772082872,0,0.0,0.061591084798177084,0.0,0.96513671875,0.1451091851128472
2021-07-22 22:00:00,2021,chukchi,6.286493294330649,0,0.0,0.061591084798177084,0.0,0.96513671875,0.1451091851128472
2021-07-22 23:00:00,2021,chukchi,6.369309131620459,0,0.0,0.07651964823404948,0.0,0.93466796875,0.1450276353624132
2021-07-23 04:00:00,2021,chukchi,6.107209293671209,0,0.0,0.0,0.0,0.89609375,0.11947916666666666
2021-07-23 05:00:00,2021,chukchi,6.076554957028618,0,0.0,0.0,0.0,0.921875,0.12291666666666666
2021-07-23 06:00:00,2021,chukchi,5.863869260854361,0,0.0,0.0,0.0,0.921875,0.12291666666666666
2021-07-23 07:00:00,2021,chukchi,6.147706499529999,0,0.0,0.0,0.0,0.91953125,0.12260416666666667
2021-07-23 08:00:00,2021,chukchi,6.068707094584439,0,0.0,0.0,0.0,0.965625,0.12875
2021-07-23 11:00:00,2021,chukchi,6.28623100810473,0,0.0,0.0,0.0,0.96171875,0.12822916666666667
2021-07-23 12:00:00,2021,chukchi,6.324864714915508,0,0.01417759486607142,0.0,0.0,1.0,0.13994954427083334
2021-07-23 13:00:00,2021,chukchi,3.747802763011429,1,0.3416312081473214,0.0,0.01945037841796875,1.0,0.29535461425781245
2021-07-23 14:00:00,2021,chukchi,5.436262377697111,0,0.27610560825892855,0.0,0.01808319091796875,1.0,0.2645937093098958
2021-07-23 15:00:00,2021,chukchi,4.851938753044052,0,0.6407034737723214,0.0,0.0,1.0,0.43232828776041665
2021-07-23 16:00:00,2021,chukchi,2.9251356713129284,1,0.6407034737723214,0.0,0.0,1.0,0.43232828776041665
2021-07-23 19:00:00,2021,chukchi,2.88293144760372,1,0.6407034737723214,0.0,0.0,1.0,0.43232828776041665
2021-07-23 20:00:00,2021,chukchi,4.362846176225329,1,0.8439069475446428,0.0,0.0,1.0,0.5271565755208333
2021-07-23 21:00:00,2021,chukchi,4.558335954389029,1,0.8103376116071428,0.0,0.0,0.95048828125,0.5048893229166665
2021-07-23 23:00:00,2021,chukchi,3.83869590561673,1,0.8829258510044642,0.0,0.0,0.91533203125,0.5340763346354166
2021-07-24 00:00:00,2021,chukchi,2.369111587592772,1,0.8829258510044642,0.0,0.0,0.91533203125,0.5340763346354166
2021-07-24 01:00:00,2021,chukchi,4.589912150307182,1,0.8942609514508928,0.0,0.0,0.94814453125,0.5437410481770832
2021-07-24 02:00:00,2021,chukchi,5.356944226170845,0,0.8880266462053571,0.0,0.0,0.94736328125,0.5407275390624999
2021-07-24 03:00:00,2021,chukchi,4.730029365936969,1,0.8736397879464285,0.0,0.0,1.0,0.5410319010416665
2021-07-24 04:00:00,2021,chukchi,4.985303320034611,0,0.8916015625,0.0,0.0,1.0,0.5494140624999999
2021-07-24 05:00:00,2021,chukchi,4.670380468992372,1,0.8930838448660714,0.0,0.0,1.0,0.5501057942708333
2021-07-24 06:00:00,2021,chukchi,3.561999327459564,1,0.8930838448660714,0.0,0.0,1.0,0.5501057942708333
2021-07-24 07:00:00,2021,chukchi,4.613367331736642,1,0.8971819196428571,0.0,0.0,1.0,0.5520182291666667
2021-07-24 08:00:00,2021,chukchi,5.223489681999009,0,0.8957432338169642,0.0,0.0,1.0,0.5513468424479165
2021-07-24 09:00:00,2021,chukchi,4.47361731685004,1,0.8858904157366071,0.0,0.0,1.0,0.5467488606770833
2021-07-24 10:00:00,2021,chukchi,5.163857153581774,0,0.8884190150669642,0.0,0.0,1.0,0.5479288736979165
2021-07-24 11:00:00,2021,chukchi,4.51210178735511,1,0.8911220005580357,0.0,0.0,1.0,0.5491902669270833
2021-07-24 15:00:00,2021,chukchi,4.840053282430101,0,0.9022391183035714,0.08456796010335287,0.0,1.0,0.576929711235894
2021-07-24 16:00:00,2021,chukchi,5.426781541257822,0,0.9112200055803571,0.09538218180338541,0.0,1.0,0.5840045844184028
2021-07-24 17:00:00,2021,chukchi,4.939765976629981,0,0.9008876255580357,0.09870993296305339,0.0,1.0,0.5800702073838975
2021-07-24 18:00:00,2021,chukchi,4.012818522516674,1,0.9008876255580357,0.09870993296305339,0.0,1.0,0.5800702073838975
2021-07-24 19:00:00,2021,chukchi,5.653003794253921,0,0.9101300920758928,0.10100685755411784,0.0,0.9986328125,0.5848135799831813
2021-07-24 20:00:00,2021,chukchi,5.466425386187834,0,0.9151436941964285,0.09705063501993814,0.0,0.9837890625,0.5841191016303168
2021-07-25 02:00:00,2021,chukchi,4.937042708447895,0,0.8895961216517857,0.1542279561360677,0.0,1.0,0.5896056450737847
2021-07-25 03:00:00,2021,chukchi,5.613742254584556,0,0.9043317522321428,0.16919441223144532,0.0,1.0,0.6004733276367187
2021-07-29 02:00:00,2021,east_siberian,4.9069923225023535,0,0.7113734654017857,0.20991287231445313,0.0,0.7794921875,0.4918833414713541
2021-08-03 05:00:00,2021,east_siberian,5.249177703906844,0,0.5282679966517857,0.0,0.00045623779296875,0.992626953125,0.3789361572265625
2021-08-03 06:00:00,2021,east_siberian,5.402075051325781,0,0.5307965959821428,0.0,0.00192108154296875,0.995751953125,0.3807281494140624
2021-08-03 08:00:00,2021,east_siberian,6.216538139218937,0,0.3717564174107143,0.0,0.02262420654296875,0.960595703125,0.30458231608072917
2021-08-03 10:00:00,2021,east_siberian,6.179180052030897,0,0.3723667689732143,0.0,0.03639373779296875,0.9865234375,0.3101601155598958
2021-08-03 11:00:00,2021,east_siberian,6.519742370679145,0,0.2560511997767857,0.0,0.03658905029296875,0.9865234375,0.25590555826822914
2021-08-03 12:00:00,2021,east_siberian,6.482403613957742,0,0.2409232003348214,0.0,0.03346405029296875,0.9458984375,0.24301249186197915
2021-08-03 22:00:00,2021,east_siberian,6.200766384782386,0,0.1846400669642857,0.0,0.0,0.92978515625,0.21013671875
2021-08-03 23:00:00,2021,east_siberian,6.0647395776816175,0,0.20138113839285712,0.0,0.0,0.91416015625,0.21586588541666665
2021-08-04 00:00:00,2021,east_siberian,6.178006208877059,0,0.3118547712053571,0.0,0.0,0.81962890625,0.2548160807291666
2021-08-04 02:00:00,2021,east_siberian,5.007915725094193,0,0.37149483816964285,0.0,0.0,0.78212890625,0.2776481119791666
2021-08-04 03:00:00,2021,east_siberian,5.725294257948685,0,0.37149483816964285,0.0,0.0,0.8087890625,0.28120279947916665
2021-08-04 04:00:00,2021,east_siberian,5.993468926420102,0,0.3545793805803571,0.0,0.0,0.8048828125,0.2727880859375
2021-08-04 10:00:00,2021,east_siberian,6.275283453348093,0,0.3545793805803571,0.0,0.00625457763671875,0.8837890625,0.28414286295572916
2021-08-04 11:00:00,2021,east_siberian,4.7382879076539846,1,0.458251953125,0.0,0.00019989013671875,0.8001953125,0.32057027180989583
2021-08-04 12:00:00,2021,east_siberian,5.559344022609255,0,0.458251953125,0.0,0.00019989013671875,0.8001953125,0.32057027180989583
2021-08-04 13:00:00,2021,east_siberian,4.153265825313297,1,0.5014561244419643,0.0,0.00342254638671875,0.8556640625,0.34855773925781247
2021-08-04 14:00:00,2021,east_siberian,5.0428619216432224,0,0.52447509765625,0.0,0.00049285888671875,0.8783203125,0.3619301350911458
2021-08-04 15:00:00,2021,east_siberian,6.191025621668747,0,0.5957554408482143,0.03278223673502604,0.00016326904296875,0.9888671875,0.4186318630642361
2021-08-04 16:00:00,2021,east_siberian,5.181494440320441,0,0.6206926618303571,0.035409037272135416,0.00270233154296875,1.0,0.43279262966579857
2021-08-04 18:00:00,2021,east_siberian,6.259683698668122,0,0.5695975167410714,0.056033992767333986,0.00026092529296875,0.9615234375,0.4089924875895181
2021-08-04 19:00:00,2021,east_siberian,6.101136744226102,0,0.4303065708705357,0.07796843846638997,0.00494842529296875,0.8677734375,0.3379642317030165
2021-08-04 20:00:00,2021,east_siberian,5.86538439616946,0,0.4597342354910714,0.08239434560139974,0.01461639404296875,0.9466796875,0.36468727959526903
2021-08-05 06:00:00,2021,east_siberian,5.816000765775966,0,0.40750558035714285,0.12958323160807292,0.01186981201171875,1.0,0.3596407741970486
2021-08-05 07:00:00,2021,east_siberian,6.3878430586723125,0,0.3379255022321428,0.14893099466959636,0.00923309326171875,1.0,0.3319779120551215
2021-08-05 08:00:00,2021,east_siberian,6.285204328079873,0,0.3379255022321428,0.14893099466959636,0.00923309326171875,1.0,0.3319779120551215
2021-08-05 09:00:00,2021,east_siberian,5.9904370279195165,0,0.35745675223214285,0.219355837504069,0.03163299560546875,0.99375,0.36202577379014755
2021-08-05 12:00:00,2021,east_siberian,5.961814169205324,0,0.35745675223214285,0.219355837504069,0.03163299560546875,0.99375,0.36202577379014755
2021-08-05 13:00:00,2021,east_siberian,5.9005140039333925,0,0.3379255022321428,0.21242078145345053,0.03280487060546875,0.99609375,0.3515305921766493
2021-08-05 14:00:00,2021,east_siberian,6.054034746304438,0,0.3399309430803571,0.21293710072835287,0.03241424560546875,0.99609375,0.35255206637912323
2021-08-05 15:00:00,2021,east_siberian,6.204844442309876,0,0.3344377790178571,0.19882462819417318,0.04142303466796875,0.94111328125,0.340095706515842
2021-08-05 16:00:00,2021,east_siberian,6.237794233521928,0,0.37437220982142855,0.1586979866027832,0.04357147216796875,0.92314453125,0.34592196146647136
2021-08-05 17:00:00,2021,east_siberian,5.851946073324547,0,0.3732822963169643,0.15759401321411132,0.04415740966796875,0.92236328125,0.3450929005940755
2021-08-05 18:00:00,2021,east_siberian,6.22320036196571,0,0.49400111607142855,0.11609315872192383,0.04025115966796875,0.90361328125,0.38734062194824215
2021-08-05 19:00:00,2021,east_siberian,6.003140466579633,0,0.4919520786830357,0.11580883661905925,0.04171600341796875,0.89970703125,0.3859830644395616
2021-08-05 20:00:00,2021,east_siberian,6.247071389956425,0,0.47464425223214285,0.11681671142578125,0.04220428466796875,0.89580078125,0.37771911621093746
2021-08-05 21:00:00,2021,east_siberian,5.268890379256375,0,0.42001778738839285,0.023221651713053387,0.0,0.92529296875,0.32557313707139757
2021-08-05 22:00:00,2021,east_siberian,5.987859902146962,0,0.40933663504464285,0.023891671498616537,0.0,0.92841796875,0.3211839379204644
2021-08-06 01:00:00,2021,east_siberian,6.105871122754584,0,0.3495657784598214,0.027495447794596353,0.0,0.93857421875,0.2956060451931423
2021-08-06 02:00:00,2021,east_siberian,5.830401768411319,0,0.3635166713169643,0.027036698659261067,0.0,0.95732421875,0.30449412875705295
2021-08-06 03:00:00,2021,east_siberian,3.1608075521572117,1,0.3127702985491071,0.0,0.00942840576171875,0.86962890625,0.2631671142578125
2021-08-06 05:00:00,2021,east_siberian,5.072701284797564,0,0.2973371233258928,0.0,0.00933074951171875,0.86962890625,0.2559519449869791
2021-08-06 18:00:00,2021,east_siberian,6.217363129824832,0,0.3127702985491071,0.0,0.02884979248046875,1.0,0.2831394449869791
2021-08-06 19:00:00,2021,east_siberian,5.458100435182261,0,0.3069719587053571,0.0,0.02758026123046875,1.0,0.28026428222656247
2021-08-06 20:00:00,2021,east_siberian,5.2062533794301595,0,0.3438982282366071,0.0,0.02992401123046875,1.0,0.2978090413411458
2021-08-06 22:00:00,2021,east_siberian,5.159531887521994,0,0.3159964425223214,0.0,0.02195281982421875,1.0,0.2837253824869791
2021-08-06 23:00:00,2021,east_siberian,5.5408889611511265,0,0.3036586216517857,0.0,0.01658172607421875,1.0,0.2772515869140625
2021-08-07 01:00:00,2021,east_siberian,5.600836294094801,0,0.35388183593749994,0.0,0.01677703857421875,1.0,0.30071512858072913
2021-08-07 02:00:00,2021,east_siberian,5.590476480145029,0,0.37851388113839285,0.0,0.01130828857421875,1.0,0.31148091634114583
2021-08-07 04:00:00,2021,east_siberian,5.238331067383833,0,0.4466116768973214,0.0,0.01694793701171875,0.9708984375,0.34013163248697914
2021-08-07 05:00:00,2021,east_siberian,5.717618184375925,0,0.4529331752232143,0.0140592892964681,0.01020965576171875,0.9755859375,0.346557371351454
2021-08-07 06:00:00,2021,east_siberian,5.348687905764542,0,0.59527587890625,0.0,0.0,1.0,0.4111287434895833
2021-08-07 07:00:00,2021,east_siberian,4.9121952191698375,0,0.5308837890625,0.014485009511311849,0.0,1.0,0.3849417707655165
2021-08-07 12:00:00,2021,east_siberian,4.907011895978129,0,0.5308837890625,0.0750086784362793,0.03662567138671875,0.96064453125,0.40071744283040367
2021-08-07 13:00:00,2021,east_siberian,5.084858574147684,0,0.5308837890625,0.0750086784362793,0.03662567138671875,0.96064453125,0.40071744283040367
2021-08-07 14:00:00,2021,east_siberian,5.179204146757352,0,0.5308837890625,0.0750086784362793,0.03662567138671875,0.96064453125,0.40071744283040367
2021-08-07 15:00:00,2021,east_siberian,5.964507254372078,0,0.59527587890625,0.1447710673014323,0.03879852294921875,0.94296875,0.44730333116319443
2021-08-07 16:00:00,2021,east_siberian,5.557170392830141,0,0.5193743024553571,0.13349720637003581,0.04250946044921875,0.921875,0.4065585242377387
2021-08-07 17:00:00,2021,east_siberian,4.82040428706092,0,0.5193743024553571,0.13349720637003581,0.04250946044921875,0.921875,0.4065585242377387
2021-08-07 18:00:00,2021,east_siberian,4.726563446167256,1,0.5587419782366071,0.12602456410725912,0.04465789794921875,0.93515625,0.4249946933322482
2021-08-08 00:00:00,2021,east_siberian,6.22279085995639,0,0.5406930106026786,0.15521046320597331,0.0,0.9171875,0.4160045284695096
2021-08-08 01:00:00,2021,east_siberian,5.594506266721095,0,0.6093575613839285,0.1521508534749349,0.0,0.91953125,0.4475445895724826
2021-08-08 03:00:00,2021,east_siberian,4.737113236891367,1,0.6450631277901785,0.10710268020629883,0.0,0.95537109375,0.4569729868570963
2021-08-08 04:00:00,2021,east_siberian,5.23393748567376,0,0.6940656389508928,0.11609840393066406,0.0,0.96162109375,0.48307301839192707
2021-08-08 05:00:00,2021,east_siberian,5.033070462785056,0,0.7360491071428571,0.12057310740152995,0.0,0.95615234375,0.503129391140408
2021-08-10 04:00:00,2021,chukchi,3.8223900875540098,1,0.7855311802455357,0.0878928820292155,0.0,0.9841796875,0.5212432776557074
2021-08-10 05:00:00,2021,chukchi,4.141953284228886,1,0.7983921595982142,0.08888912200927734,0.0,0.9779296875,0.5266773986816405
2021-08-10 06:00:00,2021,chukchi,5.190001434628658,0,0.8029261997767857,0.08957376480102539,0.0,0.9716796875,0.5281425221761067
2021-08-10 07:00:00,2021,chukchi,5.998304472957526,0,0.7752859933035714,0.08484814961751302,0.0,0.9810546875,0.5152335951063367
2021-08-10 14:00:00,2021,chukchi,5.321288647899125,0,0.7919834681919642,0.08709030151367188,0.01333465576171875,0.955078125,0.5219380696614583
2021-08-10 15:00:00,2021,chukchi,5.195219571492212,0,0.8324846540178571,0.1785991350809733,0.01306610107421875,0.81318359375,0.546285900539822
2021-08-15 16:00:00,2021,chukchi,5.252833589174917,0,0.6231340680803571,0.15664313634236654,0.06398162841796876,0.76630859375,0.4432727644178602
2021-08-15 17:00:00,2021,chukchi,4.96222472495975,0,0.6042567661830357,0.17147417068481446,0.07355194091796875,0.44130859375,0.3963610076904296
2021-08-15 18:00:00,2021,chukchi,4.948705813321657,0,0.6042567661830357,0.17147417068481446,0.07355194091796875,0.44130859375,0.3963610076904296
2021-08-15 19:00:00,2021,chukchi,3.9442458968816982,1,0.6042567661830357,0.17147417068481446,0.07355194091796875,0.44130859375,0.3963610076904296
2021-08-15 20:00:00,2021,chukchi,4.919514306881827,0,0.5478864397321428,0.14913606643676758,0.07902069091796875,0.19287109375,0.3317021942138671
2021-08-15 22:00:00,2021,chukchi,4.4504723306335565,1,0.4956141880580357,0.07144765853881836,0.01390838623046875,0.59697265625,0.33179013570149735
2021-08-16 06:00:00,2021,chukchi,5.1389899130927095,0,0.5065133231026786,0.0,0.02468719482421875,0.82236328125,0.34931294759114584
2021-08-16 07:00:00,2021,chukchi,4.487315374226358,1,0.5150582449776786,0.0,0.02292938232421875,0.81064453125,0.3515037027994792
2021-08-16 08:00:00,2021,chukchi,5.415438148916054,0,0.53515625,0.0,0.01931610107421875,0.79814453125,0.35873433430989576
2021-08-16 09:00:00,2021,chukchi,5.024514775368753,0,0.5637991768973214,0.0056831677754720054,0.06561737060546875,0.92998046875,0.397368172539605
2021-08-16 11:00:00,2021,chukchi,4.341778044162721,1,0.5788835797991071,0.0016818046569824219,0.06483612060546876,0.93544921875,0.40396553039550775
2021-08-16 12:00:00,2021,chukchi,4.749797554866802,1,0.5987636021205357,0.011964257558186848,0.06171112060546875,0.96279296875,0.4192140282524956
2021-08-16 13:00:00,2021,chukchi,5.35184374402893,0,0.6171613420758928,0.02930901845296224,0.05897674560546875,0.98310546875,0.43476865980360235
2021-08-16 14:00:00,2021,chukchi,4.984793161305245,0,0.6417497907366071,0.07724660237630208,0.05458221435546875,0.98935546875,0.45927402072482637
2021-08-16 15:00:00,2021,chukchi,4.425279866675713,1,0.6543927873883928,0.10103877385457356,0.03657684326171875,0.95869140625,0.4650294070773654
2021-08-16 16:00:00,2021,chukchi,3.203544339939019,1,0.75,0.08899704615275066,0.03462371826171875,0.95322265625,0.5054453955756293
2021-08-16 19:00:00,2021,chukchi,4.100951324014885,1,0.7659127371651785,0.13657630284627278,0.03394012451171875,0.92822265625,0.5221346622043185
2021-08-16 20:00:00,2021,chukchi,5.18852874955161,0,0.7681797572544642,0.1920667012532552,0.03345184326171875,0.92666015625,0.5377166069878472
2021-08-16 21:00:00,2021,chukchi,5.351864569153207,0,0.7272862025669643,0.13420804341634116,0.0,0.76484375,0.47716820610894095
2021-08-16 23:00:00,2021,chukchi,5.228031769471011,0,0.7014334542410714,0.22393983205159504,0.0,0.803125,0.49413623385959193
2021-08-17 00:00:00,2021,chukchi,5.3874246590540755,0,0.68377685546875,0.2786885579427082,0.0,0.7640625,0.49528781467013877
2021-08-17 01:00:00,2021,chukchi,5.05157952935744,0,0.6833408900669643,0.3057017644246418,0.00040740966796875,0.7546875,0.5010922071668836
2021-08-17 02:00:00,2021,chukchi,4.707762152080224,1,0.7528337751116071,0.3119536717732746,0.00177459716796875,0.74375,0.533913353814019
2021-08-17 04:00:00,2021,chukchi,4.584335692527093,1,0.7388392857142857,0.25265706380208336,0.01248016357421875,0.78056640625,0.5179064263237847
2021-08-17 05:00:00,2021,chukchi,5.50422505892601,0,0.6897931780133928,0.24403953552246094,0.01277313232421875,0.77900390625,0.49255096435546875
2021-08-17 06:00:00,2021,chukchi,4.501819009731929,1,0.6819022042410714,0.23926111857096355,0.01316375732421875,0.77978515625,0.4877505154079861
2021-08-17 07:00:00,2021,chukchi,4.2103628326317555,1,0.6639840262276785,0.24172414143880208,0.01257781982421875,0.77666015625,0.4795507134331596
2021-08-17 14:00:00,2021,chukchi,4.143514955234962,1,0.6639840262276785,0.1791874567667643,0.05248260498046875,0.85439453125,0.4785594855414495
2021-08-17 15:00:00,2021,chukchi,5.209008394433387,0,0.6503819056919643,0.1312091827392578,0.05171356201171875,0.89228515625,0.46436716715494786
2021-08-17 16:00:00,2021,chukchi,4.695158636811402,1,0.6201259068080357,0.128394349416097,0.05347137451171875,0.88603515625,0.44889812045627164
2021-08-17 17:00:00,2021,chukchi,5.196245841294256,0,0.5859462193080357,0.1135962168375651,0.05571746826171875,0.87587890625,0.42794674343532974
2021-08-17 18:00:00,2021,chukchi,4.676667270417389,1,0.6019461495535714,0.12258720397949219,0.05513153076171875,0.87197265625,0.4372120157877604
2021-08-17 19:00:00,2021,chukchi,2.4514004342757354,1,0.5864693777901785,0.12016760508219401,0.05493621826171875,0.87275390625,0.4294224209255642
2021-08-19 11:00:00,2021,east_siberian,4.071259060502734,1,0.23141915457589282,0.29223092397054024,0.00559539794921875,0.78291015625,0.2910579257541232
2021-08-19 12:00:00,2021,east_siberian,4.6757307224586935,1,0.22941371372767855,0.28883902231852215,0.0,0.75556640625,0.2848256598578559
2021-08-19 13:00:00,2021,east_siberian,4.7358661254369485,1,0.13528878348214285,0.28813934326171864,0.0,0.73291015625,0.23769327799479162
2021-08-19 14:00:00,2021,east_siberian,4.9623183679412515,0,0.0,0.29402694702148435,0.0,0.71728515625,0.17404520670572915
2021-08-19 15:00:00,2021,east_siberian,3.7933911229255286,1,0.0,0.1505223274230957,0.00371551513671875,0.87275390625,0.1570018768310547
2021-08-19 16:00:00,2021,east_siberian,3.7907083279823968,1,0.0,0.14268404642740887,0.00478973388671875,0.90244140625,0.15901323106553822
2021-08-20 00:00:00,2021,east_siberian,5.118891140513386,0,0.0,0.06791305541992188,0.01733856201171875,1.0,0.15375528971354166
2021-08-20 01:00:00,2021,east_siberian,5.36246791270666,0,0.0,0.05235830942789713,0.01704559326171875,1.0,0.14956829494900173
2021-08-20 02:00:00,2021,east_siberian,5.417967312941944,0,0.0,0.04487552642822266,0.01567840576171875,1.0,0.14739059448242187
2021-08-20 03:00:00,2021,east_siberian,5.3900171072776475,0,0.0,0.0038223902384440104,0.00428924560546875,0.8755859375,0.11833599514431424
2021-08-20 04:00:00,2021,east_siberian,5.104885165246994,0,0.0,0.002939160664876302,0.00126190185546875,0.8880859375,0.11936348809136284
2021-08-20 05:00:00,2021,east_siberian,5.447661217468326,0,0.0,0.05463342666625977,0.0,0.8544921875,0.12850120544433594
2021-08-20 06:00:00,2021,east_siberian,5.470020940492919,0,0.0,0.05358432133992513,0.0,0.8552734375,0.12832561069064669
2021-08-20 07:00:00,2021,east_siberian,5.452797666966922,0,0.0,0.10268096923828125,0.0,0.8537109375,0.141209716796875
2021-08-20 10:00:00,2021,east_siberian,5.154371990568159,0,0.0,0.020052782694498696,0.02578582763671875,1.0,0.1421188524034288
2021-08-20 11:00:00,2021,east_siberian,5.232330550643302,0,0.0,0.004041353861490886,0.03076629638671875,1.0,0.13851320054796007
2021-08-20 12:00:00,2021,east_siberian,5.332291188257215,0,0.0,0.0,0.03154754638671875,1.0,0.1375396728515625
2021-08-20 13:00:00,2021,east_siberian,5.502644896085186,0,0.0,0.0,0.02695770263671875,1.0,0.13692769368489582
2021-08-20 14:00:00,2021,east_siberian,5.180891162117782,0,0.0,0.0,0.02129364013671875,1.0,0.1361724853515625
2021-08-20 15:00:00,2021,east_siberian,5.215790276380487,0,0.0,0.11932894388834635,0.01246795654296875,0.86376953125,0.14865271674262154
2021-08-20 16:00:00,2021,east_siberian,5.211667538591244,0,0.0,0.16168139775594076,0.0,0.86220703125,0.1580759769015842
2021-08-20 17:00:00,2021,east_siberian,4.23529975876969,1,0.0,0.1421735127766927,0.0,0.81142578125,0.14610304090711806
2021-08-20 18:00:00,2021,east_siberian,4.178558826707353,1,0.0,0.17870712280273438,0.0,0.79267578125,0.1533453369140625
2021-08-20 19:00:00,2021,east_siberian,4.159413072712033,1,0.0,0.1710704485575358,0.0,0.76376953125,0.14745472378200955
2021-08-20 20:00:00,2021,east_siberian,2.841547249674115,1,0.0,0.14903376897176107,0.0,0.70517578125,0.13376577589246963
2021-08-20 21:00:00,2021,east_siberian,3.0136169391224237,1,0.0,0.2934210459391276,0.0,0.748828125,0.17808936225043404
2021-08-20 22:00:00,2021,east_siberian,2.993763257156057,1,0.0,0.2954554239908853,0.0,0.731640625,0.17634019639756943
2021-08-20 23:00:00,2021,east_siberian,2.925950775711326,1,0.0,0.2954554239908853,0.0,0.731640625,0.17634019639756943
2021-08-21 00:00:00,2021,east_siberian,2.970486879344423,1,0.0,0.2959573745727539,0.0,0.700390625,0.17230738321940103
2021-08-21 01:00:00,2021,east_siberian,2.896275818096284,1,0.0,0.308117167154948,0.0,0.720703125,0.17825832790798612
2021-08-21 02:00:00,2021,east_siberian,3.1439895388838077,1,0.0,0.3073266347249349,0.0,0.722265625,0.17825585259331594
2021-08-21 03:00:00,2021,east_siberian,3.180201898085029,1,0.0,0.25599320729573566,0.0,0.46025390625,0.12963204277886284
2021-08-21 04:00:00,2021,east_siberian,3.138829049999556,1,0.0,0.2477453867594401,0.0,0.44931640625,0.1259742906358507
2021-08-21 05:00:00,2021,east_siberian,3.115671614745134,1,0.0,0.22381451924641926,0.0,0.46494140625,0.12167605929904514
2021-08-21 06:00:00,2021,east_siberian,3.0015143534564945,1,0.0,0.23180281321207682,0.0,0.46806640625,0.12422293768988715
2021-08-21 07:00:00,2021,east_siberian,3.0647319731817912,1,0.0,0.25599320729573566,0.0,0.46025390625,0.12963204277886284
2021-08-21 08:00:00,2021,east_siberian,3.1105318002131654,1,0.0,0.26365509033203127,0.0,0.46416015625,0.132196044921875
2021-08-21 09:00:00,2021,east_siberian,3.1620544781165503,1,0.0,0.16226641337076822,0.0,0.4189453125,0.0991304185655382
2021-08-21 10:00:00,2021,east_siberian,3.1408971379644877,1,0.0,0.16874844233194988,0.0,0.4220703125,0.10127562628851997
2021-08-21 11:00:00,2021,east_siberian,3.302758814412759,1,0.0,0.17529544830322266,0.0,0.4228515625,0.10312566121419271
2021-08-21 12:00:00,2021,east_siberian,3.229843430856268,1,0.0,0.19954414367675782,0.0,0.4212890625,0.10938364664713542
2021-08-21 13:00:00,2021,east_siberian,2.699302420913496,1,0.0,0.21268545786539714,0.0,0.4251953125,0.11340883043077257
2021-08-21 14:00:00,2021,east_siberian,2.9387820544347254,1,0.0,0.2188108444213867,0.0,0.4306640625,0.11577143351236979
2021-08-21 15:00:00,2021,east_siberian,2.9958484421591214,1,0.0,0.09875825246175131,0.00933074951171875,0.75771484375,0.12860827975802952
2021-08-21 16:00:00,2021,east_siberian,3.0268100414354593,1,0.0,0.10493574142456055,0.01099090576171875,0.75380859375,0.12995613098144532
2021-08-21 17:00:00,2021,east_siberian,3.0341373421379276,1,0.0,0.09875825246175131,0.00933074951171875,0.75771484375,0.12860827975802952
2021-08-21 18:00:00,2021,east_siberian,3.052193362910398,1,0.0,0.09218308130900064,0.00747528076171875,0.76083984375,0.127024171617296
2021-08-21 19:00:00,2021,east_siberian,2.978915293902183,1,0.0,0.0848539670308431,0.00532684326171875,0.76630859375,0.12551244947645399
2021-08-21 20:00:00,2021,east_siberian,3.0858199158535538,1,0.0,0.0775249163309733,0.00317840576171875,0.77177734375,0.12400074428982204
2021-08-21 21:00:00,2021,east_siberian,2.454905838847671,1,0.0,0.0,0.01018524169921875,0.84755859375,0.1143658447265625
2021-08-22 02:00:00,2021,east_siberian,3.125356500102946,1,0.0,0.0,0.01204071044921875,0.84130859375,0.11377990722656249
2021-08-22 03:00:00,2021,east_siberian,3.1110796032098293,1,0.0,0.0,0.02477264404296875,0.91630859375,0.12547749837239583
2021-08-22 04:00:00,2021,east_siberian,3.055487264752997,1,0.0,0.0,0.02535858154296875,0.92255859375,0.12638895670572917
2021-08-22 11:00:00,2021,east_siberian,3.1393589748037143,1,0.0,0.0,0.03033905029296875,0.91787109375,0.12642801920572916
2021-08-22 12:00:00,2021,east_siberian,2.904684573986363,1,0.0,0.0,0.03297576904296875,0.93037109375,0.12844624837239585
2021-08-22 13:00:00,2021,east_siberian,3.10182053489315,1,0.0,0.0,0.03033905029296875,0.91787109375,0.12642801920572916
2021-08-22 14:00:00,2021,east_siberian,2.9633000341948947,1,0.0,0.0,0.03033905029296875,0.91787109375,0.12642801920572916
2021-08-22 15:00:00,2021,east_siberian,2.931256755049098,1,0.0,0.0,0.03104705810546875,0.9037109375,0.12463439941406249
2021-08-22 16:00:00,2021,east_siberian,3.015468832770086,1,0.0,0.0,0.02948455810546875,0.9193359375,0.1265093994140625
2021-08-22 17:00:00,2021,east_siberian,3.0149982121145507,1,0.0,0.0,0.02128143310546875,0.9568359375,0.13041564941406247
2021-08-22 18:00:00,2021,east_siberian,3.047694142455008,1,0.0,0.0,0.02948455810546875,0.9193359375,0.1265093994140625
2021-08-22 19:00:00,2021,east_siberian,2.951849962267724,1,0.0,0.0,0.02948455810546875,0.9193359375,0.1265093994140625
2021-08-22 20:00:00,2021,east_siberian,2.987618711602354,1,0.0,0.0,0.02899627685546875,0.9255859375,0.12727762858072916
2021-08-22 21:00:00,2021,east_siberian,3.07214459265302,1,0.0,0.0,0.00745086669921875,0.96875,0.13016011555989582
2021-08-22 22:00:00,2021,east_siberian,2.736571302574431,1,0.0,0.0,0.00872039794921875,0.97578125,0.13126688639322917
2021-08-23 11:00:00,2021,east_siberian,3.172002336617605,1,0.0,0.11319573720296223,0.0,0.87177734375,0.1464225090874566
2021-08-23 12:00:00,2021,east_siberian,3.072894669381356,1,0.0,0.14565550486246745,0.0,0.86474609375,0.15414094712999132
2021-08-23 13:00:00,2021,east_siberian,2.6954690380274062,1,0.0,0.14115006128946941,0.0,0.86474609375,0.15293949551052516
2021-08-23 14:00:00,2021,east_siberian,3.0240306037916023,1,0.0,0.14115006128946941,0.0,0.86474609375,0.15293949551052516
2021-08-23 15:00:00,2021,east_siberian,3.0081568845427253,1,0.0,0.12670154571533204,0.0,0.91513671875,0.15580530802408854
2021-08-23 19:00:00,2021,east_siberian,3.08031690056958,1,0.0,0.12674280802408855,0.0,0.90888671875,0.1549829779730903
2021-08-23 20:00:00,2021,east_siberian,2.8320417350155336,1,0.0,0.12268257141113281,0.0,0.91591796875,0.15483774820963542
2021-08-24 00:00:00,2021,east_siberian,4.356021862608361,1,0.0,0.0901812235514323,0.00519256591796875,0.939453125,0.15000108506944443
2021-08-24 06:00:00,2021,east_siberian,3.087637991789465,1,0.0,0.11977020899454753,0.02258758544921875,0.770703125,0.13771081712510852
2021-08-24 08:00:00,2021,east_siberian,3.154442877820445,1,0.0,0.08902963002522786,0.02424774169921875,0.773046875,0.13004718356662326
2021-08-24 09:00:00,2021,east_siberian,3.9665686870855663,1,0.0,0.095738951365153,0.04248504638671875,0.87421875,0.14775755988226996
2021-08-24 13:00:00,2021,east_siberian,2.8016030006724733,1,0.0,0.09882853825887045,0.04092254638671875,0.88203125,0.14941478305392797
2021-08-24 14:00:00,2021,east_siberian,2.613729507778722,1,0.0,0.10242767333984375,0.04023895263671875,0.8796875,0.1499709065755208
2021-08-24 15:00:00,2021,east_siberian,3.1775926485008545,1,0.0,0.19020741780598957,0.05859832763671875,0.6015625,0.13874342176649304
2021-08-24 17:00:00,2021,east_siberian,5.123602690470997,0,0.0,0.18572521209716802,0.06055145263671875,0.6625,0.14593358357747396
2021-08-24 18:00:00,2021,east_siberian,4.188667316028603,1,0.0,0.17718998591105142,0.05713348388671875,0.54453125,0.12747262742784288
2021-08-24 19:00:00,2021,east_siberian,3.0803482144287804,1,0.0,0.17718998591105142,0.05713348388671875,0.54453125,0.12747262742784288
2021-08-24 22:00:00,2021,east_siberian,3.102312890224966,1,0.0,0.0,0.03026580810546875,0.9501953125,0.1307281494140625
2021-08-25 00:00:00,2021,east_siberian,2.990494794313268,1,0.0,0.0,0.03280487060546875,0.9541015625,0.1315875244140625
2021-08-25 03:00:00,2021,east_siberian,2.9757477729673623,1,0.0,0.0,0.04761199951171875,0.9626953125,0.1347076416015625
2021-08-25 06:00:00,2021,east_siberian,2.9117232367580717,1,0.0,0.0,0.05561981201171875,0.9048828125,0.1280670166015625
2021-08-25 09:00:00,2021,east_siberian,4.716961548637974,1,0.0,0.1376654624938965,0.02662811279296875,0.83173828125,0.1511596425374349
2021-08-25 10:00:00,2021,east_siberian,3.7339234761048217,1,0.0,0.1649298985799154,0.04938201904296875,0.89970703125,0.1705265129937066
2021-08-25 11:00:00,2021,east_siberian,3.1265341999546834,1,0.0,0.15152002970377604,0.04567108154296875,0.89189453125,0.1654140896267361
2021-08-25 12:00:00,2021,east_siberian,3.0559528252948795,1,0.0,0.14668054580688478,0.04166717529296875,0.87783203125,0.1617147064208984
2021-08-25 13:00:00,2021,east_siberian,5.158538530233533,0,0.0,0.14668054580688478,0.04166717529296875,0.87783203125,0.1617147064208984
2021-08-25 14:00:00,2021,east_siberian,2.6661220102134666,1,0.0,0.13603092829386393,0.02428436279296875,0.83642578125,0.15103626675075954
2021-08-25 19:00:00,2021,east_siberian,5.067208354980844,0,0.0,0.1071812629699707,0.01376190185546875,0.70283203125,0.12412752787272135
2021-08-26 05:00:00,2021,east_siberian,2.8782516105275984,1,0.0,0.0663999875386556,0.00513153076171875,0.71025390625,0.11309138827853732
2021-08-26 06:00:00,2021,east_siberian,4.634216222994834,1,0.0,0.09075918197631835,0.00718231201171875,0.69931640625,0.11840227762858073
2021-08-26 07:00:00,2021,east_siberian,4.633847673201944,1,0.0,0.09957968393961589,0.00601043701171875,0.71181640625,0.12226482815212673
2021-08-26 08:00:00,2021,east_siberian,4.671663390460988,1,0.0,0.10670394897460937,0.00845184326171875,0.74306640625,0.12865681966145834
2021-08-26 09:00:00,2021,east_siberian,4.726108540526706,1,0.0,0.21513163248697917,0.0,0.56376953125,0.13253770616319444
2021-08-26 10:00:00,2021,east_siberian,4.462679485216015,1,0.0,0.20857213338216146,0.0,0.58642578125,0.13380933973524306
2021-08-26 11:00:00,2021,east_siberian,4.569566984939202,1,0.0,0.20129547119140626,0.0,0.61533203125,0.13572306315104166
2021-08-26 12:00:00,2021,east_siberian,4.4780414213288395,1,0.0,0.19205185572306316,0.0,0.64111328125,0.13669559902615017
2021-08-26 13:00:00,2021,east_siberian,4.499540874217836,1,0.0,0.190011469523112,0.0,0.61220703125,0.13229732937282984
2021-08-26 14:00:00,2021,east_siberian,4.521048111011877,1,0.0,0.1767926851908366,0.00317840576171875,0.65595703125,0.1350294409857856
2021-08-26 15:00:00,2021,east_siberian,4.589826003577485,1,0.0,0.22223122914632162,0.0,0.75458984375,0.15987364027235243
2021-08-26 16:00:00,2021,east_siberian,4.539970967564047,1,0.0,0.2230685551961263,0.0,0.76630859375,0.161659427218967
2021-08-26 17:00:00,2021,east_siberian,4.620299350388054,1,0.0,0.2176865259806315,0.00454559326171875,0.73662109375,0.15687196519639757
2021-08-26 18:00:00,2021,east_siberian,4.657348773199797,1,0.0,0.2177660624186198,0.00464324951171875,0.74990234375,0.1586770290798611
2021-08-26 19:00:00,2021,east_siberian,4.62729837366251,1,0.0,0.21615613301595052,0.00522918701171875,0.76552734375,0.16040917290581597
2021-08-26 20:00:00,2021,east_siberian,4.663726343421767,1,0.0,0.19861504236857097,0.00903778076171875,0.75458984375,0.1547810278998481
2021-08-26 21:00:00,2021,east_siberian,4.5864832521340215,1,0.0,0.045604674021402995,0.02074432373046875,0.6765625,0.10513548956976995
2021-08-26 22:00:00,2021,east_siberian,4.585302863959838,1,0.0,0.03228336970011393,0.02513885498046875,0.50546875,0.07935657925075955
2021-08-26 23:00:00,2021,east_siberian,4.578355072211523,1,0.0,0.028829542795817058,0.02933807373046875,0.26953125,0.047537121242947046
2021-08-27 00:00:00,2021,east_siberian,4.547236555472177,1,0.0,0.035467974344889325,0.03363494873046875,0.0,0.013942786322699654
2021-08-27 01:00:00,2021,east_siberian,4.498085024481815,1,0.0,0.05668478012084961,0.02601776123046875,0.0,0.01858497619628906
2021-08-27 02:00:00,2021,east_siberian,4.595677156750019,1,0.0,0.06031602223714193,0.03363494873046875,0.0,0.02056893242730035
2021-08-27 07:00:00,2021,east_siberian,6.1285262207550115,0,0.0,0.24558798472086588,0.00824432373046875,0.8115234375,0.17479249742296005
2021-08-27 08:00:00,2021,east_siberian,6.0512427957498565,0,0.0,0.23660475413004559,0.01097869873046875,0.8248046875,0.17453238593207465
2021-08-27 09:00:00,2021,east_siberian,6.0063636641300775,0,0.0,0.18567419052124023,0.09349822998046875,0.0,0.061979548136393225
2021-08-27 10:00:00,2021,east_siberian,6.049052496284313,0,0.0,0.2281084696451823,0.10892791748046875,0.0,0.07535264756944444
2021-08-27 11:00:00,2021,east_siberian,5.893512748453656,0,0.0,0.23263893127441407,0.11049041748046876,0.0,0.07676910400390624
2021-08-27 12:00:00,2021,east_siberian,6.035440989893487,0,0.0,0.24683151245117188,0.12474822998046875,0.0796875,0.093079833984375
2021-08-28 06:00:00,2021,east_siberian,6.139849897650896,0,0.0,0.5103642781575519,0.06846160888671875,0.41748046875,0.20088941786024303
2021-08-28 07:00:00,2021,east_siberian,6.182088234568012,0,0.0,0.542768923441569,0.06074676513671875,0.24794921875,0.18589784410264756
2021-08-28 08:00:00,2021,east_siberian,5.919974761406164,0,0.0,0.5723201751708984,0.04785614013671875,0.10029296875,0.1723719278971354
2021-08-28 09:00:00,2021,east_siberian,5.908123764465724,0,0.0,0.46905765533447263,0.05427703857421875,0.40908203125,0.18686325073242188
2021-08-28 10:00:00,2021,east_siberian,2.4286933502320243,1,0.0,0.4742866516113281,0.05408172607421875,0.41298828125,0.18875244140625
2021-08-28 20:00:00,2021,east_siberian,2.5980864334476452,1,0.0,0.376084836324056,0.03552703857421875,0.15234375,0.12533872816297742
2021-08-28 21:00:00,2021,east_siberian,2.447941661887834,1,0.0,0.43458563486735025,0.01278533935546875,0.5986328125,0.19741192287868925
2021-08-28 22:00:00,2021,east_siberian,2.4587247430186916,1,0.0,0.4306042989095052,0.01249237060546875,0.5900390625,0.1951653374565972
2021-08-28 23:00:00,2021,east_siberian,2.5167735766081267,1,0.0,0.42667725880940743,0.01219940185546875,0.5806640625,0.19282906426323781
2021-08-29 00:00:00,2021,east_siberian,2.5697283103220694,1,0.0,0.4213422775268555,0.01132049560546875,0.5728515625,0.190247548421224
2021-08-29 01:00:00,2021,east_siberian,2.710838389839588,1,0.0,0.41430670420328775,0.00975799560546875,0.5642578125,0.18701722886827254
2021-08-29 02:00:00,2021,east_siberian,2.663850111771671,1,0.0,0.4032828648885091,0.01132049560546875,0.5603515625,0.18376503838433159
2021-08-29 03:00:00,2021,east_siberian,2.562510100571273,1,0.0,0.21062488555908204,0.01008758544921875,0.59072265625,0.13627466837565105
2021-08-29 05:00:00,2021,east_siberian,2.105287552275978,1,0.0,0.22741756439208985,0.00530242919921875,0.58916015625,0.13990636189778646
2021-08-29 06:00:00,2021,east_siberian,2.2289340642039814,1,0.0,0.22479298909505208,0.00696258544921875,0.57900390625,0.1380736626519097
2021-08-29 07:00:00,2021,east_siberian,2.253555060715205,1,0.0,0.21954784393310547,0.00823211669921875,0.57119140625,0.1358025614420573
2021-08-29 08:00:00,2021,east_siberian,2.436179330541991,1,0.0,0.21427071889241536,0.00950164794921875,0.56494140625,0.13373126559787324
2021-08-29 09:00:00,2021,east_siberian,2.5768918907112863,1,0.0,0.11505409876505533,0.01114959716796875,0.63701171875,0.11710260179307724
2021-08-29 10:00:00,2021,east_siberian,2.654629086466486,1,0.0,0.11413364410400391,0.01027069091796875,0.64169921875,0.11736495971679688
2021-08-29 11:00:00,2021,east_siberian,2.709925570795179,1,0.0,0.09003337224324544,0.00851287841796875,0.59794921875,0.1048705122205946
2021-08-29 12:00:00,2021,east_siberian,2.686008635190672,1,0.0,0.10364580154418945,0.00851287841796875,0.65263671875,0.11579216003417968
2021-08-29 13:00:00,2021,east_siberian,2.7261268021972493,1,0.0,0.09778661727905273,0.00734100341796875,0.65185546875,0.11396929423014324
2021-08-29 14:00:00,2021,east_siberian,2.7096280437261058,1,0.0,0.0918018658955892,0.00607147216796875,0.65029296875,0.11199575636121961
2021-08-29 15:00:00,2021,east_siberian,2.5581740360986296,1,0.0,0.0,0.01431121826171875,0.798828125,0.1084185791015625
2021-08-29 16:00:00,2021,east_siberian,2.5246059449603,1,0.0,0.0,0.01909637451171875,0.850390625,0.11593159993489582
2021-08-29 17:00:00,2021,east_siberian,2.5430077929664905,1,0.0,0.0,0.01958465576171875,0.851953125,0.11620503743489582
2021-08-29 18:00:00,2021,east_siberian,2.5506039383225954,1,0.0,0.0,0.01997528076171875,0.853515625,0.1164654541015625
2021-08-29 19:00:00,2021,east_siberian,2.662008350188351,1,0.0,0.0,0.01851043701171875,0.855078125,0.11647847493489584
2021-08-29 20:00:00,2021,east_siberian,2.6704492448059516,1,0.0,0.0,0.01548309326171875,0.926171875,0.12555399576822918
2021-08-29 21:00:00,2021,east_siberian,2.648328672213442,1,0.0,0.0,0.02137908935546875,0.99462890625,0.13546773274739585
2021-08-29 22:00:00,2021,east_siberian,2.58865818888741,1,0.0,0.0,0.02079315185546875,1.0,0.13610575358072916
2021-08-29 23:00:00,2021,east_siberian,2.5132074863241924,1,0.0,0.0,0.02079315185546875,1.0,0.13610575358072916
2021-08-30 00:00:00,2021,east_siberian,2.6302115077783443,1,0.0,0.0,0.02079315185546875,1.0,0.13610575358072916
2021-08-30 01:00:00,2021,east_siberian,2.6276310991285023,1,0.0,0.0,0.01385955810546875,1.0,0.1351812744140625
2021-08-30 02:00:00,2021,east_siberian,2.4644808968294956,1,0.0,0.0,0.01444549560546875,1.0,0.1352593994140625
2021-08-30 03:00:00,2021,east_siberian,2.5352758953944745,1,0.0,0.0,0.02206268310546875,1.0,0.1362750244140625
2021-08-30 04:00:00,2021,east_siberian,2.635055199713945,1,0.0,0.0,0.02303924560546875,1.0,0.13640523274739583
2021-08-30 05:00:00,2021,east_siberian,2.603526320735741,1,0.0,0.0,0.02479705810546875,1.0,0.13663960774739584
2021-08-30 06:00:00,2021,east_siberian,2.5725620284236252,1,0.0,0.0,0.02479705810546875,1.0,0.13663960774739584
2021-08-30 09:00:00,2021,east_siberian,2.6461508060110033,1,0.0,0.0,0.03976287841796875,1.0,0.13863505045572916
2021-08-30 10:00:00,2021,east_siberian,2.5631816872509585,1,0.0,0.0,0.03829803466796875,1.0,0.13843973795572917
2021-08-30 11:00:00,2021,east_siberian,2.5558832610769753,1,0.0,0.0,0.03888397216796875,1.0,0.13851786295572915
2021-08-30 12:00:00,2021,east_siberian,2.585632124025133,1,0.0,0.0,0.03966522216796875,1.0,0.13862202962239584
2021-08-30 13:00:00,2021,east_siberian,2.6405882333654387,1,0.0,0.0,0.03966522216796875,1.0,0.13862202962239584
2021-08-30 14:00:00,2021,east_siberian,2.673350539396326,1,0.0,0.0,0.04005584716796875,1.0,0.13867411295572918
2021-08-30 16:00:00,2021,east_siberian,2.678253094178755,1,0.0,0.0,0.04484100341796875,1.0,0.1393121337890625
2021-08-30 17:00:00,2021,east_siberian,2.606273277782454,1,0.0,0.0,0.04366912841796875,1.0,0.1391558837890625
2021-08-30 18:00:00,2021,east_siberian,2.6735850702573143,1,0.0,0.0,0.04288787841796875,1.0,0.13905171712239583
2021-08-30 19:00:00,2021,east_siberian,2.637491617633917,1,0.0,0.0,0.04288787841796875,1.0,0.13905171712239583
2021-08-30 20:00:00,2021,east_siberian,2.637967859355724,1,0.0,0.0,0.04298553466796875,1.0,0.13906473795572916
2021-08-30 21:00:00,2021,east_siberian,2.5728688546325547,1,0.0,0.0,0.04282684326171875,0.93046875,0.12977274576822917
2021-08-30 22:00:00,2021,east_siberian,2.4829727051398036,1,0.0,0.0,0.04282684326171875,0.93046875,0.12977274576822917
2021-08-30 23:00:00,2021,east_siberian,2.522349881817324,1,0.0,0.0,0.04282684326171875,0.93046875,0.12977274576822917
2021-08-31 00:00:00,2021,east_siberian,2.6122881121894577,1,0.0,0.0,0.04331512451171875,0.925,0.12910868326822916
2021-08-31 01:00:00,2021,east_siberian,2.6890560594271973,1,0.0,0.0,0.04038543701171875,0.76171875,0.10694722493489583
2021-08-31 02:00:00,2021,east_siberian,2.591435251354744,1,0.0,0.0,0.03950653076171875,0.7671875,0.1075592041015625
2021-08-31 03:00:00,2021,east_siberian,4.186616133461941,1,0.0,0.0,0.03717498779296875,0.90830078125,0.12606343587239582
2021-08-31 04:00:00,2021,east_siberian,3.9881711280789407,1,0.0,0.0,0.03229217529296875,0.80283203125,0.11134989420572916
2021-08-31 05:00:00,2021,east_siberian,2.602377026250765,1,0.0,0.0,0.03121795654296875,0.77861328125,0.10797749837239583
2021-08-31 06:00:00,2021,east_siberian,2.571187074204906,1,0.0,0.0,0.03004608154296875,0.75517578125,0.10469624837239583
2021-08-31 07:00:00,2021,east_siberian,2.1282075491052477,1,0.0,0.0,0.02887420654296875,0.73251953125,0.1015191650390625
2021-08-31 08:00:00,2021,east_siberian,2.6389229709033817,1,0.0,0.0,0.02828826904296875,0.69814453125,0.09685770670572916
2021-08-31 09:00:00,2021,east_siberian,2.595069409370455,1,0.0,0.0,0.03462371826171875,0.7453125,0.10399149576822916
2021-08-31 10:00:00,2021,east_siberian,2.6967461428491726,1,0.0,0.0,0.03540496826171875,0.74765625,0.10440816243489583
2021-08-31 11:00:00,2021,east_siberian,2.359735752613646,1,0.0,0.0,0.03550262451171875,0.80078125,0.11150451660156249
2021-08-31 12:00:00,2021,east_siberian,2.4164811332834955,1,0.0,0.0,0.03550262451171875,0.80078125,0.11150451660156249
2021-08-31 13:00:00,2021,east_siberian,2.695673059351328,1,0.0,0.0,0.03530731201171875,0.78359375,0.10918680826822916
2021-08-31 14:00:00,2021,east_siberian,2.563695267297133,1,0.0,0.0,0.03394012451171875,0.684375,0.09577534993489584
2021-08-31 15:00:00,2021,east_siberian,2.5854083092175575,1,0.0,0.0,0.04176483154296875,0.70908203125,0.1001129150390625
2021-08-31 16:00:00,2021,east_siberian,2.585535733709859,1,0.0,0.0,0.04362030029296875,0.72861328125,0.1029644775390625
2021-08-31 17:00:00,2021,east_siberian,2.5953337438035176,1,0.0,0.0,0.04362030029296875,0.72861328125,0.1029644775390625
2021-08-31 18:00:00,2021,east_siberian,3.1334629994072847,1,0.0,0.0,0.04508514404296875,0.74189453125,0.10493062337239584
2021-08-31 19:00:00,2021,east_siberian,3.1681182694235543,1,0.0,0.0,0.04654998779296875,0.73955078125,0.10481343587239583
2021-08-31 20:00:00,2021,east_siberian,4.14069814784688,1,0.0,0.0,0.05065155029296875,0.77548828125,0.1101519775390625
2021-08-31 21:00:00,2021,east_siberian,3.0574896916804284,1,0.0,0.0,0.05153045654296875,0.78173828125,0.11110249837239583
2021-08-31 22:00:00,2021,east_siberian,3.1277417214474066,1,0.0,0.0,0.05162811279296875,0.76376953125,0.10871968587239583
2021-08-31 23:00:00,2021,east_siberian,3.07734536434395,1,0.0,0.0,0.05221405029296875,0.76611328125,0.10911031087239582
2021-09-01 00:00:00,2021,east_siberian,3.0330847865541357,1,0.0,0.043791611989339195,0.01905975341796875,0.6740234375,0.10408885531955295
2021-09-01 01:00:00,2021,east_siberian,3.9429399295632224,1,0.0,0.03852990468343099,0.02091522216796875,0.6818359375,0.10397479587131077
2021-09-01 02:00:00,2021,east_siberian,3.3507814071350013,1,0.0,0.04891643524169922,0.02189178466796875,0.6763671875,0.10614557902018229
2021-09-01 04:00:00,2021,east_siberian,6.0882411307226985,0,0.0,0.0,0.01847381591796875,0.88466796875,0.12041890462239582
2021-09-01 05:00:00,2021,east_siberian,6.457461178950371,0,0.0,0.0,0.02013397216796875,0.88935546875,0.12126525878906251
2021-09-01 06:00:00,2021,east_siberian,6.498472855821399,0,0.0,0.0,0.02247772216796875,0.87373046875,0.11949442545572916
2021-09-01 08:00:00,2021,east_siberian,6.0749553791199755,0,0.0,0.0,0.02472381591796875,0.85966796875,0.11791890462239582
2021-09-01 09:00:00,2021,east_siberian,5.964121013780211,0,0.0,0.13642358779907227,0.03990936279296875,0.80322265625,0.14879722595214845
2021-09-01 10:00:00,2021,east_siberian,5.962098513993717,0,0.0,0.12512083053588868,0.04528045654296875,0.78447265625,0.14399930318196613
2021-09-01 11:00:00,2021,east_siberian,5.911676416938546,0,0.0,0.11888818740844727,0.04635467529296875,0.76494140625,0.13987632751464843
2021-09-01 12:00:00,2021,east_siberian,5.890220700480489,0,0.0,0.10127328236897787,0.04596405029296875,0.76884765625,0.13564776950412327
2021-09-01 13:00:00,2021,east_siberian,5.997265804733873,0,0.0,0.08870830535888671,0.04596405029296875,0.78056640625,0.13385960896809895
2021-09-08 06:00:00,2021,chukchi,4.535305116605817,1,0.1252615792410714,0.0,0.12881317138671874,0.49453125,0.1415679931640625
2021-09-08 07:00:00,2021,chukchi,4.5870982382298875,1,0.0,0.010388882954915364,0.12070770263671875,0.4953125,0.0849063958062066
2021-09-08 08:00:00,2021,chukchi,4.679919136258023,1,0.0,0.013562393188476563,0.11650848388671875,0.50625,0.08665110270182291
2021-09-08 09:00:00,2021,chukchi,4.425091293476964,1,0.0,0.12141157786051432,0.09320526123046875,0.46201171875,0.10640535142686633
2021-09-08 10:00:00,2021,chukchi,4.5376778680190295,1,0.0,0.19548800786336268,0.06869354248046874,0.49169921875,0.1268491702609592
2021-09-08 11:00:00,2021,chukchi,4.5476221019560175,1,0.0,0.20050900777180988,0.06722869873046874,0.47607421875,0.12590945773654513
2021-09-08 12:00:00,2021,chukchi,4.769071699193151,1,0.0,0.20137672424316405,0.06693572998046875,0.46904296875,0.1251642862955729
2021-09-08 13:00:00,2021,chukchi,4.626360714933529,1,0.0,0.2495563507080078,0.04720916748046875,0.51513671875,0.14152781168619794
2021-09-08 14:00:00,2021,chukchi,4.6175960973454675,1,0.0,0.24784043629964192,0.04701385498046875,0.50029296875,0.13906502617730032
2021-09-08 15:00:00,2021,chukchi,4.4645202112031885,1,0.0,0.40448799133300767,0.03550262451171875,0.7564453125,0.21345652262369788
2021-09-08 16:00:00,2021,chukchi,4.612810941031445,1,0.0,0.3859008153279622,0.06538543701171876,0.6947265625,0.20425515068901906
2021-09-08 17:00:00,2021,chukchi,4.579940927681537,1,0.0,0.3859008153279622,0.06538543701171876,0.6947265625,0.20425515068901906
2021-09-08 18:00:00,2021,chukchi,4.552091616152276,1,0.0,0.3876885732014973,0.06226043701171875,0.7017578125,0.2052527194552951
2021-09-08 20:00:00,2021,chukchi,4.493486174931265,1,0.0,0.3326973597208659,0.08159637451171875,0.6798828125,0.19024985419379342
2021-09-08 21:00:00,2021,chukchi,4.411029306411979,1,0.0,0.2871807098388672,0.03425750732421875,0.883203125,0.19890960693359372
2021-09-08 22:00:00,2021,chukchi,4.896331217720727,0,0.0,0.29867159525553383,0.03601531982421875,0.879296875,0.20168738471137151
2021-09-09 00:00:00,2021,chukchi,4.941398420079984,0,0.0,0.28382034301757814,0.01814422607421875,0.906640625,0.19899007161458332
2021-09-09 01:00:00,2021,chukchi,4.890633203054291,0,0.0,0.277390988667806,0.00232391357421875,0.956640625,0.20183286878797743
2021-09-09 02:00:00,2021,chukchi,6.370141155577245,0,0.0,0.277390988667806,0.00232391357421875,0.956640625,0.20183286878797743
2021-09-09 03:00:00,2021,chukchi,6.465204183615266,0,0.0,0.0,0.0,1.0,0.13333333333333333
2021-09-09 04:00:00,2021,chukchi,6.31989791974892,0,0.0,0.0,0.0,1.0,0.13333333333333333
2021-09-09 05:00:00,2021,chukchi,5.750429989068939,0,0.0,0.0,0.0,1.0,0.13333333333333333
2021-09-09 06:00:00,2021,chukchi,6.28604101300763,0,0.0,0.05980415344238281,0.0,1.0,0.14928110758463542
2021-09-09 07:00:00,2021,chukchi,4.289345847074888,1,0.0,0.12586215337117512,0.0,1.0,0.16689657423231335
2021-09-09 08:00:00,2021,chukchi,6.439402358080722,0,0.0,0.248974609375,0.0,0.99150390625,0.19859375
2021-09-09 09:00:00,2021,chukchi,6.093563817470112,0,0.0,0.006436920166015625,0.0,0.96591796875,0.13050557454427084
2021-09-09 10:00:00,2021,chukchi,6.4149492151300835,0,0.0,0.0,0.0,0.92919921875,0.12389322916666666
2021-09-09 11:00:00,2021,chukchi,6.518880174630973,0,0.0,0.0,0.0,0.92919921875,0.12389322916666666
2021-09-09 12:00:00,2021,chukchi,6.457651131927043,0,0.0,0.002504857381184896,0.0,0.85732421875,0.1149778578016493
2021-09-09 13:00:00,2021,chukchi,6.415100893604057,0,0.0,0.03534285227457682,0.0,0.76201171875,0.1110263231065538
2021-09-09 14:00:00,2021,chukchi,6.351117753916512,0,0.0,0.057755629221598305,0.0,0.62919921875,0.09929473029242622
2021-09-09 15:00:00,2021,chukchi,6.396098723945794,0,0.0,0.0,0.0,0.67431640625,0.08990885416666666
2021-09-09 16:00:00,2021,chukchi,6.436595298642753,0,0.0,0.0,0.0,0.59384765625,0.0791796875
2021-09-09 17:00:00,2021,chukchi,6.447433191859925,0,0.0,0.0,0.0,0.31181640625,0.04157552083333334
2021-09-09 18:00:00,2021,chukchi,6.475161361309718,0,0.0,0.0,0.0,0.20556640625,0.027408854166666666
2021-09-09 19:00:00,2021,chukchi,6.495172674048449,0,0.0,0.0,0.0,0.15478515625,0.020638020833333333
2021-09-09 20:00:00,2021,chukchi,6.487091923887334,0,0.0,0.0,0.0,0.18681640625,0.024908854166666668
2021-09-09 21:00:00,2021,chukchi,6.44104179347369,0,0.0,0.0,0.0,0.1974609375,0.026328124999999997
2021-09-09 22:00:00,2021,chukchi,6.522742524022871,0,0.0,0.0,0.0,0.1865234375,0.024869791666666665
2021-09-09 23:00:00,2021,chukchi,6.47477811494221,0,0.0,0.026483821868896484,0.0,0.2388671875,0.03891131083170572
2021-09-10 00:00:00,2021,chukchi,6.5043366524000525,0,0.0,0.08528887430826823,0.0,0.2841796875,0.060634324815538196
2021-09-10 01:00:00,2021,chukchi,6.54652029710711,0,0.0,0.14093774159749348,0.0,0.3115234375,0.07911985609266492
2021-09-10 02:00:00,2021,chukchi,6.454885451831062,0,0.0,0.19675505956013997,0.0,0.3521484375,0.099421140882704
2021-09-10 03:00:00,2021,chukchi,6.430285085192807,0,0.0,0.29800599416097007,0.0,0.733203125,0.17722868177625867
2021-09-10 04:00:00,2021,chukchi,6.484716104059159,0,0.0,0.3115609486897786,0.0,0.841015625,0.1952183363172743
2021-09-10 05:00:00,2021,chukchi,6.497493585852522,0,0.0,0.3668241500854492,0.0,0.830078125,0.20849685668945311
2021-09-10 06:00:00,2021,chukchi,6.5361988765729535,0,0.0,0.37239875793457045,0.0,0.752734375,0.1996709187825521
2021-09-10 07:00:00,2021,chukchi,6.461060099364436,0,0.0,0.3382294972737629,0.0,0.825390625,0.2002466159396701
2021-09-10 08:00:00,2021,chukchi,6.4144106025583465,0,0.0,0.3038260777791341,0.0,0.770703125,0.18378070407443575
2021-09-10 09:00:00,2021,chukchi,6.432966480191596,0,0.0,0.25326175689697267,0.0,0.821484375,0.1770677185058594
2021-09-10 10:00:00,2021,chukchi,6.459601245765534,0,0.0,0.21354014078776043,0.0,0.807421875,0.16460028754340278
2021-09-10 11:00:00,2021,chukchi,6.501957314381951,0,0.0,0.16683152516682942,0.0,0.749609375,0.14443632337782117
2021-09-10 12:00:00,2021,chukchi,6.514738480751833,0,0.0,0.12318290074666341,0.0,0.661328125,0.12102585686577691
2021-09-10 13:00:00,2021,chukchi,6.568234630596602,0,0.0,0.0868764877319336,0.0,0.630078125,0.10717748006184896
2021-09-10 14:00:00,2021,chukchi,6.528726199986129,0,0.0,0.061824703216552736,0.0,0.673046875,0.10622617085774741
2021-09-10 15:00:00,2021,chukchi,6.57810595063266,0,0.0,0.13042850494384767,0.0,0.708203125,0.12920801798502607
2021-09-10 16:00:00,2021,chukchi,6.511910806099759,0,0.0,0.12786633173624676,0.0,0.791015625,0.13956643846299913
2021-09-10 17:00:00,2021,chukchi,6.4004355444310885,0,0.0,0.11039352416992188,0.0,0.849609375,0.14271952311197916
2021-09-10 18:00:00,2021,chukchi,6.12771551864054,0,0.0,0.09799982706705729,0.0,0.911328125,0.14764370388454862
2021-09-10 19:00:00,2021,chukchi,6.068302961192863,0,0.0,0.08335936864217122,0.0,0.784765625,0.1268645816379123
2021-09-10 20:00:00,2021,chukchi,6.042072679205834,0,0.0,0.08335936864217122,0.0,0.784765625,0.1268645816379123
2021-09-10 21:00:00,2021,chukchi,5.562338698588794,0,0.0,0.0259670893351237,0.0,0.5535156250000007,0.08072664048936642
2021-09-10 22:00:00,2021,chukchi,5.742965897314517,0,0.0,0.03884080251057943,0.0,0.540234375,0.08238879733615452
2021-09-10 23:00:00,2021,chukchi,6.2674806574893545,0,0.0,0.025963433583577476,0.0,0.791796875,0.11249649895562065
2021-09-11 00:00:00,2021,chukchi,5.704936192196178,0,0.0,0.025963433583577476,0.0,0.791796875,0.11249649895562065
2022-07-23 07:00:00,2022,chukchi,6.572232190996742,0,0.0,0.06413577397664388,0.0,0.5048828125,0.0844205813937717
2022-07-23 13:00:00,2022,chukchi,6.598192781598164,0,0.0,0.009975783030192057,0.0,0.4439453125,0.06185291714138455
2022-07-23 14:00:00,2022,chukchi,7.062902500835725,0,0.0,0.028647836049397787,0.0,0.3626953125,0.05599879794650607
2022-07-23 15:00:00,2022,chukchi,7.231700638464667,0,0.0,0.0,0.0,0.59609375,0.07947916666666666
2022-07-23 16:00:00,2022,chukchi,6.985528826963309,0,0.0,0.0065479278564453125,0.0,0.7609375,0.10320444742838542
2022-07-23 17:00:00,2022,chukchi,6.868777008094377,0,0.0,0.00873098373413086,0.0,0.84921875,0.11555742899576824
2022-07-23 18:00:00,2022,chukchi,6.746264356721581,0,0.0,0.031751060485839845,0.0,0.8703125,0.1245086161295573
2022-07-23 19:00:00,2022,chukchi,6.71029412678545,0,0.0,0.07867059707641602,0.0,0.9171875,0.14327049255371094
2022-07-23 21:00:00,2022,chukchi,5.764881749837942,0,0.0,0.0,0.0,0.75859375,0.10114583333333332
2022-07-23 22:00:00,2022,chukchi,6.628554853485874,0,0.0,0.0,0.0,0.75859375,0.10114583333333332
2022-07-23 23:00:00,2022,chukchi,6.613923040444265,0,0.0,0.0,0.0,0.88671875,0.11822916666666666
2022-07-24 00:00:00,2022,chukchi,6.608410586862889,0,0.0,0.0,0.0,0.91953125,0.12260416666666667
2022-07-24 01:00:00,2022,chukchi,6.602273231887244,0,0.0,0.0,0.0,0.9484375,0.12645833333333334
2022-07-24 07:00:00,2022,chukchi,4.154245640980849,1,0.0,0.0,0.0,0.94365234375,0.1258203125
2022-07-24 11:00:00,2022,chukchi,6.199916949490674,0,0.0,0.034571329752604164,0.0,0.90576171875,0.12998725043402778
2022-07-24 14:00:00,2022,chukchi,6.23305999818476,0,0.0,0.0,0.0,0.84638671875,0.1128515625
2022-07-24 16:00:00,2022,chukchi,6.377283888159752,0,0.0,0.03007682164510091,0.0,0.74990234375,0.10800746493869356
2022-07-24 19:00:00,2022,chukchi,6.871130314335392,0,0.0,0.0983436902364095,0.0,0.78193359375,0.13048279656304254
2022-07-24 20:00:00,2022,chukchi,6.709900640494686,0,0.0,0.1077352523803711,0.0,0.82412109375,0.13861221313476563
2022-07-24 21:00:00,2022,chukchi,6.711390896633506,0,0.0,0.13975721995035809,0.0,0.7044921875,0.13120088365342883
2022-07-24 22:00:00,2022,chukchi,6.651666626145197,0,0.0,0.13038291931152343,0.0,0.5810546875,0.11224273681640624
2022-07-24 23:00:00,2022,chukchi,5.764620318223854,0,0.0,0.13770039876302084,0.0,0.3529296875,0.08377739800347223
2022-07-25 04:00:00,2022,chukchi,6.14545136087603,0,0.0,0.23999354044596355,0.0,0.53740234375,0.13565192328559028
2022-07-25 05:00:00,2022,chukchi,6.165696845615051,0,0.0,0.22767963409423828,0.0,0.53974609375,0.13268071492513023
2022-07-25 06:00:00,2022,chukchi,6.104792732391141,0,0.0,0.22767963409423828,0.0,0.53974609375,0.13268071492513023
2022-07-25 07:00:00,2022,chukchi,6.150800511149553,0,0.0,0.2109050750732422,0.0,0.55849609375,0.13070749918619792
2022-07-25 08:00:00,2022,chukchi,6.1395662959727115,0,0.0,0.1971187909444173,0.0,0.57880859375,0.12973949008517796
2022-07-25 09:00:00,2022,chukchi,6.0253635378911286,0,0.0,0.24083550771077475,0.0,0.5943359375,0.14346759372287327
2022-07-25 10:00:00,2022,chukchi,5.980604727922953,0,0.0,0.24405663808186848,0.0,0.6021484375,0.14536822848849826
2022-07-25 15:00:00,2022,chukchi,6.1409667129801715,0,0.0,0.25271600087483725,0.0,0.55966796875,0.1420133293999566
2022-07-25 16:00:00,2022,chukchi,6.140734730428324,0,0.0,0.2661027272542318,0.0,0.57529296875,0.1476664564344618
2022-07-25 17:00:00,2022,chukchi,6.206450480496132,0,0.0,0.28279158274332683,0.0,0.60498046875,0.1560751512315538
2022-07-25 18:00:00,2022,chukchi,6.3000133541397725,0,0.0,0.3074794769287109,0.0,0.64013671875,0.16734608968098957
2022-07-25 19:00:00,2022,chukchi,5.35315218572181,0,0.0,0.319826316833496,0.0,0.66669921875,0.17418024698893225
2022-07-25 23:00:00,2022,chukchi,5.9640169330758885,0,0.0,0.4161066691080729,0.0,0.81806640625,0.2200372992621528
2022-07-26 00:00:00,2022,chukchi,6.077908357639585,0,0.0,0.40447050730387357,0.0,0.82431640625,0.21776765611436627
2022-07-26 01:00:00,2022,chukchi,6.094734398513834,0,0.0,0.40447050730387357,0.0,0.82431640625,0.21776765611436627
2022-07-26 02:00:00,2022,chukchi,5.9932526227096705,0,0.0,0.38553155263264977,0.0,0.83603515625,0.21427976820203992
2022-07-26 03:00:00,2022,chukchi,6.181422656214633,0,0.0,0.5376383463541666,0.0,0.6939453125,0.2358962673611111
2022-07-26 04:00:00,2022,chukchi,6.22127364901773,0,0.0,0.5130301793416341,0.0,0.7275390625,0.2338132561577691
2022-07-26 11:00:00,2022,chukchi,6.081218164741731,0,0.0,0.3906296412150065,0.0,0.78818359375,0.20925905015733506
2022-07-26 12:00:00,2022,chukchi,6.154448343067711,0,0.0,0.3595269521077475,0.0,0.81943359375,0.20513166639539931
2022-07-26 14:00:00,2022,chukchi,5.977298602979535,0,0.0,0.3390796661376953,0.0,0.84052734375,0.20249155680338543
2022-07-26 15:00:00,2022,chukchi,5.973466966103877,0,0.0,0.30925413767496746,0.0,0.87783203125,0.1995120408799913
2022-07-26 16:00:00,2022,chukchi,6.031475138885848,0,0.0,0.31234842936197915,0.0,0.87705078125,0.20023301866319443
2022-07-26 17:00:00,2022,chukchi,6.126250197241896,0,0.0,0.27806631724039704,0.0,0.86845703125,0.18994528876410588
2022-07-26 20:00:00,2022,chukchi,5.864179350774402,0,0.0,0.27806631724039704,0.0,0.86845703125,0.18994528876410588
2022-07-26 21:00:00,2022,chukchi,6.498239294812277,0,0.0,0.11678069432576497,0.0,0.90810546875,0.1522222476535373
2022-07-26 22:00:00,2022,chukchi,6.313406144540833,0,0.0,0.0833362897237142,0.01639862060546875,0.94248046875,0.15007355584038629
2022-07-26 23:00:00,2022,chukchi,6.324485714024065,0,0.0,0.07996495564778645,0.01610565185546875,0.95341796875,0.1505938042534722
2022-07-27 07:00:00,2022,chukchi,4.996018632892456,0,0.0,0.08146724700927735,0.00912322998046875,0.95576171875,0.1503759256998698
2022-07-27 08:00:00,2022,chukchi,6.1066644293250985,0,0.20425851004464282,0.07870121002197265,0.00726776123046875,0.95888671875,0.24512822469075518
2022-07-27 09:00:00,2022,chukchi,5.865877731776697,0,0.34568568638392855,0.03068078358968099,0.03164520263671875,0.932421875,0.2980438062879774
2022-07-27 11:00:00,2022,chukchi,6.128985047855078,0,0.3797781808035714,0.03146060307820638,0.03301239013671875,0.928515625,0.31382304721408416
2022-07-27 12:00:00,2022,chukchi,5.587826827702313,0,0.3880179268973214,0.03650341033935547,0.03301239013671875,0.928515625,0.31901301066080723
2022-07-27 13:00:00,2022,chukchi,6.268228277545965,0,0.36678641183035715,0.04342021942138672,0.03291473388671875,0.921484375,0.30999893188476557
2022-07-27 20:00:00,2022,chukchi,5.999132116394309,0,0.3507428850446428,0.09609470367431641,0.02928924560546875,0.83291015625,0.30426518758138016
2022-07-27 21:00:00,2022,chukchi,6.202113956387934,0,0.30749511718749994,0.0,0.0,0.8205078125,0.2528987630208333
2022-08-02 17:00:00,2022,east_siberian,4.322384609786368,1,0.9961896623883928,0.05327466328938802,0.0,1.0,0.6124284193250867
2022-08-02 18:00:00,2022,east_siberian,6.216452143881339,0,0.9554268973214285,0.040946706136067705,0.0,1.0,0.5901183403862846
2022-08-02 19:00:00,2022,east_siberian,5.526393984546102,0,0.9242117745535714,0.03428030014038086,0.0,1.0,0.5737735748291015
2022-08-02 20:00:00,2022,east_siberian,4.29779490641445,1,0.9242117745535714,0.03428030014038086,0.0,1.0,0.5737735748291015
2022-08-03 00:00:00,2022,east_siberian,4.762134148530937,1,0.8657052176339285,0.11908788681030273,0.0,1.0,0.5690858713785807
2022-08-03 04:00:00,2022,east_siberian,6.09479289190856,0,0.8657052176339285,0.15303656260172527,0.0,1.0,0.5781388515896266
2022-08-03 05:00:00,2022,east_siberian,4.79195943611683,1,0.8521030970982142,0.14937276840209962,0.0,1.0,0.5708141835530598
2022-08-06 02:00:00,2022,east_siberian,6.305721424572115,0,0.8663155691964285,0.0,0.0,0.61298828125,0.48601236979166657
2022-08-06 03:00:00,2022,east_siberian,5.285917562603491,0,0.8976614815848214,0.0,0.0,0.8619140625,0.5338305664062499
2022-08-06 04:00:00,2022,east_siberian,5.301269592866894,0,0.9213344029017857,0.0074609120686848955,0.0,0.8634765625,0.5470758395724826
2022-08-06 09:00:00,2022,east_siberian,5.18485571112144,0,0.9332362583705357,0.01249707539876302,0.01175994873046875,1.0,0.5737441338433159
2022-08-06 10:00:00,2022,east_siberian,5.499445727959632,0,0.8756452287946428,0.008838876088460287,0.01195526123046875,0.98935546875,0.5444995710584852
2022-08-06 11:00:00,2022,east_siberian,4.8922272670609495,1,0.8756452287946428,0.008838876088460287,0.01195526123046875,0.98935546875,0.5444995710584852
2022-08-06 12:00:00,2022,east_siberian,6.419918235448765,0,0.8088553292410714,0.0,0.01332244873046875,0.98623046875,0.5107395426432291
2022-08-06 13:00:00,2022,east_siberian,6.513596352792396,0,0.7552751813616071,0.0,0.01332244873046875,0.97841796875,0.48469380696614583
2022-08-06 14:00:00,2022,east_siberian,6.1457782959067755,0,0.7651279994419642,0.0,0.01302947998046875,0.97919921875,0.48935689290364576
2022-08-06 22:00:00,2022,east_siberian,6.0628376158132,0,0.8194056919642857,0.13343467712402343,0.0,0.5486328125,0.49112294514973953
2022-08-06 23:00:00,2022,east_siberian,6.317868441615284,0,0.7909371512276785,0.16513678232828777,0.0,0.6087890625,0.4943123541937933
2022-08-07 00:00:00,2022,east_siberian,5.744284911101511,0,0.7939453125,0.17531646092732747,0.0,0.5931640625,0.49634741041395397
2022-08-07 02:00:00,2022,east_siberian,5.814679480946911,0,0.7871878487723214,0.20195064544677735,0.0,0.7392578125,0.5197755432128905
2022-08-07 03:00:00,2022,east_siberian,5.906412436725542,0,0.7830897739955357,0.1493329366048177,0.0,0.78818359375,0.5103551567925347
2022-08-07 04:00:00,2022,east_siberian,2.5266322868347615,1,0.7722342354910714,0.16925903956095378,0.0,0.76240234375,0.5071653662787543
2022-08-07 07:00:00,2022,east_siberian,5.264914070114002,0,0.7693568638392857,0.17369855244954427,0.0,0.76083984375,0.5067981296115451
2022-08-07 08:00:00,2022,east_siberian,4.942170262201437,1,0.7593296595982142,0.17717113494873046,0.0,0.76318359375,0.5033572896321614
2022-08-07 09:00:00,2022,east_siberian,5.85142954443091,0,0.7167794363839285,0.2395303726196289,0.00242156982421875,0.9328125,0.5230697123209634
2022-08-07 19:00:00,2022,east_siberian,2.3384792475374683,1,0.7062290736607143,0.3555904388427734,0.03812713623046875,0.825390625,0.5395333862304688
2022-08-07 20:00:00,2022,east_siberian,2.159608892694074,1,0.7062290736607143,0.3555904388427734,0.03812713623046875,0.825390625,0.5395333862304688
2022-08-07 21:00:00,2022,east_siberian,5.954514939222803,0,0.7837001255580357,0.29268360137939453,0.0,0.824609375,0.5537236022949218
2022-08-07 22:00:00,2022,east_siberian,4.888016245281463,1,0.78143310546875,0.3223080317179363,0.0,0.836328125,0.5621280076768663
2022-08-07 23:00:00,2022,east_siberian,5.322486476663785,0,0.7609427315848214,0.32995764414469403,0.0,0.853515625,0.5568973965115017
2022-08-08 00:00:00,2022,east_siberian,6.223488189387096,0,0.7557111467633928,0.337748654683431,0.0,0.874609375,0.5593460930718316
2022-08-08 01:00:00,2022,east_siberian,5.982171580985562,0,0.7327357700892857,0.32449976603190106,0.0,0.904296875,0.5490495469835069
2022-08-08 02:00:00,2022,east_siberian,6.0822372889648255,0,0.7258039202008928,0.3247898737589517,0.0,0.910546875,0.546725379096137
2022-08-08 03:00:00,2022,east_siberian,6.027319006298313,0,0.7175205775669643,0.07584044138590494,0.0,0.98818359375,0.4868248664008247
2022-08-08 04:00:00,2022,east_siberian,5.951171579769016,0,0.6979893275669643,0.05142768224080404,0.0,0.99599609375,0.4722418806287977
2022-08-08 05:00:00,2022,east_siberian,5.692564350311214,0,0.6714826311383928,0.024421882629394532,0.0,1.0,0.4532043965657552
2022-08-08 16:00:00,2022,east_siberian,5.069873481928505,0,0.6729213169642857,0.0,0.00258026123046875,1.0,0.4477073160807291
2022-08-08 17:00:00,2022,east_siberian,6.515268145215068,0,0.6991228376116071,0.0,0.00092010498046875,1.0,0.4597133382161458
2022-08-08 18:00:00,2022,east_siberian,5.938314643019595,0,0.6991228376116071,0.0,0.00092010498046875,1.0,0.4597133382161458
2022-08-08 19:00:00,2022,east_siberian,5.319687211921163,0,0.72314453125,0.010407098134358724,0.0,1.0,0.4735760074191623
2022-08-08 20:00:00,2022,east_siberian,4.732932507898069,1,0.72314453125,0.010407098134358724,0.0,1.0,0.4735760074191623
2022-08-08 22:00:00,2022,east_siberian,5.059473352626383,0,0.82080078125,0.0,0.0,0.98076171875,0.51380859375
2022-08-08 23:00:00,2022,east_siberian,5.308442609431468,0,0.8118634905133928,0.0,0.0,0.99638671875,0.5117211914062499
2022-08-09 00:00:00,2022,east_siberian,6.75935849147768,0,0.7938145228794642,0.0050692876180013025,0.0,1.0,0.5051319207085503
2022-08-09 01:00:00,2022,east_siberian,6.516507710973787,0,0.7833949497767857,0.017993036905924478,0.0,1.0,0.5037157864040798
2022-08-09 11:00:00,2022,east_siberian,2.0645425250083633,1,0.7833949497767857,0.11156660715738932,0.00609588623046875,0.94814453125,0.5225674608018662
2022-08-09 12:00:00,2022,east_siberian,5.2548840747454735,0,0.7833949497767857,0.11156660715738932,0.00609588623046875,0.94814453125,0.5225674608018662
2022-08-09 13:00:00,2022,east_siberian,6.434744964902955,0,0.7833949497767857,0.11156660715738932,0.00609588623046875,0.94814453125,0.5225674608018662
2022-08-09 14:00:00,2022,east_siberian,6.313876275861355,0,0.8049752371651785,0.08999249140421549,0.00765838623046875,0.96298828125,0.5290726640489365
2022-08-09 15:00:00,2022,east_siberian,5.510077181456413,0,0.8061087472098214,0.14514652887980142,0.0,0.89794921875,0.5346163855658637
2022-08-09 16:00:00,2022,east_siberian,6.311809148903135,0,0.7944684709821428,0.131623903910319,0.0,0.89794921875,0.5255782233344183
2022-08-09 22:00:00,2022,east_siberian,5.635498243881705,0,0.7549264090401785,0.0,0.0,0.89326171875,0.47140055338541664
2022-08-09 23:00:00,2022,east_siberian,5.4423154672163525,0,0.7398856026785714,0.0,0.0,0.87998046875,0.46261067708333325
2022-08-10 01:00:00,2022,east_siberian,5.5866307948081895,0,0.7064470563616071,0.0,0.0,0.86591796875,0.4451310221354166
2022-08-10 02:00:00,2022,east_siberian,5.84514761620844,0,0.6902291434151785,0.002097415924072266,0.0,0.86669921875,0.43822614034016916
2022-08-10 03:00:00,2022,east_siberian,4.951904227718296,1,0.6893572126116071,0.0,0.0,1.0,0.45503336588541665
2022-08-10 10:00:00,2022,east_siberian,2.6835170555211096,1,0.6705671037946428,0.0,0.00565643310546875,1.0,0.44701883951822907
2022-08-18 05:00:00,2022,chukchi,6.511236789907712,0,0.0,0.0,0.04276580810546875,0.9990234375,0.13890523274739583
2022-08-18 06:00:00,2022,chukchi,6.265427907347661,0,0.0,0.0,0.02909393310546875,0.9185546875,0.1263531494140625
2022-08-18 07:00:00,2022,chukchi,5.745133770755944,0,0.0,0.0,0.01981658935546875,0.8904296875,0.12136617024739582
2022-08-18 18:00:00,2022,chukchi,2.991626798517373,1,0.0,0.0,0.03177947998046875,0.96435546875,0.13281799316406248
2022-08-18 19:00:00,2022,chukchi,3.0386083454567685,1,0.0,0.0,0.03568572998046875,0.96669921875,0.1336513264973958
2022-08-18 20:00:00,2022,chukchi,3.1095012625229983,1,0.0,0.0,0.02572479248046875,0.93857421875,0.12857320149739584
2022-08-19 04:00:00,2022,chukchi,3.090876400547916,1,0.0,0.0,0.02017059326171875,0.86904296875,0.11856180826822915
2022-08-19 10:00:00,2022,chukchi,3.1325054764141123,1,0.0,0.0,0.01162567138671875,0.90859375,0.1226959228515625
2022-08-19 11:00:00,2022,chukchi,3.186990511552382,1,0.0,0.0,0.01201629638671875,0.90859375,0.12274800618489583
2022-08-19 12:00:00,2022,chukchi,3.138629444148348,1,0.0,0.0,0.01250457763671875,0.90703125,0.12260477701822915
2022-08-19 13:00:00,2022,chukchi,3.1156707079374115,1,0.0,0.0,0.00713348388671875,0.84609375,0.11376363118489582
2022-08-19 14:00:00,2022,chukchi,3.132488675486307,1,0.0,0.0,0.00830535888671875,0.84921875,0.11433654785156251
2022-08-19 15:00:00,2022,chukchi,3.141033924671894,1,0.0,0.0,0.0,0.91162109375,0.12154947916666667
2022-08-19 16:00:00,2022,chukchi,3.127068355529635,1,0.0,0.0,0.0,0.91474609375,0.12196614583333333
2022-08-20 08:00:00,2022,chukchi,4.750124728948309,1,0.0,0.0,0.0,0.80107421875,0.10680989583333332
2022-08-20 09:00:00,2022,chukchi,4.781146560650328,1,0.0,0.0,0.00354461669921875,0.583984375,0.07833719889322917
2022-08-20 10:00:00,2022,chukchi,4.862761865345967,1,0.0,0.0,0.00666961669921875,0.575390625,0.0776080322265625
2022-08-20 11:00:00,2022,chukchi,4.88970831170046,1,0.0,0.0,0.00071258544921875,0.563671875,0.07525126139322917
2022-08-20 12:00:00,2022,chukchi,4.8250397553699615,1,0.0,0.0,0.00862274169921875,0.566015625,0.07661844889322916
2022-08-20 13:00:00,2022,chukchi,4.794101818636453,1,0.0,0.0,0.01545867919921875,0.559765625,0.07669657389322918
2022-08-20 14:00:00,2022,chukchi,4.857557891056067,1,0.0,0.0,0.00637664794921875,0.571484375,0.07704813639322917
2022-08-20 15:00:00,2022,chukchi,4.85711918483803,1,0.0,0.0,0.02336883544921875,0.365625,0.05186584472656249
2022-08-20 16:00:00,2022,chukchi,4.827485399583529,1,0.0,0.0,0.02893524169921875,0.36484375,0.052503865559895835
2022-08-20 17:00:00,2022,chukchi,4.779284372421784,1,0.0,0.0,0.02151336669921875,0.3796875,0.05349344889322917
2022-08-20 18:00:00,2022,chukchi,4.795891254154865,1,0.0,0.0,0.02278289794921875,0.36875,0.05220438639322917
2022-08-20 19:00:00,2022,chukchi,4.77937969166622,1,0.0,0.0,0.02434539794921875,0.3625,0.05157938639322916
2022-08-20 20:00:00,2022,chukchi,4.670888115225227,1,0.0,0.0,0.00481414794921875,0.3984375,0.053766886393229164
2022-08-20 21:00:00,2022,chukchi,4.72697238302162,1,0.0,0.0,0.00697479248046875,0.32548828125,0.044328409830729165
2022-08-20 22:00:00,2022,chukchi,4.672800797530074,1,0.0,0.0,0.00951385498046875,0.38017578125,0.0519586181640625
2022-08-20 23:00:00,2022,chukchi,4.610861868183546,1,0.0,0.0,0.01332244873046875,0.38720703125,0.0534039306640625
2022-08-21 00:00:00,2022,chukchi,4.681216448840244,1,0.0,0.0,0.01996307373046875,0.40439453125,0.05658101399739584
2022-08-21 01:00:00,2022,chukchi,4.6882613635058705,1,0.0,0.032980950673421223,0.02123260498046875,0.47392578125,0.07481603834364149
2022-08-21 02:00:00,2022,chukchi,4.614406722150273,1,0.0,0.03407745361328125,0.02220916748046875,0.47705078125,0.07565531412760416
2022-08-21 03:00:00,2022,chukchi,4.584352206733394,1,0.0,0.06156206130981445,0.01999969482421875,0.4533203125,0.07952588399251302
2022-08-21 04:00:00,2022,chukchi,4.450667605758158,1,0.0,0.10685847600301107,0.00466766357421875,0.4580078125,0.09018565707736545
2022-08-21 05:00:00,2022,chukchi,4.3740130636262995,1,0.0,0.10561170578002929,0.00349578857421875,0.4908203125,0.09407193501790365
2022-08-21 06:00:00,2022,chukchi,4.566131169168145,1,0.0,0.10503482818603516,0.00300750732421875,0.5072265625,0.09604049682617187
2022-08-25 02:00:00,2022,chukchi,6.168454849147183,0,0.0,0.0,0.0,1.0,0.13333333333333333
2022-08-25 03:00:00,2022,chukchi,6.3298215735592915,0,0.0,0.0,0.0,1.0,0.13333333333333333
2022-08-25 04:00:00,2022,chukchi,6.062968917480579,0,0.0,0.0,0.0,1.0,0.13333333333333333
2022-08-25 05:00:00,2022,chukchi,6.08762165661841,0,0.0,0.0,0.0,1.0,0.13333333333333333
2022-09-14 06:00:00,2022,chukchi,6.572652919064746,0,0.0,0.4118094762166341,0.0,0.410546875,0.16455544365776908
2022-09-14 07:00:00,2022,chukchi,6.628321323857517,0,0.0,0.40198968251546224,0.0,0.421484375,0.1633951653374566
2022-09-14 08:00:00,2022,chukchi,6.415139545769273,0,0.0,0.3897679011027018,0.0,0.430859375,0.16138602362738713
2022-09-14 09:00:00,2022,chukchi,6.379670485167041,0,0.0,0.4184741973876953,0.0,0.3568359375,0.15917124430338542
2022-09-14 10:00:00,2022,chukchi,6.408515279850762,0,0.0,0.4118838628133139,0.0,0.3537109375,0.15699715508355036
2022-09-14 11:00:00,2022,chukchi,6.472024779145616,0,0.0,0.4490399678548177,0.0,0.4927734375,0.1854471164279514
2022-09-14 12:00:00,2022,chukchi,6.602264073468121,0,0.0,0.4032648722330729,0.0,0.4826171875,0.1718862575954861
2022-09-14 13:00:00,2022,chukchi,6.627567667656563,0,0.0,0.3839097340901694,0.0,0.4677734375,0.1647457207573785
2022-09-14 14:00:00,2022,chukchi,6.640529244943088,0,0.0,0.3615920384724935,0.0,0.5990234375,0.17629433525933158
2022-09-14 15:00:00,2022,chukchi,6.631644809022844,0,0.0,0.43322118123372394,0.0,0.52724609375,0.18582512749565971
2022-09-14 16:00:00,2022,chukchi,6.467509583145084,0,0.0,0.42367540995279945,0.0,0.47412109375,0.17619625515407986
2022-09-14 17:00:00,2022,chukchi,6.3714492940514535,0,0.0,0.40359204610188804,0.0,0.48896484375,0.17281985812717013
2022-09-14 18:00:00,2022,chukchi,6.34034308290495,0,0.0,0.4080528259277344,0.0,0.45380859375,0.1693218994140625
2022-09-14 19:00:00,2022,chukchi,6.220308550236707,0,0.0,0.4083852767944336,0.0,0.41708984375,0.1645147196451823
2022-09-14 20:00:00,2022,chukchi,6.238341691689181,0,0.0,0.3831596374511719,0.0,0.41162109375,0.1570587158203125
2022-09-14 21:00:00,2022,chukchi,6.388883539284985,0,0.0,0.40004202524820964,0.0,0.51142578125,0.17486797756618924
2022-09-14 22:00:00,2022,chukchi,6.533166065312558,0,0.0,0.40289223988850914,0.0,0.46845703125,0.16989886813693578
2022-09-14 23:00:00,2022,chukchi,6.5455283928733685,0,0.0,0.36007150014241535,0.0,0.57861328125,0.1731675042046441
2022-09-15 00:00:00,2022,chukchi,5.831799878259101,0,0.0,0.3550088882446289,0.0,0.54423828125,0.16723414103190104
2022-09-15 01:00:00,2022,chukchi,5.4389814410927535,0,0.0,0.30821463267008464,0.0,0.63486328125,0.16683900621202258
2022-09-15 02:00:00,2022,chukchi,5.317865959791331,0,0.0,0.3018372853597005,0.0,0.59423828125,0.15972171359592013
2022-09-15 03:00:00,2022,chukchi,5.33778117508174,0,0.0,0.26312135060628256,0.0,0.595703125,0.149592776828342
2022-09-15 04:00:00,2022,chukchi,5.361265449721791,0,0.0,0.26110248565673827,0.0,0.589453125,0.14822107950846353
2022-09-15 05:00:00,2022,chukchi,5.430511834581159,0,0.0,0.22442181905110678,0.0,0.607421875,0.1408354017469618
2022-09-15 06:00:00,2022,chukchi,5.278002755190932,0,0.0,0.22435499827067057,0.0,0.600390625,0.13988008287217882
2022-09-15 07:00:00,2022,chukchi,5.417805089500291,0,0.0,0.21644732157389324,0.0,0.551953125,0.1313130357530382
2022-09-15 08:00:00,2022,chukchi,5.30680118663481,0,0.0,0.19669958750406902,0.0,0.488671875,0.1176094733344184
2022-09-15 09:00:00,2022,chukchi,5.167999707602063,0,0.0,0.16817630132039388,0.0,0.8390625,0.15672201368543837
2022-09-15 10:00:00,2022,chukchi,5.199854174313296,0,0.0,0.13442856470743816,0.0,0.74140625,0.1347017839219835
2022-09-15 11:00:00,2022,chukchi,5.202202720091598,0,0.0,0.08658924102783203,0.0,0.77734375,0.12673629760742186
2022-09-15 12:00:00,2022,chukchi,5.074528035880495,0,0.0,0.058236281077067055,0.0,0.7421875,0.11448800828721788
2022-09-15 13:00:00,2022,chukchi,5.107710722139072,0,0.0,0.0,0.0,0.77109375,0.1028125
2022-09-15 14:00:00,2022,chukchi,5.080483068365847,0,0.0,0.0,0.0,0.74140625,0.09885416666666667
2022-09-15 15:00:00,2022,chukchi,5.12114758348028,0,0.0,0.06705325444539388,0.0,0.60146484375,0.09807618035210502
2022-09-15 16:00:00,2022,chukchi,5.247694849294779,0,0.0,0.07191565831502279,0.0,0.55849609375,0.0936436547173394
2022-09-15 17:00:00,2022,chukchi,5.3163155939515,0,0.0,0.10606104532877604,0.0,0.51787109375,0.0973324245876736
2022-09-15 18:00:00,2022,chukchi,5.382637739865241,0,0.0,0.12156588236490885,0.0,0.54521484375,0.10511288113064235
2022-09-15 19:00:00,2022,chukchi,5.349060582429634,0,0.0,0.11316963831583658,0.0,0.52880859375,0.10068638271755642
2022-09-15 20:00:00,2022,chukchi,5.337278629774455,0,0.0,0.14257230758666992,0.0,0.5749023437500007,0.1146729278564454
2022-09-15 21:00:00,2022,chukchi,5.451425204664421,0,0.0,0.0858692487080892,0.0,0.44755859375000073,0.08257294548882388
2022-09-15 22:00:00,2022,chukchi,5.342612262292052,0,0.0,0.12160771687825521,0.0,0.5194335937500008,0.10168653700086816
2022-09-18 17:00:00,2022,chukchi,5.097036071293403,0,0.0,0.5198509852091473,0.0,0.470703125,0.20138734605577263
2022-09-18 18:00:00,2022,chukchi,5.279309234040387,0,0.0,0.4922901789347331,0.0,0.435546875,0.18935029771592882
2022-09-18 19:00:00,2022,chukchi,5.477765979271906,0,0.0,0.4879102071126301,0.0,0.427734375,0.18714063856336804
2022-09-18 20:00:00,2022,chukchi,5.519967469723782,0,0.0,0.4592304229736328,0.0,0.412109375,0.17740936279296876
2022-09-18 21:00:00,2022,chukchi,5.643063372436705,0,0.0,0.25694154103597006,0.0,0.284375,0.10643441094292534
2022-09-18 22:00:00,2022,chukchi,5.698907398735034,0,0.0,0.24428176879882812,0.0,0.196875,0.09139180501302083
2022-09-18 23:00:00,2022,chukchi,5.79855219817058,0,0.0,0.2441126505533854,0.0,0.1703125,0.08780504014756944
2022-09-19 00:00:00,2022,chukchi,6.0111774921946965,0,0.0,0.12341591517130533,0.0,0.0,0.032910910712348085
2022-09-19 01:00:00,2022,chukchi,6.103036895036348,0,0.0,0.12341591517130533,0.0,0.0,0.032910910712348085
2022-09-19 02:00:00,2022,chukchi,6.031291531455747,0,0.0,0.09293451309204101,0.0,0.04453125,0.030720036824544272
2022-09-19 03:00:00,2022,chukchi,5.070030795704253,0,0.0,0.0612002690633138,0.0,0.0,0.016320071750217012
2022-09-19 04:00:00,2022,chukchi,6.049960662907096,0,0.0,0.11453673044840494,0.0,0.0,0.03054312811957465
2022-09-19 05:00:00,2022,chukchi,6.075188554723894,0,0.0,0.11453673044840494,0.0,0.0,0.03054312811957465
2022-09-19 06:00:00,2022,chukchi,6.220425188275771,0,0.0,0.08260971705118815,0.0,0.07177734375,0.03159957038031684
2022-09-19 07:00:00,2022,chukchi,6.330354312895384,0,0.0,0.0,0.0,0.26083984375,0.03477864583333334
2023-08-02 21:00:00,2023,chukchi,3.362092288785102,1,0.0,0.0,0.0,1.0,0.13333333333333333
2023-08-02 22:00:00,2023,chukchi,3.4528923090580177,1,0.0,0.0,0.0,1.0,0.13333333333333333
2023-08-03 06:00:00,2023,chukchi,6.445450752829314,0,0.0,0.0,0.0,1.0,0.13333333333333333
2023-08-03 07:00:00,2023,chukchi,6.626781989174393,0,0.0,0.0,0.0,0.9875000000000007,0.13166666666666677
2023-08-03 08:00:00,2023,chukchi,6.632814888074039,0,0.0,0.0,0.0,0.9875000000000007,0.13166666666666677
2023-08-03 09:00:00,2023,chukchi,6.71609647832108,0,0.0,0.0,0.0,1.0,0.13333333333333333
2023-08-03 10:00:00,2023,chukchi,6.740145168511342,0,0.0,0.0,0.0,1.0,0.13333333333333333
2023-08-03 11:00:00,2023,chukchi,6.570591298497623,0,0.0,0.013044484456380208,0.0,0.9743164062500007,0.1333873833550348
2023-08-03 12:00:00,2023,chukchi,6.607752869805174,0,0.0,0.048707739512125654,0.0,0.9211914062500007,0.13581425136990027
2023-08-03 16:00:00,2023,chukchi,6.402667872781219,0,0.0,0.0,0.0,0.9849609375000007,0.1313281250000001
2023-08-03 17:00:00,2023,chukchi,6.402021105040506,0,0.0,0.0,0.0,0.9224609375,0.12299479166666667
2023-08-03 18:00:00,2023,chukchi,6.533104389786259,0,0.0,0.0,0.0,0.8927734375,0.11903645833333333
2023-08-03 19:00:00,2023,chukchi,6.5283875826929485,0,0.0,0.0,0.0,0.9146484375,0.121953125
2023-08-03 20:00:00,2023,chukchi,6.451711577863037,0,0.0,0.0,0.0,0.9146484375,0.121953125
2023-08-04 00:00:00,2023,chukchi,6.3744267942027175,0,0.0,0.0,0.0,1.0,0.13333333333333333
2023-08-04 02:00:00,2023,chukchi,2.7998613599286983,1,0.0,0.0,0.0,1.0,0.13333333333333333
2023-08-04 03:00:00,2023,chukchi,4.820018135618126,1,0.0,0.0,0.0,0.96337890625,0.12845052083333333
2023-08-04 06:00:00,2023,chukchi,6.321987260335807,0,0.0,0.0,0.0,0.9735351562500008,0.1298046875000001
2023-08-04 08:00:00,2023,chukchi,6.3091927081607615,0,0.0,0.0,0.0,0.97509765625,0.13001302083333333
2023-08-04 11:00:00,2023,chukchi,7.26479407262245,0,0.0,0.0,0.0,0.5681640625,0.07575520833333332
2023-08-04 12:00:00,2023,chukchi,7.085056341899876,0,0.0,0.002791913350423177,0.0,0.6173828125,0.08306221856011285
2023-08-04 13:00:00,2023,chukchi,6.821410236257965,0,0.0,0.004584916432698568,0.0,0.6033203125,0.08166535271538627
2023-08-04 14:00:00,2023,chukchi,6.69519692179214,0,0.0,0.00864394505818685,0.0,0.6580078125,0.09003942701551648
2023-08-04 15:00:00,2023,chukchi,6.6491642677504235,0,0.0,0.0,0.0,0.8931640625000007,0.11908854166666676
2023-08-04 18:00:00,2023,chukchi,6.353165900874583,0,0.0,0.008931668599446614,0.0,0.9111328125000007,0.12386615329318586
2023-08-04 19:00:00,2023,chukchi,6.494338115709834,0,0.0,0.015071964263916016,0.0,0.9369140625000008,0.1289410654703777
2023-08-04 20:00:00,2023,chukchi,6.510927064001328,0,0.0,0.015071964263916016,0.0,0.9369140625000008,0.1289410654703777
2023-08-04 21:00:00,2023,chukchi,6.392165372180252,0,0.0,0.16809600194295246,0.0,0.7468750000000007,0.1444089338514541
2023-08-04 22:00:00,2023,chukchi,6.294608316394401,0,0.0,0.1672371546427409,0.0,0.81171875,0.15282574123806425
2023-08-04 23:00:00,2023,chukchi,6.364456338689275,0,0.0,0.16329148610432942,0.0,0.890625,0.16229439629448783
2023-08-05 00:00:00,2023,chukchi,6.4596331080442155,0,0.0,0.15954761505126952,0.0,0.8984375,0.1623376973470052
2023-08-05 03:00:00,2023,chukchi,6.495951688841615,0,0.0,0.1128753662109375,0.0,0.9685546875,0.15924072265624997
2023-08-05 04:00:00,2023,chukchi,6.632468499529838,0,0.0,0.11465841929117838,0.0,0.9193359375,0.15315370347764756
2023-08-05 05:00:00,2023,chukchi,6.699281379154816,0,0.0,0.12337029774983724,0.0,0.8865234375,0.15110187106662326
2023-08-05 06:00:00,2023,chukchi,6.731895645555224,0,0.0,0.12756153742472331,0.0,0.8646484375,0.14930286831325953
2023-08-05 07:00:00,2023,chukchi,6.687511131289261,0,0.0,0.12755972544352215,0.0,0.9021484375,0.15430238511827257
2023-08-05 09:00:00,2023,chukchi,6.7468052523432,0,0.0,0.2669843037923177,0.0,0.87802734375,0.18826612684461805
2023-08-05 10:00:00,2023,chukchi,6.846990928611477,0,0.0,0.2636229197184245,0.0,0.94052734375,0.19570309109157985
2023-08-05 11:00:00,2023,chukchi,3.504749742492195,1,0.0,0.26119817097981773,0.0,1.0,0.2029861789279514
2023-08-05 12:00:00,2023,chukchi,6.825846289132949,0,0.0,0.26119817097981773,0.0,1.0,0.2029861789279514
2023-08-05 13:00:00,2023,chukchi,6.658235986027349,0,0.0,0.2504948298136393,0.0,1.0,0.20013195461697048
2023-08-05 17:00:00,2023,chukchi,4.191770399965332,1,0.012913295200892847,0.07218856811523437,0.0,1.0,0.1586098225911458
2023-08-05 18:00:00,2023,chukchi,5.4619518267653975,0,0.012913295200892847,0.07218856811523437,0.0,1.0,0.1586098225911458
2023-08-05 19:00:00,2023,chukchi,5.191976962640579,0,0.26586042131696425,0.058123270670572914,0.0,1.0,0.27290106879340276
2023-08-05 21:00:00,2023,chukchi,4.107211336287861,1,0.1670706612723214,0.0,0.0,1.0,0.2112996419270833
2023-08-05 22:00:00,2023,chukchi,4.232580408090256,1,0.2357352120535714,0.0,0.0,1.0,0.2433430989583333
2023-08-05 23:00:00,2023,chukchi,4.542282232998775,1,0.1974574497767857,0.0,0.0,1.0,0.22548014322916665
2023-08-06 00:00:00,2023,chukchi,4.9162080386566505,1,0.17552839006696427,0.004076957702636719,0.0,1.0,0.2163337707519531
2023-08-06 01:00:00,2023,chukchi,5.439191882682482,0,0.2305472237723214,0.014583969116210937,0.0,1.0,0.24481109619140623
2023-08-06 02:00:00,2023,chukchi,5.32180300941243,0,0.21921212332589282,0.017872206370035806,0.0,1.0,0.2403982459174262
2023-08-06 06:00:00,2023,chukchi,4.757444439399703,1,0.23638916015624997,0.0,0.0,1.0,0.2436482747395833
2023-08-06 07:00:00,2023,chukchi,4.752269524665143,1,0.24070521763392855,0.0,0.0,1.0,0.2456624348958333
2023-08-06 08:00:00,2023,chukchi,4.523240570571347,1,0.2680838448660714,0.0,0.0,1.0,0.25843912760416665
2023-08-06 09:00:00,2023,chukchi,5.781573680065708,0,0.27850341796874994,0.0,0.01506805419921875,1.0,0.2653106689453124
2023-08-06 13:00:00,2023,chukchi,5.489590508158441,0,0.2651628766741071,0.0,0.02873992919921875,1.0,0.26090799967447914
2023-08-06 14:00:00,2023,chukchi,5.4120527737093225,0,0.2651628766741071,0.0,0.02873992919921875,1.0,0.26090799967447914
2023-08-06 15:00:00,2023,chukchi,5.520266774763056,0,0.23089599609374997,0.11740830739339193,0.03496551513671875,0.8833984375,0.2615088738335503
2023-08-06 17:00:00,2023,chukchi,5.720205035676064,0,0.2210867745535714,0.10021320978800456,0.04092254638671875,0.8052734375,0.24272348192003035
2023-08-07 00:00:00,2023,chukchi,4.45683993125937,1,0.25993129185267855,0.019784228006998698,0.02679901123046875,0.537890625,0.20186901516384548
2023-08-07 02:00:00,2023,chukchi,5.506279118873655,0,0.2907976422991071,0.0,0.02406463623046875,0.542578125,0.21125793457031244
2023-08-07 03:00:00,2023,chukchi,6.195224371167408,0,0.28247070312499994,0.0,0.02753143310546875,0.664453125,0.22408426920572913
2023-08-15 16:00:00,2023,east_siberian,6.317709360701558,0,0.0,0.23027540842692057,0.01011199951171875,0.73310546875,0.16050243801540798
2023-08-15 17:00:00,2023,east_siberian,6.577768112791028,0,0.0,0.22285041809082032,0.01206512451171875,0.78154296875,0.1652411905924479
2023-08-15 18:00:00,2023,east_siberian,6.632543692666709,0,0.054199218749999986,0.22185166676839194,0.01587371826171875,0.87373046875,0.20306730482313368
2023-08-15 19:00:00,2023,east_siberian,6.6637794629013225,0,0.2798549107142857,0.21113211313883465,0.01763153076171875,0.93935546875,0.3144991217719184
2023-08-15 20:00:00,2023,east_siberian,6.557406392130691,0,0.28970772879464285,0.21819527943929037,0.01343231201171875,0.94013671875,0.32052488538953994
2023-08-16 02:00:00,2023,east_siberian,6.262613151557945,0,0.18429129464285712,0.4055479049682617,0.00591278076171875,0.12255859375,0.2112782287597656
2023-08-16 03:00:00,2023,east_siberian,6.492339053237886,0,0.1910487583705357,0.3655652999877931,0.00181121826171875,0.4484375,0.24667332967122396
2023-08-16 05:00:00,2023,east_siberian,6.666815710550727,0,0.1303187779017857,0.34300638834635416,0.0,0.4328125,0.20999213324652777
2023-08-16 11:00:00,2023,east_siberian,6.606131902916298,0,0.11497279575892855,0.1903323809305827,0.01619110107421875,0.49599609375,0.17270089891221785
2023-08-16 12:00:00,2023,east_siberian,6.5428493702726485,0,0.1786673409598214,0.155210812886556,0.02634735107421875,0.51318359375,0.19670510186089407
2023-08-16 14:00:00,2023,east_siberian,6.278431272378305,0,0.2137625558035714,0.1314435640970866,0.03787078857421875,0.51005859375,0.2078647274441189
2023-08-16 15:00:00,2023,east_siberian,5.967763254518158,0,0.20861816406249997,0.3389054616292318,0.02623748779296875,0.6849609375,0.2825563897026909
2023-08-16 16:00:00,2023,east_siberian,5.8881609972369455,0,0.2124110630580357,0.33951212565104155,0.02526092529296875,0.6560546875,0.28050381130642354
2023-08-16 18:00:00,2023,east_siberian,5.940920195076896,0,0.20792061941964282,0.32382157643636067,0.01783905029296875,0.6677734375,0.27479704115125864
2023-08-16 19:00:00,2023,east_siberian,6.05421645953238,0,0.18211146763392855,0.32414690653483064,0.01178436279296875,0.6208984375,0.255782233344184
2023-08-17 10:00:00,2023,east_siberian,6.148217606427091,0,0.2204764229910714,0.16019906997680664,0.02887420654296875,0.22236328125,0.1791070810953776
2023-08-17 11:00:00,2023,east_siberian,6.32474914159884,0,0.2017299107142857,0.2067221959431966,0.03473358154296875,0.27783203125,0.19094195895724822
2023-08-17 12:00:00,2023,east_siberian,6.478442650433722,0,0.15172467912946427,0.22541192372639973,0.03336639404296875,0.32705078125,0.1789703199598524
2023-08-17 13:00:00,2023,east_siberian,6.465640117337899,0,0.10634068080357141,0.25359306335449217,0.03151092529296875,0.44189453125,0.1803711954752604
2023-08-17 14:00:00,2023,east_siberian,6.399887773133906,0,0.10542515345982141,0.26299247741699217,0.03522186279296875,0.48642578125,0.18888275146484373
2023-08-17 15:00:00,2023,east_siberian,6.709036121195235,0,0.04112025669642856,0.2701347986857096,0.05166473388671875,0.48115234375,0.16226767645941836
2023-08-17 16:00:00,2023,east_siberian,6.569377201005303,0,0.0,0.30407740275065104,0.05791473388671875,0.53896484375,0.16067125108506944
2023-08-18 02:00:00,2023,east_siberian,6.138221233803137,0,0.0,0.23778343200683594,0.04514617919921875,0.8599609375,0.18408986409505207
2023-08-18 03:00:00,2023,east_siberian,6.331266138049599,0,0.0,0.4268545150756836,0.05301971435546875,0.6109375,0.20235549926757812
2023-08-18 04:00:00,2023,east_siberian,6.33799577896334,0,0.0,0.4146886825561522,0.05360565185546875,0.62578125,0.2011685689290364
2023-08-18 05:00:00,2023,east_siberian,6.349555202729266,0,0.0,0.40140476226806643,0.05458221435546875,0.6484375,0.20077723185221355
2023-08-18 06:00:00,2023,east_siberian,6.150464231649388,0,0.056815011160714274,0.3276681900024413,0.05507049560546875,0.61640625,0.20342208862304684
2023-08-18 07:00:00,2023,east_siberian,6.298413276658992,0,0.19540841238839282,0.30492719014485675,0.05770721435546875,0.665625,0.26894880506727425
2023-08-18 08:00:00,2023,east_siberian,6.112447356389946,0,0.3057948521205357,0.22184276580810547,0.06210174560546875,0.63359375,0.2946217346191406
2023-08-18 09:00:00,2023,east_siberian,5.0237142199508655,1,0.33971296037946425,0.09593820571899414,0.10199432373046875,0.684765625,0.28901756286621094
2023-08-18 13:00:00,2023,east_siberian,6.48998724248998,0,0.33177839006696425,0.08751742045084636,0.10189666748046874,0.680859375,0.28253536648220484
2023-08-18 17:00:00,2023,east_siberian,5.0271529925608265,1,0.31712995256696425,0.10651073455810547,0.11929168701171874,0.7634765625,0.29409927368164057
2023-08-19 18:00:00,2023,east_siberian,6.352269851807928,0,0.28050885881696425,0.0,0.10127410888671876,0.8458984375,0.2571938069661458
2023-08-20 07:00:00,2023,east_siberian,6.3306301355829975,0,0.20853097098214282,0.01512447992960612,0.06495819091796876,0.2126953125,0.13836811489529077
2023-08-20 08:00:00,2023,east_siberian,6.35484166291196,0,0.21646554129464282,0.012296740214029949,0.06544647216796876,0.2541015625,0.1469027879503038
2023-08-20 09:00:00,2023,east_siberian,6.2873582414076425,0,0.20382254464285712,0.0654646873474121,0.08470916748046875,0.51240234375,0.1921893056233724
2023-08-20 10:00:00,2023,east_siberian,6.747119411406962,0,0.19540841238839282,0.07237552007039388,0.08636932373046875,0.50615234375,0.18949362013075083
2023-08-20 11:00:00,2023,east_siberian,6.53224626648105,0,0.19863455636160712,0.0571138064066569,0.08666229248046875,0.50927734375,0.18738509284125432
2023-08-20 16:00:00,2023,east_siberian,5.997974125879381,0,0.15952845982142855,0.08291489283243815,0.07981414794921875,0.298828125,0.14704288906521265
2023-08-20 17:00:00,2023,east_siberian,5.952393982406336,0,0.1944056919642857,0.11014753977457682,0.08293914794921875,0.433203125,0.18891430324978298
2023-08-20 19:00:00,2023,east_siberian,6.1895299410724425,0,0.2271902901785714,0.13702414830525717,0.08127899169921875,0.651953125,0.24032619052463106
2023-08-20 20:00:00,2023,east_siberian,6.342739292544798,0,0.25561523437499994,0.12631686528523764,0.07727508544921875,0.753515625,0.26374370151095916
2023-08-21 00:00:00,2023,east_siberian,6.76463886088756,0,0.16872732979910712,0.13018182118733723,0.07267303466796875,0.90224609375,0.24344379001193575
2023-08-21 01:00:00,2023,east_siberian,6.319732193899912,0,0.25060163225446425,0.1459326426188151,0.06964569091796875,0.86787109375,0.28086503770616317
2023-08-21 08:00:00,2023,east_siberian,3.107001020607435,1,0.25060163225446425,0.0,0.07512664794921875,0.77109375,0.2297768147786458
2023-08-23 03:00:00,2023,chukchi,6.539011757506347,0,0.0,0.0,0.06047821044921875,0.28564453125,0.04614969889322917
2023-08-27 14:00:00,2023,chukchi,6.292613891659732,0,0.0,0.0,0.0,0.55087890625,0.07345052083333334
2023-08-27 15:00:00,2023,chukchi,6.339193673559126,0,0.0,0.057136185963948566,0.0,0.30498046875,0.05590037875705295
2023-08-27 16:00:00,2023,chukchi,5.824667437904338,0,0.0,0.07897415161132812,0.0,0.31201171875,0.06266133626302084
2023-08-27 23:00:00,2023,chukchi,6.7683838008051005,0,0.0,0.06576760609944661,0.0,0.4373046875,0.07584531995985243
2023-08-28 00:00:00,2023,chukchi,6.598245746331939,0,0.0,0.0,0.0,0.4154296875,0.055390625
2023-08-28 02:00:00,2023,chukchi,6.617469599584007,0,0.0,0.0,0.0,0.5248046875,0.06997395833333334
2023-08-28 03:00:00,2023,chukchi,6.454433660918393,0,0.0,0.0,0.04701385498046875,0.54814453125,0.07935445149739583
2023-08-28 12:00:00,2023,chukchi,6.257582461123764,0,0.0,0.0,0.03339080810546875,0.73623046875,0.10261617024739583
2023-08-28 15:00:00,2023,chukchi,6.0921797362012,0,0.0,0.03703664143880208,0.02377166748046875,0.56259765625,0.08805901421440972
2023-08-28 16:00:00,2023,chukchi,6.252526547054968,0,0.0,0.05591570536295573,0.02562713623046875,0.51962890625,0.08761166042751736
2023-08-28 17:00:00,2023,chukchi,6.3791847002230275,0,0.0,0.08182945251464843,0.02806854248046875,0.54384765625,0.09807668050130208
2023-08-28 18:00:00,2023,chukchi,6.557965762284392,0,0.0,0.0738485336303711,0.03334197998046875,0.61337890625,0.10592239379882813
2023-08-28 19:00:00,2023,chukchi,6.644921299209806,0,0.0,0.09423065185546875,0.02748260498046875,0.53916015625,0.1006805419921875
2023-08-28 20:00:00,2023,chukchi,6.314053111850327,0,0.0,0.09423065185546875,0.02748260498046875,0.53916015625,0.1006805419921875
2023-08-28 21:00:00,2023,chukchi,6.0701797500430414,0,0.0,0.3549737294514973,0.0,0.65966796875,0.18261539035373262
2023-08-29 07:00:00,2023,chukchi,2.823851384760661,1,0.0,0.2114758809407552,0.0,0.94912109375,0.18294304741753473
2023-08-29 09:00:00,2023,chukchi,2.0237650577291473,1,0.0,0.10931793848673503,0.01681365966796875,0.795703125,0.13748702155219183
2023-08-29 19:00:00,2023,chukchi,5.736577285665143,0,0.0,0.0029012997945149738,0.01145477294921875,0.91474609375,0.12426712883843316
2023-08-29 20:00:00,2023,chukchi,6.243286539779013,0,0.0,0.0,0.01418914794921875,0.89287109375,0.12094136555989582
2023-08-29 21:00:00,2023,chukchi,6.213591773244014,0,0.0,0.0,0.00928192138671875,0.89931640625,0.12114644368489583
2023-08-29 22:00:00,2023,chukchi,6.026425443766798,0,0.0,0.0,0.0,0.89619140625,0.1194921875
2023-08-29 23:00:00,2023,chukchi,4.4502337691573794,1,0.0,0.0,0.0,0.99462890625,0.1326171875
2023-08-30 03:00:00,2023,chukchi,4.011642004704622,1,0.0,0.0,0.0,0.91533203125,0.12204427083333333
2023-08-30 04:00:00,2023,chukchi,5.91461810700289,0,0.0,0.0,0.0,1.0,0.13333333333333333
2023-08-30 05:00:00,2023,chukchi,5.432122267402425,0,0.0,0.0,0.0,1.0,0.13333333333333333
2023-08-30 06:00:00,2023,chukchi,6.741320128873416,0,0.0,0.0,0.0,1.0,0.13333333333333333
2023-08-30 07:00:00,2023,chukchi,6.609230712008533,0,0.0,0.016426849365234374,0.0,0.89814453125,0.12413309733072916
2023-08-30 08:00:00,2023,chukchi,6.435965314782748,0,0.0,0.04386758804321289,0.0,0.73251953125,0.10936729431152344
2023-08-30 09:00:00,2023,chukchi,6.384555512598912,0,0.0,0.05192365646362305,0.0,0.61787109375,0.09622912089029947
2023-08-30 10:00:00,2023,chukchi,6.257359750244538,0,0.0,0.07085237503051758,0.0,0.61787109375,0.10127677917480468
2023-08-30 11:00:00,2023,chukchi,6.373802800826521,0,0.0,0.07002773284912109,0.0,0.61162109375,0.10022354125976562
2023-08-30 12:00:00,2023,chukchi,6.428006237030902,0,0.0,0.05863383611043294,0.0,0.61943359375,0.0982268354627821
2023-08-30 13:00:00,2023,chukchi,6.550156608600343,0,0.0,0.035424200693766277,0.0,0.59912109375,0.08932926601833767
2023-08-30 14:00:00,2023,chukchi,6.606385673644596,0,0.0,0.0,0.0,0.59912109375,0.0798828125
2023-08-30 15:00:00,2023,chukchi,6.602180205414902,0,0.0,0.0,0.0,0.90048828125,0.12006510416666667
2023-08-30 16:00:00,2023,chukchi,5.614402065676763,0,0.0,0.0,0.0,0.88251953125,0.11766927083333334
2023-08-30 17:00:00,2023,chukchi,5.553987536664304,0,0.0,0.0,0.0,0.85830078125,0.11444010416666667
2023-09-02 05:00:00,2023,chukchi,4.540207959499598,1,0.0,0.06193892161051432,0.0,0.507421875,0.08417329576280382
2023-09-02 06:00:00,2023,chukchi,4.49731588517874,1,0.0,0.05415000915527344,0.0,0.613671875,0.09626291910807291
2023-09-02 07:00:00,2023,chukchi,4.436937058329915,1,0.0,0.047930240631103516,0.0,0.676171875,0.1029376475016276
2023-09-02 08:00:00,2023,chukchi,4.434658436893232,1,0.0,0.031875197092692056,0.0,0.708203125,0.10292713589138455
2023-09-02 09:00:00,2023,chukchi,4.412409123691121,1,0.0,0.0,0.0,0.5798828125,0.07731770833333333
2023-09-02 10:00:00,2023,chukchi,4.479450092903642,1,0.0,0.0,0.0,0.6017578125,0.08023437500000001
2023-09-02 11:00:00,2023,chukchi,4.397343102955521,1,0.0,0.0,0.0,0.6314453125,0.08419270833333334
2023-09-02 12:00:00,2023,chukchi,4.313232568693903,1,0.0,0.005126094818115235,0.0,0.6462890625,0.08753883361816406
2023-09-02 13:00:00,2023,chukchi,4.31821571254611,1,0.0,0.011457888285319011,0.0,0.6775390625,0.09339397854275173
2023-09-02 14:00:00,2023,chukchi,5.053376184958955,1,0.0,0.015894635518391927,0.0,0.6876953125,0.09593127780490453
2023-09-02 15:00:00,2023,chukchi,4.94472154967519,1,0.0,0.04570337931315104,0.0,0.60546875,0.09291673448350694
2023-09-02 16:00:00,2023,chukchi,5.127432656825567,0,0.0,0.05124613444010417,0.0,0.64296875,0.0993948025173611
2023-09-02 17:00:00,2023,chukchi,4.5455654925541955,1,0.0,0.0607876459757487,0.0,0.68984375,0.10818920559353298
2023-09-02 18:00:00,2023,chukchi,4.75697540118397,1,0.0,0.07160863876342774,0.0,0.7046875,0.11305397033691407
2023-09-02 19:00:00,2023,chukchi,5.040045155971533,1,0.0,0.07850491205851237,0.0,0.72734375,0.11791380988226996
2023-09-02 20:00:00,2023,chukchi,4.951680967150823,1,0.0,0.09290008544921875,0.0,0.7390625,0.12331502278645834
2023-09-02 21:00:00,2023,chukchi,5.816934929795877,0,0.0,0.20421231587727864,0.0,0.67763671875,0.1448081800672743
2023-09-02 22:00:00,2023,chukchi,5.957623329954968,0,0.0,0.211505126953125,0.0,0.68935546875,0.1483154296875
2023-09-02 23:00:00,2023,chukchi,6.011062321481221,0,0.0,0.21500816345214843,0.0,0.72373046875,0.1538329060872396
2023-09-03 00:00:00,2023,chukchi,5.920652972633902,0,0.0,0.21191927591959636,0.0,0.74404296875,0.15571753607855904
2023-09-03 01:00:00,2023,chukchi,5.681483877019918,0,0.0,0.19278332392374675,0.0,0.73623046875,0.1495729488796658
2023-09-03 02:00:00,2023,chukchi,5.360018033969711,0,0.0,0.18755890528361002,0.0,0.78544921875,0.15474227057562934
2023-09-03 03:00:00,2023,chukchi,5.441852308908475,0,0.0,0.25896377563476564,0.0,0.91650390625,0.19125752766927084
2023-09-03 04:00:00,2023,chukchi,5.649418590958387,0,0.0,0.25351937611897785,0.0,0.93447265625,0.19220152113172742
2023-09-03 05:00:00,2023,chukchi,5.854284499311013,0,0.0,0.24107646942138672,0.0,1.0,0.19762039184570312
2023-09-03 06:00:00,2023,chukchi,5.906860504435115,0,0.0,0.20380369822184244,0.0,1.0,0.18768098619249132
2023-09-03 07:00:00,2023,chukchi,5.995078726140227,0,0.0,0.19982366561889647,0.0,1.0,0.18661964416503907
2023-09-03 08:00:00,2023,chukchi,5.933187059919159,0,0.0,0.15958820978800456,0.0,1.0,0.17589018927680122
2023-09-03 09:00:00,2023,chukchi,5.865574830484699,0,0.0,0.23445186614990235,0.0,1.0,0.19585383097330727
2023-09-15 22:00:00,2023,east_siberian,6.193784360796455,0,0.0,0.0,0.06168670654296875,0.89873046875,0.12805562337239584
2023-09-15 23:00:00,2023,east_siberian,6.135060250068197,0,0.0,0.0,0.05690155029296875,0.85419921875,0.1214801025390625
2023-09-16 03:00:00,2023,east_siberian,6.080707132623273,0,0.0,0.0,0.04613494873046875,0.8486328125,0.11930236816406249
2023-09-16 04:00:00,2023,east_siberian,4.3037956490805875,1,0.0,0.0,0.03910369873046875,0.8087890625,0.11305236816406251
2023-09-16 07:00:00,2023,east_siberian,6.066640103331912,0,0.0,0.0,0.02601776123046875,0.8220703125,0.11307840983072916
2023-09-16 10:00:00,2023,east_siberian,5.476714114020621,0,0.0,0.0,0.00124969482421875,0.83466796875,0.11145568847656251
2023-09-16 11:00:00,2023,east_siberian,5.588176227340602,0,0.0,0.0,0.00574188232421875,0.90966796875,0.12205464680989583
2023-09-16 12:00:00,2023,east_siberian,5.567922690998186,0,0.0,0.0,0.01267547607421875,0.98310546875,0.13277079264322916
2023-09-16 13:00:00,2023,east_siberian,5.002202830512264,1,0.0,0.0,0.01267547607421875,0.86982421875,0.11766662597656251
2023-09-16 19:00:00,2023,east_siberian,6.0814726735031845,0,0.0,0.0,0.02200164794921875,0.98076171875,0.1337017822265625
2023-09-16 20:00:00,2023,east_siberian,6.184741427390531,0,0.0,0.0,0.02971649169921875,1.0,0.1372955322265625
2023-09-16 21:00:00,2023,east_siberian,4.518226496818192,1,0.0,0.0,0.03703460693359375,0.960205078125,0.13296529134114582
2023-09-16 23:00:00,2023,east_siberian,6.159630154182699,0,0.0,0.0,0.03703460693359375,0.957080078125,0.13254862467447914
2023-09-17 00:00:00,2023,east_siberian,6.106316429255104,0,0.0,0.0,0.03586273193359375,0.941455078125,0.13030904134114582
2023-09-17 01:00:00,2023,east_siberian,5.818773432472759,0,0.0,0.0,0.03283538818359375,0.918017578125,0.12678039550781248
2023-09-17 04:00:00,2023,east_siberian,4.125651363475955,1,0.0,0.0,0.01202850341796875,0.92529296875,0.1249761962890625
2023-09-17 07:00:00,2023,east_siberian,6.251297576575419,0,0.0,0.0,0.01085662841796875,0.93466796875,0.12606994628906248
2023-09-17 10:00:00,2023,east_siberian,5.651433875700006,0,0.0,0.022105630238850912,0.00768280029296875,0.96904296875,0.13612493726942274
2023-09-17 11:00:00,2023,east_siberian,5.25608379570323,0,0.0,0.010567442576090495,0.01012420654296875,0.96669921875,0.13306110805935328
2023-09-17 12:00:00,2023,east_siberian,5.331079880628661,0,0.0,0.006829229990641276,0.01090545654296875,0.96669921875,0.13216841803656681
2023-09-17 13:00:00,2023,east_siberian,3.262739065346437,1,0.0,0.015632470448811848,0.00904998779296875,0.96748046875,0.13437271965874567
2023-09-17 18:00:00,2023,east_siberian,6.096341501441681,0,0.0,0.0,0.01095428466796875,0.87744140625,0.1184527587890625
2023-09-17 21:00:00,2023,east_siberian,4.0869303121110425,1,0.0,0.0,0.01169891357421875,0.8662109375,0.11705464680989583
2023-09-17 22:00:00,2023,east_siberian,4.087943111927299,1,0.0,0.0,0.01169891357421875,0.8599609375,0.1162213134765625
2023-09-17 23:00:00,2023,east_siberian,3.5959443692483695,1,0.0,0.0,0.01160125732421875,0.8537109375,0.11537495930989583
2023-09-18 00:00:00,2023,east_siberian,4.062136847015619,1,0.0,0.0,0.01589813232421875,0.8919921875,0.12105204264322916
2023-09-18 01:00:00,2023,east_siberian,4.102389741539097,1,0.0,0.0,0.01589813232421875,0.8919921875,0.12105204264322916
2023-09-18 02:00:00,2023,east_siberian,4.106089948020576,1,0.0,0.0,0.01570281982421875,0.8998046875,0.12206766764322916
2023-09-18 03:00:00,2023,east_siberian,4.076562683067122,1,0.0,0.0,0.01809539794921875,0.93466796875,0.12703511555989583
2023-09-18 04:00:00,2023,east_siberian,4.1071296117553455,1,0.0,0.0,0.01623992919921875,0.94404296875,0.1280377197265625
2023-09-18 05:00:00,2023,east_siberian,4.052301341519794,1,0.0,0.0,0.01418914794921875,0.95107421875,0.12870178222656248
2023-09-18 06:00:00,2023,east_siberian,4.089550108102267,1,0.0,0.0,0.01047821044921875,0.99326171875,0.13383199055989584
2023-09-18 07:00:00,2023,east_siberian,4.037689038108289,1,0.0,0.0,0.00842742919921875,0.99013671875,0.13314188639322916
2023-09-18 08:00:00,2023,east_siberian,4.16724994764967,1,0.0,0.0,0.00940399169921875,0.98701171875,0.13285542805989584
2023-09-18 09:00:00,2023,east_siberian,3.2168802159852197,1,0.0,0.0,0.0,0.926123046875,0.12348307291666667
2023-09-18 10:00:00,2023,east_siberian,3.0804621916985906,1,0.0,0.0,0.0,0.925341796875,0.12337890624999999
2023-09-18 11:00:00,2023,east_siberian,3.1340218597780773,1,0.0,0.012828985850016275,0.0,0.913623046875,0.12523746914333767
2023-09-18 12:00:00,2023,east_siberian,3.0574539855065654,1,0.0,0.012233702341715495,0.0,0.915185546875,0.1252870602077908
2023-09-18 13:00:00,2023,east_siberian,2.996823105973258,1,0.0,0.012233702341715495,0.0,0.915185546875,0.1252870602077908
2023-09-18 14:00:00,2023,east_siberian,3.011171923845545,1,0.0,0.012233702341715495,0.0,0.915185546875,0.1252870602077908
2023-09-18 15:00:00,2023,east_siberian,2.802751239088751,1,0.0,0.0332647959391276,0.00530853271484375,0.8142578125,0.11814612494574653
2023-09-18 23:00:00,2023,east_siberian,4.129035357362704,1,0.0,0.0,0.0,0.895556640625,0.11940755208333333
2023-09-19 00:00:00,2023,east_siberian,4.159821962759551,1,0.0,0.0,0.0,0.890087890625,0.11867838541666667
2023-09-19 01:00:00,2023,east_siberian,4.10187638240925,1,0.0,0.0,0.0,0.900244140625,0.12003255208333334
2023-09-19 02:00:00,2023,east_siberian,4.104516863513611,1,0.0,0.0,0.0,0.917431640625,0.12232421875
2023-09-19 03:00:00,2023,east_siberian,4.252633437647445,1,0.0,0.0,0.00515594482421875,0.90673828125,0.12158589680989583
2023-09-19 04:00:00,2023,east_siberian,4.119815686153559,1,0.0,0.0,0.0,0.83798828125,0.11173177083333334
2023-09-19 05:00:00,2023,east_siberian,3.124365842373759,1,0.0,0.0,0.0,0.75439453125,0.1005859375
2023-09-19 06:00:00,2023,east_siberian,3.053203357762202,1,0.0,0.0,0.0,0.65283203125,0.08704427083333333
2023-09-19 07:00:00,2023,east_siberian,3.105525251616356,1,0.0,0.0,0.0,0.55126953125,0.07350260416666667
2023-09-19 08:00:00,2023,east_siberian,3.1250243903469306,1,0.0,0.0,0.0,0.49580078125,0.06610677083333333
2023-09-19 09:00:00,2023,east_siberian,3.0511071615238707,1,0.0,0.0,0.0,0.69970703125,0.09329427083333333
2023-09-19 10:00:00,2023,east_siberian,3.10301533910648,1,0.0,0.0,0.0,0.69970703125,0.09329427083333333
2023-09-19 11:00:00,2023,east_siberian,3.1287185367595445,1,0.0,0.0,0.0,0.69970703125,0.09329427083333333
2023-09-19 12:00:00,2023,east_siberian,3.1072275042185846,1,0.0,0.0,0.0,0.69970703125,0.09329427083333333
2023-09-19 13:00:00,2023,east_siberian,3.083496707463806,1,0.0,0.0,0.0,0.69970703125,0.09329427083333333
2023-09-19 14:00:00,2023,east_siberian,3.161003894431968,1,0.0,0.0,0.0,0.69970703125,0.09329427083333333
2023-09-19 15:00:00,2023,east_siberian,3.1306102038652455,1,0.0,0.0,0.00765838623046875,0.61484375,0.08300028483072917
2023-09-19 16:00:00,2023,east_siberian,3.1050348759669157,1,0.0,0.0,0.00765838623046875,0.61484375,0.08300028483072917
2023-09-21 00:00:00,2023,east_siberian,3.0924899254641907,1,0.0,0.13588666915893555,0.05198211669921875,0.48330078125,0.1076074981689453
2023-09-21 01:00:00,2023,east_siberian,6.329111117451385,0,0.0,0.1244211196899414,0.06702117919921875,0.41611328125,0.09759689331054687
2023-09-21 02:00:00,2023,east_siberian,6.267156120868354,0,0.0,0.11454779307047526,0.07454071044921876,0.30751953125,0.08148744371202257
2023-09-21 03:00:00,2023,east_siberian,6.215180791828668,0,0.0,0.15162878036499017,0.05596160888671875,0.0,0.047895889282226545
2023-09-21 04:00:00,2023,east_siberian,6.113590776271179,0,0.0,0.1503954569498698,0.05713348388671875,0.0,0.04772325303819444
2023-09-21 05:00:00,2023,east_siberian,6.149417590758386,0,0.0,0.1444834073384603,0.05537567138671875,0.0,0.04591233147515191
2023-09-21 06:00:00,2023,east_siberian,6.152648818874324,0,0.0,0.10963172912597656,0.06064910888671875,0.0,0.03732167561848958
2023-09-21 07:00:00,2023,east_siberian,6.181910799540245,0,0.0,0.09206082026163737,0.06162567138671875,0.0,0.032766308254665796
2023-09-21 08:00:00,2023,east_siberian,6.3179258581104625,0,0.0,0.07616599400838216,0.06465301513671876,0.0,0.028931333753797743
2023-09-21 09:00:00,2023,east_siberian,6.339467541505006,0,0.0,0.0,0.06676483154296875,0.0,0.0089019775390625
2023-09-21 10:00:00,2023,east_siberian,6.369926529891006,0,0.0,0.0,0.06705780029296875,0.0,0.008941040039062499
2023-09-21 11:00:00,2023,east_siberian,6.396209210473842,0,0.0,0.0,0.07086639404296875,0.0,0.0094488525390625
2023-09-21 12:00:00,2023,east_siberian,6.182092653195511,0,0.0,0.0009408632914225261,0.07496795654296876,0.0,0.010246624416775174
2023-09-21 13:00:00,2023,east_siberian,6.206106302443635,0,0.0,0.0009605725606282552,0.07633514404296875,0.0,0.010434171888563368
2023-09-21 18:00:00,2023,chukchi,5.879192631808926,0,0.0,0.08584543863932291,0.07010955810546875,0.0,0.03224005805121528
2023-09-21 19:00:00,2023,chukchi,5.791034558205811,0,0.0,0.11722383499145508,0.06747283935546874,0.0,0.040256067911783856
2023-09-21 20:00:00,2023,chukchi,6.013765957142271,0,0.0,0.15170510609944662,0.06356658935546874,0.0,0.04893024020724827
2023-09-21 21:00:00,2023,chukchi,5.894131810903549,0,0.0,0.10973345438639323,0.05326385498046875,0.0,0.036364101833767364
2023-09-21 22:00:00,2023,chukchi,5.889294613921586,0,0.0,0.1284664789835612,0.04935760498046875,0.0,0.04083874172634548
2023-09-21 23:00:00,2023,chukchi,5.863324284601906,0,0.0,0.13335806528727215,0.04418182373046875,0.015234375,0.04348431057400173
2023-09-22 00:00:00,2023,chukchi,6.000029807758031,0,0.0,0.1391786257425944,0.04125213623046875,0.084765625,0.05391666836208767
2023-09-22 01:00:00,2023,chukchi,6.259835403928494,0,0.0,0.15984919865926106,0.03715057373046875,0.194140625,0.07346527947319878
2023-09-22 02:00:00,2023,chukchi,6.292629023936442,0,0.0,0.14442625045776367,0.02972869873046875,0.087109375,0.05409207661946615
2023-09-22 03:00:00,2023,chukchi,6.464082367836749,0,0.0,0.21232566833496094,0.04475555419921875,0.2388671875,0.09443654378255208
2023-09-22 04:00:00,2023,chukchi,6.464312964547081,0,0.0,0.2193738301595052,0.03196258544921875,0.1701171875,0.08544365776909721
2023-09-22 05:00:00,2023,chukchi,6.480506791905054,0,0.0,0.24152456919352214,0.02561492919921875,0.1271484375,0.0847750006781684
2023-09-22 06:00:00,2023,chukchi,6.363021197249395,0,0.0,0.2293832778930664,0.02161102294921875,0.1271484375,0.0810034688313802
2023-09-22 07:00:00,2023,chukchi,6.321221103707267,0,0.0,0.23669300079345704,0.01702117919921875,0.1123046875,0.08036158243815104
2023-09-22 08:00:00,2023,chukchi,6.2398345369610695,0,0.0,0.2139303207397461,0.01692352294921875,0.1404296875,0.0780285135904948
2023-09-22 09:00:00,2023,chukchi,6.392792475096161,0,0.0,0.18282642364501953,0.01744842529296875,0.2890625,0.08962183634440105
2023-09-22 10:00:00,2023,chukchi,6.4293990650901005,0,0.0,0.18081251780192056,0.01481170654296875,0.28203125,0.08779573228624132
2023-09-22 11:00:00,2023,chukchi,6.4548368096347835,0,0.0,0.20265477498372395,0.01178436279296875,0.22265625,0.08530002170138888
2023-09-22 13:00:00,2023,chukchi,6.417867659836096,0,0.0,0.1979180653889974,0.0,0.0,0.0527781507703993
2023-09-22 14:00:00,2023,chukchi,6.461989026980969,0,0.0,0.16727511088053384,0.0,0.0,0.04460669623480903
2023-09-22 15:00:00,2023,chukchi,6.4383265901034274,0,0.0,0.08861007690429687,0.0,0.0,0.023629353841145832
2023-09-22 16:00:00,2023,chukchi,6.3592922677248875,0,0.0,0.05883045196533203,0.0,0.0,0.01568812052408854
2023-09-22 17:00:00,2023,chukchi,6.167292079338953,0,0.0,0.0035807609558105467,0.0,0.0,0.0009548695882161457
2023-09-22 18:00:00,2023,chukchi,6.215028698816564,0,0.0,0.0,0.0,0.0,0.0
2023-09-22 19:00:00,2023,chukchi,6.193717683223062,0,0.0,0.0,0.0,0.0,0.0
2023-09-22 20:00:00,2023,chukchi,6.184223777380076,0,0.0,0.0,0.0,0.0,0.0
2023-09-22 21:00:00,2023,chukchi,6.178388226035854,0,0.0,0.0,0.0,0.0,0.0
2023-09-22 22:00:00,2023,chukchi,6.1729536043662785,0,0.0,0.0,0.0,0.0,0.0
2023-09-22 23:00:00,2023,chukchi,6.049764805338275,0,0.0,0.0,0.0,0.0,0.0
2023-09-23 00:00:00,2023,chukchi,6.083626380410769,0,0.0,0.0,0.0,0.0,0.0
2023-09-23 01:00:00,2023,chukchi,6.082754635308332,0,0.0,0.0,0.0,0.0,0.0
2023-09-23 02:00:00,2023,chukchi,6.042831375642217,0,0.0,0.0,0.0,0.0,0.0
2023-09-23 03:00:00,2023,chukchi,6.010508618719282,0,0.0,0.0,0.0,0.0,0.0
2023-09-23 04:00:00,2023,chukchi,5.960694776256129,0,0.0,0.0,0.0,0.0,0.0
2023-09-23 05:00:00,2023,chukchi,6.011296104073632,0,0.0,0.0,0.0,0.0,0.0
2023-09-23 06:00:00,2023,chukchi,5.975375427047472,0,0.0,0.0,0.0,0.0,0.0
2023-09-23 07:00:00,2023,chukchi,6.214355199887078,0,0.0,0.0,0.0,0.0,0.0
2023-09-23 08:00:00,2023,chukchi,6.123276703668194,0,0.0,0.0,0.0,0.0,0.0
2023-09-23 09:00:00,2023,chukchi,6.222398099569537,0,0.0,0.0,0.0,0.0,0.0
2023-09-23 11:00:00,2023,chukchi,6.234072023234921,0,0.0,0.0,0.0,0.0,0.0
2023-09-23 12:00:00,2023,chukchi,6.239200339624066,0,0.0,0.0,0.0,0.0,0.0
2023-09-23 13:00:00,2023,chukchi,6.259543876941729,0,0.0,0.0,0.0,0.0,0.0
2023-09-23 14:00:00,2023,chukchi,6.165189153019054,0,0.0,0.0,0.0,0.0,0.0
2023-09-23 15:00:00,2023,chukchi,6.460613018946842,0,0.0,0.0,0.0,0.0,0.0
2023-09-23 16:00:00,2023,chukchi,6.219272105653149,0,0.0,0.0,0.0,0.14677734375,0.019570312500000003
2023-09-23 17:00:00,2023,chukchi,5.9882229088332535,0,0.0,0.0,0.0,0.04521484375,0.006028645833333333
2023-09-23 18:00:00,2023,chukchi,5.9694791516743715,0,0.0,0.0,0.0,0.0,0.0
2023-09-23 19:00:00,2023,chukchi,5.8304494304067465,0,0.0,0.005371252695719401,0.0,0.0,0.0014323340521918404
2023-09-23 20:00:00,2023,chukchi,5.978560172809009,0,0.0,0.010477256774902344,0.0,0.0,0.0027939351399739586
2023-09-23 21:00:00,2023,chukchi,5.775561076632045,0,0.0,0.0,0.0,0.0,0.0
2023-09-23 22:00:00,2023,chukchi,5.5226091315575285,0,0.0,0.0,0.0,0.0,0.0
2023-09-23 23:00:00,2023,chukchi,5.373420146685633,0,0.0,0.0,0.0,0.0,0.0
2023-09-24 00:00:00,2023,chukchi,5.412265418705544,0,0.0,0.0,0.0,0.0,0.0
2023-09-24 01:00:00,2023,chukchi,5.263840658943602,0,0.0,0.0,0.0,0.0,0.0
2023-09-24 02:00:00,2023,chukchi,5.376685189218432,0,0.0,0.0,0.0,0.0,0.0
2023-09-24 03:00:00,2023,chukchi,5.7390720027728985,0,0.0,0.0,0.0,0.0,0.0
2023-09-24 04:00:00,2023,chukchi,5.761750579944608,0,0.0,0.0,0.0,0.0,0.0
2023-09-24 05:00:00,2023,chukchi,5.482347836384408,0,0.0,0.0,0.0,0.14130859375,0.018841145833333333
2024-07-31 22:00:00,2024,chukchi,6.341982623876205,0,0.0,0.24882723490397135,0.0,1.0,0.19968726264105902
2024-08-01 02:00:00,2024,chukchi,6.59208230342503,0,0.0,0.19811668395996093,0.0,1.0,0.18616444905598958
2024-08-01 03:00:00,2024,chukchi,6.665565406507697,0,0.0,0.0,0.0,1.0,0.13333333333333333
2024-08-01 04:00:00,2024,chukchi,6.777723001578954,0,0.0,0.0,0.0,0.944921875,0.12598958333333332
2024-08-01 06:00:00,2024,chukchi,6.384139969679581,0,0.0,0.0,0.0,0.791015625,0.10546875
2024-08-01 07:00:00,2024,chukchi,6.310872548741774,0,0.0,0.1245417594909668,0.0,0.791796875,0.13878405253092446
2024-08-01 08:00:00,2024,chukchi,6.511401913943967,0,0.0,0.10921071370442709,0.0,0.898828125,0.14896660698784722
2024-08-01 11:00:00,2024,chukchi,6.3356723132775095,0,0.0,0.114289124806722,0.0,0.2130859375,0.05888855828179253
2024-08-01 12:00:00,2024,chukchi,6.208898277479145,0,0.0,0.114289124806722,0.0,0.2130859375,0.05888855828179253
2024-08-01 13:00:00,2024,chukchi,6.26668391837421,0,0.0,0.09312556584676107,0.0,0.3326171875,0.06918244255913629
2024-08-01 14:00:00,2024,chukchi,6.205050831187592,0,0.0,0.0874086062113444,0.0,0.3068359375,0.06422041998969183
2024-08-01 15:00:00,2024,chukchi,6.07510647838878,0,0.0,0.03983805974324544,0.0,0.0,0.010623482598198784
2024-08-01 16:00:00,2024,chukchi,5.611645715717091,0,0.0,0.0366675059000651,0.0,0.0,0.009778001573350693
2024-08-01 19:00:00,2024,chukchi,6.37620349885381,0,0.0,0.038590558369954425,0.0,0.0,0.01029081556532118
2024-08-01 21:00:00,2024,chukchi,6.1444292136600875,0,0.0,0.034195200602213545,0.0,0.0,0.00911872016059028
2024-08-02 02:00:00,2024,chukchi,5.887643897399401,0,0.0,0.07253513336181641,0.0,0.0,0.01934270222981771
2024-08-02 03:00:00,2024,chukchi,2.165224714096067,1,0.0,0.0,0.0,0.0,0.0
2024-08-02 06:00:00,2024,chukchi,6.380688639836595,0,0.0,0.0,0.0,0.0,0.0
2024-08-02 07:00:00,2024,chukchi,6.457290694693709,0,0.0,0.0,0.0,0.0,0.0
2024-08-02 08:00:00,2024,chukchi,6.3762658181590295,0,0.0,0.0,0.0,0.0,0.0
2024-08-02 09:00:00,2024,chukchi,6.244581488312002,0,0.0,0.03849706649780273,0.0,0.0,0.010265884399414062
2024-08-02 10:00:00,2024,chukchi,6.235639468689012,0,0.0,0.09030640920003255,0.0,0.0,0.02408170912000868
2024-08-02 13:00:00,2024,chukchi,6.299506388092005,0,0.0,0.13684409459431965,0.0,0.0,0.036491758558485236
2024-08-02 14:00:00,2024,chukchi,6.367974502261405,0,0.0,0.18366257349650064,0.0,0.06474609375,0.0576094987657335
2024-08-02 15:00:00,2024,chukchi,6.343159368556615,0,0.0,0.1510939598083496,0.0,0.0,0.0402917226155599
2024-08-02 16:00:00,2024,chukchi,6.264415720383446,0,0.0,0.15519332885742188,0.0,0.00947265625,0.042647908528645834
2024-08-02 17:00:00,2024,chukchi,6.216891811578108,0,0.0,0.16192979812622071,0.0,0.26884765625,0.0790276336669922
2024-08-02 18:00:00,2024,chukchi,6.266487209204583,0,0.0,0.17921139399210612,0.0,0.42197265625,0.10405272589789497
2024-08-02 19:00:00,2024,chukchi,6.115210637900661,0,0.0,0.19652846654256184,0.0,0.51494140625,0.12106644524468316
2024-08-02 22:00:00,2024,chukchi,6.2166102309200975,0,0.0,0.24588534037272136,0.0,0.5171875,0.1345277574327257
2024-08-02 23:00:00,2024,chukchi,6.251013249405519,0,0.0,0.25856927235921223,0.0,0.5640625,0.1441601392957899
2024-08-03 00:00:00,2024,chukchi,6.256020348561875,0,0.0,0.2596761703491211,0.0,0.621875,0.1521636454264323
2024-08-03 01:00:00,2024,chukchi,6.333228567437313,0,0.0,0.2616978963216146,0.0,0.625,0.15311943901909722
2024-08-03 02:00:00,2024,chukchi,6.309863039593641,0,0.0,0.2616978963216146,0.0,0.625,0.15311943901909722
2024-08-03 04:00:00,2024,chukchi,6.281570059682638,0,0.0,0.1749966303507487,0.0,0.7232421875,0.14309805976019965
2024-08-03 05:00:00,2024,chukchi,6.317458364568663,0,0.0,0.1754621187845866,0.0,0.7912109375,0.1522846900092231
2024-08-03 06:00:00,2024,chukchi,5.937529530004067,0,0.0,0.1754621187845866,0.0,0.7912109375,0.1522846900092231
2024-08-03 07:00:00,2024,chukchi,5.987543727882249,0,0.0,0.1853692372639974,0.0,0.8412109375,0.16159325493706597
2024-08-03 08:00:00,2024,chukchi,4.023111525549653,1,0.0,0.1853692372639974,0.0,0.8412109375,0.16159325493706597
2024-08-03 09:00:00,2024,chukchi,4.914411103888713,1,0.10734340122767855,0.1412732442220052,0.0,0.8564453125,0.20195916069878472
2024-08-03 10:00:00,2024,chukchi,4.4445267031869,1,0.10734340122767855,0.1412732442220052,0.0,0.8564453125,0.20195916069878472
2024-08-03 15:00:00,2024,chukchi,6.373848170233932,0,0.36220877511160715,0.056014633178710936,0.0,0.93056640625,0.30804351806640623
2024-08-03 16:00:00,2024,chukchi,5.763853516543578,0,0.35296630859374994,0.06102174123128255,0.0,0.93212890625,0.30527392917209195
2024-08-03 17:00:00,2024,chukchi,5.795161813336932,0,0.4905569893973214,0.07147652308146159,0.0,0.92666015625,0.3715416887071397
2024-08-03 18:00:00,2024,chukchi,5.589453520205434,0,0.47385951450892855,0.07820231119791667,0.0,0.91494140625,0.36398057725694444
2024-08-03 20:00:00,2024,chukchi,5.319806876701869,0,0.5783168247767857,0.0910647710164388,0.0,0.93837890625,0.4192823113335503
2024-08-03 21:00:00,2024,chukchi,2.0090050181096166,1,0.47603934151785715,0.06698087056477865,0.0,1.0,0.3733465915256076
2024-08-03 23:00:00,2024,chukchi,6.416206206992288,0,0.49325997488839285,0.06393057505289713,0.0,1.0,0.38056947496202254
2024-08-04 00:00:00,2024,chukchi,5.7145944068063494,0,0.47412109375,0.0691563606262207,0.0,1.0,0.3730315399169921
2024-08-04 01:00:00,2024,chukchi,6.252936881963082,0,0.516845703125,0.06580743789672852,0.0,1.0,0.39207664489746097
2024-08-04 02:00:00,2024,chukchi,4.182512880674066,1,0.6019025530133928,0.06057694753011068,0.0,1.0,0.43037504408094607
2024-08-04 05:00:00,2024,chukchi,4.470292615617049,1,0.6019025530133928,0.0,0.00427703857421875,1.0,0.4147914632161458
2024-08-04 06:00:00,2024,chukchi,6.479383613181807,0,0.6019025530133928,0.0,0.00554656982421875,1.0,0.4149607340494791
2024-08-04 07:00:00,2024,chukchi,6.588846805861853,0,0.5693359375,0.0,0.01091766357421875,1.0,0.40047912597656254
2024-08-04 09:00:00,2024,chukchi,6.18438105056203,0,0.5420880998883928,0.0,0.03694305419921875,0.93662109375,0.3827829996744791
2024-08-04 10:00:00,2024,chukchi,6.272937556115115,0,0.5252162388392857,0.0,0.03694305419921875,0.93271484375,0.37438863118489574
2024-08-04 15:00:00,2024,chukchi,6.209380917211832,0,0.5706874302455357,0.0,0.03540496826171875,0.58359375,0.3488539632161458
2024-08-06 16:00:00,2024,east_siberian,5.409627679470558,0,0.5665021623883928,0.0,0.02875213623046875,1.0,0.40153462727864575
2024-08-13 14:00:00,2024,east_siberian,6.296448679380922,0,0.15386090959821427,0.13774509429931642,0.04183807373046875,0.8599609375,0.22877365112304687
2024-08-13 15:00:00,2024,east_siberian,6.42826245840371,0,0.1365530831473214,0.2748175938924154,0.04730072021484375,0.86884765625,0.2591625807020399
2024-08-13 16:00:00,2024,east_siberian,6.4345767224059625,0,0.12020438058035712,0.2765288670857746,0.04886322021484375,0.83134765625,0.2471978590223524
2024-08-13 17:00:00,2024,east_siberian,6.497870605124265,0,0.12020438058035712,0.2765288670857746,0.04886322021484375,0.83134765625,0.2471978590223524
2024-08-13 18:00:00,2024,east_siberian,6.548227852168259,0,0.0,0.2769153594970704,0.05091400146484375,0.79228515625,0.1862706502278646
2024-08-13 19:00:00,2024,east_siberian,5.728754311978374,0,0.0,0.27856566111246744,0.05814056396484375,0.70322265625,0.17579927232530382
2024-08-13 23:00:00,2024,east_siberian,6.353852845612654,0,0.0,0.31483771006266265,0.03622283935546875,0.782080078125,0.1930637783474392
2024-08-14 00:00:00,2024,east_siberian,6.409788314241277,0,0.0,0.3446869532267254,0.04481658935546875,0.771142578125,0.20071107652452258
2024-08-14 01:00:00,2024,east_siberian,6.359359229080837,0,0.11222621372767855,0.3823381423950194,0.04862518310546875,0.803173828125,0.2679022725423177
2024-08-14 02:00:00,2024,east_siberian,6.200428014841743,0,0.24218749999999997,0.3745853424072266,0.04696502685546875,0.818798828125,0.3283454386393229
2024-08-14 05:00:00,2024,east_siberian,6.274088923933166,0,0.19279261997767855,0.2961156209309896,0.04244842529296875,0.8716796875,0.2908178032769097
2024-08-14 06:00:00,2024,east_siberian,6.658848885941894,0,0.0,0.3330549240112303,0.04352264404296875,0.8279296875,0.2050082906087239
2024-08-14 07:00:00,2024,east_siberian,6.816211737380895,0,0.0,0.3615264892578125,0.04449920654296875,0.8177734375,0.21137674967447917
2024-08-14 11:00:00,2024,east_siberian,6.385177658733704,0,0.0,0.3091938018798828,0.04452362060546875,0.8279296875,0.1987787882486979
2024-08-14 13:00:00,2024,east_siberian,6.4388806562341125,0,0.0,0.3242741266886393,0.03778533935546875,0.8021484375,0.19846427069769965
2024-08-14 14:00:00,2024,east_siberian,6.413627242048573,0,0.0,0.32618802388509116,0.03270721435546875,0.7896484375,0.19663089328342015
2024-08-14 16:00:00,2024,east_siberian,6.104183336859092,0,0.0,0.15577268600463867,0.03680877685546875,0.88994140625,0.16510607401529948
2024-08-14 17:00:00,2024,east_siberian,6.23212393157983,0,0.0,0.16528053283691407,0.03739471435546875,0.88994140625,0.16771962483723957
2024-08-14 22:00:00,2024,east_siberian,6.066777493050891,0,0.0,0.09198074340820313,0.04241180419921875,0.9154296875,0.15224039713541665
2024-08-14 23:00:00,2024,east_siberian,6.180814825715251,0,0.0,0.09509121576944987,0.03469696044921875,0.9279296875,0.15370787726508248
2024-08-15 00:00:00,2024,east_siberian,6.342910792528064,0,0.0,0.08996699651082357,0.03430633544921875,0.9318359375,0.15281016879611545
2024-08-15 01:00:00,2024,east_siberian,6.438259417416697,0,0.0,0.06099507013956706,0.03977508544921875,0.9677734375,0.1506051550971137
2024-08-15 02:00:00,2024,east_siberian,6.393435847833867,0,0.0,0.052618249257405596,0.04299774169921875,0.9224609375,0.14275935702853734
2024-08-15 03:00:00,2024,east_siberian,6.392709151792466,0,0.0,0.16644922892252603,0.05018768310546875,0.86103515625,0.1658828396267361
2024-08-15 18:00:00,2024,east_siberian,5.9564331328584865,0,0.1438773018973214,0.2164920171101888,0.03662567138671875,0.84541015625,0.24247872246636284
2024-08-15 19:00:00,2024,east_siberian,6.081844224648193,0,0.2760184151785714,0.20386187235514322,0.03867645263671875,0.85869140625,0.302820807562934
2024-08-15 20:00:00,2024,east_siberian,5.789071148229368,0,0.38296072823660715,0.18511543273925782,0.04551239013671875,0.89462890625,0.35343129475911456
2024-08-15 21:00:00,2024,east_siberian,6.036954226306002,0,0.3628627232142857,0.2659158706665039,0.03624725341796875,0.6578125,0.3327881368001302
2024-08-16 02:00:00,2024,east_siberian,6.337554455295193,0,0.41465541294642855,0.22079423268636067,0.03790740966796875,0.6015625,0.337646976047092
2024-08-16 03:00:00,2024,east_siberian,6.042253748784242,0,0.3388410295758928,0.20288772583007814,0.05189666748046875,0.80791015625,0.3268701171875
2024-08-16 04:00:00,2024,east_siberian,5.950624307470475,0,0.31089564732142855,0.21044591267903645,0.05218963623046875,0.81103515625,0.3163001844618055
2024-08-16 05:00:00,2024,east_siberian,6.0255307101244755,0,0.2108851841517857,0.18245970408121745,0.05492401123046875,0.84072265625,0.2664885626898871
2024-08-16 19:00:00,2024,east_siberian,6.06238188177022,0,0.2412283761160714,0.20060679117838542,0.06822967529296875,0.89638671875,0.2946839057074653
2024-08-16 20:00:00,2024,east_siberian,6.0192437683618705,0,0.27806745256696425,0.14529733657836913,0.06842498779296875,0.94638671875,0.3038189951578776
2024-08-16 21:00:00,2024,east_siberian,5.954282228427265,0,0.32855224609374994,0.256857426961263,0.06785125732421875,0.4556640625,0.2916217380099826
2024-08-16 22:00:00,2024,east_siberian,5.131836414798581,0,0.36669921875,0.2660839080810547,0.06951141357421875,0.4244140625,0.3079387410481771
2024-08-16 23:00:00,2024,east_siberian,2.9230542803769355,1,0.36669921875,0.2660839080810547,0.06951141357421875,0.4244140625,0.3079387410481771
2024-08-17 04:00:00,2024,east_siberian,6.636320042630316,0,0.392333984375,0.1475849151611328,0.04351043701171875,0.479296875,0.2921528116861979
2024-08-17 05:00:00,2024,east_siberian,6.402825966573023,0,0.42747279575892855,0.13398269017537434,0.05122528076171875,0.353515625,0.2891814761691623
2024-08-17 06:00:00,2024,east_siberian,5.993660716476229,0,0.4441702706473214,0.13243284225463867,0.05102996826171875,0.342578125,0.29507596333821606
2024-08-17 07:00:00,2024,east_siberian,5.638889002235006,0,0.48977225167410715,0.11945524215698242,0.05640106201171875,0.271484375,0.30413317362467446
2024-08-17 09:00:00,2024,east_siberian,5.836779308157305,0,0.48977225167410715,0.08705705006917318,0.06280975341796875,0.77509765625,0.363496585422092
2024-08-20 15:00:00,2024,chukchi,6.276378789791383,0,0.0,0.1977429707845052,0.03917694091796875,0.3099609375,0.09928317599826389
2024-08-20 16:00:00,2024,chukchi,6.3931352915103306,0,0.0,0.2122069040934245,0.03321990966796875,0.2990234375,0.1008876207139757
2024-08-20 17:00:00,2024,chukchi,6.41933383921876,0,0.0,0.17563082377115885,0.02833709716796875,0.3021484375,0.09089962429470486
2024-08-20 18:00:00,2024,chukchi,6.3777920412797675,0,0.0,0.18499762217203777,0.02433319091796875,0.3693359375,0.10182191636827256
2024-08-20 19:00:00,2024,chukchi,6.33576972470131,0,0.0,0.15768709182739257,0.01935272216796875,0.3755859375,0.09470837910970052
2024-08-21 00:00:00,2024,chukchi,6.347419056135535,0,0.0,0.120649782816569,0.02346649169921875,0.04775390625,0.041669328477647566
2024-08-21 01:00:00,2024,chukchi,6.515879955745574,0,0.0,0.1613391876220703,0.02932586669921875,0.12822265625,0.06403025309244792
2024-08-21 03:00:00,2024,chukchi,6.82975880046412,0,0.0,0.1615361213684082,0.00281219482421875,0.0,0.04345125834147135
2024-08-21 04:00:00,2024,chukchi,6.754649115192064,0,0.0,0.153363831837972,0.00603485107421875,0.0,0.04170166863335503
2024-08-21 05:00:00,2024,chukchi,6.683698719166135,0,0.0,0.15812969207763672,0.01179656982421875,0.0,0.04374079386393229
2024-08-24 02:00:00,2024,chukchi,6.086329876244128,0,0.0,0.3442897796630858,0.03624725341796875,0.716015625,0.19211232503255204
2024-08-24 13:00:00,2024,chukchi,6.335015451419816,0,0.0,0.3574761708577475,0.00929412841796875,0.724609375,0.1931807793511285
2024-08-24 14:00:00,2024,chukchi,6.460518811792111,0,0.0,0.33118152618408203,0.00909881591796875,0.707421875,0.18385116577148436
2024-08-24 15:00:00,2024,chukchi,6.430035037315605,0,0.0,0.35686906178792316,0.0,0.7240234375,0.19170154147677948
2024-08-24 17:00:00,2024,chukchi,6.612033455281434,0,0.0,0.35682538350423176,0.0,0.6966796875,0.18804406060112847
2024-08-24 23:00:00,2024,chukchi,5.467519534137339,0,0.0,0.4340786616007487,0.00240936279296875,0.75400390625,0.21660941229926217
2024-08-25 02:00:00,2024,chukchi,5.436436896513001,0,0.0,0.4423954645792643,0.0,0.74541015625,0.21736014472113713
2024-08-25 03:00:00,2024,chukchi,5.402745035450255,0,0.0,0.3309393564860027,0.02611541748046875,0.56279296875,0.16677161322699655
2024-08-25 04:00:00,2024,chukchi,5.149481360213448,0,0.0,0.3321240743001301,0.02367401123046875,0.56904296875,0.16759535047743052
2024-08-25 05:00:00,2024,chukchi,5.194043144987396,0,0.0,0.315264638264974,0.03177947998046875,0.62451171875,0.17157606336805556
2024-08-25 06:00:00,2024,chukchi,5.423851986412081,0,0.0,0.3180262883504232,0.02855682373046875,0.62529296875,0.17198698255750866
2024-08-25 07:00:00,2024,chukchi,5.1562021687387105,0,0.0,0.3074021021525065,0.02621307373046875,0.64248046875,0.17113303290473092
2024-08-25 08:00:00,2024,chukchi,5.246783402503422,0,0.0,0.3095542907714844,0.02338104248046875,0.63544921875,0.170391845703125
2024-08-25 09:00:00,2024,chukchi,5.277745471182448,0,0.0,0.12567230860392253,0.04047088623046875,0.56103515625,0.11371342129177517
2024-08-25 10:00:00,2024,chukchi,5.22999008509206,0,0.0,0.1490089734395345,0.03910369873046875,0.56572265625,0.12037924024793836
2024-08-25 11:00:00,2024,chukchi,5.216690493174275,0,0.0,0.16082099278767903,0.03275604248046875,0.60712890625,0.1282035912407769
2024-08-25 12:00:00,2024,chukchi,5.2320724918446855,0,0.0,0.1759395917256673,0.02884979248046875,0.62119140625,0.1335893842909071
2024-08-25 13:00:00,2024,chukchi,5.237633471918797,0,0.0,0.16138321558634441,0.01742401123046875,0.64384765625,0.131205079820421
2024-08-25 16:00:00,2024,chukchi,5.203291941900284,0,0.0,0.1164770762125651,0.00862274169921875,0.48896484375,0.09740556504991318
2024-08-27 18:00:00,2024,chukchi,5.54359734618623,0,0.0,0.0,0.0,0.99912109375,0.13321614583333333
2024-08-27 19:00:00,2024,chukchi,6.466558434786227,0,0.0,0.0,0.0,0.96240234375,0.1283203125
2024-08-27 20:00:00,2024,chukchi,6.564838430053522,0,0.0,0.0,0.0,0.98583984375,0.1314453125
2024-08-27 21:00:00,2024,chukchi,6.62197269655319,0,0.0,0.0,0.0,1.0,0.13333333333333333
2024-08-27 22:00:00,2024,chukchi,6.64890914662882,0,0.0,0.0,0.0,1.0,0.13333333333333333
2024-08-27 23:00:00,2024,chukchi,6.673233512806908,0,0.0,0.0,0.0,1.0,0.13333333333333333
2024-08-28 00:00:00,2024,chukchi,6.624540711759735,0,0.0,0.0,0.0,1.0,0.13333333333333333
2024-08-28 01:00:00,2024,chukchi,6.662210312398367,0,0.0,0.0,0.0,1.0,0.13333333333333333
2024-08-28 02:00:00,2024,chukchi,6.562839763525163,0,0.0,0.0,0.0,1.0,0.13333333333333333
2024-08-28 03:00:00,2024,chukchi,6.440268401098774,0,0.0,0.0,0.0,1.0,0.13333333333333333
2024-08-28 04:00:00,2024,chukchi,6.4381742858635285,0,0.0,0.0,0.0,1.0,0.13333333333333333
2024-08-28 06:00:00,2024,chukchi,6.52932040113799,0,0.0,0.0,0.0,1.0,0.13333333333333333
2024-08-28 08:00:00,2024,chukchi,6.616570636857535,0,0.0,0.0,0.0,1.0,0.13333333333333333
2024-08-28 09:00:00,2024,chukchi,6.26040295817714,0,0.0,0.08790817260742187,0.06403045654296875,0.63251953125,0.11631551106770834
2024-08-28 10:00:00,2024,chukchi,6.232122323662948,0,0.0,0.07584079106648763,0.06569061279296876,0.57705078125,0.10592306349012587
2024-08-28 11:00:00,2024,chukchi,6.400825107092233,0,0.0,0.04324547449747721,0.05973358154296875,0.44970703125,0.07945754157172308
2024-08-28 12:00:00,2024,chukchi,6.412469832003069,0,0.0,0.0,0.05201873779296875,0.33564453125,0.051688435872395834
2024-08-28 13:00:00,2024,chukchi,6.512282679124592,0,0.0,0.0,0.04137420654296875,0.29189453125,0.044435831705729165
2024-08-28 14:00:00,2024,chukchi,6.580404489794593,0,0.0,0.0,0.04010467529296875,0.44580078125,0.06478739420572917
2024-08-28 15:00:00,2024,chukchi,6.671378689604489,0,0.0,0.0,0.02687225341796875,1.0,0.13691630045572917
2024-08-28 16:00:00,2024,chukchi,6.644234176421444,0,0.0,0.0,0.03312225341796875,1.0,0.1377496337890625
2024-08-28 17:00:00,2024,chukchi,6.582132918245653,0,0.0,0.0,0.04337615966796875,1.0,0.1391168212890625
2024-08-28 18:00:00,2024,chukchi,6.373442907410611,0,0.0,0.0,0.05187225341796875,1.0,0.1402496337890625
2024-08-28 19:00:00,2024,chukchi,6.279809355695178,0,0.13454764229910712,0.0,0.06212615966796875,1.0,0.20440572102864582
2024-08-28 20:00:00,2024,chukchi,6.0318454176790945,0,0.1450980050223214,0.0,0.06739959716796876,1.0,0.21003234863281248
2024-08-28 21:00:00,2024,chukchi,6.2710026012990685,0,0.13079833984374997,0.1111520767211914,0.02941131591796875,0.9390625,0.2198096211751302
2024-08-28 22:00:00,2024,chukchi,6.365486346345038,0,0.12857491629464285,0.11379369099934895,0.02765350341796875,0.94140625,0.21955457899305553
2024-08-28 23:00:00,2024,chukchi,6.380771300062418,0,0.11091831752232141,0.130606206258138,0.02267303466796875,0.91875,0.21211327446831596
2024-08-29 00:00:00,2024,chukchi,6.350668263096926,0,0.08750697544642856,0.17350311279296876,0.01036834716796875,0.88359375,0.20629903157552082
2024-08-29 08:00:00,2024,east_siberian,5.798270000510101,0,0.0,0.011926682790120442,0.03501434326171875,0.97734375,0.1381615278455946
2024-08-29 11:00:00,2024,east_siberian,6.54183200917502,0,0.0,0.0,0.03380584716796875,1.0,0.13784077962239583
2024-08-29 12:00:00,2024,east_siberian,6.504180945903726,0,0.0,0.0,0.02863006591796875,1.0,0.13715067545572918
2024-08-29 13:00:00,2024,east_siberian,6.462397130824323,0,0.0,0.0,0.02452850341796875,0.9912109375,0.13543192545572919
2024-08-29 14:00:00,2024,east_siberian,6.489108698707778,0,0.0,0.0,0.02140350341796875,0.9857421875,0.13428609212239584
2024-08-29 15:00:00,2024,east_siberian,6.482768651231374,0,0.0,0.02814655303955078,0.00825653076171875,1.0,0.14193995157877604
2024-08-29 16:00:00,2024,east_siberian,6.377768170954407,0,0.0,0.0451931635538737,0.00435028076171875,1.0,0.14596488104926214
2024-08-29 17:00:00,2024,east_siberian,6.401756680040847,0,0.0,0.06277812321980794,0.00220184326171875,1.0,0.15036774529351127
2024-08-29 18:00:00,2024,east_siberian,6.329492503733304,0,0.0,0.07531805038452148,0.0,1.0,0.15341814676920573
2024-08-29 19:00:00,2024,east_siberian,6.2317063767989636,0,0.0,0.08786659240722657,0.0,1.0,0.15676442464192708
2024-08-29 20:00:00,2024,east_siberian,6.2177917085686225,0,0.0,0.09245179494222006,0.0,1.0,0.15798714531792535
2024-08-29 23:00:00,2024,east_siberian,6.13540890323429,0,0.0,0.19885838826497396,0.0,0.831201171875,0.16385572645399304
2024-08-30 00:00:00,2024,east_siberian,6.110537483854502,0,0.0,0.20054397583007813,0.0,0.814013671875,0.1620135498046875
2024-08-30 23:00:00,2024,east_siberian,5.211298242199816,0,0.0,0.02274430592854818,0.0,0.8728515625,0.12244535658094619
2024-08-31 00:00:00,2024,east_siberian,5.23292554350043,0,0.0,0.029085636138916016,0.0,0.8681640625,0.1235113779703776
2024-08-31 01:00:00,2024,east_siberian,5.108928655052976,0,0.0,0.03538424173990885,0.0,0.8642578125,0.12467017279730902
2024-08-31 02:00:00,2024,east_siberian,5.208912875936066,0,0.0,0.04696105321248372,0.0,0.8611328125,0.12734065585666232
2024-08-31 03:00:00,2024,east_siberian,5.237924211232957,0,0.0,0.07439740498860677,0.0,0.887109375,0.1381205579969618
2024-08-31 04:00:00,2024,east_siberian,5.1255375016579485,0,0.0,0.08054250081380208,0.0,0.880859375,0.13892591688368056
2024-08-31 05:00:00,2024,east_siberian,5.193838868425979,0,0.0,0.08432448705037435,0.0,0.883203125,0.14024694654676648
2024-08-31 08:00:00,2024,east_siberian,5.107182144911929,0,0.0,0.04850130081176758,0.0,0.905078125,0.13361076354980467
2024-08-31 09:00:00,2024,east_siberian,3.2353684286654354,1,0.0,0.0,0.09330291748046875,1.0,0.14577372233072916
2024-08-31 10:00:00,2024,east_siberian,3.5904390352093447,1,0.0,0.0,0.09252166748046875,1.0,0.1456695556640625
2024-08-31 11:00:00,2024,east_siberian,2.5964823173217004,1,0.0,0.0,0.10297088623046875,1.0,0.14706278483072915
2024-08-31 12:00:00,2024,east_siberian,3.5934669096951866,1,0.0,0.0,0.10297088623046875,1.0,0.14706278483072915
2024-08-31 13:00:00,2024,east_siberian,3.637007480398476,1,0.0,0.0,0.10248260498046875,1.0,0.1469976806640625
2024-08-31 14:00:00,2024,east_siberian,3.6230017263896226,1,0.0,0.0,0.10297088623046875,1.0,0.14706278483072915
2024-08-31 15:00:00,2024,east_siberian,3.585398330898644,1,0.0,0.0,0.08982391357421875,1.0,0.14530985514322917
2024-08-31 16:00:00,2024,east_siberian,3.570786944795687,1,0.0,0.0,0.08982391357421875,1.0,0.14530985514322917
2024-08-31 17:00:00,2024,east_siberian,3.615802188127032,1,0.0,0.0,0.08982391357421875,1.0,0.14530985514322917
2024-08-31 18:00:00,2024,east_siberian,2.5817274755992536,1,0.0,0.0,0.08982391357421875,1.0,0.14530985514322917
2024-09-01 00:00:00,2024,east_siberian,3.2701287903577434,1,0.0,0.0,0.09496307373046875,0.88583984375,0.13077372233072918
2024-09-01 09:00:00,2024,east_siberian,3.0828961154034196,1,0.0,0.0,0.11788787841796874,0.82744140625,0.12604390462239584
2024-09-01 10:00:00,2024,east_siberian,2.0830677523352055,1,0.0,0.0,0.11896209716796875,0.83212890625,0.1268121337890625
2024-09-01 11:00:00,2024,east_siberian,2.0905732753819697,1,0.0,0.0,0.11788787841796874,0.82744140625,0.12604390462239584
2024-09-01 12:00:00,2024,east_siberian,2.109505364442569,1,0.0,0.0,0.11681365966796875,0.82041015625,0.12496317545572917
2024-09-02 00:00:00,2024,east_siberian,6.2819206330079815,0,0.0,0.023261547088623047,0.01932830810546875,1.0,0.14211352030436197
2024-09-02 10:00:00,2024,east_siberian,2.592550816998281,1,0.0,0.044152291615804036,0.0,0.90322265625,0.13220363193088108
2024-09-02 19:00:00,2024,east_siberian,2.5879385788432776,1,0.0,0.0,0.0,0.911328125,0.12151041666666668
2024-09-02 20:00:00,2024,east_siberian,2.5989229178972995,1,0.0,0.0,0.0,0.912890625,0.12171874999999999
2024-09-02 21:00:00,2024,east_siberian,2.5941573841101433,1,0.0,0.0,0.0,0.90986328125,0.12131510416666667
2024-09-03 00:00:00,2024,east_siberian,2.5158816993619055,1,0.0,0.0,0.0,0.90751953125,0.12100260416666665
2024-09-03 01:00:00,2024,east_siberian,2.5475114271600727,1,0.0,0.0,0.0,0.90751953125,0.12100260416666665
2024-09-03 06:00:00,2024,east_siberian,4.925573473429705,1,0.0,0.0,0.01567840576171875,0.99873046875,0.1352545166015625
2024-09-03 07:00:00,2024,east_siberian,5.1293832135272925,0,0.0,0.0,0.01040496826171875,0.98466796875,0.1326763916015625
2024-09-03 08:00:00,2024,east_siberian,5.12729111063069,0,0.0,0.0,0.00435028076171875,0.96748046875,0.12957743326822918
2024-09-03 09:00:00,2024,east_siberian,5.172235148343079,0,0.0,0.0,0.02524871826171875,0.743359375,0.10248107910156251
2024-09-03 10:00:00,2024,east_siberian,5.140881760757909,0,0.0,0.0,0.02827606201171875,0.740234375,0.10246805826822916
2024-09-03 11:00:00,2024,east_siberian,5.119590079295542,0,0.0,0.0,0.03159637451171875,0.739453125,0.10280659993489584
2024-09-03 22:00:00,2024,east_siberian,6.366080033870438,0,0.0,0.0,0.05872039794921875,0.6375,0.09282938639322916
2024-09-03 23:00:00,2024,east_siberian,6.352642226794979,0,0.0,0.0,0.05784149169921875,0.61171875,0.08927469889322916
2024-09-04 00:00:00,2024,east_siberian,6.464063790232785,0,0.0,0.0,0.06252899169921874,0.59375,0.08750386555989582
2024-09-04 07:00:00,2024,east_siberian,5.133695479639288,0,0.0,0.0,0.05266571044921875,0.67138671875,0.09654032389322917
2024-09-04 09:00:00,2024,east_siberian,5.074261215129506,1,0.0,0.15989745457967122,0.05610809326171875,0.66513671875,0.1388052961561415
2024-09-04 10:00:00,2024,east_siberian,5.107549452666266,0,0.0,0.1562345504760742,0.05845184326171875,0.69794921875,0.14251602172851563
2024-09-04 11:00:00,2024,east_siberian,5.107596658616324,0,0.0,0.12060200373331706,0.06372528076171875,0.51591796875,0.10944630093044705
2024-09-04 12:00:00,2024,east_siberian,5.095539264001718,1,0.0,0.12062587738037109,0.06460418701171874,0.71123046875,0.13561152140299476
2024-09-04 13:00:00,2024,east_siberian,5.0550369164071,1,0.0,0.1562345504760742,0.05845184326171875,0.69794921875,0.14251602172851563
2024-09-04 14:00:00,2024,east_siberian,5.062022656234592,1,0.0,0.1562345504760742,0.05845184326171875,0.69794921875,0.14251602172851563
2024-09-04 15:00:00,2024,east_siberian,5.265178218634556,0,0.0,0.24799391428629558,0.07191619873046876,0.423828125,0.132230953640408
2024-09-04 19:00:00,2024,east_siberian,6.196910564486928,0,0.0,0.21995073954264324,0.07894744873046874,0.601953125,0.14944027370876736
2024-09-04 20:00:00,2024,east_siberian,6.1361100059109255,0,0.0,0.22066415150960286,0.08060760498046875,0.601171875,0.1497477043999566
2024-09-05 00:00:00,2024,east_siberian,6.023040875523108,0,0.0,0.26302808125813804,0.10111541748046875,0.3306640625,0.12771141899956598
2024-09-05 01:00:00,2024,east_siberian,6.251542141973444,0,0.007332938058035705,0.2569765090942383,0.10853729248046876,0.2220703125,0.11603012084960937
2024-09-05 02:00:00,2024,east_siberian,6.342494749183251,0,0.007332938058035705,0.2569765090942383,0.10853729248046876,0.2220703125,0.11603012084960937
2024-09-10 06:00:00,2024,east_siberian,6.410463296234306,0,0.0,0.121516482035319,0.05817108154296875,0.9658203125,0.16893658108181425
2024-09-10 07:00:00,2024,east_siberian,6.278452630659538,0,0.0,0.12192420959472657,0.05416717529296875,0.9587890625,0.16757395426432292
2024-09-12 05:00:00,2024,chukchi,6.3674275121705755,0,0.0,0.0,0.00236053466796875,0.90439453125,0.12090067545572918
2024-09-12 06:00:00,2024,chukchi,6.393764063194888,0,0.0,0.0,0.0,0.91845703125,0.12246093749999999
2024-09-12 07:00:00,2024,chukchi,6.332794755705888,0,0.0,0.0,0.0,0.92705078125,0.12360677083333332
2024-09-12 08:00:00,2024,chukchi,6.374530601346282,0,0.0,0.0,0.0,0.92705078125,0.12360677083333332
2024-09-12 09:00:00,2024,chukchi,6.406625876252035,0,0.0,0.0,0.0,1.0,0.13333333333333333
2024-09-12 10:00:00,2024,chukchi,6.455259791161834,0,0.0,0.0,0.0,0.94267578125,0.12569010416666665
2024-09-12 11:00:00,2024,chukchi,6.206311104381144,0,0.0,0.0,0.0,0.88564453125,0.1180859375
2024-09-12 12:00:00,2024,chukchi,6.500277437450103,0,0.0,0.0,0.0,0.88564453125,0.1180859375
2024-09-12 13:00:00,2024,chukchi,6.512952305299624,0,0.0,0.0,0.0,0.98720703125,0.13162760416666666
2024-09-12 16:00:00,2024,chukchi,6.391446884943087,0,0.0,0.0,0.0,0.85166015625,0.1135546875
2024-09-12 17:00:00,2024,chukchi,6.253127850470515,0,0.0,0.0,0.0,0.85166015625,0.1135546875
2024-09-12 18:00:00,2024,chukchi,6.216796624539154,0,0.0,0.0,0.0,0.82431640625,0.10990885416666667
2024-09-12 19:00:00,2024,chukchi,6.124720116141093,0,0.0,0.0,0.0,0.82041015625,0.10938802083333334
2024-09-12 20:00:00,2024,chukchi,5.8947002871196865,0,0.0,0.0,0.0,0.78134765625,0.1041796875
2024-09-12 21:00:00,2024,chukchi,5.911654910895304,0,0.0,0.0,0.0,0.808984375,0.10786458333333333
2024-09-12 22:00:00,2024,chukchi,5.928208698078145,0,0.0,0.0,0.0,0.808984375,0.10786458333333333
2024-09-12 23:00:00,2024,chukchi,5.930557353865736,0,0.0,0.0,0.0,0.864453125,0.11526041666666667
2024-09-13 00:00:00,2024,chukchi,5.978299806205078,0,0.0,0.0,0.0,0.864453125,0.11526041666666667
2024-09-13 01:00:00,2024,chukchi,6.119996975346987,0,0.0,0.0,0.0,0.855078125,0.11401041666666667
2024-09-13 02:00:00,2024,chukchi,6.099199819074578,0,0.0,0.0,0.0,0.855078125,0.11401041666666667
2024-09-13 05:00:00,2024,chukchi,5.877832830971545,0,0.0,0.0,0.0,0.71435546875,0.09524739583333333
2024-09-13 06:00:00,2024,chukchi,5.951825906504213,0,0.0,0.0,0.0,0.75029296875,0.1000390625
2024-09-13 07:00:00,2024,chukchi,5.925683028581295,0,0.0,0.010784212748209636,0.0,0.58544921875,0.08093568589952257
2024-09-13 08:00:00,2024,chukchi,6.015855259265095,0,0.0,0.006562169392903646,0.0,0.42685546875,0.05866397433810764
2024-09-13 09:00:00,2024,chukchi,6.108910226158009,0,0.0,0.0,0.0,0.735546875,0.09807291666666668
2024-09-13 10:00:00,2024,chukchi,6.009610313527518,0,0.0,0.0,0.0,0.735546875,0.09807291666666668
2024-09-13 11:00:00,2024,chukchi,5.984769084189846,0,0.0,0.0,0.0,0.701171875,0.09348958333333333
2024-09-13 12:00:00,2024,chukchi,6.011290908539779,0,0.0,0.0,0.0,0.694140625,0.09255208333333333
2024-09-13 13:00:00,2024,chukchi,5.912678655861637,0,0.0,0.0,0.0,0.759765625,0.10130208333333333
2024-09-13 14:00:00,2024,chukchi,5.713970795088627,0,0.0,0.0,0.0,0.858984375,0.11453125
2024-09-13 15:00:00,2024,chukchi,6.108308402208164,0,0.0,0.0,0.0,0.83212890625,0.11095052083333333
2024-09-13 16:00:00,2024,chukchi,5.927991573847233,0,0.0,0.0,0.0,0.99228515625,0.1323046875
2024-09-13 17:00:00,2024,chukchi,6.18769840859752,0,0.0,0.0,0.0,1.0,0.13333333333333333
2024-09-13 18:00:00,2024,chukchi,6.207737695234033,0,0.0,0.0,0.0,1.0,0.13333333333333333
2024-09-13 19:00:00,2024,chukchi,6.1657480376579485,0,0.0,0.0,0.0,1.0,0.13333333333333333
2024-09-13 20:00:00,2024,chukchi,6.094476511922625,0,0.0,0.0,0.0,1.0,0.13333333333333333
2024-09-13 21:00:00,2024,chukchi,6.206534870804904,0,0.0,0.0,0.0,0.22744140625,0.030325520833333335
2024-09-13 22:00:00,2024,chukchi,6.062439634930844,0,0.0,0.0,0.0,0.38525390625,0.0513671875
2024-09-13 23:00:00,2024,chukchi,5.908218998785577,0,0.0,0.0,0.0,0.33681640625,0.044908854166666665
2024-09-14 00:00:00,2024,chukchi,5.899433134229022,0,0.0,0.0,0.0,0.34619140625,0.046158854166666666
2024-09-14 01:00:00,2024,chukchi,6.088387320894429,0,0.0,0.0,0.0,0.41962890625,0.05595052083333333
2024-09-14 02:00:00,2024,chukchi,5.841257098662396,0,0.0,0.0,0.0,0.41572265625,0.0554296875
2024-09-14 03:00:00,2024,chukchi,5.6771419345847445,0,0.0,0.08273998896280925,0.0,0.3056640625,0.06281920539008247
2024-09-14 04:00:00,2024,chukchi,5.991605232108698,0,0.0,0.11472209294637044,0.0,0.3580078125,0.07832693311903212
2024-09-14 05:00:00,2024,chukchi,6.075145077152799,0,0.0,0.20391775767008463,0.0,0.5048828125,0.1216957770453559
2024-09-14 06:00:00,2024,chukchi,5.948926013838784,0,0.0,0.21729170481363932,0.0,0.6736328125,0.1477621629503038
