date,siconc_mean,siconc_p90,t2m_mean,t2m_min,wind_mean,wind_p90,swh_mean,swh_p90,dewpoint_spread_mean,region
2015-07-01,0.27510723,0.629150390625,2.241005,-0.65512085,4.7990713,8.348330688476562,0.6851016,1.103019690513611,0.93503684,chukchi
2015-07-02,0.27607232,0.642376708984375,2.2833557,-1.0567322,5.591768,10.073994445800784,1.0356913,1.7328071594238283,0.7688596,chukchi
2015-07-03,0.26186487,0.6111328125000001,1.9540939,-0.87753296,3.8693693,7.550566959381104,0.6442496,1.0723784923553468,1.0510845,chukchi
2015-07-04,0.23571552,0.58778076171875,3.3001404,-1.4703064,5.5699086,8.938309478759766,0.63419783,1.296337604522705,0.9202682,chukchi
2015-07-05,0.19804016,0.525335693359375,4.85585,-0.5352478,5.8944592,8.802646255493164,0.6194257,1.243918538093567,1.3723326,chukchi
2015-07-06,0.17620769,0.49317016601562513,5.101166,-1.0794373,5.333957,7.65919122695923,0.4611135,0.8583540916442871,1.4594293,chukchi
2015-07-07,0.16392642,0.471319580078125,4.8881073,-1.3807068,5.6716237,9.051355552673341,0.4484492,0.92104572057724,1.2993841,chukchi
2015-07-08,0.15967058,0.5075927734375001,3.6041489,-0.96102905,7.76219,11.188184356689455,0.99512374,2.058958101272583,1.1226916,chukchi
2015-07-09,0.16692632,0.537664794921875,2.4116669,-1.4759216,6.168787,9.58723030090332,0.99743676,1.7420631408691407,0.86629456,chukchi
2015-07-10,0.16115241,0.5416503906250001,2.1609268,-1.061615,6.030191,9.065513229370119,0.980904,1.528212881088257,0.87968034,chukchi
2015-07-11,0.16021837,0.54437255859375,2.4622116,-0.71932983,5.729044,8.683446121215821,0.93887395,1.4676614284515381,1.033564,chukchi
2015-07-12,0.14172204,0.49819946289062506,3.19738,-0.51156616,5.873827,9.245946884155273,0.9157591,1.5559914112091064,1.258365,chukchi
2015-07-13,0.12837355,0.47890014648437507,3.53862,-0.6150818,5.8407035,9.371871948242188,1.0017412,1.612555980682373,1.1859612,chukchi
2015-07-14,0.123977296,0.46124877929687513,3.059227,-0.7503357,4.8618255,8.873692703247073,0.8288033,1.4546101570129395,1.0482938,chukchi
2015-07-15,0.11347015,0.43544921875000014,2.9949112,-0.74716187,4.716194,8.440669631958007,0.65586793,1.215702772140503,1.2688875,chukchi
2015-07-16,0.104811005,0.41818237304687506,3.3229752,-0.79330444,5.57423,9.268076515197755,0.7836893,1.4013039112091064,1.0114915,chukchi
2015-07-17,0.09931458,0.4173095703125001,3.3624344,-0.875824,6.065797,8.614184379577637,0.8632395,1.262103772163391,0.7249551,chukchi
2015-07-18,0.09042424,0.3968505859375,3.2591171,-0.38705444,5.020903,7.781462764739997,0.70201075,1.0528178691864014,0.7638587,chukchi
2015-07-19,0.08498042,0.38665161132812503,3.5995178,-0.82455444,4.1506867,6.621581649780274,0.5342995,0.8070213675498963,0.89498556,chukchi
2015-07-20,0.08171918,0.3832580566406253,4.6291656,-0.70150757,5.486687,8.621997261047364,0.6239793,1.2368699073791505,0.9832283,chukchi
2015-07-21,0.06902425,0.3512390136718751,5.1901016,-0.589447,5.4386005,8.830222892761231,0.7827337,1.2905932903289796,1.0057095,chukchi
2015-07-22,0.06181951,0.3230773925781252,5.3452835,-0.6109314,5.7700725,7.951909732818604,0.70316267,1.0320428371429444,1.0036951,chukchi
2015-07-23,0.06570347,0.3344360351562501,4.409378,-1.4168396,6.283139,9.524166870117188,0.8741821,1.6082721710205081,0.9652052,chukchi
2015-07-24,0.064990886,0.33298339843750013,3.49514,-1.1585388,6.2626224,8.601617240905762,0.96369004,1.5052144050598146,1.2892727,chukchi
2015-07-25,0.06382198,0.335833740234375,3.1268234,-0.83236694,5.427371,7.756051349639892,0.75731957,1.1076708793640138,1.3805708,chukchi
2015-07-26,0.061021302,0.31224365234375007,3.5745087,-0.5364685,5.464612,7.354178810119629,0.6758465,1.0448621749877929,1.2445679,chukchi
2015-07-27,0.06347601,0.3212158203125006,3.6372986,-0.81307983,6.1788516,7.830673885345459,0.77309203,1.1834153175354003,1.0725875,chukchi
2015-07-28,0.06691136,0.3327636718750001,2.8927917,-0.81796265,6.1316566,8.42481517791748,0.8307504,1.2914422988891603,1.5170088,chukchi
2015-07-29,0.0724602,0.35388183593750017,2.7422562,-0.91244507,4.811647,7.8593400001525895,0.678022,1.2385197162628174,1.8284271,chukchi
2015-07-30,0.07115327,0.35156860351562524,3.2858047,-1.0157166,3.6820388,6.768272876739503,0.43561321,0.8384625911712646,2.1069484,chukchi
2015-07-31,0.06211823,0.3251770019531251,5.0489044,-1.3260193,5.5279417,9.604180335998535,0.6200708,1.4513505697250366,1.6032755,chukchi
2015-08-01,0.06777526,0.35281982421875,3.58815,-1.5542908,5.640682,9.316135215759278,0.8644817,1.5165059566497803,1.7747049,chukchi
2015-08-02,0.080118366,0.3964538574218751,4.688675,-1.3995056,5.805396,10.007278823852543,0.8191984,1.4636031627655028,1.8331852,chukchi
2015-08-03,0.05852411,0.3254760742187501,5.2082825,-1.1524353,6.9112716,10.566704177856446,1.2646638,2.1351637840270996,1.3583572,chukchi
2015-08-04,0.049167242,0.26321411132812517,3.9323044,-0.9793396,5.9711905,10.461883163452148,1.2014226,2.218151569366455,1.9125348,chukchi
2015-08-05,0.052139636,0.2863281250000002,3.5424728,-1.5135193,4.2902465,7.3983717918396,0.69442815,1.0490471363067626,1.9965731,chukchi
2015-08-06,0.052139636,0.2863281250000002,4.137024,-2.419281,5.935114,11.028933906555176,0.8482931,2.057627296447754,1.84245,chukchi
2015-08-07,0.042821527,0.21553344726562573,4.062332,-1.8357849,7.41455,11.612537765502939,1.6323333,2.9489388465881348,2.1343818,chukchi
2015-08-08,0.037378065,0.2042419433593753,3.5169144,-2.3628845,7.7358103,11.431614685058594,1.6810428,2.7546863555908203,2.0613325,chukchi
2015-08-09,0.039375253,0.20803222656250014,3.0760956,-1.785492,6.265455,10.687464141845707,1.1537738,2.141180515289307,2.1969283,chukchi
2015-08-10,0.036874276,0.2058837890625002,3.255066,-1.3250427,4.2231607,7.2195397377014165,0.6632747,1.295050358772278,2.6161506,chukchi
2015-08-11,0.03630999,0.1897277832031251,4.379196,-1.7625427,5.846465,10.34477653503418,0.74659675,1.7434365034103392,2.291315,chukchi
2015-08-12,0.03890225,0.20043945312500072,4.775589,-1.5716248,7.052395,10.828268241882325,1.0697925,1.9385145902633667,1.6908793,chukchi
2015-08-13,0.036543056,0.1355285644531255,4.205185,-1.7911072,7.0733576,11.09726715087891,1.2879373,2.0183234214782715,1.2905353,chukchi
2015-08-14,0.027309746,0.09132690429687557,3.610756,-1.638031,5.2382903,8.435949897766113,0.94270223,1.50054829120636,1.4515777,chukchi
2015-08-15,0.02768169,0.09374389648437666,2.8542786,-0.9954529,4.41226,6.587621498107911,0.64986455,0.9178889751434327,1.8294113,chukchi
2015-08-16,0.032685407,0.126910400390625,3.0001297,-1.2581482,5.7167683,9.221377563476564,0.6794258,1.2987966537475586,1.8886354,chukchi
2015-08-17,0.045740306,0.201983642578125,3.0110855,-1.6011658,6.7534657,11.073305320739747,1.1009737,2.27053098678589,1.895774,chukchi
2015-08-18,0.041199397,0.19827880859375005,2.7359924,-1.4864197,7.0217214,11.643926620483398,1.3497838,2.4820033073425303,2.0575848,chukchi
2015-08-19,0.034495473,0.16555175781250112,2.5189056,-1.2466736,5.8717027,9.408896064758302,0.985789,1.9917553663253784,2.2879379,chukchi
2015-08-20,0.03439261,0.16100463867187664,2.4433517,-1.855072,4.958574,7.163294887542726,0.72517544,1.2063617706298828,2.5164795,chukchi
2015-08-21,0.03286792,0.12429809570312504,2.7986374,-1.5254822,4.2604027,6.2744646072387695,0.5132182,0.6954349637031556,2.7518053,chukchi
2015-08-22,0.031100158,0.10001220703125013,2.94104,-1.6243591,5.22272,8.482430839538576,0.6183213,1.1992811441421507,2.6104286,chukchi
2015-08-23,0.028971707,0.08215332031250075,2.861992,-2.0367126,5.4036345,8.354128456115724,0.75894177,1.253127646446228,2.47938,chukchi
2015-08-24,0.0308976,0.07228393554687519,2.8802338,-2.4656677,6.0839806,10.640931510925293,0.8380979,1.439763736724854,1.996021,chukchi
2015-08-25,0.02406991,0.005560302734375008,3.5117035,-2.2391052,10.089792,13.209439659118654,1.8050003,3.018736171722412,1.0676583,chukchi
2015-08-26,0.011096547,0.0,2.756218,-1.7366638,10.180654,13.92472038269043,2.2123697,3.3139121532440186,1.4475894,chukchi
2015-08-27,0.01669761,0.0,1.7292175,-1.749115,12.142363,16.01923027038574,3.014607,4.433597087860108,2.8248806,chukchi
2015-08-28,0.01656302,0.0,2.4216537,-1.2632751,11.396223,15.906683921813965,2.8158557,4.4391723632812505,2.7798595,chukchi
2015-08-29,0.012285461,0.0,1.6996765,-1.3091736,10.2918005,15.255799102783204,2.4934912,4.27508544921875,2.3602762,chukchi
2015-08-30,0.009869559,0.0,1.690155,-1.7347107,7.9720736,14.488525009155273,1.8401586,3.6252375125885017,2.0984616,chukchi
2015-08-31,0.008394295,0.0,2.0370636,-2.3780212,4.368484,7.554992008209233,0.9477232,1.7498345375061033,2.3085794,chukchi
2015-09-01,0.008606995,0.0,2.6747055,-2.401703,4.301285,7.00777235031128,0.6020788,0.857992732524872,1.2840862,chukchi
2015-09-02,0.0065018237,0.0,2.9243393,-2.0157166,3.4584346,6.071446990966797,0.50567067,0.684010636806488,0.7536328,chukchi
2015-09-03,0.0057811146,0.0,3.341896,-1.3326111,5.7928634,8.970261573791504,0.66311777,1.1096103191375732,0.98703367,chukchi
2015-09-04,0.0053307074,0.0,3.523468,-2.1805115,6.0445366,9.68678951263428,0.94061935,1.5743457078933716,1.1782672,chukchi
2015-09-05,0.006144241,0.0,2.2555008,-3.0325623,5.7691193,8.90500888824463,1.036783,1.4974699020385742,1.3418143,chukchi
2015-09-06,0.006350921,0.0,0.8945236,-3.0799255,5.047443,7.6277400970458995,0.864354,1.2627065181732178,1.8219259,chukchi
2015-09-07,0.003707149,0.0,0.9755249,-2.7168884,6.5246015,9.53951759338379,0.9454231,1.4226393699645996,1.9382458,chukchi
2015-09-08,0.005480836,0.0,1.1938477,-2.4493103,7.0778446,10.84259662628174,1.2330596,1.9473621845245361,2.937786,chukchi
2015-09-09,0.0035469716,0.0,1.5535736,-2.9034119,8.940391,12.689337539672852,1.6460382,2.7358386516571045,3.4341068,chukchi
2015-09-10,0.0064262133,0.0,0.45479584,-2.9549255,7.291132,12.887340927124024,1.4384321,2.786851644515991,4.963438,chukchi
2015-09-11,0.0060316683,0.0,0.97849274,-2.9568787,8.191305,12.747732543945313,1.4103416,2.567678689956665,4.8073864,chukchi
2015-09-12,0.0025216169,0.0,1.1687622,-2.6539001,8.216114,11.668879127502441,1.6824214,2.562377691268921,3.6699252,chukchi
2015-09-13,0.0016226256,0.0,1.4799118,-2.1734314,5.720153,10.649474143981934,1.4400731,2.5042192935943604,2.584013,chukchi
2015-09-14,0.0010190158,0.0,1.3546753,-2.8345642,7.4853473,10.626855278015137,1.3135172,2.090559720993042,2.6345165,chukchi
2015-09-15,0.0024183192,0.0,1.1385651,-4.6665955,7.3812265,9.888004684448243,1.4178997,1.9806675910949707,2.9612837,chukchi
2015-09-16,0.0074278237,0.0,0.5393753,-4.056244,5.9922795,10.673255538940431,1.2114543,2.0612173080444336,2.929281,chukchi
2015-09-17,0.006742127,0.0,0.1593628,-3.7417908,5.981493,11.404999542236334,1.0296311,2.1661148071289062,3.3154202,chukchi
2015-09-18,0.011591772,0.0,-0.4214096,-5.503998,6.606274,11.589626312255865,1.089615,2.1502068042755127,4.2680364,chukchi
2015-09-19,0.015832242,0.0,-1.189415,-5.405121,4.1905584,8.044063377380374,0.7526523,1.3355395793914795,5.710957,chukchi
2015-09-20,0.014799001,0.0,-0.5103531,-4.22348,4.615236,9.061923599243165,0.71283305,1.4602776527404786,5.389535,chukchi
2015-09-21,0.013660512,0.0,-0.20639801,-3.674408,3.66354,7.732415485382081,0.60043144,1.2609455585479736,4.918865,chukchi
2015-09-22,0.009438019,0.0,0.72732544,-3.367035,5.3479433,8.281532669067383,0.6911475,1.1771546602249146,4.360734,chukchi
2015-09-23,0.009438019,0.0,1.6725388,-5.035431,7.2357903,12.182591819763184,1.002145,2.2034077644348145,2.3955884,chukchi
2015-09-24,0.00063076726,0.0,2.2093277,-4.113617,9.8812475,14.499248695373534,2.2599792,3.559577465057373,1.4343017,chukchi
2015-09-25,0.0005839892,0.0,0.5451889,-5.3086853,10.612187,16.391036224365234,2.644339,4.610478401184082,2.4610863,chukchi
2015-09-26,0.0027908585,0.0,-0.07836914,-4.929535,7.269712,13.152821731567384,1.9465139,3.692086935043335,4.294307,chukchi
2015-09-27,0.0031881065,0.0,0.009132385,-4.261078,4.978857,9.034792137145997,1.2333434,1.7344566583633423,4.883465,chukchi
2015-09-28,0.001955489,0.0,-0.2188034,-3.7400818,7.346142,11.832498741149903,1.4546413,2.2175939083099365,4.6745563,chukchi
2015-09-29,0.0035268632,0.0,0.3123169,-5.2688904,9.973224,13.871654510498047,2.3197474,3.6240649223327637,4.344206,chukchi
2015-09-30,0.009793779,0.0,-0.87016296,-7.8001404,8.799807,11.28219623565674,1.9329493,2.9724884033203125,3.8792028,chukchi
2015-10-01,0.016953899,0.0,-0.61909485,-8.08905,7.9549255,11.958454513549805,1.6048863,2.633556365966797,5.613641,chukchi
2015-10-02,0.016625127,0.0,0.82240295,-4.9998474,8.670326,14.20649642944336,1.7718084,3.0036814212799072,3.9566388,chukchi
2015-10-03,0.019923028,0.0,1.030365,-3.3426208,6.116502,11.220653915405276,1.3019983,2.466991901397705,2.5060494,chukchi
2015-10-04,0.029280996,0.08885498046875002,0.35062408,-5.552582,5.475254,9.417493057250978,0.8877084,1.4205327033996582,2.559351,chukchi
2015-10-05,0.057164755,0.24751586914062507,0.3104477,-6.6558533,7.833339,12.87877082824707,1.2538145,2.5728709220886237,2.311061,chukchi
2015-10-06,0.07301806,0.3579589843750005,0.23412323,-8.972015,9.335934,13.286251640319826,1.8451781,3.1674609184265137,2.1897945,chukchi
2015-10-07,0.08888956,0.4645568847656253,-1.0855865,-9.287933,9.491358,14.029291152954105,2.2181177,3.7533831119537355,2.848397,chukchi
2015-10-08,0.12043839,0.6690002441406255,-1.899643,-11.326996,7.862679,13.639758110046387,1.9369531,3.608430051803589,3.140652,chukchi
2015-10-09,0.13939819,0.7435791015625004,-3.233673,-12.694916,8.143665,14.31590442657471,1.957168,3.8684110164642336,2.8349926,chukchi
2015-10-10,0.14542834,0.7532470703125,-3.3274307,-12.660492,8.332057,14.136350059509278,2.0279686,3.8213171005249023,3.114818,chukchi
2015-10-11,0.13315602,0.6880737304687501,-2.3220367,-10.418304,9.030213,13.937186431884767,2.190502,3.652266502380371,3.8249388,chukchi
2015-10-12,0.10985149,0.5759216308593756,-1.8113556,-9.081879,8.210591,12.009524154663088,1.9304162,2.7335654735565185,3.4957795,chukchi
2015-10-13,0.096678086,0.5118469238281268,-1.254036,-8.662384,7.0011816,11.694458389282227,1.7988666,2.5989483833312987,3.4272227,chukchi
2015-10-14,0.096678086,0.5118469238281268,-1.232048,-8.879242,5.0314226,8.169515800476074,1.3419819,1.8170124530792238,4.0121393,chukchi
2015-10-15,0.11256937,0.582928466796875,-1.3333893,-9.9644165,3.8635652,6.6232955932617195,0.9136694,1.373005247116089,3.556006,chukchi
2015-10-16,0.11752733,0.6080444335937504,-1.4969254,-10.839905,3.715919,5.92382516860962,0.67107755,0.9043742537498474,2.7794456,chukchi
2015-10-17,0.1449467,0.741741943359375,-2.1709518,-10.533539,6.1249776,12.916618537902833,0.9972124,2.7184166431427,2.9755607,chukchi
2015-10-18,0.16866858,0.8323425292968751,-2.6806335,-12.772369,7.542677,13.243774223327637,1.649511,3.1230752944946287,3.6591837,chukchi
2015-10-19,0.18181762,0.8463256835937509,-4.0491867,-13.811371,7.663648,12.143336868286136,1.6729944,2.8073830604553223,3.584061,chukchi
2015-10-20,0.19025843,0.8829040527343752,-4.0866165,-15.415375,7.0445185,11.475075340270996,1.5247658,2.6846601963043213,3.6636636,chukchi
2015-10-21,0.19423859,0.9234130859375,-5.2085037,-17.270355,8.160061,12.616960525512699,1.8625982,3.255747652053833,3.780399,chukchi
2015-10-22,0.19610278,0.94312744140625,-5.389229,-17.488205,8.614662,12.657977867126467,2.132945,3.1860669136047366,3.5480044,chukchi
2015-10-23,0.20078209,0.9545654296875001,-4.61985,-17.986282,8.255968,12.592534828186038,2.0481658,3.0747871875762938,3.0587394,chukchi
2015-10-24,0.19158937,0.9458618164062501,-3.897293,-16.527557,7.417327,10.921449089050293,1.5768025,2.535606288909912,2.8702855,chukchi
2015-10-25,0.19109584,0.9307312011718755,-4.1822357,-16.25772,5.70924,8.411250114440923,1.0812917,1.6119797706604004,3.4965253,chukchi
2015-10-26,0.20717424,0.9488037109375,-5.2385864,-17.049164,4.606654,7.466570949554444,0.7410127,1.0770106077194215,3.9240487,chukchi
2015-10-27,0.21551745,0.9595764160156254,-5.383827,-17.562912,4.723941,9.499223136901858,0.70399827,1.6801287651062011,4.0649886,chukchi
2015-10-28,0.21719132,0.9476013183593751,-5.280487,-19.888153,6.407604,10.658839225769043,1.0884281,2.0230764865875246,4.0022326,chukchi
2015-10-29,0.21588917,0.9265686035156251,-6.232872,-22.8387,5.6341977,10.969222259521485,1.0328989,2.1539056301116943,3.655343,chukchi
2015-10-30,0.23171052,0.9307739257812501,-6.97731,-24.300598,5.181103,11.979619598388673,1.1935222,2.3901138305664062,4.0518284,chukchi
2015-10-31,0.23193304,0.9194152832031252,-5.709984,-24.455505,6.063548,10.711036491394044,1.1608663,2.063273525238037,3.5665479,chukchi
2016-07-01,0.4519365,0.82838134765625,3.7848358,-1.2002869,5.642355,8.870653533935547,0.5396278,0.9690968990325928,1.0463374,chukchi
2016-07-02,0.44022727,0.809722900390625,3.4891357,-1.0767517,5.0787745,8.175774574279787,0.45428678,0.7492319941520691,1.1109351,chukchi
2016-07-03,0.4671889,0.857025146484375,2.316452,-0.85409546,4.2909403,7.276499462127686,0.55525124,0.9667472243309021,1.0225827,chukchi
2016-07-04,0.46990815,0.87562255859375,1.805687,-1.2481384,3.88557,6.6446313858032235,0.6445832,1.0353705883026123,0.9856951,chukchi
2016-07-05,0.4580308,0.86663818359375,1.6477966,-1.1551208,3.5546954,5.801591396331789,0.4847889,0.7897589921951295,1.2286618,chukchi
2016-07-06,0.4219152,0.828155517578125,2.424614,-1.0828552,4.696747,9.158258628845214,0.3874982,0.9829518795013428,1.1661466,chukchi
2016-07-07,0.3932472,0.7814941406250001,3.5249405,-0.50912476,6.436219,10.026656532287598,0.66004366,1.1996737718582153,0.83841425,chukchi
2016-07-08,0.38274512,0.7751647949218751,3.0773926,-0.9266052,4.1031485,7.1571408271789565,0.6624943,1.1518552780151368,0.61081207,chukchi
2016-07-09,0.35427314,0.727880859375,3.7877426,-0.44882202,6.863131,10.485346984863282,0.8995086,1.8222413063049316,0.73131806,chukchi
2016-07-10,0.34749284,0.728826904296875,2.842125,-1.7505798,4.6966515,8.419161415100099,0.7147845,1.368310022354126,0.90137804,chukchi
2016-07-11,0.3364201,0.7297973632812503,3.7151566,-0.61239624,5.6389093,9.691610527038575,0.8322357,1.5111278295516968,1.3228359,chukchi
2016-07-12,0.31164652,0.724041748046875,3.8423004,-0.6512146,5.7657795,9.344989967346194,0.9109164,1.551217603683472,0.88319224,chukchi
2016-07-13,0.28355587,0.6524658203125,5.133774,-0.6145935,7.674396,10.767687797546387,1.0967268,1.7686554193496704,0.7107949,chukchi
2016-07-14,0.2933552,0.6871032714843751,4.0030136,-0.41342163,5.6573353,9.749133872985844,0.898754,1.7580440044403076,0.6252982,chukchi
2016-07-15,0.30141848,0.667999267578125,3.6195679,-0.51449585,8.069754,11.643658828735354,1.3543456,2.198836612701416,1.0079929,chukchi
2016-07-16,0.25097245,0.6413269042968751,3.9484253,-1.092865,8.145643,13.001309013366699,1.1325282,1.8655676841735847,1.8212072,chukchi
2016-07-17,0.273273,0.6590942382812501,2.5230484,-1.1197205,8.051728,12.262746238708496,0.9984295,1.721194076538086,1.4204229,chukchi
2016-07-18,0.27182183,0.6624267578125,2.1190567,-0.53549194,6.8566465,9.752482032775879,0.92428553,1.449711060523987,1.3249985,chukchi
2016-07-19,0.28427488,0.704083251953125,2.374672,-1.5994568,5.101634,9.635310745239257,0.68244463,1.1491356372833252,1.3891973,chukchi
2016-07-20,0.3057477,0.710919189453125,2.6979141,-1.4048767,4.6824055,7.961987018585205,0.58647585,1.0127655506134032,1.1555169,chukchi
2016-07-21,0.27196,0.6852233886718755,2.6759949,-1.7290955,4.695918,7.915241050720215,0.75066835,1.2442936182022095,1.0649475,chukchi
2016-07-22,0.2586807,0.664556884765625,2.7667847,-1.5122986,4.6005354,7.714408111572266,0.68938476,1.094488787651062,0.98336494,chukchi
2016-07-23,0.26705095,0.7381896972656251,2.8263016,-1.3409119,5.411962,8.845571708679202,0.83967245,1.6033879280090333,1.1112831,chukchi
2016-07-24,0.23418193,0.6598266601562501,2.6634674,-2.4720154,5.9755344,9.12167377471924,0.94265497,1.5202521800994873,1.4397609,chukchi
2016-07-25,0.21791425,0.626873779296875,3.2664032,-1.4632263,4.2844405,7.094178867340091,0.6307547,0.962974488735199,1.1678478,chukchi
2016-07-26,0.2174277,0.6194335937500001,3.2213287,-0.9839783,4.03377,7.258899211883547,0.54163396,0.9563854575157166,0.9563705,chukchi
2016-07-27,0.21381432,0.6199523925781252,2.9695358,-1.1114197,3.5010438,6.745964050292969,0.56570476,1.049408507347107,0.8831712,chukchi
2016-07-28,0.2091689,0.5919860839843751,2.509575,-1.1778259,5.480988,8.80082302093506,0.6755643,1.2326616287231444,1.2961988,chukchi
2016-07-29,0.19236898,0.5654113769531253,2.133667,-1.0899353,6.7402973,9.896209144592287,1.0313087,1.7883697986602785,1.9271672,chukchi
2016-07-30,0.19269119,0.58853759765625,1.6531906,-1.2808533,7.857673,11.578120994567872,1.4487615,2.3711061477661133,1.971032,chukchi
2016-07-31,0.19768712,0.5777709960937503,2.3241425,-1.179779,6.4181356,10.373411750793457,0.9322547,1.6479426860809325,1.9707342,chukchi
2016-08-01,0.19037904,0.5322814941406251,3.5788498,-0.82455444,8.731016,11.897196769714359,1.1804906,2.035517311096192,1.4756631,chukchi
2016-08-02,0.1805416,0.558697509765625,1.9556122,-1.6372986,8.087972,11.379179191589355,1.3210144,2.1878498554229737,2.0727952,chukchi
2016-08-03,0.18182598,0.5825256347656251,1.8102341,-1.6387634,4.9671626,8.919926834106446,0.76263565,1.2940020084381103,2.3239665,chukchi
2016-08-04,0.18696949,0.600677490234375,2.234497,-2.0057068,4.7257595,9.158053779602055,0.54989606,1.1901795864105225,1.9523344,chukchi
2016-08-05,0.16271089,0.5441223144531251,3.0962448,-2.4031677,6.047716,9.287863349914552,0.78045803,1.3216214179992676,1.5315398,chukchi
2016-08-06,0.15380915,0.5390319824218751,3.8308716,-2.2095642,6.2094994,8.747989463806153,0.8735141,1.3995207786560058,1.1656907,chukchi
2016-08-07,0.15575248,0.526806640625,3.7991333,-2.274994,4.245832,7.4757709503173855,0.677907,1.4244246959686282,0.7229147,chukchi
2016-08-08,0.14824072,0.5032470703125,2.9785233,-1.8934021,4.949045,7.836470127105713,0.66895705,1.0814284801483154,0.6738572,chukchi
2016-08-09,0.13603619,0.4849365234375002,2.4541626,-2.1736755,6.2095065,8.880431938171387,0.8679868,1.4381508350372314,1.2252865,chukchi
2016-08-10,0.12941559,0.46747436523437547,2.352089,-1.7120056,6.2816687,9.086473083496095,0.9548038,1.4797485828399657,1.7117426,chukchi
2016-08-11,0.116210565,0.43425292968750007,2.9376678,-2.1402283,6.0629025,9.443463706970215,0.8394731,1.3215354919433593,1.7071707,chukchi
2016-08-12,0.11225895,0.42019042968750003,3.2653427,-1.3147888,4.547362,7.541053676605225,0.62347203,1.105813980102539,0.97054034,chukchi
2016-08-13,0.11209278,0.42417602539062504,2.945938,-1.8309021,4.3330183,6.661349678039551,0.5518224,0.8171997785568239,0.7281558,chukchi
2016-08-14,0.103350356,0.39636230468750006,2.6097488,-1.8465271,5.1282163,9.0112361907959,0.6137236,1.2069133281707765,0.78493273,chukchi
2016-08-15,0.1070045,0.38291625976562516,1.9797211,-1.976654,7.6328564,10.961539459228515,1.0096602,1.6396430492401128,1.8090184,chukchi
2016-08-16,0.09317765,0.3638671875,2.2962265,-1.5791931,6.9588747,10.466286659240723,1.0902293,1.68899359703064,2.1032286,chukchi
2016-08-17,0.09700325,0.39390869140625007,3.2825317,-3.078949,5.4082775,9.288213729858398,0.7360523,1.4679586410522467,1.7100289,chukchi
2016-08-18,0.1000903,0.38101196289062533,4.263092,-2.705902,6.951162,11.302486228942872,1.036174,1.9646783351898187,1.2002469,chukchi
2016-08-19,0.09198845,0.3640014648437501,2.4465485,-2.2413025,6.581383,10.597471618652344,1.1147876,1.8039642810821532,1.6661928,chukchi
2016-08-20,0.08735036,0.3552246093750001,2.0434494,-2.1082458,6.384074,11.124764060974124,1.0046656,2.016822052001953,2.1955612,chukchi
2016-08-21,0.09103092,0.37007446289062523,1.584404,-2.7896423,6.0186987,11.427505493164066,0.937606,2.178251028060913,2.8327146,chukchi
2016-08-22,0.08852031,0.3693298339843751,0.75375366,-3.457611,7.5893826,13.096221733093273,1.2934309,2.8782858848571777,3.193245,chukchi
2016-08-23,0.08714409,0.3529541015625,0.86240387,-3.2085876,6.549202,11.445974922180183,1.1271074,2.371873903274536,3.8981237,chukchi
2016-08-24,0.07815266,0.3193115234375001,2.5097198,-1.9566345,6.817913,10.033586311340333,1.0098085,1.5602773666381835,2.6606765,chukchi
2016-08-25,0.06843939,0.29072875976562507,4.5754013,-0.93344116,8.666691,12.273128128051757,1.3940997,2.5465517044067383,1.6756313,chukchi
2016-08-26,0.060658768,0.2574707031250003,4.9729996,-0.81015015,7.6429095,11.52758140563965,1.3327895,2.3813140869140623,1.2943902,chukchi
2016-08-27,0.046950504,0.21671142578125002,6.386261,0.9791565,9.957718,13.382751655578614,1.7321618,2.8619790077209473,1.252593,chukchi
2016-08-28,0.04104326,0.2030822753906253,5.361191,0.45303345,8.480905,12.556619453430176,1.6854844,2.5557788372039796,2.098042,chukchi
2016-08-29,0.04119931,0.20404663085937505,3.6207733,-0.4234314,6.2464905,9.275297164916994,1.1348671,1.827152967453003,2.1911418,chukchi
2016-08-30,0.04001218,0.19205322265625013,3.5102844,-1.5332947,5.0183945,9.549628257751465,0.91868573,1.548708152770996,1.2577045,chukchi
2016-08-31,0.047828846,0.2036804199218754,2.707077,-3.157318,5.0814238,8.215022850036622,0.7215102,1.1600246906280518,1.418206,chukchi
2016-09-01,0.06119119,0.25895385742187527,1.6385345,-3.0245056,5.3901734,9.310605812072755,0.8598105,1.4780107736587524,1.8096508,chukchi
2016-09-02,0.060407188,0.2484985351562501,1.72966,-2.6905212,5.515571,9.84752712249756,0.9023629,1.7018006324768067,1.5601828,chukchi
2016-09-03,0.060670428,0.2477294921875004,2.6386871,-3.6822205,6.1128597,9.912916374206544,0.9576429,1.7091649532318116,1.3695378,chukchi
2016-09-04,0.054882288,0.23767089843750006,2.4156723,-3.8338318,6.0114427,9.178232002258305,0.8281555,1.4427082538604736,1.2702485,chukchi
2016-09-05,0.041658297,0.18692626953125022,2.069519,-1.7759705,8.852457,12.265349578857423,1.416853,2.4644038677215576,2.0757399,chukchi
2016-09-06,0.035069108,0.16570434570312548,1.4306183,-1.5967712,7.7920003,12.617484283447267,1.3919683,2.683262205123902,2.8171494,chukchi
2016-09-07,0.03580291,0.16292114257812512,1.8767395,-2.8226013,7.1049933,10.447126579284669,1.1451734,1.7619312763214112,1.6836722,chukchi
2016-09-08,0.03803234,0.17005615234375052,2.786148,-2.6131287,4.524934,6.986732292175294,0.65404576,1.0617137908935548,1.3830216,chukchi
2016-09-09,0.03604693,0.16638793945312538,3.1727066,-2.2603455,4.6152344,7.962608146667481,0.5265721,0.8816708326339722,1.0626351,chukchi
2016-09-10,0.031874396,0.140148925781251,2.0245438,-2.900238,5.8014402,8.346192932128908,0.76962996,1.2182103633880617,2.3559527,chukchi
2016-09-11,0.032958083,0.15105590820312528,1.2292099,-3.6602478,4.548904,7.984557914733892,0.739269,1.1537599802017213,3.4531908,chukchi
2016-09-12,0.031356193,0.12791137695312502,0.94408417,-3.5926208,7.427192,13.064484405517579,1.1876856,2.9049863815307617,3.2285128,chukchi
2016-09-13,0.02769564,0.09167480468750021,-0.17769623,-4.5188904,7.8637333,13.407156372070313,1.5063002,3.202561140060425,4.131879,chukchi
2016-09-14,0.0251752,0.07815551757812525,-0.37750244,-3.9080505,6.944771,10.586407089233399,1.1168526,2.173781299591065,4.1536727,chukchi
2016-09-15,0.027467908,0.10639038085937505,0.12610626,-2.5643005,6.4487805,10.128254508972171,0.9534315,1.549527025222778,3.3229594,chukchi
2016-09-16,0.027652148,0.11330566406250037,1.1368942,-2.7417908,8.675249,12.738330650329592,1.4263284,2.438683700561524,2.4817216,chukchi
2016-09-17,0.021091156,0.06207885742187501,0.977417,-3.3592224,8.446143,13.158630180358887,1.5689571,2.72381329536438,2.1096377,chukchi
2016-09-18,0.017621988,0.0,0.10001373,-3.0916443,10.515767,14.306524658203125,2.2630682,3.486239433288574,4.240235,chukchi
2016-09-19,0.022828886,0.06535644531250036,0.8375473,-2.971527,8.517843,13.573193168640136,1.6748061,3.0310020446777344,3.439148,chukchi
2016-09-20,0.024619216,0.07839965820312546,1.2960968,-2.2913513,7.2858305,12.018355178833009,1.3438232,2.2733055114746095,2.302178,chukchi
2016-09-21,0.021361733,0.03852539062500006,1.1690598,-2.047943,5.1462193,8.964850997924804,0.97217065,1.600030517578125,1.6421387,chukchi
2016-09-22,0.021505162,0.06450195312500007,0.9069061,-2.5584412,5.095788,8.33626003265381,0.8483294,1.2380940437316894,1.718282,chukchi
2016-09-23,0.026687955,0.10805053710937523,0.6092148,-2.561615,4.8224564,8.97092170715332,0.8278381,1.3994032859802246,1.908657,chukchi
2016-09-24,0.021814058,0.06297607421875032,-0.18748474,-3.3086853,5.7482204,10.010136032104493,1.0171732,1.8725359439849854,2.6197336,chukchi
2016-09-25,0.021109663,0.024487304687500017,-0.1809082,-5.0747986,5.9315434,9.155809020996093,1.0031954,1.6915592908859254,3.0969234,chukchi
2016-09-26,0.044152554,0.20347900390625073,-0.64663696,-7.035492,5.512342,7.744794845581056,0.85611105,1.2264318943023682,3.9566813,chukchi
2016-09-27,0.039428923,0.18958129882812508,0.0014343262,-5.7642517,7.5475855,12.777062416076662,1.1914647,2.5290028572082517,4.153244,chukchi
2016-09-28,0.01893346,0.005212402343750158,2.3151855,-4.57016,10.853396,14.63153476715088,2.256026,3.3385995864868163,2.052587,chukchi
2016-09-29,0.01543051,0.0,2.431778,-2.3641052,8.668646,12.100573539733887,1.7781218,2.6465532302856447,2.4870567,chukchi
2016-09-30,0.01949346,0.0,3.2346725,-2.1470642,8.285633,11.959204483032227,1.4970999,2.364904165267945,1.2405698,chukchi
2016-10-01,0.015963258,0.0,3.5462036,-0.044281006,9.010781,12.301233673095703,1.5919563,2.5173287868499754,1.3200992,chukchi
2016-10-02,0.014491674,0.0,2.6699905,-1.5508728,9.637324,11.900619697570802,1.8395644,2.4612950325012206,1.8892765,chukchi
2016-10-03,0.013305516,0.0,2.5069733,-1.4251404,6.4597473,10.507376098632813,1.5904791,2.2839512825012207,1.4922333,chukchi
2016-10-04,0.018314967,0.0,2.0808487,-1.9598083,4.0860496,6.537185764312745,0.9629729,1.5640023708343507,0.97821105,chukchi
2016-10-05,0.02817062,0.07398071289062501,1.0892105,-3.903656,3.64961,6.815931224822999,0.6147999,0.9779180645942688,0.95728713,chukchi
2016-10-06,0.027381063,0.084930419921875,1.1768494,-3.7776794,5.253335,10.812612342834473,0.6349048,1.6543744802474973,1.4055958,chukchi
2016-10-07,0.020772835,0.028289794921875,1.3472977,-3.1197205,7.920808,11.767208671569826,1.2069485,2.2771095752716075,1.8104684,chukchi
2016-10-08,0.011423199,0.0,1.5844269,-2.4456482,9.305152,11.572512245178222,1.6083423,2.2695777893066404,2.1376908,chukchi
2016-10-09,0.011345458,0.0,1.7109528,-1.9983826,9.282028,11.65293483734131,1.8848436,2.483464241027832,2.3259866,chukchi
2016-10-10,0.009767098,0.0,2.7827835,-1.8399353,9.061443,11.671364784240723,1.9134809,2.500863790512085,1.881861,chukchi
2016-10-11,0.0114415055,0.0,2.7457352,-0.96102905,7.0704527,11.208984756469727,1.4062166,2.0127058029174805,1.5554655,chukchi
2016-10-12,0.011644518,0.0,1.7888184,-2.1355896,7.7315116,11.465445137023925,1.6247172,2.4796188354492186,1.850796,chukchi
2016-10-13,0.010484394,0.0,1.0825272,-2.730072,7.209655,11.006978607177738,1.6908058,2.5654233932495116,1.8285464,chukchi
2016-10-14,0.008387755,0.0,0.37651062,-3.644867,7.162213,10.676779937744145,1.6493568,2.3201426029205323,1.9898701,chukchi
2016-10-15,0.007502014,0.0,0.15434265,-4.530548,7.222104,10.275984764099121,1.4054639,1.9667108058929443,2.8166928,chukchi
2016-10-16,0.00878937,0.0,-0.5180435,-4.6558533,8.084218,10.402742004394533,1.4361135,2.1857730865478517,4.1089144,chukchi
2016-10-17,0.00878937,0.0,-0.9380493,-6.903595,7.653739,10.584802055358887,1.432248,2.0999497413635253,4.778656,chukchi
2016-10-18,0.013506334,0.0,-0.7654648,-9.898529,5.7829895,10.411984252929688,1.1019076,1.783860206604004,3.3162003,chukchi
2016-10-19,0.020537874,0.014636230468750233,-0.97576904,-7.5229797,4.7497387,7.512111949920654,0.79761785,1.2939781665802002,3.0979154,chukchi
2016-10-20,0.04645692,0.2242370605468752,-1.7833405,-8.9097595,7.3696785,11.001222610473633,1.1519763,2.1467141628265383,3.825847,chukchi
2016-10-21,0.07245558,0.3293090820312507,-2.470108,-10.66449,8.875088,11.755936431884766,1.6060181,2.280747127532959,4.5378127,chukchi
2016-10-22,0.09262832,0.45477294921875017,-2.793663,-10.516449,7.810041,12.181046867370606,1.755955,3.094764471054078,4.5831738,chukchi
2016-10-23,0.10275504,0.4891601562500002,-1.0562973,-7.5314026,5.428993,10.281536674499513,1.0354264,1.785014390945435,3.6692772,chukchi
2016-10-24,0.09344788,0.4154602050781251,-0.0019226074,-7.5481873,8.025064,12.161763381958007,1.5081649,2.7289019584655763,2.4086208,chukchi
2016-10-25,0.068985604,0.3228332519531253,0.7705231,-5.516205,10.475758,16.90977668762207,2.3016157,4.83487024307251,2.2525153,chukchi
2016-10-26,0.052503273,0.24943847656250007,1.1303787,-5.672943,11.003885,15.923517608642578,2.5473416,4.724452781677246,2.3026876,chukchi
2016-10-27,0.03918318,0.18081665039062528,1.5718689,-4.1460876,9.836307,14.600403213500979,2.2725775,3.590648460388184,1.9076667,chukchi
2016-10-28,0.040492754,0.17138061523437595,0.7669678,-5.4668884,6.482367,11.012352752685548,1.326951,2.3059313774108885,1.5090021,chukchi
2016-10-29,0.03263031,0.12702636718750054,0.42944336,-5.505707,12.231663,17.22426986694336,2.561501,4.6826197624206545,1.837578,chukchi
2016-10-30,0.018184861,0.0,1.9538193,-2.1695251,12.03525,16.300547409057618,3.202429,4.772494125366211,2.2170203,chukchi
2016-10-31,0.016087905,0.0,0.69628143,-3.5242615,8.688761,11.977825546264649,1.9819589,3.3552485466003423,1.7563753,chukchi
2017-07-01,0.3379869,0.819647216796875,3.288643,-0.2852478,3.7526708,7.164184474945069,0.47075805,0.8915414571762086,0.6946441,chukchi
2017-07-02,0.3338317,0.828594970703125,3.6203003,-0.25985718,4.0040636,7.112428665161134,0.4052196,0.8097615242004395,0.83350605,chukchi
2017-07-03,0.31443998,0.81385498046875,4.0514297,-0.75790405,4.753829,7.557581901550294,0.4601813,0.8349619269371034,0.965504,chukchi
2017-07-04,0.30628243,0.7986083984375001,4.374916,-1.5005798,4.8273606,7.491747856140138,0.4984435,0.9010102033615113,1.020961,chukchi
2017-07-05,0.2824378,0.7552429199218751,4.613472,0.054840088,6.118444,10.719696617126466,0.89436245,1.9139631986618042,0.8074883,chukchi
2017-07-06,0.26235557,0.7285034179687501,4.8348236,-0.23300171,7.383501,11.674396324157716,1.5754488,2.5359158992767337,0.9174042,chukchi
2017-07-07,0.23607863,0.6726745605468752,4.220421,-0.466156,8.187422,12.538217926025391,1.4086673,2.6590951442718507,0.77445066,chukchi
2017-07-08,0.2507912,0.7020263671875002,3.6695862,-0.8033142,6.2474,11.01748390197754,1.086185,1.766325306892395,0.8788362,chukchi
2017-07-09,0.25109473,0.7268554687500001,3.2102203,-0.64974976,3.0338929,6.316128253936771,0.5693357,0.9826119303703309,0.8308389,chukchi
2017-07-10,0.24370003,0.717449951171875,3.1752853,-1.7171326,4.732209,10.059361839294434,0.7551775,1.8055575370788575,1.0031633,chukchi
2017-07-11,0.24914241,0.7568908691406251,3.285553,-1.1748962,5.603922,9.699409675598146,1.0239482,1.7968018770217897,1.12737,chukchi
2017-07-12,0.23009616,0.7137268066406252,3.6037216,-1.5711365,4.6517963,7.704028320312501,0.7573944,1.0713223457336425,0.9505743,chukchi
2017-07-13,0.18948649,0.621917724609375,4.7289352,-1.5862732,5.4941344,8.216384124755862,0.6542518,1.0231678485870361,0.8695338,chukchi
2017-07-14,0.16541931,0.5774475097656252,5.4180984,0.02432251,5.2197814,8.04996337890625,0.60558194,1.006032943725586,0.692827,chukchi
2017-07-15,0.17074245,0.6217956542968756,4.2492523,-0.5508728,4.936179,8.281860542297364,0.53775114,1.1847352981567383,0.6437038,chukchi
2017-07-16,0.17662653,0.6617004394531251,4.252304,-1.2574158,5.81168,8.464875030517579,0.8286071,1.292598009109497,1.0122461,chukchi
2017-07-17,0.1512696,0.5995971679687501,5.4068832,-0.32455444,6.1138344,8.38941478729248,0.8752921,1.1535966396331787,0.92201847,chukchi
2017-07-18,0.1234077,0.530950927734375,5.16407,-0.54818726,4.0091,8.02119140625,0.7243144,1.0504929542541503,0.6238811,chukchi
2017-07-19,0.11314414,0.48856811523437504,4.4677124,-0.5437927,3.4230416,5.167618370056153,0.48704284,0.6607208728790284,0.7017858,chukchi
2017-07-20,0.10955242,0.48775024414062507,4.1913986,-0.69369507,5.0166817,7.641317367553712,0.5332962,0.9967854738235473,1.2558732,chukchi
2017-07-21,0.1063696,0.4958190917968751,4.2867737,-0.6766052,6.2946854,10.91645793914795,0.81711096,1.6207537412643438,1.6097465,chukchi
2017-07-22,0.09574498,0.4447875976562501,4.355835,-0.95370483,8.616465,14.037740325927736,1.4197615,3.0434608459472656,1.7784151,chukchi
2017-07-23,0.099588916,0.44442138671875003,4.8386,-2.0225525,6.8003244,10.877577209472657,1.3028686,2.5537497997283936,1.4409671,chukchi
2017-07-24,0.08418337,0.40145874023437506,4.4078217,-0.91000366,6.633215,10.696632385253906,1.340078,1.8616602420806885,1.1810615,chukchi
2017-07-25,0.07533912,0.36728515625000024,3.908821,-0.5826111,5.670988,7.966846275329591,0.8946208,1.3283399343490603,1.5363957,chukchi
2017-07-26,0.0639512,0.330145263671875,4.2116394,-0.18319702,5.561215,8.671625900268555,0.72264785,1.0977812767028812,2.091321,chukchi
2017-07-27,0.045334756,0.26903686523437503,5.401886,-0.51571655,7.296409,10.192469596862793,0.9262577,1.7182628631591799,1.4798542,chukchi
2017-07-28,0.03764521,0.23117675781250036,5.957817,-0.5064392,6.8063197,10.607328033447267,1.1356512,1.7661889076232913,1.0578502,chukchi
2017-07-29,0.03273257,0.10866699218750016,5.762169,-0.49301147,6.1374626,11.646142387390139,0.91336924,1.6216818332672123,0.793319,chukchi
2017-07-30,0.020309592,0.0,4.1424713,-0.59213257,7.433446,12.469040870666504,1.3965583,2.3777355194091796,2.2532334,chukchi
2017-07-31,0.014563372,0.0,5.060486,-0.32748413,6.657718,10.481232261657718,1.0584874,1.7985237598419188,1.4708891,chukchi
2017-08-01,0.012698917,0.0,4.7966614,-1.9998474,6.057426,10.70500831604004,1.0237236,1.7598044633865357,1.0482879,chukchi
2017-08-02,0.013501913,0.0,4.6194916,-1.7864685,4.3999157,8.392943954467777,0.74206555,1.3692116260528564,1.2478788,chukchi
2017-08-03,0.00920997,0.0,4.9205475,-1.1094666,4.128186,7.0354814529418945,0.4906239,0.7187379598617555,0.9173269,chukchi
2017-08-04,0.003327953,0.0,5.4600067,-1.0013123,6.053498,10.4529203414917,0.67015094,1.5643800735473634,0.9078169,chukchi
2017-08-05,0.0013086307,0.0,6.2188416,-0.8164978,8.24446,12.132982063293458,1.2890979,2.483025550842285,1.3317193,chukchi
2017-08-06,0.0012718802,0.0,4.6648483,-0.20297241,4.7528977,9.806990814208985,0.9851235,2.1229729652404785,1.6051469,chukchi
2017-08-07,0.0008914122,0.0,5.157135,-0.67733765,3.909113,6.614724636077883,0.6047231,0.861669659614563,0.9992918,chukchi
2017-08-08,0.0010847361,0.0,4.8209076,-0.5484314,4.9889536,12.716629600524904,0.632989,1.8585284948349,0.9449458,chukchi
2017-08-09,0.0013542745,0.0,4.6517334,-1.1836853,9.409728,14.82579288482666,1.8660796,3.5958006381988525,2.087756,chukchi
2017-08-10,0.0023581323,0.0,4.112549,-1.2764587,7.384654,11.29449405670166,1.4513552,2.385735511779785,2.6279883,chukchi
2017-08-11,0.0022972878,0.0,3.7419205,-1.2400818,9.557629,12.732905578613282,1.7384228,2.7425318241119383,2.2551522,chukchi
2017-08-12,0.0034248694,0.0,2.5766754,-1.0393982,9.172884,13.510374069213873,1.694806,2.9651598930358873,3.132234,chukchi
2017-08-13,0.0044569443,0.0,2.5485764,-1.1238708,8.100154,14.131441497802735,1.4271609,3.1754849433898924,2.9419048,chukchi
2017-08-14,0.0044048345,0.0,2.5855484,-1.2598572,6.726684,13.424045372009283,1.2274265,2.8955484867095946,3.0119777,chukchi
2017-08-15,0.005196267,0.0,3.2154236,-1.9007263,7.583011,12.642613983154298,1.4589696,2.53545823097229,2.4227471,chukchi
2017-08-16,0.005850174,0.0,2.535843,-1.3733826,6.402538,11.124452590942385,1.6082547,2.4620927333831792,2.2845821,chukchi
2017-08-17,0.0072025196,0.0,3.0741959,-1.4097595,5.88449,9.884722137451172,1.2658913,2.0003279209136964,2.2567039,chukchi
2017-08-18,0.0059212795,0.0,2.6894531,-1.2122498,5.776969,11.109477424621586,1.1521134,2.2472333431243894,1.9289888,chukchi
2017-08-19,0.0060837995,0.0,2.4873886,-1.3260193,5.8166475,10.433062744140626,1.0618792,2.041232633590698,1.9817842,chukchi
2017-08-20,0.00704531,0.0,3.1963348,-1.9881287,3.54819,7.242478084564209,0.65943956,1.1953675985336312,2.0785518,chukchi
2017-08-21,0.006871702,0.0,4.298004,-1.2708435,5.234102,8.180838584899902,0.6221262,1.1429281473159791,1.3152454,chukchi
2017-08-22,0.0077191875,0.0,3.7501373,-1.1304626,6.0453897,10.699710655212403,0.8865799,2.0429277420043945,1.0298004,chukchi
2017-08-23,0.0073380307,0.0,2.863762,-2.1575623,6.018851,9.97545394897461,0.9762703,1.8952440261840835,1.7496579,chukchi
2017-08-24,0.0076043676,0.0,2.680397,-1.955658,6.171045,8.973106575012208,0.9607844,1.492011594772339,2.5238235,chukchi
2017-08-25,0.0063788206,0.0,2.8660965,-2.1509705,5.898044,9.492375755310059,1.0004082,1.4850673198699953,2.8009517,chukchi
2017-08-26,0.0055793957,0.0,2.8214722,-1.559906,6.293337,10.333728790283203,1.0166988,1.7600157737731936,3.2133934,chukchi
2017-08-27,0.0050712284,0.0,2.956108,-1.0989685,6.5941935,10.252514839172365,1.0397528,1.7460423946380619,3.371644,chukchi
2017-08-28,0.0055574216,0.0,2.7721863,-1.2566833,5.804335,9.5423828125,1.0513703,1.6400401592254639,3.8631406,chukchi
2017-08-29,0.0043762145,0.0,2.7610092,-2.467865,4.7298813,8.228501319885256,0.8163242,1.163468837738037,3.4885433,chukchi
2017-08-30,0.0042476994,0.0,2.4245071,-2.2547302,6.796336,10.999430656433116,1.021874,1.974663496017456,3.4028392,chukchi
2017-08-31,0.0042768177,0.0,2.4959106,-2.3540955,7.2297745,11.367253494262696,1.1876128,2.186208295822144,3.770536,chukchi
2017-09-01,0.0036136352,0.0,2.6176605,-1.8091736,7.3456445,11.301730537414551,1.3139358,2.270591688156128,3.479014,chukchi
2017-09-02,0.0029568449,0.0,3.3518524,-1.776947,5.3877606,9.10995922088623,1.0632689,1.7942759275436402,2.7339158,chukchi
2017-09-03,0.0006238666,0.0,4.281433,-0.6993103,6.508378,11.35761775970459,0.9320837,1.9260525703430176,1.9118929,chukchi
2017-09-04,0.0,0.0,4.7007065,-0.1578064,6.507915,12.04455795288086,1.1826794,2.3470826148986816,1.5281827,chukchi
2017-09-05,0.0,0.0,4.2864456,-0.33261108,5.030814,8.306759452819826,0.8527987,1.4677661657333374,1.129246,chukchi
2017-09-06,0.0,0.0,4.2568893,-0.60775757,4.900574,8.902688980102539,0.76917714,1.2254624366760254,0.81579316,chukchi
2017-09-07,0.00033858718,0.0,3.7368011,-1.5916443,8.068208,12.82537021636963,1.4077896,3.094409465789795,1.3394694,chukchi
2017-09-08,0.0004969627,0.0,2.8690796,-2.1167908,8.777683,13.491427421569824,2.2247915,3.5512936115264893,2.2677715,chukchi
2017-09-09,0.0,0.0,2.6582031,-2.1055603,6.964632,10.678764343261722,1.669876,2.4529929161071777,2.4143639,chukchi
2017-09-10,0.0,0.0,2.3760834,-1.322113,5.797288,8.676135063171388,1.1680474,1.9086918830871582,2.5821283,chukchi
2017-09-11,0.002993945,0.0,2.5356216,-0.94711304,4.3363304,7.275566196441651,0.80802596,1.2695462703704834,2.8054776,chukchi
2017-09-12,0.0,0.0,3.1500168,-0.7510681,6.995075,12.27272300720215,0.981953,2.086254358291626,2.3669755,chukchi
2017-09-13,0.0012543583,0.0,3.2795715,-0.91415405,9.188114,13.75552921295166,2.0898185,3.515002727508545,2.1967182,chukchi
2017-09-14,0.000988159,0.0,3.4329758,-1.2420349,6.8487453,12.665694427490235,1.7038611,3.3559670448303223,2.8310328,chukchi
2017-09-15,0.001099237,0.0,3.645401,-0.636322,6.2584486,10.192082595825196,1.3526516,2.104982852935791,2.649296,chukchi
2017-09-16,0.00043733735,0.0,3.438118,-0.57577515,6.141713,9.651105690002442,1.1520466,1.6453126668930054,2.6504393,chukchi
2017-09-17,0.00017681964,0.0,2.8158493,-1.962738,6.365663,10.30520305633545,1.2104392,1.6874299049377441,2.7793024,chukchi
2017-09-18,0.0025204085,0.0,2.20504,-4.777191,5.1963243,9.171800804138183,0.98945165,1.4103357791900635,3.1662726,chukchi
2017-09-19,0.0027139762,0.0,1.6837006,-1.8252869,6.0820656,9.420165824890137,0.97828543,1.4766293525695802,4.3042054,chukchi
2017-09-20,0.0019911686,0.0,2.2412567,-1.7000427,6.219387,9.656139755249024,1.106261,1.7282743453979492,4.714593,chukchi
2017-09-21,0.0019126327,0.0,2.6778412,-0.74227905,6.4239926,9.794689750671386,1.1755978,1.8890788555145264,4.4743533,chukchi
2017-09-22,0.0015279035,0.0,2.7432327,-0.52352905,6.787304,10.542425918579102,1.2743456,1.9860892295837402,3.891828,chukchi
2017-09-23,0.00059291447,0.0,2.625801,-0.4768982,6.815948,11.056983375549319,1.2889663,2.167257785797119,3.466148,chukchi
2017-09-24,0.0031737327,0.0,2.4109192,-1.9664001,6.1280713,9.424520111083986,1.1268957,1.682462453842163,2.6710908,chukchi
2017-09-25,0.0029292423,0.0,1.6790009,-1.7268982,7.2808037,10.285417938232424,1.230855,1.6743439197540286,4.104725,chukchi
2017-09-26,0.0025287084,0.0,1.9097977,-3.6338806,5.987012,10.181137275695802,1.1767461,2.0136630535125732,3.9905033,chukchi
2017-09-27,0.0021177758,0.0,2.5990906,-3.1243591,5.5807366,8.653547668457032,0.9034447,1.5049448013305664,2.5551705,chukchi
2017-09-28,0.0025669746,0.0,1.3233109,-6.912201,9.904552,16.687709426879884,2.0631166,5.476467132568359,3.0384843,chukchi
2017-09-29,0.003829251,0.0,0.007583618,-6.830658,11.139405,16.927588272094727,3.393687,5.780331611633301,4.4853077,chukchi
2017-09-30,0.004118792,0.0,0.98485565,-6.9790955,7.9026875,13.755136489868164,2.1412885,4.155170440673828,3.4432397,chukchi
2017-10-01,0.004765756,0.0,2.5448074,-3.9566345,7.4309006,12.635775566101074,1.4667164,2.425502109527588,3.0322883,chukchi
2017-10-02,0.004890805,0.0,3.4279099,-1.3611755,8.167806,12.415560150146485,1.6878015,2.5531621456146243,1.5168861,chukchi
2017-10-03,0.0058884723,0.0,2.5575867,-1.9180603,7.237172,12.463408851623536,1.6145519,3.2231226444244383,1.681409,chukchi
2017-10-04,0.005444054,0.0,2.6807098,-1.4248962,5.5948935,12.45984630584717,1.732757,3.2863746166229246,1.449079,chukchi
2017-10-05,0.005480317,0.0,2.2771912,-2.3611755,5.482289,10.956430435180664,1.526327,2.4979989528656,1.29478,chukchi
2017-10-06,0.0034515709,0.0,1.4468002,-3.5081482,8.255196,11.845297813415527,1.7426999,2.3118457317352292,2.069936,chukchi
2017-10-07,0.0040479726,0.0,0.5639801,-6.5899353,6.8706713,11.676548957824709,1.5877013,2.4366884708404544,4.2827387,chukchi
2017-10-08,0.0057914923,0.0,-0.12478638,-5.321869,5.6927423,8.811415672302251,1.1087965,1.5577637434005738,4.773682,chukchi
2017-10-09,0.0077264593,0.0,0.20207977,-4.482025,6.634324,11.025632858276369,1.0707093,1.6605764627456665,4.612365,chukchi
2017-10-10,0.004928467,0.0,1.3479767,-4.1426697,7.702577,10.349523162841797,1.3809607,1.9286139011383057,3.1901078,chukchi
2017-10-11,0.0049029207,0.0,1.0062103,-5.320404,5.7535324,9.315397644042969,1.2304544,1.6061049938201906,3.0453312,chukchi
2017-10-12,0.008218758,0.0,1.1659851,-5.3277283,10.162314,16.83102035522461,1.8815148,4.32797384262085,3.2900198,chukchi
2017-10-13,0.0012795123,0.0,2.0218506,-4.4532166,13.724915,17.947631072998046,3.7617679,5.645488739013673,2.2890172,chukchi
2017-10-14,0.001238596,0.0,1.5320892,-6.370941,11.714952,15.927921676635744,3.2212524,5.281756401062012,2.8251963,chukchi
2017-10-15,0.0030385077,0.0,-0.36358643,-6.3299255,8.531912,14.337516784667969,2.147871,4.326083660125732,4.0180902,chukchi
2017-10-16,0.001736693,0.0,-0.94008636,-8.326508,7.1037755,11.0148250579834,1.4974427,2.5573501110076906,4.1218224,chukchi
2017-10-17,0.0057968027,0.0,-1.1626358,-7.3208923,8.461687,12.474379348754884,1.6019304,2.887909603118898,4.4134974,chukchi
2017-10-18,0.009820141,0.0,-2.4165268,-10.032623,9.813972,12.167842292785645,2.182832,2.9915524005889895,4.564134,chukchi
2017-10-19,0.01661653,0.0,-3.9500427,-12.518555,11.811392,16.635245895385747,2.895781,5.0469080924987795,4.3665485,chukchi
2017-10-20,0.02356505,0.0,-4.1275864,-12.8489685,11.842593,16.695048141479493,3.369597,5.6351847648620605,4.400595,chukchi
2017-10-21,0.0300486,0.0,-3.3302002,-10.82901,10.290756,14.047653007507325,2.4558258,3.524769163131714,4.484355,chukchi
2017-10-22,0.036275446,0.0,-2.5618057,-13.720001,9.679777,14.372988510131837,2.4007313,3.762996864318848,3.7094064,chukchi
2017-10-23,0.041632537,0.007983398437500025,-2.7218475,-15.283173,7.977858,12.35206470489502,1.9847902,3.0476758956909182,3.9263663,chukchi
2017-10-24,0.044243917,0.0466247558593752,-3.0154343,-16.317596,6.34302,10.096077728271485,1.4488118,2.193507766723633,3.8793733,chukchi
2017-10-25,0.047675062,0.10959472656250001,-3.1159668,-16.312653,5.4688,9.171667480468752,1.1245549,1.5589807271957403,4.259614,chukchi
2017-10-26,0.056756325,0.20739746093750033,-2.9076233,-16.181671,6.6578035,11.457020759582523,1.1987604,2.335584115982056,4.723135,chukchi
2017-10-27,0.06637478,0.2831787109375003,-3.1511917,-16.529236,8.537959,13.75885124206543,1.8136554,3.461439847946167,4.317293,chukchi
2017-10-28,0.073064074,0.3311828613281267,-3.1066208,-16.895752,9.570231,13.221781158447266,2.273981,3.3579769134521484,3.6655965,chukchi
2017-10-29,0.078129515,0.33347778320312643,-1.8923187,-15.302795,7.460258,12.562555503845214,1.8990088,2.9585697650909424,2.969009,chukchi
2017-10-30,0.078775726,0.3571960449218753,-2.1233215,-14.357574,5.4344893,9.188417434692385,1.1161261,1.8214323997497557,3.50484,chukchi
2017-10-31,0.08245285,0.37305908203125127,-0.5124054,-13.087494,5.564977,8.612404823303223,0.95838463,1.4342777252197265,2.8515575,chukchi
2018-07-01,0.38282517,0.8202087402343751,3.1852264,-0.77474976,6.0342693,8.776186561584474,0.6243559,1.0038644313812257,0.7883637,chukchi
2018-07-02,0.35970467,0.7965270996093751,3.869339,-0.63046265,6.244887,9.23281650543213,0.7880078,1.3546810626983643,1.053174,chukchi
2018-07-03,0.33262497,0.739056396484375,4.4437637,0.06387329,6.613348,9.680806159973145,1.079008,1.6208186388015746,1.0845628,chukchi
2018-07-04,0.332058,0.7529541015625001,3.930107,-0.77523804,6.1176133,10.532056045532226,1.1379108,1.818529582023621,1.1429697,chukchi
2018-07-05,0.32738033,0.7573425292968751,2.9317856,-0.44760132,5.192762,8.902433013916017,0.6503104,1.1695607900619507,1.1199946,chukchi
2018-07-06,0.29267433,0.692974853515625,4.6956253,0.4659729,7.0553336,10.374941635131837,0.75719756,1.5001233100891114,1.1908039,chukchi
2018-07-07,0.30779767,0.71600341796875,3.6315918,-0.5672302,6.4585238,9.918282127380373,0.81762147,1.3939476013183594,0.95225894,chukchi
2018-07-08,0.31603575,0.7309509277343751,2.0153809,-1.0774841,8.43387,13.027184104919435,1.462697,3.16692180633545,1.5316623,chukchi
2018-07-09,0.32975185,0.7498474121093751,2.0302963,-0.5635681,7.826963,12.78174514770508,1.6276605,3.0681556224823,1.6094198,chukchi
2018-07-10,0.32900068,0.7296875,1.9217758,-0.9891052,6.109251,10.971795082092289,1.1110783,2.591835689544678,1.4206988,chukchi
2018-07-11,0.3367819,0.752569580078125,2.1883545,-1.1338806,4.817054,8.538615036010743,0.74710655,1.6981984138488775,1.3295993,chukchi
2018-07-12,0.3296199,0.74210205078125,2.8034286,-0.8658142,5.055508,8.521793746948244,0.5385678,1.0453529119491578,1.5877542,chukchi
2018-07-13,0.2824773,0.666510009765625,4.9791718,0.5160217,8.043122,11.196907424926758,1.1256994,2.12895450592041,1.8831667,chukchi
2018-07-14,0.2650741,0.647528076171875,4.7951126,-0.98349,5.6995287,10.453858947753906,0.8990631,1.9937640905380247,1.4366556,chukchi
2018-07-15,0.261186,0.6453857421875003,3.3631744,-1.1394958,4.85795,6.936497116088868,0.59946024,0.9780354499816895,0.89019555,chukchi
2018-07-16,0.25347823,0.6260742187500004,2.4945831,-1.0713806,5.9733057,7.745249366760254,0.7777487,1.01425142288208,1.3777485,chukchi
2018-07-17,0.25099042,0.629217529296875,3.1657486,-1.5328064,5.8015647,9.054566764831543,0.72189033,1.1618394613265992,1.3491898,chukchi
2018-07-18,0.23467311,0.5941528320312501,4.0171204,-0.5555115,8.942123,13.29195442199707,1.7969222,3.172522830963134,1.1467322,chukchi
2018-07-19,0.22460397,0.5735717773437501,2.4624481,-0.54818726,8.75338,13.393206977844239,1.5414796,2.6544898986816405,1.97019,chukchi
2018-07-20,0.21405055,0.5550781250000001,3.02063,-1.0342712,7.3497477,11.355887413024902,0.91905814,1.8738379240036012,1.733488,chukchi
2018-07-21,0.200921,0.5313354492187501,3.849594,-1.6932068,5.917698,8.66802272796631,0.6378088,1.015273141860962,0.72902477,chukchi
2018-07-22,0.17610297,0.4852905273437501,5.0242157,-0.5730896,8.458318,11.126646995544434,1.0957085,1.871998167037964,0.9882055,chukchi
2018-07-23,0.17050822,0.48234252929687504,3.1581879,-1.8882751,5.1320744,9.704305839538575,0.7425195,1.3784428834915161,1.0717974,chukchi
2018-07-24,0.15605006,0.46088867187500004,4.679413,-1.3894958,7.0503,10.532152748107912,0.81369543,1.5086969137191772,0.7814898,chukchi
2018-07-25,0.14017831,0.4312072753906255,3.3941498,-0.9395447,7.5132523,11.093722534179692,1.0938222,1.690163803100586,1.0728235,chukchi
2018-07-26,0.13686985,0.4363586425781253,3.2652054,-1.3279724,6.402639,12.37711582183838,0.7999183,1.617911434173584,1.2538995,chukchi
2018-07-27,0.13686985,0.4363586425781253,3.5243912,-1.2964783,4.7770615,8.165460205078126,0.67091334,1.1047385931015015,0.9797888,chukchi
2018-07-28,0.13686985,0.4363586425781253,4.13105,-1.5440369,5.973632,8.622721290588379,0.7090666,1.1461212635040283,0.95328015,chukchi
2018-07-29,0.12230098,0.399859619140625,4.6139145,-1.2915955,5.712071,8.881527328491211,0.71788526,1.1480977535247803,0.8508911,chukchi
2018-07-30,0.1009928,0.3742675781250002,5.33963,-1.2286072,4.934939,8.877846336364746,0.6695416,1.169135570526123,0.9082077,chukchi
2018-07-31,0.09462297,0.3587524414062502,4.9886703,-0.98861694,4.4847555,7.248854637145998,0.5418965,0.8315601944923401,0.934717,chukchi
2018-08-01,0.08206633,0.3313476562500001,5.1692123,-1.3977966,5.3341966,8.437695693969728,0.57049996,0.9994929552078248,0.90127045,chukchi
2018-08-02,0.06680594,0.295123291015625,3.7492752,-1.2227478,7.5427876,11.238409423828125,1.1764785,2.3129147052764893,1.4282693,chukchi
2018-08-03,0.060525727,0.2753845214843752,2.7482376,-1.257904,7.046112,10.388655853271485,1.1893294,2.179305076599121,1.9095796,chukchi
2018-08-04,0.057597674,0.2719055175781251,2.3260193,-1.4578552,5.0112605,8.552323722839356,0.7077972,1.5743911266326904,2.092814,chukchi
2018-08-05,0.056151643,0.2698181152343757,2.857689,-1.4065857,4.0815935,5.945112895965576,0.48692226,0.7611940264701844,2.2565606,chukchi
2018-08-06,0.05548927,0.2657470703125001,2.8151855,-1.5452576,4.633301,6.732154560089113,0.46667674,0.7947068691253663,2.0429046,chukchi
2018-08-07,0.04908167,0.2398620605468751,2.7787476,-1.2571716,5.9835577,8.190288162231447,0.6876101,1.2281494140625,1.8552287,chukchi
2018-08-08,0.04908167,0.2398620605468751,2.4519806,-1.4480896,5.702982,8.308983039855958,0.8093141,1.2524046897888184,2.2641509,chukchi
2018-08-09,0.03189918,0.1039611816406254,2.69339,-1.1421814,5.069167,7.664158916473389,0.63139284,1.0698193550109867,2.3041906,chukchi
2018-08-10,0.028075812,0.06355590820312502,3.0170975,-0.96591187,4.325151,7.752315998077394,0.49756694,1.0349479436874394,1.9461088,chukchi
2018-08-11,0.028730419,0.06353149414062507,3.6608124,-2.537201,4.1102195,7.276034069061283,0.41244817,0.8613623380661011,1.4687755,chukchi
2018-08-12,0.026667243,0.019635009765625017,3.368431,-1.9490662,6.011733,10.856908798217773,0.71330893,1.8362033605575563,1.4825364,chukchi
2018-08-13,0.024955716,0.0,2.8228683,-1.2000427,8.071074,13.176782035827637,1.2460355,2.8054078102111815,1.6804256,chukchi
2018-08-14,0.023466872,0.0,2.637123,-1.924408,7.328235,12.878158950805664,1.1576117,2.82361216545105,2.1493568,chukchi
2018-08-15,0.022530781,0.0,4.5847244,-0.7256775,8.71932,11.915125465393066,1.3322791,2.202799367904663,2.1766956,chukchi
2018-08-16,0.01907745,0.0,4.79097,-0.6619568,8.018853,11.611166763305665,1.3589462,2.2243403434753417,1.561647,chukchi
2018-08-17,0.017528411,0.0,3.9030151,-1.3582458,4.3790846,8.431888198852539,0.8088876,1.4188874244689942,1.508553,chukchi
2018-08-18,0.014155057,0.0,4.3220215,-1.7947693,6.1151614,10.276942062377934,0.91194034,1.8100418090820314,1.3981224,chukchi
2018-08-19,0.009758703,0.0,4.5240097,-2.3890076,6.163334,9.7327486038208,1.0990167,1.6560067892074586,1.1004577,chukchi
2018-08-20,0.007197887,0.0,4.3018646,-1.5342712,6.3679447,10.163344573974609,1.1281784,1.7444839954376221,1.3496673,chukchi
2018-08-21,0.0055375784,0.0,4.015648,-1.5362244,6.7349224,10.310065078735352,1.0529168,1.9525715351104735,1.3109455,chukchi
2018-08-22,0.0042205947,0.0,3.6386948,-1.8663025,7.1080194,10.731932830810548,1.2918805,2.1757554531097414,1.3601134,chukchi
2018-08-23,0.0026453407,0.0,3.3676682,-1.5467224,6.715886,11.04474563598633,1.2617579,2.2728890419006347,1.7808378,chukchi
2018-08-24,0.0019571213,0.0,3.1117554,-1.9092712,5.8696547,9.095121002197267,1.0351001,1.6799575567245482,1.7970068,chukchi
2018-08-25,0.0011224723,0.0,3.4708405,-1.757904,5.3189015,8.766035461425782,0.9191293,1.426526975631714,1.7776102,chukchi
2018-08-26,0.0011015796,0.0,3.8063889,-2.2478943,5.3327913,9.021270370483398,0.8910916,1.3203879594802856,1.812816,chukchi
2018-08-27,0.00092106056,0.0,3.1744614,-2.5325623,5.832478,9.506586837768555,0.9467088,1.4555013179779053,1.5221993,chukchi
2018-08-28,0.00093106704,0.0,2.7781677,-1.4854431,6.124497,10.776870918273927,0.88708436,1.7455024719238281,1.9041305,chukchi
2018-08-29,0.0011385209,0.0,3.714798,-1.6487732,8.276723,11.685236549377441,1.4969256,2.3394980430603027,2.0569482,chukchi
2018-08-30,0.0012130075,0.0,2.326088,-1.7659607,5.968107,8.282846832275391,1.1004783,1.8647387027740479,3.0221138,chukchi
2018-08-31,0.0012495458,0.0,3.7367554,-1.877533,7.7126074,12.176489639282227,1.1147611,2.2965243339538572,2.2671108,chukchi
2018-09-01,0.0010720585,0.0,4.06559,-2.061615,6.4473104,10.699530029296875,1.1474634,2.0840679168701173,2.2076707,chukchi
2018-09-02,0.0011621271,0.0,3.682167,-2.20224,5.11508,8.155677413940431,0.80214953,1.1379607915878296,2.083542,chukchi
2018-09-03,0.0010948168,0.0,4.22876,-2.4664001,5.195836,8.520686149597172,0.75707686,1.1912195205688478,1.0684539,chukchi
2018-09-04,0.001084397,0.0,4.7651443,-1.9820251,6.2010713,9.195015335083008,0.881154,1.3596033811569215,1.5111564,chukchi
2018-09-05,0.0010217718,0.0,4.288559,-2.6099548,6.4127855,9.08825263977051,1.0390246,1.4231470108032227,1.3007221,chukchi
2018-09-06,0.0010502965,0.0,2.4011688,-2.6180115,4.9044886,8.092526245117188,0.8317801,1.2489445209503174,1.7145717,chukchi
2018-09-07,0.0010686241,0.0,4.1870193,-1.8189392,6.36839,9.627485084533692,0.9225105,1.5085034370422363,1.9187967,chukchi
2018-09-08,0.0011364432,0.0,5.256981,-1.0201111,5.556841,9.196548271179202,0.8340907,1.5050153732299805,1.0015178,chukchi
2018-09-09,0.0009032843,0.0,5.209976,-0.9222107,3.9452927,8.965092849731446,0.6940576,1.278769850730896,0.6297589,chukchi
2018-09-10,0.0003942905,0.0,5.1180954,-1.6639099,4.658738,8.54523048400879,0.6022171,1.117060899734497,0.45117512,chukchi
2018-09-11,0.00028265064,0.0,6.018196,-1.2801208,8.365265,11.81417007446289,1.1386912,2.139223575592041,0.81548005,chukchi
2018-09-12,0.00015577851,0.0,6.117882,-0.82724,7.8509254,11.926936531066897,1.5453142,2.5557444095611572,1.1911504,chukchi
2018-09-13,3.44078e-05,0.0,5.584488,-0.51034546,4.8174,8.486577033996582,1.0102699,1.9291632175445557,1.1414785,chukchi
2018-09-14,0.0,0.0,5.3981094,-1.5000916,6.7483897,9.837765884399415,0.933811,1.492758870124817,0.9849428,chukchi
2018-09-15,0.0,0.0,5.225891,-2.1082458,9.208937,11.456843376159668,1.5066434,2.2348644733428955,1.4417689,chukchi
2018-09-16,0.0,0.0,4.658806,-2.5376892,8.680172,11.56296443939209,1.6812494,2.4149980545043945,1.3936832,chukchi
2018-09-17,0.0,0.0,4.5787354,-1.9495544,8.329436,11.863379096984863,1.6965147,2.54439640045166,1.2798418,chukchi
2018-09-18,0.0,0.0,4.923485,-1.5733337,7.002675,12.284549903869628,1.5853655,2.848283290863037,1.3129845,chukchi
2018-09-19,0.0,0.0,4.6774216,-2.1092224,4.61291,9.90998516082764,1.2295144,2.3789920806884766,1.4534743,chukchi
2018-09-20,0.0,0.0,4.3565063,-1.361908,3.1501915,5.786861515045166,0.89768714,1.326925277709961,1.4092505,chukchi
2018-09-21,0.0,0.0,3.8439255,-1.667572,3.5269816,6.439200019836427,0.6795722,1.0308654308319092,1.5667337,chukchi
2018-09-22,0.0,0.0,3.4533234,-2.4761658,5.244919,8.63608856201172,0.69619894,1.3126558065414429,2.0886974,chukchi
2018-09-23,0.0,0.0,2.9978561,-2.6893005,5.5877895,9.02801971435547,0.8451825,1.3961517810821533,2.6912713,chukchi
2018-09-24,0.0,0.0,3.112526,-2.79599,5.620472,9.934342384338379,0.89507854,1.7485969066619873,3.0445669,chukchi
2018-09-25,0.0,0.0,3.142479,-2.131195,5.605447,10.350196266174317,1.0845096,2.177220106124878,3.0450835,chukchi
2018-09-26,0.0,0.0,3.1001892,-3.066986,5.1928477,9.913214492797852,1.0026937,2.089226245880127,3.4099183,chukchi
2018-09-27,0.0,0.0,3.5666275,-2.674652,4.9041843,7.737905693054199,0.85839784,1.2925946712493896,3.0484395,chukchi
2018-09-28,0.0,0.0,3.9724808,-2.261078,6.866743,11.714916229248047,1.0173872,2.048936367034912,2.6986785,chukchi
2018-09-29,0.0,0.0,4.3614655,-2.167328,9.652998,12.692856979370118,1.8651774,2.797595500946045,2.6907182,chukchi
2018-09-30,0.0,0.0,5.2029037,-1.297699,7.633765,10.274271583557129,1.5613266,2.1984922885894775,2.2415087,chukchi
2018-10-01,0.0,0.0,5.829712,-0.3086853,7.957195,10.769198226928719,1.3234206,1.8526837825775146,2.2633672,chukchi
2018-10-02,0.0,0.0,5.9545517,-0.047943115,8.604702,10.8081298828125,1.4570105,1.9320785999298096,2.863111,chukchi
2018-10-03,0.0,0.0,5.8168716,-0.7310486,8.156081,11.932524871826173,1.543457,2.579916000366211,2.5731268,chukchi
2018-10-04,0.0,0.0,4.826744,-1.4820251,9.107607,12.876566123962402,1.9271808,3.152631998062134,2.5288188,chukchi
2018-10-05,8.318928e-05,0.0,4.8165665,-2.3997498,8.234499,13.106515693664551,2.112256,3.271603584289551,2.788583,chukchi
2018-10-06,0.00013321098,0.0,3.9128647,-3.2449646,6.3434834,10.462762260437012,1.5411024,2.279423713684082,1.9147092,chukchi
2018-10-07,0.0017657371,0.0,3.2995834,-4.057953,4.81466,9.95813846588135,1.3415604,2.0936713218688965,2.401039,chukchi
2018-10-08,0.0031837604,0.0,3.3961258,-2.0386658,4.2954164,7.194628238677979,1.1369178,1.7109193801879883,2.444896,chukchi
2018-10-09,0.003477467,0.0,2.5063248,-2.0577087,5.5985947,9.263814735412598,0.95864147,1.2771835327148438,3.552857,chukchi
2018-10-10,0.002487347,0.0,1.8028488,-2.7034607,7.4384274,12.598739624023438,1.2272756,2.7012948989868164,4.088622,chukchi
2018-10-11,0.0027360986,0.0,1.090828,-2.6043396,10.119562,14.37334384918213,2.0232804,3.7384262084960938,3.794221,chukchi
2018-10-12,0.0025846025,0.0,1.4070816,-3.0518494,8.950349,11.904496765136718,1.8825574,2.946789264678955,3.5108576,chukchi
2018-10-13,0.0025747763,0.0,1.7693787,-3.4883728,8.964394,11.411820602416991,1.7427814,2.5135631561279297,3.183427,chukchi
2018-10-14,0.002683109,0.0,1.3694916,-4.910736,7.7730966,11.158306694030761,1.6116664,2.424377202987671,3.1698687,chukchi
2018-10-15,0.017502641,0.0,0.6137161,-5.0498962,5.999099,11.204227828979494,1.2349441,2.1247822761535646,3.878229,chukchi
2018-10-16,0.033492327,0.050390625000000216,-0.049209595,-6.634857,8.009839,14.000686836242677,1.5397539,3.4130663871765137,4.4582396,chukchi
2018-10-17,0.02557618,3.662109375004996e-05,-0.38349915,-6.1802673,8.762282,13.822392463684082,1.9204669,3.275577926635742,4.249284,chukchi
2018-10-18,0.029259086,0.004589843750000558,-0.10669708,-6.3057556,7.1201725,12.814069747924805,1.8932409,3.217099237442017,4.658351,chukchi
2018-10-19,0.037650358,0.026257324218750724,0.06362152,-7.7048035,5.0792665,8.89334468841553,1.2731557,1.903865885734558,4.336463,chukchi
2018-10-20,0.04457536,0.05208740234375028,0.11717224,-7.901703,5.9853225,8.87846622467041,1.0186899,1.4301214694976807,3.3552203,chukchi
2018-10-21,0.038520698,0.0309387207031262,-0.10952759,-7.762787,5.8194423,10.305653762817384,0.947283,1.7565418481826782,3.479278,chukchi
2018-10-22,0.045515448,0.049853515625000316,-1.1276016,-10.450775,6.6728916,10.600424003601074,1.133233,1.9389522075653076,4.2184396,chukchi
2018-10-23,0.0551901,0.15158081054687556,-1.4868469,-9.277435,6.7975216,11.146159744262697,1.1315027,2.1339173316955566,4.4971104,chukchi
2018-10-24,0.05995216,0.22225341796875145,-1.7890091,-8.517181,10.520216,15.445678901672363,2.085937,4.5791136741638185,3.8374784,chukchi
2018-10-25,0.067425825,0.2612792968750002,-1.7630768,-10.029877,11.657241,15.631854820251466,2.7075946,4.4719589233398445,3.2738714,chukchi
2018-10-26,0.078128986,0.314276123046875,-2.8363037,-10.70224,11.216551,13.704437065124512,2.598526,3.453697443008423,4.0750074,chukchi
2018-10-27,0.0915229,0.41806030273437605,-3.7654724,-10.760101,10.195034,13.263131523132326,2.3327436,3.4103481769561768,4.468434,chukchi
2018-10-28,0.11067727,0.5285095214843758,-4.1578064,-12.289276,6.4640455,10.19903678894043,1.3785208,2.44159255027771,5.0371943,chukchi
2018-10-29,0.11955069,0.5787536621093752,-3.3432922,-13.2308655,4.852614,8.455698204040528,0.83446604,1.1845374584197998,5.7228484,chukchi
2018-10-30,0.11501325,0.5636230468750001,-2.0285187,-16.424011,7.22163,10.6689022064209,1.2438917,2.308075380325317,4.391954,chukchi
2018-10-31,0.10730991,0.5328125000000015,-2.1435776,-20.034882,8.994649,12.720918464660645,1.7596574,2.844516706466675,3.5569756,chukchi
2019-07-01,0.25407284,0.7055419921875,4.73098,-0.23764038,7.1986456,11.185481452941897,1.2211322,1.9118985176086425,1.1312134,chukchi
2019-07-02,0.2246932,0.6612060546875,4.909218,-0.22250366,7.074113,11.435045433044435,1.4185107,2.222521162033081,1.0033461,chukchi
2019-07-03,0.21615785,0.649237060546875,4.653862,-0.27304077,6.8151226,10.95335159301758,1.1398773,1.6434219598770141,0.6173326,chukchi
2019-07-04,0.20112348,0.636090087890625,3.9677734,-1.0699158,6.7622347,10.403554153442382,1.1171048,1.8324595451354981,0.72881997,chukchi
2019-07-05,0.21005923,0.680328369140625,4.0150604,-1.0013123,5.491669,10.519863700866699,1.0562482,1.912701225280762,0.7988862,chukchi
2019-07-06,0.17685713,0.59791259765625,4.7608643,-0.6985779,5.7364593,9.160433006286624,0.8737963,1.3455395698547363,0.8412471,chukchi
2019-07-07,0.1639677,0.575360107421875,4.88842,-0.61068726,3.9302993,8.473279571533205,0.61988443,1.236120843887329,0.6297726,chukchi
2019-07-08,0.14693516,0.5309936523437501,4.499016,-0.698822,2.694628,4.352939701080323,0.30937967,0.5635383367538452,0.4441777,chukchi
2019-07-09,0.13889569,0.5159057617187501,4.2334366,-0.8836365,2.9649286,5.983408069610599,0.2538479,0.5954653978347779,0.30393937,chukchi
2019-07-10,0.13267396,0.5042785644531251,4.3059845,-1.2642517,4.0119214,7.145349121093751,0.3845638,0.8515028357505798,0.39682525,chukchi
2019-07-11,0.117572024,0.460516357421875,4.7562256,-1.4161072,4.580862,7.697728157043458,0.5144823,0.9756423950195313,0.6310747,chukchi
2019-07-12,0.095410205,0.39603271484375,5.5694046,-0.90512085,4.8879223,7.042421627044678,0.53404254,0.926714301109314,0.9686022,chukchi
2019-07-13,0.08765446,0.37941894531250026,6.137352,-0.067474365,4.630438,7.360023593902588,0.4535369,0.6605356574058534,1.227866,chukchi
2019-07-14,0.09417463,0.40922851562500007,4.808777,-0.8177185,4.5371776,7.22146511077881,0.55078304,0.7723095774650575,0.95083094,chukchi
2019-07-15,0.09229145,0.39202880859375017,4.6422195,-1.7676697,3.7297506,7.057926845550537,0.49223095,0.8487889409065247,1.3619796,chukchi
2019-07-16,0.08653627,0.38181762695312516,4.8947906,-1.4234314,4.213826,7.335736560821534,0.5573374,0.9227988600730896,1.3997102,chukchi
2019-07-17,0.08012161,0.36245727539062506,4.7317963,-1.7896423,4.2166576,6.772273540496826,0.55625963,0.8418990492820739,1.7755605,chukchi
2019-07-18,0.07621896,0.35457153320312507,5.2312775,-1.1455994,5.2287045,9.052951622009278,0.61079085,1.1335115432739258,1.7898624,chukchi
2019-07-19,0.06936216,0.3392883300781251,4.26931,-1.1551208,7.2734256,10.598801994323733,1.1806874,1.7905845642089844,2.5092788,chukchi
2019-07-20,0.065109335,0.31915283203125,4.0376053,-0.9930115,6.374283,9.42942180633545,1.0356445,1.7198758125305176,2.0236332,chukchi
2019-07-21,0.06441844,0.3168945312500004,4.6292267,-0.96395874,5.492298,9.656442070007325,0.75857395,1.4955862522125254,1.9791367,chukchi
2019-07-22,0.06158036,0.3087768554687502,5.9821014,-0.9978943,7.6810718,12.303841018676758,1.2428287,2.4304961204528808,1.435389,chukchi
2019-07-23,0.04309525,0.2553710937500001,6.3778534,-0.52719116,6.0726647,10.410230445861817,1.232094,2.2149020195007325,1.327363,chukchi
2019-07-24,0.04309525,0.2553710937500001,6.330948,-0.69369507,5.040365,8.113347244262696,0.74873984,1.1418452262878418,0.94688123,chukchi
2019-07-25,0.02756437,0.12576904296875097,6.41024,-0.5122986,6.9005637,10.483946609497071,1.0158855,1.7651806831359864,1.1269921,chukchi
2019-07-26,0.02498584,0.11151733398437551,6.5141983,-0.50057983,6.987146,11.317505455017091,1.2615318,2.591957044601441,1.1670864,chukchi
2019-07-27,0.01320261,0.0,6.3679276,0.19229126,6.635345,12.309125328063969,1.4705455,2.9952062129974366,1.2600732,chukchi
2019-07-28,0.005755706,0.0,6.117882,-1.0923767,5.17521,8.823513603210449,1.2998985,2.494695615768433,1.0252643,chukchi
2019-07-29,0.0028379227,0.0,5.7256546,-0.6441345,6.0041733,10.28114757537842,1.0354619,1.558680534362793,1.0454764,chukchi
2019-07-30,0.0033321825,0.0,6.1999817,-0.8760681,5.673564,9.565558433532715,0.882058,1.5039303302764893,1.0842208,chukchi
2019-07-31,0.002072821,0.0,5.6709137,-0.8069763,4.639093,7.6569417953491214,0.73983,1.0015790462493896,0.9123951,chukchi
2019-08-01,0.0,0.0,4.5800247,-0.7112732,6.7845397,10.252198219299318,1.0071049,1.7539445161819458,1.6034359,chukchi
2019-08-02,0.0,0.0,4.5289,-0.8531189,5.8575063,10.54691562652588,1.0628381,1.8289034366607666,2.0365374,chukchi
2019-08-03,0.0,0.0,4.6665344,-0.8333435,7.062743,13.203511238098145,1.125033,2.7468090057373047,2.0252469,chukchi
2019-08-04,0.0,0.0,4.049492,-1.4947205,5.8395033,11.21213130950928,1.0717331,2.5331838130950928,2.3640628,chukchi
2019-08-05,0.00014759526,0.0,4.777519,-2.30307,4.2314663,7.420556735992436,0.67233795,1.0292637348175049,2.4117856,chukchi
2019-08-06,0.0,0.0,5.605591,-1.5520935,4.17455,6.904884147644043,0.57544684,0.9251663088798523,1.7920505,chukchi
2019-08-07,0.0,0.0,6.3636627,-1.1404724,4.8521366,7.155970859527589,0.53752977,0.7832652926445007,1.5238155,chukchi
2019-08-08,0.0,0.0,6.2341385,-1.7835388,5.385635,9.21159896850586,0.68218315,1.3921377658843994,0.97574747,chukchi
2019-08-09,0.0,0.0,5.294342,-1.7644958,4.4739904,8.505824470520029,0.80400705,1.5243879556655884,1.1388109,chukchi
2019-08-10,0.0,0.0,4.9171524,-0.83651733,4.757903,8.596708488464357,0.7655011,1.2767348289489746,1.0768449,chukchi
2019-08-11,0.0,0.0,5.018715,-1.1636658,5.5190473,11.257128143310547,0.818243,2.130328416824341,1.2031102,chukchi
2019-08-12,0.0,0.0,5.5548706,-1.1863708,4.9618845,8.208024215698241,0.79528934,1.5523864030838013,1.044377,chukchi
2019-08-13,0.0,0.0,5.4020844,-0.43270874,6.1062784,11.206507110595703,0.9549353,2.0988967418670654,1.1705824,chukchi
2019-08-14,0.0,0.0,5.176613,0.017974854,7.750205,12.56420249938965,1.6828134,2.936004400253296,1.933639,chukchi
2019-08-15,0.0,0.0,5.3831177,-0.1289978,5.9599924,9.244194602966308,1.261898,1.976230263710022,1.9027961,chukchi
2019-08-16,0.0,0.0,5.3239594,-0.28622437,7.0087004,10.804254150390626,1.2152321,2.003509759902954,1.8799736,chukchi
2019-08-17,0.0,0.0,5.6032104,-0.19296265,4.9785895,9.128130912780762,1.0302892,1.688671588897705,2.1937757,chukchi
2019-08-18,0.0,0.0,6.09478,-1.1846619,4.5448756,7.750256919860845,0.7123208,1.1705539226531982,1.6999397,chukchi
2019-08-19,0.0,0.0,5.6254272,-0.7557068,4.2363224,7.331874847412109,0.6032251,1.0853074789047241,1.3334776,chukchi
2019-08-20,0.0,0.0,4.8797226,-0.5743103,5.2765923,8.364405632019045,0.6955154,1.197066068649292,1.5430803,chukchi
2019-08-21,0.0,0.0,4.9149094,-0.24301147,4.328614,7.666956615447998,0.550032,0.8394787311553955,1.5972288,chukchi
2019-08-22,0.0,0.0,4.7423477,-0.8435974,6.793666,10.133289527893067,0.8902204,1.5079505443572998,2.175593,chukchi
2019-08-23,0.0,0.0,4.3145294,-0.5398865,9.033183,11.47371826171875,1.7211359,2.5477800369262695,1.9721253,chukchi
2019-08-24,0.0,0.0,4.620018,0.100250244,6.929802,10.659358406066895,1.3236681,2.1433568000793457,1.7127512,chukchi
2019-08-25,0.0,0.0,4.1908264,-1.7061462,5.861137,11.340126228332519,1.1429129,2.3861405849456787,2.5390966,chukchi
2019-08-26,0.0,0.0,5.043747,-0.9734802,6.6316314,11.257872009277344,1.3416023,2.8617334365844727,2.1375604,chukchi
2019-08-27,0.0,0.0,4.9209366,-0.5735779,5.177313,8.84628429412842,1.041017,1.678705096244812,2.570698,chukchi
2019-08-28,0.0,0.0,4.2794037,-1.4637146,5.3723006,8.245956039428712,0.89947885,1.3997055292129517,2.9983425,chukchi
2019-08-29,0.0,0.0,4.262268,-1.1348572,4.3919973,7.782139110565187,0.74143153,1.168142318725586,3.034864,chukchi
2019-08-30,0.0,0.0,5.0181274,-0.97494507,4.681323,8.042624473571777,0.6658763,1.165069580078125,2.7308683,chukchi
2019-08-31,0.0,0.0,5.5048523,-0.30917358,5.586951,9.385584831237797,0.7562133,1.5180177688598633,2.4131727,chukchi
2019-09-01,0.0,0.0,6.0954437,0.7411194,7.1827407,11.963101959228517,1.2594502,2.600066661834717,1.8302473,chukchi
2019-09-02,0.0,0.0,5.9332275,-0.18539429,7.933038,12.85633010864258,1.9091365,3.261596202850342,1.6367406,chukchi
2019-09-03,0.0,0.0,5.2681274,-2.016449,7.5863476,11.100574111938476,1.9218224,2.961184501647949,1.8110045,chukchi
2019-09-04,0.0006857392,0.0,5.05175,-2.1766052,5.5845194,9.277871704101566,1.5248704,2.2645010948181152,1.6007044,chukchi
2019-09-05,0.0,0.0,5.847992,-1.4710388,5.614152,9.363434982299806,1.1506226,1.4648569822311401,1.4980645,chukchi
2019-09-06,0.0,0.0,6.491699,0.48208618,5.525662,9.066344451904298,0.9920067,1.47446608543396,1.0568058,chukchi
2019-09-07,0.0,0.0,6.0303955,0.40322876,4.487456,7.621603870391846,0.7298461,1.058065414428711,0.8660675,chukchi
2019-09-08,0.0,0.0,5.837387,0.14834595,4.7967396,8.15196189880371,0.6686977,1.030811071395874,0.8862647,chukchi
2019-09-09,0.0,0.0,5.738991,0.40444946,4.41879,7.80165491104126,0.7076259,1.0446711778640747,0.8522552,chukchi
2019-09-10,0.0,0.0,5.898575,0.74697876,2.864699,4.944802188873293,0.53968346,0.7890335917472839,0.735664,chukchi
2019-09-11,0.0,0.0,5.9354935,0.045318604,4.0328407,7.085579681396485,0.45707706,0.6904984712600708,0.5595154,chukchi
2019-09-12,0.0,0.0,6.211754,0.027252197,6.121124,11.414913749694826,0.84797,1.806429386138916,1.0291519,chukchi
2019-09-13,0.0,0.0,5.5434494,-0.94540405,7.2833943,11.095967102050782,1.320525,2.310828685760498,1.5885203,chukchi
2019-09-14,0.00017866405,0.0,4.7177353,-0.3650818,5.838659,9.695107460021974,1.34745,2.095106840133667,2.4727328,chukchi
2019-09-15,0.0,0.0,4.5833893,-1.0022888,6.403728,10.666365051269533,1.1302707,2.018777370452881,2.457459,chukchi
2019-09-16,0.0,0.0,3.6888733,-1.3030701,8.259875,10.7752986907959,1.4692345,2.177738666534424,3.6076858,chukchi
2019-09-17,0.0008138727,0.0,3.2687073,-0.9727478,6.9364576,9.752513313293457,1.4058712,1.8241312503814697,3.468654,chukchi
2019-09-18,0.0005860244,0.0,3.3566132,-0.2503357,8.713153,13.507786560058594,1.7436506,3.3696188926696777,2.9645824,chukchi
2019-09-19,0.001314715,0.0,3.313675,-1.4754333,8.952653,14.450222396850588,2.416585,3.9786462783813477,3.2747912,chukchi
2019-09-20,0.0012670148,0.0,3.009819,-2.1402283,6.4356904,10.019159889221191,1.6524234,2.6878833770751953,3.544036,chukchi
2019-09-21,0.0017176552,0.0,3.3740768,-5.2723083,6.3069463,9.41183261871338,1.3091993,1.8211729526519775,3.219423,chukchi
2019-09-22,0.0020821807,0.0,3.3846817,-1.5813904,5.255867,8.970330047607423,1.1544429,1.672110915184021,3.0247738,chukchi
2019-09-23,0.0030560934,0.0,3.5941696,-1.9705505,6.5194774,10.040650177001954,1.282718,1.9563838958740234,3.1134486,chukchi
2019-09-24,0.001612916,0.0,2.889862,-2.6807556,7.7584457,11.238512992858887,1.6540534,2.659973621368408,3.5267124,chukchi
2019-09-25,0.0010918912,0.0,2.0771103,-2.063568,6.1931996,11.301633262634278,1.3524112,2.3750505447387695,4.3353596,chukchi
2019-09-26,0.0013690297,0.0,2.0963821,-2.3294373,3.806274,7.045874786376955,0.97111845,1.374972939491272,4.5262,chukchi
2019-09-27,0.00036874434,0.0,3.7671432,-2.214447,6.8544083,13.091741561889648,1.2570837,2.7594308853149414,3.7243783,chukchi
2019-09-28,0.00021069743,0.0,5.18544,0.017730713,8.648392,12.796821784973144,1.722005,2.720273494720459,1.4954314,chukchi
2019-09-29,0.0019583614,0.0,4.9451065,0.64541626,5.626535,8.595631217956543,1.1703463,1.7848105430603027,1.0580802,chukchi
2019-09-30,0.0040136604,0.0,3.6436844,-4.02182,6.668112,10.992671394348147,1.2150556,2.088713216781616,1.8089805,chukchi
2019-10-01,0.0026618452,0.0,3.6530914,-3.8692322,6.6788626,10.200680160522461,1.3877223,2.0689198017120365,2.5984745,chukchi
2019-10-02,0.0027187462,0.0,4.507477,-3.0325623,8.201903,11.703574562072754,1.5711606,2.294770622253418,1.9024631,chukchi
2019-10-03,0.0021079283,0.0,3.5300064,-3.9754333,7.2275696,11.539239311218264,1.4992349,2.286353588104248,2.0766745,chukchi
2019-10-04,0.0033847906,0.0,3.6982574,-2.4180603,8.50972,12.075824546813966,1.7587647,2.413597917556763,2.3613255,chukchi
2019-10-05,0.001599454,0.0,2.8105545,-3.5935974,10.227305,13.526598739624024,2.3002896,3.294154405593872,2.4619358,chukchi
2019-10-06,0.0019025309,0.0,1.6532974,-3.7306824,8.50247,11.833959007263186,2.169611,2.8840227127075195,3.6879153,chukchi
2019-10-07,0.0026622796,0.0,1.2548752,-4.3472595,5.0692363,10.663264274597172,1.4994383,1.9681578874588013,4.6540384,chukchi
2019-10-08,0.0031175842,0.0,1.9496078,-3.2295837,7.140342,13.682390213012697,1.5657668,2.957703399658204,3.8637266,chukchi
2019-10-09,0.002631529,0.0,1.5929337,-4.271332,8.075525,13.07318229675293,1.5951574,2.8597995758056642,4.2127805,chukchi
2019-10-10,0.001647822,0.0,1.2113419,-7.993683,9.142726,12.879208183288576,2.227768,3.2846208095550535,4.1585994,chukchi
2019-10-11,0.001450311,0.0,0.76036835,-10.244476,8.349722,12.30253734588623,2.0189528,3.1147897243499756,4.095632,chukchi
2019-10-12,0.0018090277,0.0,0.25569916,-6.953949,5.970612,11.865541648864747,1.6653326,2.873671531677246,4.694367,chukchi
2019-10-13,0.0017989259,0.0,0.9102707,-6.601776,5.542944,9.196890449523927,1.2008461,1.8419749736785889,5.2032213,chukchi
2019-10-14,0.0041954834,0.0,2.149292,-4.136566,8.064085,11.384170722961427,1.5810599,2.3353686809539798,3.372757,chukchi
2019-10-15,0.0035447348,0.0,2.418396,-6.4994507,7.893106,11.000250053405763,1.7210578,2.470766830444336,3.5661213,chukchi
2019-10-16,0.0038716197,0.0,2.1625977,-4.1150208,7.617736,11.025749397277833,1.5495359,2.2652317047119146,3.269683,chukchi
2019-10-17,0.0031259158,0.0,0.90219116,-6.7567444,8.305969,12.330485916137695,1.7919805,2.726366424560547,3.0820014,chukchi
2019-10-18,0.00370699,0.0,0.77230835,-6.699188,8.2794075,12.942835044860841,2.0648844,3.163513517379761,3.661777,chukchi
2019-10-19,0.003837392,0.0,0.8634949,-7.2466736,7.5212154,12.578299140930175,2.0127704,3.1393715381622314,3.6397088,chukchi
2019-10-20,0.0052871834,0.0,1.0162888,-7.995453,5.972873,11.220332336425786,1.7937199,2.8478501319885257,3.2666154,chukchi
2019-10-21,0.0057894783,0.0,0.8817673,-5.479828,5.428548,10.526384162902833,1.6567999,2.7071099281311035,3.2008262,chukchi
2019-10-22,0.0045708423,0.0,0.105278015,-8.648804,6.2754908,9.94726676940918,1.5204511,2.308866500854492,3.5135436,chukchi
2019-10-23,0.0036945667,0.0,-0.906662,-9.538483,6.9039025,11.128282737731935,1.4421258,2.0772876739501953,4.690578,chukchi
2019-10-24,0.003918387,0.0,-1.1841888,-10.564423,7.4123497,12.250055122375489,1.6058564,2.5092031955719,4.72381,chukchi
2019-10-25,0.004320384,0.0,-1.7030716,-11.737762,6.055748,11.12571907043457,1.5431917,2.439674425125122,5.104664,chukchi
2019-10-26,0.004508641,0.0,-1.3063965,-13.695984,6.7430854,9.693212890625006,1.4346597,2.119324827194214,5.429083,chukchi
2019-10-27,0.0052798167,0.0,-0.53006744,-10.354462,6.7712164,11.478449058532716,1.3745689,2.2169000625610353,5.4454927,chukchi
2019-10-28,0.008484576,0.0,0.63471985,-7.3196716,11.265717,15.634698486328125,2.3819525,4.284345626831055,3.0443606,chukchi
2019-10-29,0.00535442,0.0,0.38034058,-11.338104,12.300227,16.404041671752932,3.391363,5.008946132659912,2.1808977,chukchi
2019-10-30,0.0062560188,0.0,-0.43254852,-16.055878,11.826665,16.68916168212891,3.3308861,5.025908374786377,3.0067058,chukchi
2019-10-31,0.006752091,0.0,-1.1147919,-14.980072,7.329949,12.635078048706056,1.8994122,3.215085983276367,4.170446,chukchi
2020-07-01,0.4138214,0.7650390625000001,2.4218292,-0.86239624,4.0319138,7.739957046508789,0.60635674,0.9875338673591614,0.7409239,chukchi
2020-07-02,0.3922164,0.76551513671875,3.4241943,-0.8069763,7.1617723,11.46388969421387,1.1769283,2.0429975986480713,0.9526275,chukchi
2020-07-03,0.36789322,0.7484191894531251,3.1077347,-0.78622437,6.366648,10.015737915039065,0.993345,1.7276629209518433,0.6460587,chukchi
2020-07-04,0.33792487,0.732586669921875,2.7625427,-0.47665405,4.551592,8.015293312072753,0.54012287,0.9589668035507203,0.5758471,chukchi
2020-07-05,0.325336,0.749725341796875,2.9000626,-0.66342163,4.8375397,8.022414779663087,0.53428686,0.9687452793121337,0.46729335,chukchi
2020-07-06,0.3009575,0.7129760742187501,3.0637665,-0.64852905,5.669426,8.902225303649905,0.7251849,1.3464062690734864,0.50654876,chukchi
2020-07-07,0.28685814,0.7042480468750001,3.1024246,-1.0923767,6.157443,9.00903377532959,0.900593,1.4075754165649415,0.674516,chukchi
2020-07-08,0.27440557,0.7123352050781251,3.0645523,-0.15438843,4.827588,8.0790491104126,0.67638105,1.1549150466918947,0.56292486,chukchi
2020-07-09,0.27045006,0.7344970703125,2.8458328,-0.31088257,4.6364965,6.944203090667726,0.5487703,0.8309593677520752,0.47693297,chukchi
2020-07-10,0.26241484,0.70999755859375,2.9201584,-0.4727478,5.301895,7.648649311065676,0.66620785,1.0336723327636719,0.67718077,chukchi
2020-07-11,0.25624782,0.719940185546875,2.792656,-0.5125427,5.375154,8.536512947082521,0.75146127,1.2977701425552368,0.96722126,chukchi
2020-07-12,0.24850552,0.706671142578125,2.2624283,-0.8675232,4.9690924,7.262696075439457,0.63623214,1.0846986770629883,1.0159116,chukchi
2020-07-13,0.24234463,0.694317626953125,2.3211517,-0.9419861,3.8642595,6.13280534744263,0.4094846,0.7998020768165588,1.0176681,chukchi
2020-07-14,0.23082633,0.701812744140625,3.0335999,-0.6409607,5.672121,8.546147346496584,0.62617755,1.2617198944091799,0.8873726,chukchi
2020-07-15,0.24334013,0.7883483886718751,3.4612122,-0.42562866,5.240561,8.313237380981446,0.7539289,1.2481804370880127,0.6043101,chukchi
2020-07-16,0.22426474,0.7198730468750002,3.3325272,-0.5332947,4.8165107,7.1777067184448295,0.6122406,0.9933778643608093,0.5746478,chukchi
2020-07-17,0.22806181,0.7759887695312501,2.8999786,-0.5508728,6.1980405,8.76973285675049,0.8008759,1.4688718795776368,1.2480631,chukchi
2020-07-18,0.21936217,0.7494873046875,2.966278,-0.37948608,7.0071535,10.271439361572268,1.2309666,2.087158679962158,1.3874818,chukchi
2020-07-19,0.21427368,0.752783203125,2.9757233,-0.5386658,6.877244,10.464066505432129,1.2617011,2.1493520259857175,1.358872,chukchi
2020-07-20,0.23228356,0.8023925781250001,3.0927353,-0.78134155,6.0824633,10.304476165771485,1.1088814,1.9994468688964844,1.2673905,chukchi
2020-07-21,0.22365023,0.7979248046875,2.8652115,-0.9312439,4.7479,8.653267097473153,0.8019223,1.6887857437133789,1.360771,chukchi
2020-07-22,0.2092112,0.7470520019531253,2.7953186,-0.9969177,4.2014008,7.047345924377443,0.503135,1.121105670928955,1.311844,chukchi
2020-07-23,0.18950048,0.6945373535156251,4.2140274,-0.7745056,7.1013603,9.751420211791993,0.821898,1.4566640853881836,1.1395506,chukchi
2020-07-24,0.1953461,0.7062011718750002,3.1226425,-0.78305054,6.4647794,9.426905059814453,1.0584469,1.5935541629791259,1.0757582,chukchi
2020-07-25,0.19034858,0.68890380859375,3.0710907,-0.7991638,3.8396487,6.6723746299743665,0.59214616,1.1602249145507812,1.257791,chukchi
2020-07-26,0.18508397,0.653363037109375,3.6340714,-1.2767029,5.1663837,9.213769912719727,0.5597982,0.9096962451934815,0.9670993,chukchi
2020-07-27,0.16548872,0.619598388671875,4.016098,-0.8404236,8.547285,12.96127758026123,1.4013219,2.3328920841217045,1.1898875,chukchi
2020-07-28,0.14719856,0.5682434082031251,2.742691,-1.0733337,9.676063,13.866526222229005,1.6474648,2.620620155334473,2.097925,chukchi
2020-07-29,0.13176192,0.5344360351562503,3.1755524,-0.6812439,9.128208,13.879342842102051,1.6490102,2.889549732208252,1.7302076,chukchi
2020-07-30,0.12458536,0.5049377441406251,2.8948288,-0.8123474,6.854165,10.112909889221191,1.1132722,2.063167142868042,1.4542722,chukchi
2020-07-31,0.11566422,0.4739990234375001,2.4751205,-1.0342712,5.0542164,7.263489627838137,0.76359564,1.09841365814209,1.853121,chukchi
2020-08-01,0.10734946,0.44010009765625,2.3755035,-1.1150818,5.060475,7.758419513702393,0.6193999,0.8408874988555909,1.9305093,chukchi
2020-08-02,0.10577579,0.440093994140625,2.4715576,-1.1184998,4.4265895,8.700251579284668,0.5878667,1.314417266845703,1.4949529,chukchi
2020-08-03,0.0962324,0.39690551757812537,2.502983,-1.1233826,5.5003433,9.205173110961917,0.7125288,1.5379107475280762,1.1377969,chukchi
2020-08-04,0.08820448,0.36596069335937537,2.6098862,-1.1009216,5.4239902,7.916327095031741,0.7169723,1.1369551658630377,1.2294897,chukchi
2020-08-05,0.08500642,0.36677856445312507,2.4099274,-1.9864197,4.2314453,6.829646396636963,0.6082659,0.8870105862617492,1.6174287,chukchi
2020-08-06,0.08500642,0.36677856445312507,2.293869,-1.4588318,4.352502,7.494279670715338,0.59320474,1.0202458858489991,1.9719425,chukchi
2020-08-07,0.07091594,0.33170166015625,2.312439,-2.6177673,4.8139796,8.740331840515138,0.6299527,1.3058410167694097,2.1795626,chukchi
2020-08-08,0.066052124,0.32884521484375,2.187523,-2.0904236,5.372949,8.993811416625977,0.76711375,1.4045434236526493,1.7740657,chukchi
2020-08-09,0.06513791,0.32178344726562524,3.0393143,-1.082367,3.7392056,6.298019981384278,0.49870652,0.8015667200088501,1.1612511,chukchi
2020-08-10,0.054676168,0.2869873046875,3.6862183,-1.861908,3.6778417,5.9509858131408695,0.365005,0.6090495467185975,0.8805779,chukchi
2020-08-11,0.044318497,0.271197509765625,4.2381134,-1.4986267,5.5046024,8.689536476135256,0.5370106,1.1625951766967773,0.828091,chukchi
2020-08-12,0.03183096,0.19508056640625002,3.8921738,-0.77108765,4.8832226,7.812695503234863,0.7107347,1.1647650241851806,0.93026286,chukchi
2020-08-13,0.03380421,0.2171081542968752,4.6752167,-1.120697,5.7823954,8.743448066711426,0.76359856,1.1839414834976196,1.0181389,chukchi
2020-08-14,0.01699244,0.0009216308593762573,5.087532,-0.80770874,5.569874,8.457558631896973,0.774361,1.1849901676177979,0.88995266,chukchi
2020-08-15,0.008576383,0.0,4.8863754,-1.0804138,4.718001,8.21914463043213,0.65515983,1.0622401237487793,0.8642643,chukchi
2020-08-16,0.0008353803,0.0,4.4086914,-1.1226501,5.135247,8.225919151306153,0.76207167,1.3891377449035645,1.1888899,chukchi
2020-08-17,0.0,0.0,4.490196,-1.2784119,6.6259055,10.6307035446167,1.0386349,1.8112273216247559,1.0619056,chukchi
2020-08-18,0.0,0.0,4.245384,-1.0765076,5.5287943,10.914878082275395,1.0291297,1.883603811264038,0.95544434,chukchi
2020-08-19,0.0,0.0,3.7546844,-1.3704529,4.598545,7.483414363861085,0.74877715,1.027156114578247,1.0051674,chukchi
2020-08-20,0.0,0.0,4.1503983,-1.4529724,4.7926526,7.687693119049072,0.61402917,0.9934816360473633,1.0953166,chukchi
2020-08-21,0.0,0.0,4.77314,-1.832367,4.9188976,7.557143497467043,0.58565915,0.9292458891868591,0.7895818,chukchi
2020-08-22,0.0,0.0,5.260277,-1.408783,6.1242933,8.898312377929688,0.730745,1.1448709964752197,0.60793614,chukchi
2020-08-23,0.0,0.0,5.4700546,-0.50912476,5.1103783,8.98812656402588,0.8304528,1.399454951286316,0.60746044,chukchi
2020-08-24,0.0,0.0,4.7344437,-0.7017517,3.53554,5.717016315460206,0.6679373,1.0261785984039307,0.63734233,chukchi
2020-08-25,0.0,0.0,4.503792,-0.71029663,3.5734065,6.235839462280277,0.5206041,0.9156421422958374,0.8597407,chukchi
2020-08-26,0.0,0.0,4.1223984,-0.841156,5.1532083,8.385391235351562,0.5788193,1.1338715553283691,0.9496672,chukchi
2020-08-27,0.0,0.0,3.6298447,-1.5428162,6.351101,10.138166236877446,0.8517741,1.7234691381454468,1.1123395,chukchi
2020-08-28,0.0,0.0,3.4303818,-0.93026733,7.2710114,10.93714065551758,1.1960399,2.1260790824890137,1.3613845,chukchi
2020-08-29,0.0,0.0,3.3571014,-0.99887085,7.9441333,11.98108081817627,1.3296541,2.485792636871338,1.549082,chukchi
2020-08-30,0.0,0.0,3.0697403,-1.3628845,8.82296,12.795708274841308,1.5666509,3.00283145904541,1.7395482,chukchi
2020-08-31,0.00019951437,0.0,2.8195724,-0.8824158,9.501223,13.20665550231934,1.6514254,2.951242685317993,1.8421916,chukchi
2020-09-01,0.00024599564,0.0,2.9205322,-1.0289001,8.699097,12.116325187683106,1.6167833,2.4877192974090576,1.9366782,chukchi
2020-09-02,0.0002895619,0.0,2.6797943,-1.1875916,7.6721616,10.406718826293947,1.3347132,2.0269956588745117,2.0150592,chukchi
2020-09-03,0.00031051823,0.0,2.7218704,-1.2337341,7.6012983,10.03929500579834,1.2093151,1.8234002590179443,2.0491223,chukchi
2020-09-04,0.00031710084,0.0,2.8420181,-1.2957458,6.8387265,9.385537338256835,1.1406668,1.5885515213012695,2.1518261,chukchi
2020-09-05,0.00027868623,0.0,2.7596817,-1.6958923,4.564206,7.249912548065186,0.82947206,1.2530019283294678,2.1273084,chukchi
2020-09-06,0.0007111051,0.0,2.5478363,-1.7559509,3.8907218,6.323370265960695,0.6317071,0.8734943866729736,2.5097544,chukchi
2020-09-07,0.0,0.0,2.3537216,-2.888031,5.8904257,11.762793731689456,0.7891912,2.1986846923828125,3.3816915,chukchi
2020-09-08,0.00019282573,0.0,2.0651245,-2.2364197,5.488336,10.849499702453615,0.93193895,2.086054563522339,3.850366,chukchi
2020-09-09,0.00033093392,0.0,3.0458145,-0.6416931,6.120286,9.922711944580078,0.98412687,1.6375646591186523,3.3690846,chukchi
2020-09-10,0.0002235871,0.0,3.750267,-1.1795349,7.864157,10.893329429626466,1.2348337,1.874946117401123,1.9773645,chukchi
2020-09-11,0.00031202342,0.0,3.29982,-2.6939392,7.3042,12.04754753112793,1.5141588,2.383584976196289,1.5509617,chukchi
2020-09-12,0.0003405164,0.0,3.09095,-2.759613,4.8361316,8.961438369750976,1.0190287,1.5963757038116455,1.7527149,chukchi
2020-09-13,0.00029927155,0.0,3.8706512,-0.27548218,7.2070804,11.20544891357422,1.2178091,2.174687385559082,1.3790332,chukchi
2020-09-14,0.00020083938,0.0,3.828125,-1.9754333,5.4359517,8.611123657226562,0.95442665,1.6578209400177002,1.2014248,chukchi
2020-09-15,0.0,0.0,3.6423721,-3.5098572,8.013029,11.46011791229248,1.1719087,1.917785882949829,1.5863898,chukchi
2020-09-16,0.0,0.0,3.0432434,-3.4483337,8.807181,12.586151504516602,1.749525,2.7052841186523438,1.6516993,chukchi
2020-09-17,0.0004430826,0.0,3.4210281,-3.054779,6.4948244,9.456374549865723,1.361321,2.0398201942443848,1.411943,chukchi
2020-09-18,0.0011168013,0.0,3.558281,-1.4786072,6.9694557,10.813434982299805,1.1172509,1.7704944610595703,1.3042974,chukchi
2020-09-19,0.0012244132,0.0,2.6764374,-2.4710388,7.7187166,10.706593704223632,1.3434013,2.1004104614257812,1.7104456,chukchi
2020-09-20,0.0015154273,0.0,1.6120987,-2.6683044,6.2728834,9.002784156799317,1.227057,1.664212703704834,3.549087,chukchi
2020-09-21,0.0027476738,0.0,2.546753,-1.3160095,8.378615,11.374188995361328,1.465087,2.1997933387756348,2.6739306,chukchi
2020-09-22,0.0038848908,0.0,2.4369278,-3.3265076,8.276236,11.167993545532227,1.6368132,2.3584132194519043,2.5219321,chukchi
2020-09-23,0.0022311434,0.0,0.91270447,-3.261322,5.0960813,9.564657402038574,1.2424583,1.9019443035125734,4.564557,chukchi
2020-09-24,0.0014751258,0.0,0.49960327,-2.829193,6.5737247,10.703758049011233,1.2637668,2.0584778785705566,4.752596,chukchi
2020-09-25,0.0015720209,0.0,0.59207916,-5.960541,6.8931475,10.67110824584961,1.3288474,2.018740653991699,4.582049,chukchi
2020-09-26,0.0018007703,0.0,0.61118317,-4.134857,6.368049,10.670020675659181,1.1448438,2.042677164077759,4.401978,chukchi
2020-09-27,0.0023830316,0.0,1.225296,-2.9649353,5.9085894,10.21262664794922,1.0079696,1.8023858070373535,3.8357596,chukchi
2020-09-28,0.0036615795,0.0,1.4844818,-2.1558533,5.5764036,10.323235893249512,0.9767382,1.70363781452179,3.3385978,chukchi
2020-09-29,0.0030224486,0.0,1.8401489,-3.3711853,4.934798,8.157434272766114,0.8337727,1.298941087722778,3.0080512,chukchi
2020-09-30,0.0021855207,0.0,1.9353027,-4.8472595,6.472172,10.05469570159912,0.8712834,1.59791100025177,2.5684226,chukchi
2020-10-01,0.002346578,0.0,2.0384598,-3.832367,7.9128485,11.413727951049804,1.2673149,2.346297025680542,1.6469375,chukchi
2020-10-02,0.0035859267,0.0,1.957901,-1.8001404,7.388884,10.527455139160157,1.4295144,2.234116315841675,1.663138,chukchi
2020-10-03,0.0046858634,0.0,1.5579071,-2.5362244,9.105213,11.784012413024902,1.6509727,2.448907804489136,1.8641477,chukchi
2020-10-04,0.006143955,0.0,1.2570877,-5.080414,8.413942,12.196822929382325,1.7190561,2.6773832798004147,2.5599682,chukchi
2020-10-05,0.004895384,0.0,1.1653061,-4.9029236,7.5075893,11.545599746704106,1.4973044,2.2613282680511473,3.8892598,chukchi
2020-10-06,0.0060853045,0.0,1.0797424,-5.4268494,5.1485524,8.50338001251221,0.98382366,1.5558788299560544,4.7203984,chukchi
2020-10-07,0.0054117134,0.0,1.0135422,-5.6111755,8.344532,13.180470657348634,1.3063356,2.526369094848633,3.989253,chukchi
2020-10-08,0.0070006093,0.0,1.728302,-6.0142517,11.250013,14.03507080078125,2.4190235,3.477854919433594,2.554405,chukchi
2020-10-09,0.0070617083,0.0,1.6700821,-7.891693,9.89964,13.945494270324707,2.4518306,3.580020713806152,2.1799562,chukchi
2020-10-10,0.008241558,0.0,0.6818085,-9.599701,9.479457,14.004582977294922,2.391069,3.6039690494537355,2.911496,chukchi
2020-10-11,0.012775693,0.0,-0.58431244,-10.171234,8.157401,13.73045520782471,2.170053,3.6374817848205567,4.368995,chukchi
2020-10-12,0.017499419,0.0,-1.188385,-10.807465,5.780382,11.945644187927249,1.3559409,2.903851842880249,5.3262753,chukchi
2020-10-13,0.016762227,0.0,-1.2768402,-10.09256,4.5068045,7.999111557006836,0.8687224,1.6652910709381104,4.778879,chukchi
2020-10-14,0.02290136,0.0,-1.296936,-12.789398,4.6047754,9.686378860473633,0.7924698,1.359324169158936,4.4613423,chukchi
2020-10-15,0.028876128,0.0,-0.3628769,-12.479889,9.649237,15.734086990356445,1.7382345,4.003707027435303,3.8999,chukchi
2020-10-16,0.029948026,0.0,0.02607727,-12.147827,13.821763,17.715854263305665,3.5945725,6.013958168029785,2.9072323,chukchi
2020-10-17,0.03060013,0.0,0.6247864,-12.767426,12.59917,17.69549598693848,3.618293,6.023000907897949,2.2273636,chukchi
2020-10-18,0.030737158,0.0,0.26070404,-13.525482,7.623993,12.335269355773928,1.9304326,3.443748331069946,2.3591857,chukchi
2020-10-19,0.031645246,0.0,0.30355072,-12.791595,5.614203,8.637565994262696,1.1008246,1.6773131608963012,2.1872687,chukchi
2020-10-20,0.027528455,0.0,0.8293152,-10.957367,5.7436476,8.488536834716797,0.86528146,1.2487637519836425,2.4363654,chukchi
2020-10-21,0.02527377,0.0,2.0147934,-5.0332947,6.181939,9.021478462219239,0.90239346,1.2895330429077152,1.4080725,chukchi
2020-10-22,0.021823239,0.0,1.6131973,-4.4876404,6.4046106,10.026943397521974,1.0139599,1.645826292037964,1.4051889,chukchi
2020-10-23,0.018782165,0.0,0.7308197,-6.4561462,5.860214,9.934129905700686,0.9375828,1.7210344314575197,2.0732746,chukchi
2020-10-24,0.019649886,0.0,0.09046173,-5.2652283,4.5281086,7.454072666168214,0.90616417,1.556687355041504,3.033844,chukchi
2020-10-25,0.039522268,0.05034790039062503,-0.4406662,-11.043549,5.1171703,8.537668800354004,0.87284935,1.25262451171875,4.4566307,chukchi
2020-10-26,0.03631628,0.0,-0.83880615,-9.762054,6.8210783,9.793913841247559,1.0301886,1.7998705387115483,3.8057828,chukchi
2020-10-27,0.038674995,0.025122070312503672,-1.0428696,-9.546722,8.562581,12.69480667114258,1.7368222,3.104418325424194,3.9592426,chukchi
2020-10-28,0.045792595,0.09288330078125002,-2.1590042,-11.779266,7.940767,12.080415344238283,1.9462318,3.1122179985046388,4.4462595,chukchi
2020-10-29,0.055322103,0.20695800781250048,-2.319374,-9.376129,7.558881,11.810322189331055,1.6501744,3.095830202102661,4.3475647,chukchi
2020-10-30,0.075185664,0.36183471679687584,-3.6381454,-11.269257,9.666935,15.683670997619629,2.6652,4.720014095306398,4.372884,chukchi
2020-10-31,0.099622,0.4840393066406251,-4.135765,-12.160278,9.316747,14.194737625122071,2.3757844,4.249670314788818,4.329783,chukchi
2021-07-01,0.57158935,0.913818359375,1.3322754,-1.5257263,4.431834,9.49892807006836,0.72433865,1.6587152481079102,1.4243947,chukchi
2021-07-02,0.57050174,0.934515380859375,1.7272339,-0.97592163,4.8547745,11.049378967285158,1.3837982,2.2950210571289062,1.4597998,chukchi
2021-07-03,0.58175164,0.961737060546875,1.6802673,-1.4239197,6.2844553,11.62130870819092,1.4653463,2.4544896602630617,1.5801005,chukchi
2021-07-04,0.54629403,0.93125,1.8341217,-0.622406,5.0650377,8.585292434692382,0.66089004,1.4310622215270996,0.9665206,chukchi
2021-07-05,0.5064808,0.8980102539062501,2.8528824,-0.19320679,5.0824084,7.740345096588137,0.491303,0.8787217378616338,0.369137,chukchi
2021-07-06,0.47423634,0.855108642578125,2.8605652,-0.18515015,4.9210143,7.948748588562013,0.42496032,0.9200802087783814,0.25753552,chukchi
2021-07-07,0.4610356,0.83359375,2.573021,-0.5166931,4.5176554,9.92096290588379,0.6447784,2.062141180038452,0.45585373,chukchi
2021-07-08,0.46472317,0.84281005859375,2.0514526,-0.8033142,4.379924,8.65590858459473,0.90279603,1.9459205865859985,0.7198414,chukchi
2021-07-09,0.46658707,0.887420654296875,1.8399811,-1.0411072,4.45528,7.3952116012573255,0.5844146,1.0625739097595215,1.0222062,chukchi
2021-07-10,0.4585792,0.844610595703125,2.4536133,-0.9180603,7.6998005,13.722364616394044,0.86426586,1.9252017021179197,1.3658149,chukchi
2021-07-11,0.45129618,0.852783203125,1.8284454,-1.651947,7.31661,12.93945770263672,0.87559056,1.711631178855896,1.3963534,chukchi
2021-07-12,0.4127665,0.8230712890625,3.502037,-0.32528687,6.9988723,10.57357292175293,0.8822255,1.8150577068328861,0.9141425,chukchi
2021-07-13,0.43089828,0.8266357421875,2.4996262,-1.2244568,5.899835,9.645079612731937,0.8744039,1.7632173299789429,0.8364821,chukchi
2021-07-14,0.43089828,0.8266357421875,2.2853699,-0.63339233,5.25286,8.918124008178712,0.65574324,1.2213703632354738,0.8673784,chukchi
2021-07-15,0.41583014,0.8422607421875,2.7170715,-1.4942322,5.9024215,9.273234176635743,0.81399465,1.2092678785324102,1.1048455,chukchi
2021-07-16,0.39216143,0.7968933105468751,3.1466904,-0.7840271,5.631558,9.916853904724123,1.0236957,1.6944684982299805,0.69110006,chukchi
2021-07-17,0.38122427,0.8028503417968751,2.9423828,-1.0997009,4.6862736,10.006616210937501,1.0269586,1.792095923423767,0.54963416,chukchi
2021-07-18,0.34952313,0.770611572265625,3.4851532,-0.9410095,6.4036922,9.922918701171875,1.0378442,1.7923132419586183,0.6952716,chukchi
2021-07-19,0.3492387,0.74246826171875,2.745697,-0.69296265,5.1480107,8.844527816772462,0.8470175,1.7649061679840088,0.93943334,chukchi
2021-07-20,0.37005258,0.78717041015625,2.5134964,-0.9949646,5.0672684,10.031569671630859,0.8024877,1.6906066179275514,0.9169884,chukchi
2021-07-21,0.3666541,0.7840209960937501,2.3993988,-0.26327515,8.221828,12.470121955871585,1.6663537,2.949185657501221,1.0192616,chukchi
2021-07-22,0.36641574,0.809295654296875,2.241272,-0.45980835,7.118951,11.016880416870118,1.2054241,2.5435642242431644,1.1225148,chukchi
2021-07-23,0.344814,0.7635437011718751,2.1870804,-0.91244507,5.0183554,7.284410476684572,0.650446,1.20252423286438,0.913604,chukchi
2021-07-24,0.34092644,0.750164794921875,2.5481186,-0.6307068,4.473158,6.7565052986145036,0.46787465,0.8763146877288819,0.75258166,chukchi
2021-07-25,0.32735154,0.73768310546875,2.7628403,-0.8782654,5.1123633,7.619871902465821,0.6417533,1.3395820140838626,0.52038205,chukchi
2021-07-26,0.31091577,0.71951904296875,2.5198898,-1.6468201,5.481817,9.2567777633667,0.6229718,1.0879045963287353,0.6618679,chukchi
2021-07-27,0.2920984,0.6909729003906251,2.8506851,-0.57211304,5.347322,8.87103900909424,0.583104,1.2288486719131468,0.57232803,chukchi
2021-07-28,0.29309902,0.714605712890625,3.255684,-0.64901733,8.760946,12.288954734802248,1.4139998,2.321202421188355,0.6129303,chukchi
2021-07-29,0.28338334,0.725799560546875,3.223381,-0.7173767,8.738159,12.307414627075199,1.3394246,2.2004211902618414,0.80919975,chukchi
2021-07-30,0.2533865,0.690350341796875,2.8870697,-0.7859802,6.277744,11.204742240905768,0.86911047,1.257223415374756,0.99678755,chukchi
2021-07-31,0.23953003,0.65054931640625,2.938301,-1.0857849,5.300438,8.89199619293213,0.6967262,1.1337712764739991,0.84064794,chukchi
2021-08-01,0.23262304,0.659283447265625,2.9641418,-0.77401733,8.876887,12.914545249938966,1.226923,1.7915059089660645,0.98912966,chukchi
2021-08-02,0.221628,0.657470703125,2.7832947,-1.2408142,7.1065087,10.557974243164063,1.0622089,1.6067605018615723,1.0217516,chukchi
2021-08-03,0.2399825,0.7447021484375,3.9774246,-1.4837341,6.8434205,10.878573226928712,1.1826162,1.9753608465194703,0.58071375,chukchi
2021-08-04,0.20307247,0.658673095703125,4.659027,-0.10971069,4.5009127,7.521892547607422,0.6415,1.140001153945923,0.3703937,chukchi
2021-08-05,0.18279645,0.612225341796875,4.1914673,-0.86190796,6.272958,10.161449813842774,0.74910015,1.5184253215789796,0.634802,chukchi
2021-08-06,0.17779514,0.6007263183593751,2.7184143,-0.6805115,8.265329,13.104716682434088,1.6781791,3.298440933227539,1.1190007,chukchi
2021-08-07,0.1864026,0.6274169921875,2.421341,-0.7559509,7.731658,12.229165458679201,1.4571313,3.0805749893188477,1.2399503,chukchi
2021-08-08,0.18254307,0.605657958984375,2.3123474,-0.55892944,7.2387815,11.44504222869873,1.1609217,2.481181144714355,0.97882384,chukchi
2021-08-09,0.17826353,0.6001220703125001,2.0890732,-0.9283142,6.6384854,10.921216773986817,1.0963856,2.033280658721924,1.0886757,chukchi
2021-08-10,0.18195206,0.60501708984375,1.9921417,-0.90341187,6.1018376,8.472910308837891,0.7946129,1.37734956741333,1.6198813,chukchi
2021-08-11,0.1821083,0.5957214355468751,1.7911835,-1.219574,6.988693,9.00849208831787,0.92302805,1.322955894470215,2.1512942,chukchi
2021-08-12,0.18368194,0.5980773925781251,1.6263428,-2.5870056,5.4000072,8.02157974243164,0.78883946,1.1259124517440797,2.1970615,chukchi
2021-08-13,0.18121435,0.6026733398437502,2.6837158,-2.4397888,5.4575086,9.399191856384277,0.6732588,1.266559362411499,1.7719804,chukchi
2021-08-14,0.17271057,0.58560791015625,3.349121,-0.8621521,6.660827,10.560591316223144,1.0959862,1.827531099319458,0.90001154,chukchi
2021-08-15,0.15926576,0.544781494140625,2.2840424,-1.9808044,7.9197125,10.455463027954101,1.255085,1.9026144504547122,1.5732435,chukchi
2021-08-16,0.15508518,0.533551025390625,1.4746094,-2.0525818,9.104832,12.351424026489259,1.6923511,2.874637174606323,2.381034,chukchi
2021-08-17,0.15529506,0.5319702148437501,1.3713684,-2.2859802,7.645876,10.354793930053711,1.3569882,1.9867553949356078,2.1416638,chukchi
2021-08-18,0.15547226,0.53299560546875,1.6685638,-1.9456482,5.7950974,9.686738967895508,0.88759595,1.603042721748352,1.8667723,chukchi
2021-08-19,0.1504076,0.5231994628906251,2.595192,-1.566742,5.2689133,7.806339359283447,0.5507649,1.0690426111221314,1.4642982,chukchi
2021-08-20,0.13892224,0.504400634765625,3.4711304,-1.3079529,6.2582755,9.326120185852051,0.57516634,1.1152097225189208,1.2470534,chukchi
2021-08-21,0.13742478,0.49785766601562503,3.0967102,-1.3755798,7.746819,10.413115882873536,1.0728875,1.6380620002746582,1.2595482,chukchi
2021-08-22,0.13070214,0.47832641601562503,2.0620193,-1.8572693,6.6105084,10.535745811462402,1.0326579,1.9053947925567627,1.7374448,chukchi
2021-08-23,0.127438,0.464190673828125,1.4239426,-1.7637634,4.963077,8.294955253601076,0.61106163,1.2847797870635986,1.8244542,chukchi
2021-08-24,0.11936638,0.4394287109375,1.0070724,-1.6387634,6.432142,10.302901840209964,0.8110897,1.8177171707153321,2.1938043,chukchi
2021-08-25,0.11385927,0.43696899414062523,1.5060654,-1.763031,6.4134073,9.24543972015381,0.85762084,1.5247102975845335,2.222325,chukchi
2021-08-26,0.10776677,0.41447753906250023,1.7025604,-3.6065369,7.755977,12.545177078247072,1.3545299,2.9131372451782225,1.9154774,chukchi
2021-08-27,0.09893082,0.40096435546875003,1.1733627,-3.3094177,7.825185,11.227153968811036,1.3948829,2.637810039520264,2.8509772,chukchi
2021-08-28,0.09293435,0.3766723632812501,1.4352264,-3.2537537,7.968079,12.35218734741211,1.3730739,2.2730571269989017,2.4966938,chukchi
2021-08-29,0.08459738,0.35722045898437516,0.912796,-3.7464294,6.8277454,10.966729736328126,1.1155119,1.8368781566619874,3.0697374,chukchi
2021-08-30,0.08346856,0.35294189453125,1.3090363,-2.70932,4.4854817,8.075634384155276,0.7470139,1.33925199508667,2.449286,chukchi
2021-08-31,0.08735565,0.36539306640625,2.015602,-2.2727966,3.7797413,6.682906246185303,0.4893101,0.7847877144813538,1.6966996,chukchi
2021-09-01,0.08803982,0.368243408203125,1.7308578,-3.448578,3.6358154,6.433674335479737,0.3925398,0.7152803540229798,1.2328935,chukchi
2021-09-02,0.08523394,0.35014038085937504,1.2647018,-3.6958923,5.9306717,10.341069984436036,0.7514714,1.7773547410964967,1.7414331,chukchi
2021-09-03,0.07534441,0.3319030761718754,1.2939758,-3.1629333,7.574444,11.813432502746585,1.3742,2.3937297344207766,1.5431212,chukchi
2021-09-04,0.0681027,0.324102783203125,1.3367233,-2.649994,8.759045,13.689719200134277,1.7457601,3.2311808586120607,1.7196301,chukchi
2021-09-05,0.06206899,0.31336059570312513,1.2808914,-2.0328064,8.912054,13.750702285766602,1.9329144,3.5331710338592544,2.0986347,chukchi
2021-09-06,0.047214318,0.24379272460937512,1.2042007,-1.9205017,7.4372525,12.086546707153321,1.6985096,2.9606378555297854,2.9826121,chukchi
2021-09-07,0.055061344,0.2716491699218751,2.138321,-3.5264587,6.055627,9.74486427307129,1.0948418,1.632579755783081,2.2243037,chukchi
2021-09-08,0.04887171,0.24669189453125018,2.1726074,-3.8467712,7.0393157,11.81538429260254,1.1126783,1.9722844600677487,1.3700362,chukchi
2021-09-09,0.038250674,0.18519287109375016,1.8442307,-3.071869,6.279999,11.370067977905276,1.1598111,2.174844694137573,1.7022427,chukchi
2021-09-10,0.043670006,0.22187500000000002,1.4919434,-4.035248,6.6180882,11.869614601135256,0.97353196,2.1848337650299072,1.522604,chukchi
2021-09-11,0.03695275,0.15836181640625005,1.2213364,-3.985443,9.54557,14.081293678283693,1.7431688,3.467977428436279,1.5213141,chukchi
2021-09-12,0.03743203,0.18057250976562506,1.7930069,-3.7635193,5.3999386,12.006209564208989,1.2635672,2.8058476448059095,1.1740767,chukchi
2021-09-13,0.037954234,0.1982971191406251,1.5909424,-6.3660583,5.3095255,10.404217338562013,0.8679726,1.568654537200928,1.1287909,chukchi
2021-09-14,0.04205266,0.21845092773437505,1.281784,-3.4060974,5.899755,11.213455200195314,0.94115514,2.011637783050537,1.3576037,chukchi
2021-09-15,0.032296132,0.11226196289062523,0.726326,-3.8477478,5.9752913,9.280371093750002,0.88621795,1.4447177648544312,2.3579206,chukchi
2021-09-16,0.033187553,0.13641967773437505,0.15097809,-3.7193298,4.9223895,8.435829734802246,0.7525597,1.1868508577346804,3.45997,chukchi
2021-09-17,0.033187553,0.13641967773437505,0.061035156,-4.4544373,5.4280033,8.745043563842774,0.7773601,1.2330166339874271,3.3898087,chukchi
2021-09-18,0.040586524,0.20970458984375115,0.031921387,-4.0728455,5.137456,10.12528018951416,0.7894846,1.440642261505128,3.3590422,chukchi
2021-09-19,0.04296029,0.24350585937500024,-0.3343811,-3.8172302,8.653995,12.971292877197268,1.5468359,2.7938561439514165,3.0627804,chukchi
2021-09-20,0.04511786,0.254974365234375,-0.49101257,-3.7674255,9.705928,13.548419380187989,2.0318785,3.1243324279785156,3.2151878,chukchi
2021-09-21,0.050601143,0.2716247558593752,-0.6018295,-4.6045837,9.525454,13.053919792175293,1.9376788,2.892449426651001,3.3795915,chukchi
2021-09-22,0.057479545,0.29523315429687563,-0.75244904,-9.707367,7.979144,10.877490234375,1.5129327,2.2191160202026374,3.769752,chukchi
2021-09-23,0.071860515,0.3578674316406251,-0.7547455,-7.3887634,5.291113,9.158323669433596,0.99294543,1.8887205362319945,4.2101917,chukchi
2021-09-24,0.082010195,0.4025329589843754,-0.9808121,-6.970398,4.913275,8.875337982177735,0.71686935,1.4348108768463135,4.007984,chukchi
2021-09-25,0.086264044,0.40751342773437504,-0.7759018,-8.782501,5.3815265,8.69097957611084,0.76207805,1.271647930145264,3.4683514,chukchi
2021-09-26,0.081761554,0.3901245117187501,-0.35671234,-8.002289,5.900721,9.016640853881837,0.7472062,1.1598050594329838,3.3737056,chukchi
2021-09-27,0.08743785,0.4494384765625,-0.6743927,-6.633148,5.3232145,8.433468437194826,0.7319986,1.189633846282959,3.453064,chukchi
2021-09-28,0.09890158,0.4607849121093751,-1.1446991,-9.583221,4.683815,7.596639347076416,0.67182994,1.1495487213134765,3.7582922,chukchi
2021-09-29,0.10903588,0.529705810546875,-1.3117752,-8.964905,5.215538,8.492862319946289,0.70257884,1.2105717182159421,3.6053028,chukchi
2021-09-30,0.11274442,0.5681335449218763,-1.8275833,-8.86142,7.142045,10.350071716308594,1.0427631,1.8748149871826172,3.2843041,chukchi
2021-10-01,0.14010683,0.67152099609375,-3.282959,-9.077911,8.84219,10.947250175476075,1.5628514,2.2061861515045167,3.851698,chukchi
2021-10-02,0.16340657,0.7426330566406253,-3.1235352,-12.403351,7.688571,11.196669006347657,1.4873832,2.292527198791504,3.9375994,chukchi
2021-10-03,0.18713084,0.760906982421875,-2.1848984,-9.457123,5.7928767,8.044777297973633,0.97416687,1.4516979694366456,3.8930924,chukchi
2021-10-04,0.18525071,0.7560607910156254,-1.1935883,-8.443207,6.3479276,9.575354766845704,0.8791852,1.3073006391525268,3.0716107,chukchi
2021-10-05,0.15879898,0.706829833984375,-0.67318726,-8.684937,7.2488084,11.47711524963379,1.2551951,2.3647942543029785,2.1410384,chukchi
2021-10-06,0.15092887,0.7062316894531252,-0.39440155,-6.9790955,7.0395083,9.718510818481445,1.2732506,2.029786539077759,1.5260317,chukchi
2021-10-07,0.17424394,0.7752502441406252,-1.0257263,-7.880707,5.6191893,8.491383171081544,0.9153415,1.4239727497100834,1.6001618,chukchi
2021-10-08,0.21033326,0.8370117187500004,-2.6529922,-11.018402,6.2785473,11.564292144775392,0.93893516,2.179506969451905,2.7288609,chukchi
2021-10-09,0.22991823,0.8473144531250001,-3.702095,-13.541107,7.380329,11.715958404541016,1.358939,2.4686452865600588,3.2681339,chukchi
2021-10-10,0.26758778,0.8833740234375,-3.888794,-13.319061,5.3468127,8.692803382873537,0.9342226,1.6944857120513916,3.1942093,chukchi
2021-10-11,0.27814877,0.885687255859375,-3.3204346,-11.262054,6.2158732,10.06086082458496,1.0605005,1.9648158550262451,2.6381814,chukchi
2021-10-12,0.26527724,0.8828186035156251,-3.227394,-11.1163025,8.009919,11.201252365112305,1.3833842,2.2393987655639647,2.934719,chukchi
2021-10-13,0.2533602,0.8738403320312501,-3.438118,-13.65686,9.213663,11.801485252380374,1.8711493,2.537925910949707,3.0345697,chukchi
2021-10-14,0.2541975,0.8875366210937501,-4.933792,-15.580505,9.279552,11.368079566955567,1.8113008,2.4808660984039306,2.8535848,chukchi
2021-10-15,0.2670308,0.89149169921875,-6.0591354,-15.810028,8.524356,11.39197177886963,1.7714597,2.5400074005126956,3.1911688,chukchi
2021-10-16,0.29065248,0.9118957519531252,-7.2401657,-17.422836,6.927634,10.35422992706299,1.2132394,2.0027668952941893,3.7517593,chukchi
2021-10-17,0.33780438,0.9352050781250001,-7.904854,-17.632095,6.710624,10.31581554412842,1.1731058,2.0721731185913086,3.7851825,chukchi
2021-10-18,0.3707207,0.9404357910156251,-7.9716873,-19.33725,5.4464154,9.755436134338378,0.996657,1.9653913974761963,4.57983,chukchi
2021-10-19,0.3775657,0.96109619140625,-6.952957,-20.109238,7.325141,14.01734085083008,1.8206007,3.629836654663087,3.5023365,chukchi
2021-10-20,0.3394059,0.953399658203125,-5.95623,-18.671997,10.339373,15.210229301452637,2.831715,4.307960510253906,2.568837,chukchi
2021-10-21,0.3064708,0.92374267578125,-4.629692,-16.378021,9.869421,14.466376686096192,1.9849494,3.9153075218200684,1.989505,chukchi
2021-10-22,0.30170524,0.918402099609375,-3.5441666,-14.295746,5.5481873,10.339540672302247,0.9461479,1.8006350994110107,1.7419637,chukchi
2021-10-23,0.3330187,0.9310791015625001,-4.601265,-15.561371,6.8119555,11.322413444519043,1.2163234,2.2733988761901855,2.191964,chukchi
2021-10-24,0.35781536,0.931134033203125,-6.364479,-16.298615,7.6712985,11.462018203735353,1.4364362,2.3429393768310547,2.3181064,chukchi
2021-10-25,0.3734992,0.941619873046875,-6.6824493,-16.625366,7.7377787,11.355793380737305,1.4026386,2.621784496307373,2.3699503,chukchi
2021-10-26,0.39624774,0.9525024414062501,-7.8423233,-18.491104,8.236183,12.368127632141114,1.7619485,2.9985605239868165,2.4639149,chukchi
2021-10-27,0.4117561,0.96439208984375,-7.7346115,-18.163635,6.408827,11.33746681213379,1.4683592,2.669853830337525,2.6784701,chukchi
2021-10-28,0.42758432,0.977947998046875,-7.2984924,-17.827316,5.524946,10.630776023864748,1.1704313,2.138198184967041,2.593107,chukchi
2021-10-29,0.44409814,0.9802124023437501,-7.504326,-23.848236,5.7222695,8.997897529602051,1.0464923,1.96383650302887,2.3937373,chukchi
2021-10-30,0.45478055,0.97633056640625,-7.3653564,-23.688675,4.925876,7.848651599884034,0.79865223,1.2633104324340825,2.5094151,chukchi
2021-10-31,0.46066397,0.9738403320312501,-7.3349457,-17.643646,6.375101,11.850116157531739,1.102629,2.201625871658325,2.4505737,chukchi
2022-07-01,0.3497199,0.71864013671875,3.04879,-0.22836304,4.888779,9.07959270477295,0.81987417,1.6538541316986084,0.8313981,chukchi
2022-07-02,0.33847883,0.7058654785156251,3.2137833,-0.73031616,4.6019745,7.854253578186036,0.6005191,1.046502828598023,0.55298036,chukchi
2022-07-03,0.3129396,0.6625122070312502,2.813675,-0.33529663,4.5120244,6.878726005554199,0.4427547,0.8291972756385805,0.3182211,chukchi
2022-07-04,0.31593952,0.6754150390625001,2.5154266,-0.61312866,3.737735,5.978936576843262,0.3174288,0.5995943546295166,0.28384525,chukchi
2022-07-05,0.30524352,0.6424743652343752,2.6257172,-0.63705444,3.770471,7.149955844879151,0.31685904,0.706885039806366,0.33644843,chukchi
2022-07-06,0.28186196,0.6217834472656251,3.3475952,-0.2828064,5.8285937,8.441902542114258,0.6335298,1.1918692588806152,0.51946205,chukchi
2022-07-07,0.28043842,0.62696533203125,2.50988,-1.0125427,5.011148,7.9742846488952654,0.56421834,1.0129791498184204,0.59384847,chukchi
2022-07-08,0.29277152,0.6579956054687501,2.3159332,-1.2032166,4.3449674,7.742704391479492,0.4328874,0.61350257396698,0.7711993,chukchi
2022-07-09,0.25769112,0.61781005859375,3.8427658,-0.14266968,6.3421545,9.91342544555664,0.668029,1.483525276184082,0.62861764,chukchi
2022-07-10,0.2546411,0.60078125,3.6650848,-0.32772827,5.94491,8.791637229919434,0.80583316,1.3892603874206544,0.6666472,chukchi
2022-07-11,0.24492529,0.5767333984375,2.3368378,-1.6617126,6.1714773,8.666523551940918,0.777766,1.1290366649627686,0.9226005,chukchi
2022-07-12,0.24928045,0.5985656738281251,1.9507828,-2.0154724,4.069115,6.235010719299317,0.51686174,0.8314924240112305,1.0431654,chukchi
2022-07-13,0.24512486,0.6084228515625001,2.2292862,-1.6409607,3.4053187,6.199522781372071,0.38144863,0.7907947897911072,0.89974916,chukchi
2022-07-14,0.24245535,0.6181335449218751,2.0265732,-0.96347046,4.671836,7.544990730285645,0.4016002,0.7920799136161804,1.3633177,chukchi
2022-07-15,0.24521136,0.6160217285156251,1.5578918,-1.4527283,6.1092896,8.615522193908692,0.74290127,1.5410911560058593,1.6937896,chukchi
2022-07-16,0.24401209,0.606427001953125,1.7861252,-1.3201599,3.466388,6.552735805511476,0.5208692,1.3292293548583984,1.8637536,chukchi
2022-07-17,0.22351655,0.58310546875,2.5070572,-1.5838318,5.0812874,8.921757698059082,0.4848519,1.1884405374526978,1.355916,chukchi
2022-07-18,0.20811492,0.553375244140625,2.6278229,-0.35165405,8.86345,12.475133705139163,1.5018393,2.9089585304260255,1.4715822,chukchi
2022-07-19,0.2075298,0.5691650390625,2.4535599,-1.0586853,6.1090436,10.714986228942873,1.0509121,1.732262659072876,1.773461,chukchi
2022-07-20,0.19189903,0.5579833984375,2.074852,-0.9122009,6.4474807,9.686216735839844,0.88141817,1.6471210718154907,1.1374046,chukchi
2022-07-21,0.18333468,0.5517578125000001,2.3331757,-1.1871033,6.628101,11.103628158569338,1.0432864,2.03512282371521,0.9777694,chukchi
2022-07-22,0.17200767,0.537542724609375,2.5169296,-1.1121521,7.285475,11.138479804992677,1.3038347,2.022597122192383,0.7659944,chukchi
2022-07-23,0.17019156,0.5388244628906254,2.3026276,-0.53427124,6.26197,8.609403038024903,0.94932526,1.6732707023620605,0.8783951,chukchi
2022-07-24,0.17085151,0.5384033203125,2.2700958,-0.88534546,5.0503283,7.324494457244873,0.67451656,1.0773885250091553,0.8247805,chukchi
2022-07-25,0.15793538,0.5127685546875003,2.3360443,-0.82870483,6.471478,10.324903488159183,0.80601525,1.488132357597351,0.83361053,chukchi
2022-07-26,0.14550328,0.49483642578125003,2.3683167,-0.60531616,9.529761,13.81393737792969,2.0264173,3.155573606491089,0.98509306,chukchi
2022-07-27,0.1481943,0.50546875,1.8029251,-0.8887634,6.621413,10.716610145568847,1.3427957,2.583843803405762,1.1336392,chukchi
2022-07-28,0.15505007,0.5259948730468753,1.8372879,-1.2745056,4.270609,7.301385974884034,0.6232834,1.0154556274414062,1.1999729,chukchi
2022-07-29,0.15330377,0.5341125488281258,1.8560028,-2.4632263,3.3856885,5.797981548309326,0.3789687,0.6916448950767516,1.1231717,chukchi
2022-07-30,0.13841383,0.4800476074218751,2.0629272,-1.6353455,3.2106442,6.352701568603516,0.30993924,0.7219500780105591,1.2041314,chukchi
2022-07-31,0.1262067,0.46338500976562536,2.3320618,-1.2171326,4.1168466,7.133451271057131,0.3810587,0.7468884468078616,1.1535646,chukchi
2022-08-01,0.10575524,0.4114624023437501,2.6217804,-1.086029,5.1038876,8.222064208984374,0.52647537,0.9183191061019897,0.975806,chukchi
2022-08-02,0.07407439,0.3437133789062511,3.1002274,-1.8475037,6.259742,10.320532989501954,0.73370826,1.5490695953369147,0.7738863,chukchi
2022-08-03,0.057281397,0.28811645507812544,3.941124,-0.98446655,5.428152,9.057752418518067,0.70394325,1.3637212276458746,1.1139978,chukchi
2022-08-04,0.054925025,0.26954345703125043,3.8267517,-1.1790466,5.1301713,9.482643508911133,0.6873819,1.3450742721557618,0.9949506,chukchi
2022-08-05,0.058192845,0.2981811523437503,2.6959686,-2.0242615,5.6238065,9.643245124816895,0.83392966,1.442669653892517,0.94442856,chukchi
2022-08-06,0.05247036,0.25518798828125044,1.9953918,-1.2625427,6.61103,9.540541648864746,0.9315702,1.5411598443984984,1.8241854,chukchi
2022-08-07,0.052157246,0.25805053710937526,2.2504654,-2.2391052,4.5350285,8.975617790222168,0.64716756,1.1144069671630858,1.9766821,chukchi
2022-08-08,0.051563546,0.25275878906250004,2.4644852,-1.6045837,6.1550474,11.31083278656006,0.85953546,2.0022434711456305,2.0335736,chukchi
2022-08-09,0.04689973,0.2252624511718751,1.9884949,-1.2564392,6.507333,10.43959178924561,0.99126226,1.9732197523117072,1.5801773,chukchi
2022-08-10,0.041448615,0.19630737304687557,3.6358871,-0.7893982,6.251051,8.687839889526368,0.7544167,1.1813831806182866,1.3234111,chukchi
2022-08-11,0.037873205,0.12164916992187551,3.7814713,-0.54281616,6.989995,10.74913215637207,0.9994004,1.8767735004425048,0.743702,chukchi
2022-08-12,0.03417515,0.05170288085937609,3.6450424,-0.83773804,6.219615,10.072652244567871,1.0505259,1.7216377735137935,0.61781734,chukchi
2022-08-13,0.033794843,0.046441650390625075,1.9293289,-0.9251404,7.266211,9.077608871459962,1.1449869,1.5329341888427734,1.844929,chukchi
2022-08-14,0.03621672,0.04257812500000038,1.7290955,-1.4588318,5.1492577,9.436706352233887,0.7907501,1.5413384437561035,1.8375468,chukchi
2022-08-15,0.037013244,0.06527099609375007,1.6615295,-1.9095154,5.7169905,8.695358276367188,0.65332556,1.2482859134674074,1.753493,chukchi
2022-08-16,0.0344977,0.04507446289062621,1.3916626,-2.200531,5.918462,9.414777946472169,0.84125555,1.5315145015716554,1.8222364,chukchi
2022-08-17,0.03138265,0.006567382812500008,1.4354477,-2.0740662,4.9796433,10.601991271972658,0.70306826,1.6635355949401855,1.8276439,chukchi
2022-08-18,0.03400181,0.038940429687500375,1.7279282,-2.337494,6.293538,11.566767501831055,1.0148585,2.1709290504455563,1.5175904,chukchi
2022-08-19,0.032899357,0.01556396484375,1.5306015,-2.3887634,4.575166,8.76569061279297,0.7958383,1.8054632663726806,1.2632732,chukchi
2022-08-20,0.030167479,0.0,1.6185837,-1.6841736,4.716858,7.854527473449708,0.57661647,1.0033026695251464,1.5202894,chukchi
2022-08-21,0.027587753,0.0,1.9519424,-1.769867,5.5364356,9.660461807250979,0.7135913,1.712384080886841,1.7826414,chukchi
2022-08-22,0.017810998,0.0,2.1061401,-2.313324,7.602847,11.253176879882814,1.1625056,2.1186238288879395,1.6996783,chukchi
2022-08-23,0.009574093,0.0,2.1164246,-1.7928162,7.765173,12.028729057312011,1.5519017,2.462539005279541,1.1685041,chukchi
2022-08-24,0.006619431,0.0,2.5935745,-1.4519958,4.906792,9.348977851867676,1.113674,1.8848358392715454,0.8613635,chukchi
2022-08-25,0.004134819,0.0,3.6262436,-0.8128357,5.374122,8.883655166625978,0.89734507,1.273097038269043,0.75492525,chukchi
2022-08-26,0.004300848,0.0,3.327118,-1.2000427,5.661908,9.429552459716797,0.82941127,1.4142582416534424,0.5081516,chukchi
2022-08-27,0.0041369814,0.0,2.4427032,-1.044281,6.0593266,9.17329158782959,0.81049824,1.4604151248931885,0.7776923,chukchi
2022-08-28,0.004133038,0.0,2.128601,-1.2906189,5.719769,8.108138656616212,0.76866186,1.231569528579712,1.123048,chukchi
2022-08-29,0.0027038744,0.0,2.087349,-1.9771423,3.994515,6.83748950958252,0.5964596,0.9289222955703735,1.1591494,chukchi
2022-08-30,0.0022208507,0.0,2.7422256,-1.0694275,4.920313,10.117354393005373,0.60084903,1.3717303276062012,1.1525304,chukchi
2022-08-31,0.0007882206,0.0,3.4676437,-1.0308533,6.8727684,11.206277656555176,0.97089225,1.9279379844665527,0.8416476,chukchi
2022-09-01,0.00154639,0.0,3.1314087,-0.9812927,7.4979653,10.069243431091309,1.1348851,1.772552728652954,0.6822477,chukchi
2022-09-02,0.0013139413,0.0,2.430046,-1.3960876,6.566487,10.386340713500978,1.0797555,1.7586665153503418,0.83161545,chukchi
2022-09-03,0.00085234037,0.0,2.4441757,-1.3311462,4.3142834,8.233630180358888,0.7135824,1.1566169261932373,1.0186526,chukchi
2022-09-04,3.0241976e-05,0.0,2.461403,-1.6778259,7.5280037,10.856829261779787,1.1645632,2.1021738052368164,1.8751518,chukchi
2022-09-05,0.00073058804,0.0,2.7295685,-1.6446228,5.9088736,10.459086990356445,1.2154858,2.0638108253479004,2.279823,chukchi
2022-09-06,0.0010093272,0.0,3.0827103,-1.9739685,4.871938,8.025943756103517,0.7430798,1.1943600177764893,1.3531183,chukchi
2022-09-07,0.0007379127,0.0,3.1059952,-1.7847595,4.5964985,9.007713890075685,0.6651162,1.1485042572021484,1.2382219,chukchi
2022-09-08,0.00014755286,0.0,3.1531296,-2.1475525,4.1890073,9.496606826782227,0.59794164,1.1950652599334717,1.044264,chukchi
2022-09-09,0.0,0.0,2.7350235,-2.0769958,6.9139204,10.15821361541748,0.8848602,1.5072133541107178,0.7403764,chukchi
2022-09-10,0.00021115324,0.0,2.8168793,-2.3460388,6.3403883,9.549051666259766,1.0724242,1.6616259813308716,0.95269585,chukchi
2022-09-11,0.0,0.0,2.8749237,-3.1507263,6.054107,8.543048667907716,1.0463953,1.521164894104004,1.1986108,chukchi
2022-09-12,0.0,0.0,2.902504,-2.3943787,7.4802628,9.935665512084961,1.0835338,1.6071687936782837,1.4570036,chukchi
2022-09-13,0.0,0.0,2.863762,-1.8977966,8.190565,11.527893447875977,1.5434958,2.385728359222412,1.516857,chukchi
2022-09-14,0.0,0.0,2.6400223,-2.3299255,7.690581,11.54533748626709,1.6455336,2.4797616004943848,1.4889741,chukchi
2022-09-15,0.0,0.0,2.8093872,-2.0242615,8.544387,11.837392997741707,1.7115104,2.5931520462036133,1.9823155,chukchi
2022-09-16,0.0,0.0,3.1184235,-2.6404724,8.289213,11.617302513122558,1.7277007,2.7116754055023193,1.7445769,chukchi
2022-09-17,0.0,0.0,3.4628448,-2.38974,12.116438,14.446310234069824,2.6416285,3.711937427520752,1.6244818,chukchi
2022-09-18,0.0,0.0,3.3211975,-1.4322205,10.803614,13.768982696533204,2.5575256,3.5669662952423096,1.3844036,chukchi
2022-09-19,0.00021143943,0.0,2.851944,-1.1941833,8.958546,11.88489818572998,1.9379295,2.7978897094726562,1.3575748,chukchi
2022-09-20,0.002906982,0.0,2.4897842,-2.978119,6.6382685,11.552654457092286,1.4709668,2.403823137283325,1.7114028,chukchi
2022-09-21,0.0027639132,0.0,2.7448502,-1.2615662,5.7671075,9.719585990905763,1.0006697,1.4242900609970093,1.615407,chukchi
2022-09-22,0.0030823601,0.0,3.1185684,-1.9393005,8.191872,11.844733810424804,1.2639129,2.2266364574432376,1.5786135,chukchi
2022-09-23,0.0026406874,0.0,2.047943,-3.2105408,8.172628,10.2732515335083,1.3685008,1.9530585765838624,2.186584,chukchi
2022-09-24,0.0018943901,0.0,1.2988434,-3.4129333,9.825166,13.633184623718263,1.9255772,3.563352584838867,3.135691,chukchi
2022-09-25,0.003040437,0.0,1.0767746,-3.500824,9.687416,13.515972328186038,2.2697778,3.628779888153076,3.3662734,chukchi
2022-09-26,0.0027927347,0.0,0.92679596,-3.9517517,7.028392,11.057565498352051,1.4899006,2.5971631526947023,3.7826633,chukchi
2022-09-27,0.0030950804,0.0,0.89928436,-6.466156,6.730363,10.452984046936036,1.1720052,2.076432466506958,3.347664,chukchi
2022-09-28,0.005249702,0.0,1.0009842,-6.572357,5.5869174,8.72504119873047,0.89807767,1.420766830444336,3.3444993,chukchi
2022-09-29,0.0063114148,0.0,1.0317764,-6.549408,6.533908,10.406537818908692,1.0918505,1.8387069702148438,3.5607822,chukchi
2022-09-30,0.0066079195,0.0,0.2978363,-6.145355,5.16525,9.820902442932136,1.1463158,1.7968297004699707,4.1975226,chukchi
2022-10-01,0.0073824343,0.0,0.27637482,-5.6319275,4.722842,8.011161613464358,1.0061507,1.5200565338134766,5.1758747,chukchi
2022-10-02,0.007956279,0.0,0.74781036,-6.2100525,5.668939,9.018980216979985,0.8599995,1.3356339931488037,5.2260966,chukchi
2022-10-03,0.008612624,0.0,0.9835129,-5.5484314,5.60839,9.31768321990967,0.9903922,1.4711146354675293,3.8644223,chukchi
2022-10-04,0.007493523,0.0,0.9847412,-5.054291,3.3071487,6.661931514739992,0.770997,1.0884740352630615,3.265233,chukchi
2022-10-05,0.010038534,0.0,0.73817444,-5.554535,4.7053537,12.149969291687015,0.72786015,1.6677401065826416,3.532324,chukchi
2022-10-06,0.0068963156,0.0,2.2910385,-5.304291,13.257536,18.798163986206056,3.044489,5.9491516113281255,2.2730756,chukchi
2022-10-07,0.0036310724,0.0,1.405159,-3.8274841,14.266755,18.69734115600586,4.358296,6.607678604125977,3.46003,chukchi
2022-10-08,0.0035921596,0.0,0.20026398,-7.4966125,8.928742,12.941494178771974,2.4309773,4.147180843353272,3.7389755,chukchi
2022-10-09,0.0021593387,0.0,-0.46312714,-8.216522,8.623842,14.19054126739502,2.1851885,3.73085675239563,4.323261,chukchi
2022-10-10,0.0037608913,0.0,-0.8760147,-7.8841553,9.033618,12.080033493041993,2.0604415,3.0673625469207764,4.342204,chukchi
2022-10-11,0.004115845,0.0,-1.1765594,-8.894196,9.211028,12.02426738739014,2.06022,2.850928497314454,4.287899,chukchi
2022-10-12,0.005962906,0.0,-1.7821121,-8.583893,8.823688,12.952846145629895,2.0344424,3.0499915599823,4.294386,chukchi
2022-10-13,0.010939051,0.0,-2.400856,-9.302582,6.811048,10.800697898864748,1.5405715,2.4557618141174316,4.3771577,chukchi
2022-10-14,0.016520377,0.0,-2.1601562,-8.903168,6.081197,9.738702201843262,1.172671,2.015756177902222,5.312109,chukchi
2022-10-15,0.018186834,0.0,-1.3151398,-11.487579,5.4844403,9.11922950744629,0.98165166,1.562924575805664,4.248424,chukchi
2022-10-16,0.021949973,0.0,-1.7763977,-9.329437,5.8222404,11.819597244262708,1.0234667,2.3581373214721686,4.6086006,chukchi
2022-10-17,0.0323122,0.08128051757812593,-1.5074921,-11.753021,7.9714966,12.216661453247072,1.6325827,2.784684467315674,4.0717688,chukchi
2022-10-18,0.03645181,0.07300415039062513,-2.212967,-12.864105,6.3655124,9.464199447631836,1.5518203,2.3344981193542482,3.328537,chukchi
2022-10-19,0.035945076,0.043676757812502756,-1.2468491,-11.211761,7.6127543,12.094083976745607,1.3955997,2.154765892028809,3.2750509,chukchi
2022-10-20,0.032250773,0.009844970703125025,-0.15686035,-7.95224,10.165645,12.798288154602051,1.9364147,2.8550198554992674,2.3069508,chukchi
2022-10-21,0.037182007,0.05560913085937655,-0.762558,-12.896088,10.278911,13.531782913208009,2.3933325,3.371950626373291,2.753905,chukchi
2022-10-22,0.048061453,0.14602050781250003,-0.8429642,-15.058929,8.772131,13.31965503692627,2.0744529,3.3391363620758057,2.2411568,chukchi
2022-10-23,0.048034,0.11862182617187504,-0.6601944,-13.585541,7.668288,11.472395133972167,1.6066399,2.6694976806640627,1.9577806,chukchi
2022-10-24,0.04173483,0.014300537109375858,-0.9920578,-11.474396,7.109226,11.573795127868653,1.4976478,2.3768375396728514,2.302156,chukchi
2022-10-25,0.043671608,0.029797363281250017,-1.935791,-14.995697,6.712371,10.96916389465332,1.4108212,2.2692098140716555,2.721385,chukchi
2022-10-26,0.052323982,0.12366943359375068,-3.5193176,-18.230377,6.879126,11.271255302429202,1.3916123,2.264214944839478,3.317117,chukchi
2022-10-27,0.06487466,0.24179077148437528,-4.534874,-20.070114,7.4138756,11.575914192199708,1.4653584,2.6841608047485352,4.298011,chukchi
2022-10-28,0.08627491,0.36646118164062536,-5.131714,-20.740768,7.8462415,10.422401237487794,1.6613355,2.345610332489014,3.7386599,chukchi
2022-10-29,0.10072995,0.4341979980468751,-5.6254196,-21.324188,8.615136,12.0399076461792,1.6881545,2.723624515533448,3.9330645,chukchi
2022-10-30,0.12229289,0.5428955078125003,-5.550064,-20.262848,8.576029,12.741318893432618,1.879757,2.801620864868164,3.2568185,chukchi
2022-10-31,0.1399803,0.5960937500000003,-5.2394333,-20.601791,8.906445,12.508498001098634,1.9957558,2.794435691833496,3.398735,chukchi
2023-07-01,0.5750223,0.864666748046875,1.8546906,-0.6661072,5.617853,11.399099349975586,0.6612752,0.9692335724830627,1.0372789,chukchi
2023-07-02,0.5826729,0.8850036621093751,1.6388931,-1.773529,3.1835856,6.193578243255616,0.42558566,0.923697078227997,1.0839548,chukchi
2023-07-03,0.55636585,0.839935302734375,2.556755,-0.8653259,5.184553,9.821159934997562,0.28335494,0.44336177110672,0.8391535,chukchi
2023-07-04,0.51725006,0.81097412109375,3.2583008,-0.9139099,5.458063,9.923995399475098,0.3337096,0.7267843127250674,0.66224015,chukchi
2023-07-05,0.52438116,0.851318359375,2.1889572,-1.0162048,3.3332162,5.850446605682373,0.3030927,0.5859307050704956,0.70901906,chukchi
2023-07-06,0.5190813,0.847393798828125,2.0687866,-0.9449158,2.7421918,5.741154575347901,0.23845658,0.5395573973655701,0.78123355,chukchi
2023-07-07,0.4975901,0.8267089843750001,2.4021606,-0.57089233,3.407619,6.051819705963135,0.28943887,0.4628094077110291,0.4193838,chukchi
2023-07-08,0.47460094,0.784698486328125,2.572647,-0.58065796,4.36808,7.494317150115967,0.3343162,0.6061564207077027,0.30920428,chukchi
2023-07-09,0.4524873,0.753424072265625,2.88517,-0.82406616,4.6417246,8.124380493164063,0.43858624,0.7245834112167359,0.44068012,chukchi
2023-07-10,0.44464865,0.74993896484375,2.6722412,-0.6853943,3.1551604,6.235962486267091,0.46320134,0.6900649547576905,0.31817773,chukchi
2023-07-11,0.43191987,0.737677001953125,2.3811646,-1.1065369,2.4901996,4.9389472007751465,0.3391025,0.624274730682373,0.4004701,chukchi
2023-07-12,0.41320038,0.7100830078125,3.018196,-0.65097046,3.6486583,6.737795639038087,0.39199334,1.0695190906524659,0.5323885,chukchi
2023-07-13,0.38315186,0.6742736816406251,3.6200562,-0.3670349,4.434348,7.289878177642822,0.6214732,1.1559132099151612,0.4968062,chukchi
2023-07-14,0.36545798,0.652447509765625,3.265236,-0.47616577,4.2040453,7.24631052017212,0.6128795,1.1899020671844482,0.32833987,chukchi
2023-07-15,0.35827658,0.6399719238281251,2.616127,-0.63900757,4.0963807,7.764042758941652,0.8008455,1.2979716062545776,0.3796168,chukchi
2023-07-16,0.3585083,0.63934326171875,2.1793823,-0.94052124,3.3975034,7.106406116485599,0.5826178,1.3133182525634766,0.43889782,chukchi
2023-07-17,0.3428637,0.61822509765625,2.5249634,-1.1048279,3.7559407,6.397205257415772,0.38649553,0.7502404928207398,0.62766016,chukchi
2023-07-18,0.3288152,0.635870361328125,3.3552933,-1.6661072,4.3779387,7.680635929107667,0.5009439,0.9631129145622254,0.6200523,chukchi
2023-07-19,0.28916162,0.566595458984375,4.3774796,-0.80355835,5.791937,8.255285835266115,0.752546,1.2412618160247804,0.4271612,chukchi
2023-07-20,0.27863213,0.545574951171875,4.284424,-0.23422241,4.9601088,8.0704345703125,0.73597276,1.1358205556869505,0.3687287,chukchi
2023-07-21,0.26048875,0.518505859375,3.7050781,-0.6343689,3.828973,5.899272823333741,0.51014054,0.8074288249015809,0.287907,chukchi
2023-07-22,0.25182378,0.51771240234375,3.6896286,-1.0301208,3.5451508,6.039268016815187,0.43602496,0.7471469521522524,0.39334995,chukchi
2023-07-23,0.23359106,0.497137451171875,4.2745743,-0.57748413,4.642657,8.658519172668457,0.39709854,0.8315721035003664,0.40739897,chukchi
2023-07-24,0.21273245,0.45498046875000003,4.8546066,-0.57040405,5.324227,8.277948188781739,0.47000504,0.9388858437538149,0.36001915,chukchi
2023-07-25,0.19997759,0.445013427734375,3.9450684,-0.6446228,3.8764718,6.972456645965576,0.3937254,0.7527072429656982,0.37922302,chukchi
2023-07-26,0.18259959,0.41987915039062507,4.3307114,-0.43954468,5.009113,7.748715591430664,0.53436136,1.0421199798583984,0.45898783,chukchi
2023-07-27,0.16541502,0.39478759765625004,4.805252,-0.73495483,5.167305,8.35084342956543,0.58342934,1.1037383079528809,0.42759848,chukchi
2023-07-28,0.16597542,0.398260498046875,4.045517,-1.6131287,3.55334,5.590525341033936,0.37446234,0.6401912569999695,0.3546269,chukchi
2023-07-29,0.1440426,0.38621215820312504,3.948616,-1.0376892,3.745806,6.259238719940186,0.31808007,0.46628762483596814,0.3482005,chukchi
2023-07-30,0.13877673,0.38868408203125004,4.1180115,-1.0064392,4.1637297,7.658036136627199,0.4167471,0.8649944901466368,0.5048166,chukchi
2023-07-31,0.109864585,0.348211669921875,4.7394714,-0.9649353,5.4892945,8.263697242736816,0.68424964,1.1634408473968505,0.6130766,chukchi
2023-08-01,0.0909983,0.315264892578125,4.771858,-0.6036072,5.735492,7.936279582977295,0.7004426,1.0573809146881108,0.5644229,chukchi
2023-08-02,0.07598582,0.28758544921875007,3.9469757,-1.0098572,5.229142,8.42148017883301,0.7058555,1.2353708744049072,0.72374886,chukchi
2023-08-03,0.06987641,0.2905517578125001,3.8563156,-1.1048279,4.249876,7.085996437072755,0.5627372,1.0308329105377199,0.82045364,chukchi
2023-08-04,0.07888378,0.31017456054687503,4.805313,-1.6873474,5.0241003,7.932085418701175,0.492226,0.810013222694397,0.72584605,chukchi
2023-08-05,0.066135034,0.283453369140625,5.707573,-1.0176697,5.906975,9.031878089904787,0.7135175,1.2001946687698368,0.69280136,chukchi
2023-08-06,0.053709324,0.256134033203125,5.4274826,-1.3262634,5.075271,8.22341213226319,0.72822356,1.0743600845336914,0.99897337,chukchi
2023-08-07,0.05671316,0.266497802734375,4.904808,-2.1707458,6.4570885,9.011622619628907,0.7849891,1.245860290527344,0.8837203,chukchi
2023-08-08,0.054668676,0.25501708984375004,4.4673843,-1.5652771,6.574152,11.06709098815918,0.9371554,1.7027220726013184,0.757094,chukchi
2023-08-09,0.04606842,0.23912963867187503,4.0122375,-0.8511658,6.4008026,10.933906173706054,1.0773218,2.0466651916503906,0.8361652,chukchi
2023-08-10,0.036411095,0.19414062500000012,4.193039,-1.643158,6.680743,11.028551292419435,1.0754848,2.082794427871704,0.83559215,chukchi
2023-08-11,0.02690318,0.13635864257812547,4.015297,-0.7486267,6.0480137,11.002718544006347,1.0718085,2.0914485454559326,0.7139185,chukchi
2023-08-12,0.017348686,0.04398803710937514,3.898201,-0.7742615,6.056016,10.246401023864747,0.9386579,1.9101999998092651,0.75709486,chukchi
2023-08-13,0.014739344,0.008715820312500108,3.545456,-1.5381775,5.7708826,10.908324813842778,0.8643947,1.9390780925750732,0.9695581,chukchi
2023-08-14,0.011198732,0.0,3.5951462,-1.415863,4.091117,8.86375541687012,0.60447,1.4774126052856444,1.0752522,chukchi
2023-08-15,0.0119421035,0.0,3.7288284,-1.8702087,5.0882816,8.292795944213868,0.6062275,1.0076270341873175,1.0044094,chukchi
2023-08-16,0.011101869,0.0,3.6126099,-1.3003845,4.99932,8.948860168457033,0.7055125,1.3892569541931155,1.3733952,chukchi
2023-08-17,0.009777264,0.0,3.59684,-1.5276794,6.624526,10.397740936279297,0.9662316,1.759120535850525,1.7517493,chukchi
2023-08-18,0.0070838626,0.0,2.8376923,-2.110443,7.654354,12.29528980255127,1.3347888,2.6249728202819824,2.7067976,chukchi
2023-08-19,0.005202934,0.0,2.3658066,-2.113617,8.027336,10.602822303771973,1.5504608,2.3506178855895996,3.0913029,chukchi
2023-08-20,0.0042614583,0.0,2.7910385,-2.145111,7.25695,12.29167175292969,1.3627051,2.4591000080108643,2.9215374,chukchi
2023-08-21,0.0033134734,0.0,3.3514175,-2.2002869,5.3880467,10.0204008102417,1.0245936,1.7921457290649414,2.3607407,chukchi
2023-08-22,0.004313409,0.0,2.9665222,-2.1387634,6.654965,11.8189302444458,0.9956336,2.092519760131836,2.168386,chukchi
2023-08-23,0.003655071,0.0,1.7671738,-2.0811462,9.299228,14.753340530395509,1.9558396,3.697749137878418,3.321213,chukchi
2023-08-24,0.0024821423,0.0,2.2844849,-2.386322,5.637272,11.352999687194824,1.1187596,2.6646976470947266,2.2239919,chukchi
2023-08-25,0.0027016907,0.0,2.1760254,-2.4309998,5.171381,10.517268943786622,0.83129513,1.6297390460968018,2.1414616,chukchi
2023-08-26,0.0025241715,0.0,2.305603,-1.6563416,5.5342712,11.302009010314942,0.86119616,1.9847509860992432,2.188302,chukchi
2023-08-27,0.0017937637,0.0,2.2968597,-1.1643982,7.079215,12.118306922912598,1.2662249,2.4480388164520264,2.0131679,chukchi
2023-08-28,0.0001716044,0.0,2.1846542,-2.344574,5.916438,10.898595809936525,1.3884525,2.2965190410614014,2.200972,chukchi
2023-08-29,0.0,0.0,2.6292267,-0.8719177,5.0645175,8.821274948120118,1.010889,1.5378828048706055,1.8458785,chukchi
2023-08-30,0.0,0.0,3.02742,-1.191742,3.9716487,7.529527282714847,0.6807814,1.1504709720611572,1.277488,chukchi
2023-08-31,0.0,0.0,3.6156998,-0.28500366,6.7320876,11.629687881469728,0.8946696,1.8092143535614014,1.1253471,chukchi
2023-09-01,0.0,0.0,2.9013748,-1.2666931,5.522154,9.403110122680667,1.0427876,1.5830187797546387,0.8829121,chukchi
2023-09-02,0.00022019508,0.0,2.8239365,-1.426117,5.2197657,10.1920394897461,0.9894662,1.752918004989624,1.698276,chukchi
2023-09-03,0.0,0.0,3.245079,-0.953949,6.4216294,10.926366424560548,1.0826819,1.803333044052124,1.4224637,chukchi
2023-09-04,0.0,0.0,2.1797714,-1.2247009,7.8902864,12.126036643981934,1.5337445,2.411832571029663,2.019558,chukchi
2023-09-05,0.0,0.0,2.5912094,-1.2071228,6.8471327,11.236443519592287,1.4630331,2.148094892501831,1.5763178,chukchi
2023-09-06,0.0,0.0,1.7720337,-2.443451,7.932042,11.037254333496096,1.3008361,1.9311816692352295,2.1147003,chukchi
2023-09-07,0.0,0.0,1.4446335,-1.6477966,7.9676914,11.869661521911622,1.2705086,2.3288562297821045,2.6681724,chukchi
2023-09-08,0.0,0.0,1.6712799,-2.0957947,5.586939,9.421912574768067,1.0756401,1.708076000213623,2.2443056,chukchi
2023-09-09,0.0,0.0,2.487587,-1.8921814,4.802303,8.119143295288087,0.7573017,1.0693166255950928,1.6299498,chukchi
2023-09-10,0.0,0.0,2.8798523,-0.80722046,6.559365,10.031085395812989,0.9828799,1.7272635698318481,0.95993483,chukchi
2023-09-11,0.0,0.0,2.702568,-1.2193298,5.407764,8.221015930175785,1.0649236,1.711543321609497,0.9136114,chukchi
2023-09-12,0.0,0.0,2.5079193,-1.5999451,5.8969374,8.123180007934572,1.0830722,1.773484706878662,0.9394204,chukchi
2023-09-13,0.0,0.0,2.4397278,-1.2139587,5.154531,7.62224464416504,1.0569901,1.5596652030944824,1.1697593,chukchi
2023-09-14,0.0,0.0,2.8331223,-0.98568726,3.9205122,6.911497592926026,0.97122574,1.5701262950897217,1.2506564,chukchi
2023-09-15,0.0,0.0,3.1019058,-2.631195,4.275403,7.791119194030762,0.81087625,1.2611298561096191,1.0245963,chukchi
2023-09-16,0.0,0.0,2.5957565,-3.4478455,5.4104815,8.89965343475342,0.828678,1.34837007522583,0.9773929,chukchi
2023-09-17,0.0,0.0,2.4552078,-1.644867,5.491085,9.634077644348144,0.9158114,1.4671006202697754,1.4243119,chukchi
2023-09-18,0.0,0.0,2.1038742,-1.3091736,6.985752,11.96069965362549,1.1595107,2.337150812149048,1.4734693,chukchi
2023-09-19,0.0,0.0,1.7325897,-2.7605896,8.488176,13.021207809448251,1.7318692,2.917273998260498,1.7418804,chukchi
2023-09-20,0.0,0.0,1.5745544,-2.9900818,8.037961,11.814684867858887,1.7011529,2.6784119606018066,2.1613665,chukchi
2023-09-21,0.0,0.0,1.3105392,-2.181488,6.988623,11.36075668334961,1.5801816,2.4094014167785645,2.8732464,chukchi
2023-09-22,0.0,0.0,1.2971039,-1.5892029,5.309546,8.921769905090333,1.3127191,2.029649257659912,3.111329,chukchi
2023-09-23,0.0,0.0,1.5324097,-1.674408,4.0843954,7.261087894439699,0.93061,1.3071327209472656,2.7611833,chukchi
2023-09-24,0.0,0.0,1.5787125,-2.1910095,3.0112724,5.0586511611938505,0.6765313,0.8858775496482849,2.6467354,chukchi
2023-09-25,0.0,0.0,1.5281143,-3.0240173,2.9436016,5.990657043457031,0.56858814,0.772628903388977,2.430644,chukchi
2023-09-26,0.00090405805,0.0,1.1833038,-6.0577087,3.7732613,6.649288272857667,0.57457596,0.7912998795509338,2.5796263,chukchi
2023-09-27,0.0,0.0,1.1484909,-3.7893982,4.168436,8.295381927490235,0.6045132,1.378366231918335,3.137162,chukchi
2023-09-28,0.0,0.0,2.1310043,-2.5159607,5.7931404,9.215353584289552,0.90168464,1.5432207584381104,2.4516125,chukchi
2023-09-29,0.0,0.0,1.7915115,-4.514984,4.876044,7.747860622406006,0.9599617,1.4222843647003174,2.2532868,chukchi
2023-09-30,0.0,0.0,1.828865,-3.349701,7.500454,11.969746780395507,1.2198124,2.040342330932617,2.3948524,chukchi
2023-10-01,0.0,0.0,0.58948517,-2.9612732,8.327295,11.951627349853517,1.7353184,2.4890713691711426,3.8398542,chukchi
2023-10-02,0.0,0.0,0.23927307,-5.799408,7.39572,10.055169105529785,1.5479361,2.02447509765625,4.1355834,chukchi
2023-10-03,0.0,0.0,-0.3941269,-5.248871,7.6754417,10.041977691650391,1.4700036,2.100405693054199,4.292824,chukchi
2023-10-04,0.0,0.0,-0.21035004,-6.945648,7.5711536,9.7393310546875,1.5333297,1.978257179260254,4.6121,chukchi
2023-10-05,0.0005026973,0.0,0.039772034,-8.347931,7.0512257,10.757928085327153,1.4106749,2.0832810401916504,4.3615694,chukchi
2023-10-06,0.005563273,0.0,-1.0464096,-7.705414,6.537741,10.505406761169434,1.2735422,1.9868896007537842,4.6958714,chukchi
2023-10-07,0.0151549615,0.0,-1.4500504,-5.662964,6.46741,10.375360870361328,1.1108341,2.010475015640259,5.852321,chukchi
2023-10-08,0.006340586,0.0,-1.1935654,-6.7572327,6.937133,10.203495025634766,1.1694957,1.9088193416595458,6.097812,chukchi
2023-10-09,0.009485614,0.0,-1.1749725,-7.57724,6.7029176,10.308120727539062,1.1772932,2.040547704696655,6.217216,chukchi
2023-10-10,0.025343869,0.006683349609375042,-1.0978317,-6.8731384,6.799446,11.787074279785157,1.4195201,2.570398473739624,5.7345877,chukchi
2023-10-11,0.043421097,0.12262573242187717,-1.0799637,-8.790863,7.301983,11.111052703857421,1.720558,2.4496718406677247,4.4766626,chukchi
2023-10-12,0.043712534,0.09515991210937534,-1.1312408,-8.439301,7.2445755,10.782969093322755,1.6610942,2.437895631790161,3.7406209,chukchi
2023-10-13,0.044062253,0.06812133789062509,-1.2357407,-10.28595,7.8692093,10.97865447998047,1.5678359,2.3794032096862794,3.8981555,chukchi
2023-10-14,0.0626104,0.28748168945312524,-1.1614761,-9.189545,7.691861,10.62646999359131,1.5916045,2.172427749633789,3.6359377,chukchi
2023-10-15,0.07897912,0.4511840820312501,-1.3698425,-11.189056,5.572047,8.162749290466309,1.164954,1.6175373792648315,3.0724125,chukchi
2023-10-16,0.09895447,0.6188110351562501,-1.9534149,-9.924408,3.684626,6.2094776153564455,0.71584827,1.0797982215881348,3.1224132,chukchi
2023-10-17,0.10269076,0.609497070312501,-2.3824463,-10.078705,4.400208,8.07771511077881,0.6598917,1.2675122737884523,3.3354635,chukchi
2023-10-18,0.10269076,0.609497070312501,-3.5315018,-10.79303,6.1351733,11.413419723510744,1.2023895,2.3909708976745607,3.8017528,chukchi
2023-10-19,0.14892893,0.7937744140625003,-5.2338715,-14.778412,9.2852745,12.245448684692382,1.7422186,2.6682640075683595,4.243904,chukchi
2023-10-20,0.16768189,0.8362670898437501,-6.6643524,-16.561432,9.871984,13.15615119934082,2.2029061,3.306865692138672,4.3112164,chukchi
2023-10-21,0.1826512,0.8308166503906251,-6.4710007,-15.446869,6.766714,12.131225585937504,1.5422641,3.2456541061401367,4.619612,chukchi
2023-10-22,0.17093807,0.7767578125000005,-4.168991,-15.195404,8.006546,13.511560821533203,1.5023192,2.8281276226043706,3.5978947,chukchi
2023-10-23,0.13219045,0.6445190429687504,-0.49407196,-12.280334,11.482158,15.198165321350098,2.2976162,4.110658264160156,1.8229026,chukchi
2023-10-24,0.1173345,0.6299255371093753,0.62953186,-6.1580505,9.594821,14.477297592163087,2.3904343,3.9243489265441895,1.5716925,chukchi
2023-10-25,0.13896005,0.7543762207031254,-0.21566772,-8.177063,7.817951,11.36622371673584,1.3262496,2.3130853652954104,1.938453,chukchi
2023-10-26,0.13359064,0.7079040527343753,0.017112732,-9.640961,7.289446,10.96956901550293,1.2576847,2.0426509380340576,1.032259,chukchi
2023-10-27,0.1709496,0.8304992675781254,-2.3605118,-12.494415,7.5163813,11.295907402038575,1.4574646,2.2683999061584474,2.0637064,chukchi
2023-10-28,0.17513947,0.8227111816406251,-1.7732544,-10.445404,6.7523913,9.860029029846192,1.0429956,1.9735093593597415,2.323063,chukchi
2023-10-29,0.18869768,0.856304931640625,-1.5764084,-10.097504,7.350531,12.24670238494873,1.2363131,2.622661638259888,1.580331,chukchi
2023-10-30,0.23328383,0.8989807128906252,-3.4595642,-14.42392,7.8205385,12.445716857910156,1.6136391,2.881459140777588,2.731425,chukchi
2023-10-31,0.25579488,0.8906799316406251,-2.8380127,-14.3333435,6.155052,11.594760322570803,1.3555971,2.621741199493408,2.0632913,chukchi
2024-07-01,0.54252595,0.783203125,2.4741974,-0.7078552,4.704557,8.46006088256836,0.3010714,0.6049988269805908,0.4336297,chukchi
2024-07-02,0.5075149,0.7354003906250001,3.3141098,0.1600647,7.1732597,10.366136550903322,1.1115497,2.0555968761444094,0.79372466,chukchi
2024-07-03,0.48834985,0.73154296875,2.7968445,-0.44345093,5.79377,10.085451698303224,1.4673325,2.4792016029357913,0.5649297,chukchi
2024-07-04,0.47610372,0.7277587890625,2.3529434,-0.3814392,5.062433,9.32616367340088,1.0226196,1.6268761157989502,0.50981957,chukchi
2024-07-05,0.49358273,0.747039794921875,2.167221,-0.53793335,4.6101985,7.8063249588012695,0.72400296,1.264053773880005,0.46575558,chukchi
2024-07-06,0.48146737,0.7508422851562501,1.6241684,-0.9058533,5.98599,8.961835098266606,0.963048,1.635697841644287,0.61554515,chukchi
2024-07-07,0.48496577,0.7650085449218751,1.0262985,-1.4405212,4.4026127,7.899537372589112,0.8096736,1.53951096534729,0.9288732,chukchi
2024-07-08,0.4877747,0.7540771484375001,1.1025696,-1.4747009,2.9428778,6.725331211090089,0.3298781,0.5724025964736938,0.9882101,chukchi
2024-07-09,0.4712525,0.7242553710937502,1.1258545,-1.0030212,7.1524353,10.441558647155762,0.6078802,1.5453688859939576,0.99652505,chukchi
2024-07-10,0.4817935,0.78248291015625,1.157196,-1.0125427,7.4107256,11.724616813659669,0.79830575,1.7010127305984497,1.2718242,chukchi
2024-07-11,0.4814818,0.7843872070312501,1.6859055,-0.9559021,6.0230465,9.301623916625976,0.8444258,1.6073119640350342,0.8742187,chukchi
2024-07-12,0.46058583,0.756231689453125,2.0795593,-1.0630798,3.9977708,6.617376422882081,0.5315399,0.8068886756896972,0.59733087,chukchi
2024-07-13,0.4245088,0.716766357421875,2.197792,-1.153656,5.116141,8.557036590576173,0.71279764,1.3503772497177124,0.67989814,chukchi
2024-07-14,0.4325308,0.771954345703125,1.635849,-1.4480896,6.3642483,9.353567695617677,0.88192064,1.4568267345428467,0.8162002,chukchi
2024-07-15,0.42598087,0.7573547363281252,1.5507812,-1.2364197,6.5886097,10.77900257110596,1.3541315,2.001024055480957,0.93049645,chukchi
2024-07-16,0.418621,0.71943359375,1.3345261,-1.4707947,4.7543936,8.21136531829834,0.8165016,1.7494656324386597,0.81810665,chukchi
2024-07-17,0.40235078,0.723388671875,2.1966019,-0.71884155,5.6151543,8.858400535583499,0.5770354,1.0556139707565306,0.9635091,chukchi
2024-07-18,0.40235078,0.723388671875,3.2517624,-0.76742554,4.5488906,8.86672878265381,0.8111619,1.5468554019927978,0.77071494,chukchi
2024-07-19,0.34736493,0.6680480957031251,3.6703796,-0.6163025,7.592328,11.796523475646973,1.3029809,2.454883575439453,0.7260089,chukchi
2024-07-20,0.35292074,0.659454345703125,2.080368,-1.1834412,5.4156218,9.742507171630862,1.0171463,1.999068832397461,0.675784,chukchi
2024-07-21,0.33735487,0.65821533203125,2.7407532,-1.5503845,5.143185,9.617401123046875,1.0249236,1.7935873031616212,0.8159309,chukchi
2024-07-22,0.35506332,0.7121459960937501,2.2361374,-2.2117615,3.7532039,6.934836769104004,0.6684685,1.1297668933868408,0.5153168,chukchi
2024-07-23,0.28853047,0.624908447265625,3.0295563,-2.1265564,5.3779836,8.77552604675293,0.43376008,0.745375406742096,0.44826216,chukchi
2024-07-24,0.2608159,0.605145263671875,4.212837,-0.9407654,5.8252344,9.366314697265626,0.6956911,1.2829799413681031,0.96042246,chukchi
2024-07-25,0.26073447,0.5951721191406251,2.7287369,-1.2095642,3.8241332,7.087416934967041,0.45239303,0.8475619435310364,0.80307245,chukchi
2024-07-26,0.27078202,0.6441955566406251,1.5503082,-2.190033,6.4250965,12.212438774108886,1.0677019,2.8143781185150147,1.2388479,chukchi
2024-07-27,0.2669322,0.64930419921875,1.0458527,-1.870697,5.8485217,12.030286979675294,1.3161789,2.898324203491211,1.9714106,chukchi
2024-07-28,0.25099686,0.6224853515625001,1.132515,-2.037201,4.932958,7.77293691635132,0.76282465,1.4111831188201904,1.662602,chukchi
2024-07-29,0.2393016,0.623974609375,1.4334564,-1.6438904,5.245935,8.143484497070313,0.83067954,1.4772497177124027,1.3952122,chukchi
2024-07-30,0.23003711,0.62164306640625,1.4925842,-1.660492,4.149539,7.609358787536623,0.7019656,1.3367946147918701,1.4761796,chukchi
2024-07-31,0.22332774,0.607061767578125,1.866066,-1.3401794,6.427256,11.635963439941408,1.0270276,2.0400357246398926,1.1167568,chukchi
2024-08-01,0.22112727,0.649456787109375,1.0439987,-1.9075623,7.824315,12.211425781250002,1.5296663,2.912875175476074,1.4993366,chukchi
2024-08-02,0.21861164,0.6176269531250003,1.2148895,-2.117035,7.6168714,11.250213623046875,1.1198394,2.0834044456481937,1.9897159,chukchi
2024-08-03,0.20182551,0.57901611328125,2.3682175,-1.3443298,6.677385,11.459360694885254,1.0321413,2.2583325386047366,1.2428318,chukchi
2024-08-04,0.19556776,0.56849365234375,2.4745865,-1.7471619,5.5052795,11.023941230773927,0.85160947,2.1776599884033203,0.76751065,chukchi
2024-08-05,0.19909185,0.6150329589843753,2.8054504,-1.7459412,7.0216455,11.052878570556643,1.112639,1.9771724939346313,0.91537863,chukchi
2024-08-06,0.19074027,0.635809326171875,2.456314,-1.5865173,5.7992086,10.739762306213379,0.96741164,1.8295983314514161,0.76662064,chukchi
2024-08-07,0.1868093,0.6094543457031251,2.3349457,-1.554779,6.839026,11.028820037841799,1.1641394,2.041349506378174,0.9149727,chukchi
2024-08-08,0.17646818,0.613653564453125,1.933548,-1.832367,5.0023804,8.415415000915534,0.8070267,1.507858157157898,0.90303946,chukchi
2024-08-09,0.1580842,0.5614257812500001,1.6770859,-1.5415955,4.426103,7.1646770477294925,0.5990213,0.9599027991294862,0.983671,chukchi
2024-08-10,0.14708596,0.51236572265625,2.0341644,-1.6812439,4.600137,7.71408052444458,0.56534845,0.9291441440582275,1.112332,chukchi
2024-08-11,0.14033957,0.49716796875,2.8478851,-1.151947,5.677086,8.764667892456055,0.7318059,1.1833215475082397,0.8967725,chukchi
2024-08-12,0.13513923,0.48261718750000016,2.237854,-2.1868591,6.1567354,8.878116989135744,0.8447715,1.1859646797180177,1.4220551,chukchi
2024-08-13,0.1338955,0.49667968750000024,2.719635,-1.8367615,7.857666,11.981677818298342,1.2845526,2.121618366241455,1.7370683,chukchi
2024-08-14,0.1205117,0.4468017578125001,1.8258743,-2.2029724,6.869885,11.493591117858893,1.2488644,1.9636137485504155,1.6208615,chukchi
2024-08-15,0.11338737,0.4156982421875,1.9762268,-2.0984802,8.239929,12.05557842254639,1.5086488,2.5684683322906494,1.9349188,chukchi
2024-08-16,0.107223906,0.38380126953125016,2.155655,-1.6888123,6.683526,11.253501510620117,1.1473053,2.3523621559143066,1.2886169,chukchi
2024-08-17,0.10512247,0.37408447265625006,1.3127289,-1.707367,6.8474903,9.64757595062256,0.9997269,1.5722931623458862,2.0572548,chukchi
2024-08-18,0.103320226,0.3606811523437501,1.1792221,-2.9375916,5.974645,12.085398101806645,0.9530817,2.29681134223938,2.3450472,chukchi
2024-08-19,0.10524512,0.34797363281250004,0.60084534,-3.5647888,6.820836,12.527241897583009,1.2756958,2.5791070461273193,2.2700274,chukchi
2024-08-20,0.09973029,0.3300537109375006,1.4273376,-2.1018982,5.378526,8.792828178405761,0.911284,1.5874879598617555,2.368895,chukchi
2024-08-21,0.09033718,0.34504394531250004,2.87529,-1.5069275,6.794585,10.659885215759283,1.0098666,1.8773133754730225,1.2286445,chukchi
2024-08-22,0.07755334,0.29014282226562516,2.200531,-1.931488,6.2480574,9.299412727355957,1.0108564,1.472807765007019,0.9227191,chukchi
2024-08-23,0.0776371,0.31066284179687514,0.99681854,-1.844574,6.999467,9.871022415161134,1.0353694,1.414445161819458,1.6299217,chukchi
2024-08-24,0.07892735,0.2989440917968753,0.9592285,-2.7268982,8.901282,10.819250106811523,1.5176666,1.9799121379852296,1.665956,chukchi
2024-08-25,0.07591226,0.274053955078125,0.9447937,-2.8035583,6.5982227,11.161477088928224,1.3086913,2.1615371227264406,1.811806,chukchi
2024-08-26,0.07496755,0.27064208984375004,2.5016022,-1.1036072,5.661652,8.13730278015137,0.7900227,1.4594733715057373,1.5915045,chukchi
2024-08-27,0.06463811,0.21241455078125066,2.9745865,-3.5313416,5.102566,8.723359489440918,0.6574693,1.2088726758956907,1.1832049,chukchi
2024-08-28,0.059726853,0.18712158203125012,1.8251648,-1.8333435,4.759717,8.354607963562012,0.64615136,1.274411916732788,0.9591315,chukchi
2024-08-29,0.05894194,0.18804321289062503,1.2692719,-1.4476013,7.386182,10.41642055511475,1.136408,1.8676066398620605,1.6575749,chukchi
2024-08-30,0.053964097,0.16218872070312507,1.3695526,-1.3157654,7.314511,10.169760513305665,1.131576,1.805557370185852,1.4903982,chukchi
2024-08-31,0.051419925,0.10999145507812667,1.5974426,-3.2886658,6.965009,10.834673881530762,1.1810007,1.9251497030258182,1.3787845,chukchi
2024-09-01,0.055851843,0.12818603515625002,1.2426376,-3.0140076,4.390133,9.323644828796388,0.87805784,1.775301218032837,1.6727684,chukchi
2024-09-02,0.046621416,0.09396362304687517,2.1968231,-2.1678162,5.5500984,9.633379554748537,0.6847837,1.3570371627807625,1.435108,chukchi
2024-09-03,0.039200228,0.08365478515625009,2.5740204,-2.6163025,5.8522625,10.11860580444336,0.89539003,1.5947472572326662,0.76944494,chukchi
2024-09-04,0.033279732,0.02885742187500319,3.1388016,-2.0845642,7.5852003,11.939978790283206,1.2253772,2.2833096981048584,0.98748314,chukchi
2024-09-05,0.031917613,0.0,2.9681778,-1.676117,5.7189026,9.750927734375,1.0964376,1.881225061416626,0.81939614,chukchi
2024-09-06,0.031917613,0.0,1.2471771,-2.8726501,6.4168134,9.395792961120605,1.0358082,1.5281621456146242,1.4771968,chukchi
2024-09-07,0.032560304,0.0,0.81121826,-2.9915466,5.919242,10.776667976379397,1.014034,1.7235544919967651,2.393331,chukchi
2024-09-08,0.027387422,0.0,2.5248718,-2.70932,7.7977657,10.672447204589846,1.2045218,1.8182357788085939,1.3734276,chukchi
2024-09-09,0.02492204,0.0,2.7211533,-1.2669373,6.187156,9.822290420532227,1.0616419,1.5713202238082886,0.70406157,chukchi
2024-09-10,0.024215925,0.0,2.5593643,-0.8304138,4.5364876,6.9757404327392605,0.7384641,1.10034658908844,0.60322106,chukchi
2024-09-11,0.026269095,0.0,1.8289642,-1.5940857,3.7596707,6.72204008102417,0.58157957,0.9233734846115111,0.63130367,chukchi
2024-09-12,0.026269095,0.0,1.8974075,-1.4617615,3.8773818,7.098995876312256,0.5540204,1.0113711595535284,0.86207694,chukchi
2024-09-13,0.026269095,0.0,2.0633163,-1.5389099,4.8063736,7.1961640357971195,0.6160744,1.0715295553207398,0.862856,chukchi
2024-09-14,0.026269095,0.0,2.171341,-1.4676208,5.6365523,7.432255268096924,0.68252414,1.0294827938079836,0.84386706,chukchi
2024-09-15,0.026269095,0.0,1.9797516,-2.0450134,7.4641614,9.828150749206547,1.0041232,1.6145747661590584,1.1957918,chukchi
2024-09-16,0.026269095,0.0,1.3834381,-2.3282166,6.827545,9.933352851867676,1.1625518,1.7667089939117435,1.3337286,chukchi
2024-09-17,0.026269095,0.0,1.0405579,-3.3433533,4.6557264,7.277001094818115,0.890297,1.2422017335891724,1.5257459,chukchi
2024-09-18,0.026269095,0.0,1.1583481,-2.686615,5.08412,8.191173744201663,0.83521026,1.203853821754456,1.5602334,chukchi
2024-09-19,0.047912236,0.15130004882812675,1.0559387,-3.6018982,3.8543043,5.681613254547122,0.62861675,0.8454007267951966,1.7174993,chukchi
2024-09-20,0.054700688,0.232025146484375,0.5359955,-4.50473,4.0610266,6.834184169769288,0.57071584,0.8423474431037903,2.043543,chukchi
2024-09-21,0.06053158,0.2565185546875002,0.006164551,-4.5679626,4.222313,6.781143093109134,0.64545286,1.1897539138793944,2.8853474,chukchi
2024-09-22,0.062292334,0.2924621582031254,0.23789978,-5.03891,4.6430016,8.396404266357424,0.68923956,1.187631154060364,3.0218115,chukchi
2024-09-23,0.05371366,0.2263366699218753,0.3314209,-6.636566,5.4312177,10.54892330169678,0.7648922,1.8171200275421144,2.5324726,chukchi
2024-09-24,0.05306514,0.21888427734375016,0.09990692,-4.8245544,6.233649,10.373160934448244,0.9573918,1.8632572889328003,2.435079,chukchi
2024-09-25,0.05272032,0.17075195312500055,0.023384094,-5.3069763,5.290355,8.04848384857178,1.0732843,1.7446176767349244,2.1559615,chukchi
2024-09-26,0.047945682,0.15457153320312506,0.09719086,-4.164398,5.6657467,8.375824928283693,1.1258144,1.3908543586730957,2.2228093,chukchi
2024-09-27,0.046344638,0.1224487304687501,-0.05406952,-3.9808044,5.951239,8.946496200561526,1.128846,1.5615761280059814,2.5988045,chukchi
2024-09-28,0.057541322,0.26950073242187556,-0.040382385,-6.007904,4.932269,8.177178192138674,0.87344867,1.3321450471878058,2.6317427,chukchi
2024-09-29,0.06500489,0.3163330078125006,0.2865677,-5.7588806,4.5307736,7.9686194419860845,0.6708338,1.0277345180511475,2.7919135,chukchi
2024-09-30,0.052787207,0.2111206054687501,1.4521713,-3.9004822,5.8667035,8.263000869750977,0.74704194,1.080239725112915,1.8180548,chukchi
2024-10-01,0.048149023,0.15394287109375154,1.927536,-2.0293884,6.026163,8.629864311218261,0.7198288,1.17202889919281,1.3550041,chukchi
2024-10-02,0.046860065,0.12454223632812529,1.0846939,-4.539398,5.523262,8.720533370971681,0.7939296,1.2428200244903564,1.4578719,chukchi
2024-10-03,0.0417435,0.09125976562500014,0.46884918,-2.664154,4.962761,9.139600563049317,0.78402674,1.1594078063964846,2.1541915,chukchi
2024-10-04,0.036820397,0.09786987304687504,0.3777237,-3.7845154,6.271739,11.308275985717774,1.0529884,2.028050422668457,2.761963,chukchi
2024-10-05,0.04091202,0.15352783203125048,0.18276978,-4.1043396,6.9286222,11.161831092834474,1.1552106,2.0800737857818605,2.9224703,chukchi
2024-10-06,0.040821876,0.14400024414062648,0.22891998,-4.471283,6.865585,11.176121902465821,1.3092456,2.1165277004241947,2.5749588,chukchi
2024-10-07,0.0439571,0.18115234375,-0.21600342,-5.7205505,6.482923,10.828677749633789,1.2578673,2.001774549484253,2.8024802,chukchi
2024-10-08,0.0536615,0.24439697265625016,-0.6863327,-7.1748962,5.1693664,9.64915828704834,0.9381594,1.8018298149108887,3.2047927,chukchi
2024-10-09,0.06649231,0.32597045898437504,-1.0082245,-9.775238,4.742571,7.186861991882324,0.7229311,0.9815359711647034,3.832926,chukchi
2024-10-10,0.07555472,0.3806518554687502,-1.3008347,-8.167328,6.0937257,9.566763877868652,0.81680954,1.4440382957458493,3.8008084,chukchi
2024-10-11,0.086703956,0.44445800781250017,-1.3355103,-7.7796326,8.404713,11.071497535705566,1.3388805,2.1672578334808352,3.2089705,chukchi
2024-10-12,0.10077499,0.5367309570312503,-1.547432,-8.04184,8.555448,13.298474502563478,1.5496246,2.8078006744384765,3.2954588,chukchi
2024-10-13,0.124671035,0.6561035156250001,-2.1596756,-9.966888,9.57159,14.906421279907228,2.1277182,3.5476866245269787,3.9040198,chukchi
2024-10-14,0.15546243,0.7295227050781254,-3.102539,-10.599701,6.1439476,10.289067840576179,1.4517944,2.361705493927002,4.3093004,chukchi
2024-10-15,0.14651415,0.6918640136718751,-2.3568802,-10.4039,6.0054355,11.633885574340823,1.0706303,1.762178659439087,3.9669714,chukchi
2024-10-16,0.14478056,0.6559204101562504,-2.297348,-11.9288025,7.5492926,13.481184577941896,1.5642984,3.171988010406494,3.1368709,chukchi
2024-10-17,0.16540198,0.7023803710937501,-3.6403885,-13.965912,5.337586,10.174434280395511,1.1477325,2.2397209167480474,4.049023,chukchi
2024-10-18,0.16867094,0.6872924804687502,-2.8125916,-13.78772,6.121322,10.449760627746583,1.1378043,2.0596860885620116,3.0092819,chukchi
2024-10-19,0.15435019,0.6692138671875001,-1.7288971,-12.088989,6.8000154,11.641475105285645,1.0025066,1.8756256103515625,2.5883036,chukchi
2024-10-20,0.121699885,0.5821350097656252,-0.7265167,-8.720062,9.787558,14.839907836914064,1.5953672,2.8161540031433105,2.678961,chukchi
2024-10-21,0.073120244,0.38245849609375016,0.6023865,-6.1736755,13.989003,20.380446624755862,3.6803577,5.781008148193359,2.2895505,chukchi
2024-10-22,0.075056635,0.38372192382812653,-0.6572418,-8.204681,8.7004795,15.59635524749756,2.57855,4.189847946166992,2.2976089,chukchi
2024-10-23,0.09449058,0.5139221191406251,-3.3063889,-10.491364,10.086182,15.72833023071289,2.3263245,4.192793750762939,3.7834864,chukchi
2024-10-24,0.13814333,0.6656860351562501,-3.8866425,-11.73819,10.659601,13.862620544433595,2.1849148,3.354925012588501,4.466487,chukchi
2024-10-25,0.18670028,0.7766967773437502,-4.6471024,-15.622345,9.794368,14.057733345031739,2.3635302,3.6612952232360843,4.3619313,chukchi
2024-10-26,0.22998768,0.848028564453125,-5.3149567,-15.186493,5.65634,11.398251342773438,1.2873437,2.83724308013916,4.6631036,chukchi
2024-10-27,0.25245404,0.8669128417968751,-5.2779083,-16.678436,4.1630564,7.691592216491702,0.6261595,1.1375587463378907,4.808037,chukchi
2024-10-28,0.26859874,0.8823120117187501,-4.693207,-14.6241455,7.783799,13.111561393737794,1.4711261,3.1327691078186035,3.9709718,chukchi
2024-10-29,0.28024125,0.907720947265625,-5.0898438,-17.5233,8.584923,14.111137580871583,2.1896362,3.889131784439087,3.7945125,chukchi
2024-10-30,0.28661534,0.912701416015625,-5.2658463,-18.104187,7.726389,12.738621520996094,1.5206585,2.773260307312012,3.5552313,chukchi
2024-10-31,0.28799024,0.9006103515625001,-5.284416,-17.193039,10.129309,14.246592330932618,2.4191542,4.25093412399292,3.5998063,chukchi
2015-07-01,0.6688522,0.855010986328125,1.0714111,-1.1758728,4.296057,7.289180278778076,0.21636504,0.557710659503937,0.5439442,east_siberian
2015-07-02,0.6601397,0.90411376953125,1.1248322,-0.78182983,5.4946938,9.29560661315918,0.3659921,0.8740975856781006,0.7897543,east_siberian
2015-07-03,0.6325927,0.88720703125,1.4960632,-0.84628296,4.8446054,8.118863105773926,0.4892589,1.2643506526947021,0.81108063,east_siberian
2015-07-04,0.5890104,0.857177734375,2.0110855,-1.4217224,4.754841,7.042025566101074,0.47130454,1.1842679977416992,0.52679664,east_siberian
2015-07-05,0.56634635,0.855926513671875,1.769722,-1.4891052,3.988491,6.575526237487793,0.45513394,0.8522408962249756,0.44619375,east_siberian
2015-07-06,0.5211928,0.839447021484375,1.7862396,-0.592865,5.138278,8.292893409729004,0.6051148,1.177724552154541,0.48514506,east_siberian
2015-07-07,0.5062863,0.817626953125,1.7921448,-0.65927124,5.273794,8.635285377502441,0.6588583,1.0807470321655273,0.5636486,east_siberian
2015-07-08,0.50981843,0.805633544921875,1.1903152,-1.2461853,5.463953,9.698355674743652,0.5249965,0.9285897016525272,0.7917189,east_siberian
2015-07-09,0.47964352,0.756927490234375,1.1508713,-1.4124451,5.9032907,10.086310386657715,0.54198885,0.9534934759140014,0.55572915,east_siberian
2015-07-10,0.45954248,0.75103759765625,0.7315521,-1.6939392,5.940218,7.536538600921631,0.7349703,1.2103143692016602,0.45186186,east_siberian
2015-07-11,0.46251044,0.79534912109375,0.5185547,-1.4368591,5.894427,7.812613010406494,0.826332,1.2011043548583984,0.59472597,east_siberian
2015-07-12,0.44218576,0.78045654296875,0.77249146,-1.035492,5.25731,7.800968170166016,0.6983789,1.033637523651123,0.7696909,east_siberian
2015-07-13,0.3954342,0.715850830078125,1.3263321,-0.86312866,6.1373076,8.795279502868652,0.76636416,1.1513750553131104,0.878983,east_siberian
2015-07-14,0.36277685,0.690582275390625,1.4980011,-0.7576599,6.522131,9.285972595214844,0.85091734,1.4429704189300538,0.8001456,east_siberian
2015-07-15,0.33759657,0.6822509765625,1.5192566,-0.78060913,6.499031,9.440545082092285,0.88647944,1.4776971817016602,0.8642937,east_siberian
2015-07-16,0.3320724,0.705352783203125,1.3791504,-1.1197205,5.7941165,8.618563652038574,0.7845638,1.2986478805541992,0.85797286,east_siberian
2015-07-17,0.324448,0.71551513671875,0.9732971,-0.8304138,4.461197,6.975250720977783,0.5821906,1.1405705690383912,0.519019,east_siberian
2015-07-18,0.3161749,0.687286376953125,1.0188522,-1.0132751,3.7162576,5.372933387756348,0.36418772,0.6683207988739014,0.63261867,east_siberian
2015-07-19,0.2947261,0.653839111328125,1.3375015,-0.7268982,4.60651,6.57908821105957,0.44196352,0.8109032034873963,0.62150335,east_siberian
2015-07-20,0.266298,0.629852294921875,2.1896362,-0.6997986,5.671925,7.782285213470459,0.5847152,0.8788132667541504,0.8297346,east_siberian
2015-07-21,0.24082936,0.5887451171875,2.664116,-0.37265015,5.795186,7.910991668701172,0.60101604,0.9479798436164857,0.82941353,east_siberian
2015-07-22,0.21513723,0.561676025390625,2.4269638,-0.5796814,5.6198044,7.705289840698242,0.5963396,1.0125115871429444,0.46778232,east_siberian
2015-07-23,0.19714019,0.521148681640625,2.095047,-0.57406616,4.887102,7.001476764678955,0.54986644,0.8305133223533631,0.4281388,east_siberian
2015-07-24,0.17921703,0.50341796875,2.0866623,-1.0784607,6.551123,9.095113754272461,0.7836949,1.3675703525543215,0.4617063,east_siberian
2015-07-25,0.16728951,0.496612548828125,2.1853333,-1.4041443,8.609354,11.750199317932129,1.2967238,2.2168993949890137,0.797418,east_siberian
2015-07-26,0.16044888,0.49957275390625,1.7473297,-1.1360779,9.0102215,12.181434631347656,1.4626149,2.538020610809326,0.9578748,east_siberian
2015-07-27,0.15859322,0.52685546875,1.4541245,-1.1001892,8.05439,10.375696182250977,1.1459614,1.723358726501465,1.0152527,east_siberian
2015-07-28,0.15416953,0.5267333984375,1.2236252,-1.2339783,6.924388,9.228647232055664,0.9720837,1.360462760925293,1.0377593,east_siberian
2015-07-29,0.16163266,0.58587646484375,1.1693954,-0.9390564,5.944688,10.100031852722168,0.82834744,1.499680757522583,1.1052041,east_siberian
2015-07-30,0.15201062,0.583160400390625,1.5751724,-1.3067322,5.9169636,9.936213493347168,0.8027409,1.4912946224212646,1.1331575,east_siberian
2015-07-31,0.1352233,0.510711669921875,1.4279938,-0.97958374,5.617558,9.00008487701416,0.6865082,1.398094081878662,1.1753769,east_siberian
2015-08-01,0.14091226,0.53070068359375,1.048706,-1.0484314,4.2336807,8.486228942871094,0.5022373,1.0702261924743652,1.2253947,east_siberian
2015-08-02,0.13732839,0.5155029296875,1.3220978,-1.2530212,6.0302114,10.94750690460205,0.8197396,1.845585584640503,1.0760574,east_siberian
2015-08-03,0.13572633,0.5189208984375,0.9009857,-1.1470642,5.6120186,10.957106590270996,1.0149269,2.130436134338379,1.411989,east_siberian
2015-08-04,0.14585613,0.6033935546875,0.99315643,-1.3128357,4.360548,8.205671310424805,0.58760923,1.0527217626571654,1.5322834,east_siberian
2015-08-05,0.14584266,0.6126708984375,1.3904572,-1.4576111,6.3059278,11.650753021240234,0.87002265,2.1371317863464356,1.2371234,east_siberian
2015-08-06,0.14584266,0.6126708984375,1.2779388,-1.3072205,9.62244,14.613079071044922,1.7802409,3.906528663635254,1.1976833,east_siberian
2015-08-07,0.13898511,0.61041259765625,0.7644272,-2.2430115,8.469806,14.32468032836914,1.7025346,3.737121963500977,1.3340229,east_siberian
2015-08-08,0.1410384,0.632354736328125,0.3517456,-1.8296814,5.9069967,10.514627456665039,1.0337162,2.3418445587158203,1.5189898,east_siberian
2015-08-09,0.13239804,0.610443115234375,0.5797653,-1.9126892,5.551958,10.893399238586426,0.80081433,1.5616591930389416,2.003825,east_siberian
2015-08-10,0.13487189,0.62603759765625,1.172493,-1.8372498,6.939465,11.504732131958008,0.9562775,1.9033453941345215,2.0653913,east_siberian
2015-08-11,0.12880097,0.59552001953125,1.341896,-1.610199,6.2745132,10.750544548034668,0.9771522,1.830391025543213,1.5587704,east_siberian
2015-08-12,0.10501108,0.50506591796875,1.150177,-1.4561462,5.7011595,10.100727081298828,0.97017354,1.8371343135833738,1.2120597,east_siberian
2015-08-13,0.10312664,0.483978271484375,0.77845,-1.212738,4.3778877,9.152548789978027,0.8488425,1.7530645132064817,0.9844117,east_siberian
2015-08-14,0.109481595,0.512603759765625,0.57445526,-1.3177185,4.6733,8.240907669067383,0.74677664,1.1864861965179445,1.2346838,east_siberian
2015-08-15,0.103956506,0.481109619140625,0.63681793,-1.222992,4.3687563,8.249167442321777,0.6104742,1.1601253032684327,1.1893959,east_siberian
2015-08-16,0.10600594,0.486114501953125,0.43815613,-1.4820251,4.340865,7.281772613525391,0.51663715,0.9114287495613098,1.1088645,east_siberian
2015-08-17,0.11082418,0.495513916015625,0.43800354,-1.8838806,5.789248,8.683598518371582,0.7330339,1.3051501274108888,1.1709565,east_siberian
2015-08-18,0.12268051,0.560638427734375,0.22602844,-2.3677673,6.2227364,9.044065475463867,0.8695157,1.2930017948150636,1.3873248,east_siberian
2015-08-19,0.123620786,0.571990966796875,-0.018562317,-2.4197693,6.188371,10.669573783874512,0.8588636,1.5073115825653076,1.2400049,east_siberian
2015-08-20,0.120102726,0.506439208984375,-0.12373352,-2.9136658,8.952206,12.875482559204102,1.2697272,2.49758095741272,1.3360534,east_siberian
2015-08-21,0.10530456,0.449462890625,0.5473175,-2.1651306,9.2874565,13.293137550354004,1.5534916,2.7497144222259524,1.5986646,east_siberian
2015-08-22,0.09655567,0.389801025390625,0.6946411,-1.9910583,7.4643154,11.081664085388184,1.1345326,2.0772311687469482,1.5108553,east_siberian
2015-08-23,0.09806317,0.399169921875,0.27098083,-1.7633972,5.947752,9.248116493225098,0.86290544,1.4740749120712282,1.8857394,east_siberian
2015-08-24,0.09414465,0.37445068359375,0.1384201,-2.6082458,6.7195125,10.686236381530762,0.95513326,1.6816582679748535,2.0734642,east_siberian
2015-08-25,0.08704035,0.336669921875,-0.07510376,-3.0005798,7.2593875,11.145713806152344,1.1659505,2.4340682029724126,2.0436463,east_siberian
2015-08-26,0.09649125,0.409423828125,-0.2266922,-3.2503357,6.766453,10.87830924987793,1.2395562,2.2736417770385744,2.0814009,east_siberian
2015-08-27,0.07880138,0.28778076171875,0.18935394,-4.6526794,5.863334,10.953506469726562,1.04147,2.248248434066772,2.1616058,east_siberian
2015-08-28,0.07675342,0.260406494140625,0.54169464,-3.5230408,6.6281757,12.465328216552734,1.0657119,2.495695114135742,1.9253272,east_siberian
2015-08-29,0.07343371,0.2188720703125,0.30554962,-3.830658,6.95862,12.087482452392578,1.1620103,2.445539951324463,1.357717,east_siberian
2015-08-30,0.059045114,0.186248779296875,1.3160553,-3.0313416,5.5710425,9.956209182739258,0.82612014,2.0131579399108888,0.9286269,east_siberian
2015-08-31,0.04763785,0.118255615234375,1.4302216,-1.6175232,5.177922,7.316644668579102,0.6088917,0.8284477591514587,0.5498203,east_siberian
2015-09-01,0.04788097,0.091827392578125,1.1342316,-1.5977478,4.4613776,8.11466121673584,0.55708516,0.8145601153373718,0.74854696,east_siberian
2015-09-02,0.041895106,0.029327392578125,1.4202423,-1.9217224,5.5000772,10.059736251831055,0.66570085,1.2109521865844726,1.0744646,east_siberian
2015-09-03,0.041665364,0.03472900390625,1.2797546,-1.2493591,6.2019157,10.519171714782715,0.8412693,1.4351718425750735,1.3425395,east_siberian
2015-09-04,0.04047241,0.029388427734375,0.92417145,-1.5535583,5.9548993,9.229743957519531,0.89398503,1.4705000638961792,1.9456453,east_siberian
2015-09-05,0.03757447,0.037261962890625,1.1652374,-2.466156,6.899015,12.2823486328125,0.99641204,2.0184470653533935,2.619873,east_siberian
2015-09-06,0.031448815,0.0,1.273529,-1.9910583,6.5254035,11.259032249450684,1.1631018,2.214933204650879,1.9692664,east_siberian
2015-09-07,0.035421617,0.00250244140625,1.3815994,-1.9703064,5.2374444,8.546272277832031,0.7710097,1.5035861015319825,1.1372566,east_siberian
2015-09-08,0.030961107,0.0,2.4755554,-2.651703,7.9447956,11.573780059814453,1.0686855,2.205003786087036,1.6204504,east_siberian
2015-09-09,0.03504742,0.0,1.0568695,-2.79599,6.058555,10.351509094238281,1.0963831,2.1612689971923826,1.9319059,east_siberian
2015-09-10,0.031391066,0.0,0.9602051,-2.6106873,5.9818044,9.020922660827637,0.88758814,1.3624253273010254,1.5486879,east_siberian
2015-09-11,0.032743912,0.0,0.21686554,-2.9759216,5.494849,9.742959976196289,0.9715847,1.683131527900696,1.5951571,east_siberian
2015-09-12,0.03418108,0.0,0.80352783,-2.3877869,7.4597363,10.334454536437988,1.1786693,1.6942917823791501,1.7717872,east_siberian
2015-09-13,0.02298558,0.0,0.89738464,-2.848236,9.674101,12.170992851257324,1.6507372,2.4041965007781982,2.6327243,east_siberian
2015-09-14,0.019778352,0.0,0.6992874,-3.1480408,8.7863865,11.566919326782227,1.515825,2.2627451419830322,2.1082225,east_siberian
2015-09-15,0.01896587,0.0,0.4071808,-4.801361,7.1027303,10.22186279296875,1.2499295,1.8361588478088382,1.6971066,east_siberian
2015-09-16,0.024038164,0.0,0.14746094,-4.491791,4.829421,8.092354774475098,0.9504725,1.3887651920318604,1.7923138,east_siberian
2015-09-17,0.023969894,0.0,0.1668396,-5.9668884,5.898714,8.432835578918457,0.88764054,1.2333999633789063,2.1420922,east_siberian
2015-09-18,0.0435257,0.127197265625,-0.20128632,-5.8038025,4.537208,7.980196475982666,0.7239007,1.156066179275513,2.396545,east_siberian
2015-09-19,0.039308395,0.074310302734375,-0.24075317,-4.7513123,4.192374,7.231838226318359,0.53616834,0.8570238947868349,2.1479814,east_siberian
2015-09-20,0.033877984,0.0438232421875,0.10638428,-2.846527,5.4185047,8.579132080078125,0.63572264,1.1889885902404784,2.1574667,east_siberian
2015-09-21,0.026947822,0.0,0.31157684,-5.8487244,6.473229,9.976729393005371,0.90891683,1.7406036853790283,2.6831703,east_siberian
2015-09-22,0.029892627,0.0,0.08963013,-5.177826,5.746735,9.204147338867188,0.85958713,1.553891897201538,3.4187098,east_siberian
2015-09-23,0.029892627,0.0,-0.07647705,-8.597992,6.992502,11.134088516235352,1.0665325,1.9117328405380252,2.7366626,east_siberian
2015-09-24,0.044724382,0.101531982421875,-1.5520935,-9.944916,9.197218,13.234475135803223,1.6996444,3.1921064376831056,3.488963,east_siberian
2015-09-25,0.05147084,0.19586181640625,-0.96845245,-9.777435,9.664782,14.142708778381348,2.0078564,3.258749961853028,3.198733,east_siberian
2015-09-26,0.047979426,0.18560791015625,-0.63895416,-8.968597,8.905078,13.382585525512695,1.9075117,2.6369599819183347,2.5608575,east_siberian
2015-09-27,0.055001423,0.243377685546875,-1.0201187,-6.2625427,9.852395,14.554521560668945,1.8178833,2.9058309078216555,3.0620244,east_siberian
2015-09-28,0.06531068,0.304962158203125,-1.2123642,-7.9864197,10.596565,13.975968360900879,2.1702273,3.4154698848724365,3.2103581,east_siberian
2015-09-29,0.08550514,0.438720703125,-1.9749146,-8.056244,8.053831,13.623826026916504,1.5728258,3.4110445976257324,2.6768532,east_siberian
2015-09-30,0.103993535,0.527679443359375,-3.0224686,-9.453949,6.7987156,10.049025535583496,1.0891956,1.8156389236450197,3.821811,east_siberian
2015-10-01,0.09501064,0.48785400390625,-1.921814,-11.4565735,7.405901,11.694132804870605,1.1439252,2.100060272216797,3.903026,east_siberian
2015-10-02,0.088112354,0.452606201171875,-1.4360046,-8.263153,5.3021708,10.779520988464355,0.95086616,1.930933213233948,2.796999,east_siberian
2015-10-03,0.11280225,0.55035400390625,-1.6884003,-9.955902,3.5261087,8.917644500732422,0.68687844,1.3756120920181276,2.7209952,east_siberian
2015-10-04,0.13907722,0.6480712890625,-1.7625427,-7.868988,6.971811,11.577248573303223,1.0882227,2.203931140899658,2.5970612,east_siberian
2015-10-05,0.14622287,0.69281005859375,-2.085312,-8.852875,9.892899,13.071499824523926,1.8615348,2.876777172088623,2.632197,east_siberian
2015-10-06,0.16043852,0.744659423828125,-2.393509,-10.8333435,9.624496,13.203937530517578,2.0582037,3.2901659965515138,2.2523768,east_siberian
2015-10-07,0.17151077,0.797210693359375,-2.50737,-11.066986,7.512616,11.665154457092285,1.6512073,2.849785852432251,1.6761839,east_siberian
2015-10-08,0.17710681,0.814697265625,-2.2649155,-13.326019,4.831563,7.810964107513428,1.0392077,1.7243968486785888,1.9207058,east_siberian
2015-10-09,0.17671528,0.79754638671875,-2.5670853,-10.9756775,3.514017,5.632869720458984,0.73398465,1.1096951961517336,1.9302255,east_siberian
2015-10-10,0.18659073,0.844390869140625,-2.7095795,-8.525726,6.0947027,11.957317352294922,0.83312345,1.9888218641281128,2.5808868,east_siberian
2015-10-11,0.19179673,0.84429931640625,-2.9903946,-10.759308,8.61249,12.49795150756836,1.5907687,2.41567325592041,2.9194639,east_siberian
2015-10-12,0.21528503,0.8770751953125,-3.3865738,-9.725189,8.440056,12.374008178710938,1.8033805,2.7978231430053713,2.8645244,east_siberian
2015-10-13,0.25673786,0.8726806640625,-4.330223,-11.779083,7.893611,11.826116561889648,1.5569651,2.3999737739562987,3.3451138,east_siberian
2015-10-14,0.25673786,0.8726806640625,-4.8496704,-10.992035,6.5729146,9.47701644897461,1.227308,1.8675495624542238,3.547484,east_siberian
2015-10-15,0.37626773,0.939910888671875,-5.4299927,-13.829651,5.287049,8.514415740966797,1.0000896,1.524616575241089,3.3618999,east_siberian
2015-10-16,0.4275222,0.96466064453125,-6.7544785,-15.316467,4.3646336,7.488842010498047,0.8063405,1.2295207977294922,2.811171,east_siberian
2015-10-17,0.48874077,0.990203857421875,-7.445488,-16.623993,4.259626,7.080939769744873,0.78875434,1.3344627141952516,2.9266374,east_siberian
2015-10-18,0.52527565,1.0,-7.8888474,-18.06923,4.440602,9.4446382522583,0.8222136,1.378584623336792,3.311263,east_siberian
2015-10-19,0.5270442,1.0,-7.479019,-18.117111,5.417689,9.357787132263184,0.9832819,1.4859734058380127,2.5371225,east_siberian
2015-10-20,0.5052942,1.0,-6.0554886,-18.123795,6.5785804,9.58626937866211,1.2893312,1.8791428565979005,2.0962555,east_siberian
2015-10-21,0.50621194,1.0,-5.394333,-17.008331,5.6115074,8.962545394897461,1.1578943,1.635630464553833,2.191908,east_siberian
2015-10-22,0.5008023,1.0,-4.9227905,-15.889191,6.948614,10.948394775390625,1.6738478,2.3072662353515625,2.5243478,east_siberian
2015-10-23,0.50676394,1.0,-5.383423,-17.965164,6.8444095,10.937996864318848,1.8112628,2.393664836883545,2.4277537,east_siberian
2015-10-24,0.5242547,1.0,-6.656479,-18.217255,4.265124,9.014158248901367,1.2580982,2.161338710784912,1.9367908,east_siberian
2015-10-25,0.56286025,1.0,-7.876213,-22.324127,3.7496521,5.799832344055176,0.8331293,1.2129807472229004,2.5848575,east_siberian
2015-10-26,0.605414,1.0,-9.160217,-23.810898,4.5796742,7.253262996673584,0.67607415,1.0109052658081052,2.6184604,east_siberian
2015-10-27,0.6380075,0.999359130859375,-9.742325,-24.572266,5.057298,7.580230712890625,0.7201768,1.2814471244812011,2.5284662,east_siberian
2015-10-28,0.6528515,1.0,-9.943321,-24.622498,4.434606,6.928380012512207,0.79476136,1.2931936740875245,2.1568394,east_siberian
2015-10-29,0.67647666,1.0,-10.524628,-22.748535,5.917091,8.486322402954102,1.0207887,1.5717523097991948,2.524136,east_siberian
2015-10-30,0.6902767,0.9979248046875,-9.675423,-22.52716,4.859478,8.384464263916016,1.0550501,1.5588883638381958,2.2033682,east_siberian
2015-10-31,0.7096352,0.99932861328125,-9.151512,-22.594528,3.5528,6.58690881729126,0.8545326,1.2854414939880372,2.1971455,east_siberian
2016-07-01,0.64861697,0.864959716796875,1.4070587,-0.67684937,6.637662,10.281268119812012,0.85380554,1.6652394771575927,0.86004084,east_siberian
2016-07-02,0.650066,0.8614501953125,0.7289963,-0.6722107,6.7705336,10.143779754638672,0.7336245,1.5168101787567139,0.961215,east_siberian
2016-07-03,0.6747166,0.893890380859375,0.5726929,-2.0020447,4.389903,7.255660533905029,0.3404132,0.818553924560547,0.84398866,east_siberian
2016-07-04,0.6621339,0.884246826171875,0.6122818,-1.3726501,3.507414,7.58499002456665,0.29854977,0.5894759654998779,0.9793984,east_siberian
2016-07-05,0.6414272,0.884033203125,0.8565979,-1.769867,5.4627438,11.596895217895508,0.63469654,1.8014289140701296,1.1518908,east_siberian
2016-07-06,0.62417156,0.8782958984375,1.1446228,-0.9156189,5.808129,10.931768417358398,0.6298355,1.456057405471802,0.95178926,east_siberian
2016-07-07,0.6066002,0.879608154296875,0.59671783,-1.0733337,5.5502505,8.096771240234375,0.67875504,1.279706382751465,1.01418,east_siberian
2016-07-08,0.5916753,0.88555908203125,0.45067596,-1.1023865,4.9054413,8.620888710021973,0.54972273,1.066113090515137,1.2308023,east_siberian
2016-07-09,0.575547,0.844085693359375,0.44045258,-2.2764587,4.9096184,9.033621788024902,0.32778144,0.6221648335456852,0.9591625,east_siberian
2016-07-10,0.57303184,0.833404541015625,0.3750763,-1.7791443,4.6951385,8.444328308105469,0.37749457,0.6278056502342224,1.2498318,east_siberian
2016-07-11,0.572128,0.867462158203125,0.51351166,-1.8540955,4.189534,6.389932155609131,0.38086063,0.661567282676697,1.516824,east_siberian
2016-07-12,0.55187243,0.868927001953125,1.3219223,-1.0784607,6.870157,11.207632064819336,0.6264196,1.557173800468445,1.3519187,east_siberian
2016-07-13,0.51067203,0.8233642578125,1.6292953,-1.0545349,5.7176576,10.304803848266602,0.49949747,1.3969995975494385,0.82950747,east_siberian
2016-07-14,0.52247316,0.821563720703125,0.74131775,-1.2227478,3.9988852,7.650118350982666,0.40910786,0.990518873929978,1.1277088,east_siberian
2016-07-15,0.47547182,0.804046630859375,1.7131653,-0.80526733,7.371378,10.953387260437012,0.81576204,1.6003530502319336,1.3635983,east_siberian
2016-07-16,0.4588395,0.79791259765625,1.1243286,-1.6690369,8.760187,13.204560279846191,0.9664216,1.7336339950561526,1.5788095,east_siberian
2016-07-17,0.4675799,0.794189453125,0.54071045,-1.6087341,7.086069,11.831480979919434,0.7246314,1.449709701538086,1.1791661,east_siberian
2016-07-18,0.45367116,0.79400634765625,1.3133087,-1.0686951,4.4464645,7.617913722991943,0.38056564,0.9542032480239869,1.0372581,east_siberian
2016-07-19,0.4361594,0.816650390625,1.97966,-0.22982788,4.150881,7.036291122436523,0.36026475,0.5904943585395813,1.0075603,east_siberian
2016-07-20,0.42877808,0.833343505859375,1.5524979,-1.346283,5.3727245,7.487831115722656,0.53147024,0.8022186160087585,0.89442575,east_siberian
2016-07-21,0.4049637,0.81549072265625,1.0715408,-1.2955017,5.946597,8.728011131286621,0.73200375,1.0172810316085814,0.58440477,east_siberian
2016-07-22,0.38784862,0.79351806640625,0.9886551,-1.5747986,6.2327113,8.245929718017578,0.7211244,1.0446596860885622,0.5527142,east_siberian
2016-07-23,0.38420457,0.805999755859375,1.2296829,-1.2120056,7.364545,11.12585163116455,0.9555671,1.6999237298965455,0.7327668,east_siberian
2016-07-24,0.34386536,0.774169921875,2.163971,-0.7708435,6.984297,12.089240074157715,0.81267524,1.4385627269744874,0.69600713,east_siberian
2016-07-25,0.32063743,0.742218017578125,2.151741,-1.969574,5.589559,9.22905158996582,0.7091825,1.4001611471176152,0.7623701,east_siberian
2016-07-26,0.31548393,0.742523193359375,1.900734,-1.3042908,5.674083,9.130324363708496,0.7711474,1.554591274261475,0.85049677,east_siberian
2016-07-27,0.31403655,0.743255615234375,1.444397,-0.980072,6.274455,9.95415210723877,0.94082713,1.6874187469482425,0.99219203,east_siberian
2016-07-28,0.29360276,0.738525390625,0.94290924,-1.594574,7.419368,9.768017768859863,1.0538551,1.6889596939086915,1.4716197,east_siberian
2016-07-29,0.2959653,0.72955322265625,0.72763824,-1.8179626,7.0631285,10.131420135498047,0.7237177,1.1462255477905274,1.5579962,east_siberian
2016-07-30,0.31735438,0.757354736328125,1.482521,-1.2557068,6.8001857,11.026935577392578,0.7670034,1.5028053283691405,1.3862344,east_siberian
2016-07-31,0.29255113,0.732574462890625,2.4696121,-0.69003296,8.906088,12.526388168334961,1.3416718,2.5181328773498537,1.4727411,east_siberian
2016-08-01,0.27522865,0.726593017578125,1.1611404,-1.1590271,8.180226,12.587575912475586,1.2122194,2.5073923110961913,1.3892146,east_siberian
2016-08-02,0.26998717,0.725067138671875,0.39801788,-2.3443298,5.341235,9.42740249633789,0.67464554,1.318287467956543,1.5261213,east_siberian
2016-08-03,0.26661298,0.760467529296875,1.2065887,-2.1109314,8.086002,12.044404029846191,1.4207517,2.2204720973968506,1.7441136,east_siberian
2016-08-04,0.2450941,0.73553466796875,2.6891098,-1.393158,8.959252,12.422920227050781,1.4063576,2.554692268371582,1.3655981,east_siberian
2016-08-05,0.2399344,0.7265625,1.8433609,-1.0887146,5.4462805,10.72734546661377,0.76103157,1.4431302070617673,1.0436479,east_siberian
2016-08-06,0.22928686,0.720703125,1.230339,-2.6009216,5.059215,8.630489349365234,0.61931837,1.3701856136322021,0.7072264,east_siberian
2016-08-07,0.21860804,0.716278076171875,1.1991959,-1.6653748,5.0759373,7.9432878494262695,0.61983174,1.4393832445144652,0.8189143,east_siberian
2016-08-08,0.21095459,0.7069091796875,0.846138,-1.9129333,4.4439344,7.740800857543945,0.560177,1.2170071840286254,1.3953198,east_siberian
2016-08-09,0.21133663,0.724700927734375,0.916008,-2.321869,5.368323,9.981375694274902,0.7532673,1.5065719604492187,1.387035,east_siberian
2016-08-10,0.20709896,0.72222900390625,1.4301529,-1.931488,7.191371,10.798940658569336,1.1979067,1.9681152820587158,1.1000868,east_siberian
2016-08-11,0.18841107,0.68023681640625,1.8018417,-1.8843689,5.211396,11.078651428222656,0.69874823,1.2600358724594116,0.94130874,east_siberian
2016-08-12,0.18468606,0.675445556640625,1.8352814,-1.9317322,5.556986,10.064536094665527,0.79059505,1.5842685699462895,1.0730476,east_siberian
2016-08-13,0.17192926,0.652557373046875,2.0050507,-1.0747986,6.0403805,9.187861442565918,0.8481145,1.4515991926193237,0.8245441,east_siberian
2016-08-14,0.16485608,0.624664306640625,1.4549942,-2.1082458,7.2090597,12.567452430725098,0.96552444,2.1773723125457765,1.5609436,east_siberian
2016-08-15,0.15059368,0.588958740234375,2.8534012,-1.453949,10.460199,13.332422256469727,1.8020841,3.0661585807800296,1.7841098,east_siberian
2016-08-16,0.13919365,0.57269287109375,1.283989,-1.5689392,7.061198,12.47095775604248,1.3163685,2.790591907501221,1.9912636,east_siberian
2016-08-17,0.13282548,0.57122802734375,1.3056183,-2.5594177,6.4591403,11.314972877502441,1.0588619,2.149306297302246,1.6261737,east_siberian
2016-08-18,0.1195853,0.545013427734375,1.3196869,-2.9031677,7.955613,11.330503463745117,1.2830356,2.3107337951660156,2.0006933,east_siberian
2016-08-19,0.11264863,0.53143310546875,0.90052795,-2.2918396,6.235918,10.686771392822266,1.0605301,2.1168673038482666,2.3462236,east_siberian
2016-08-20,0.11109306,0.53466796875,0.9999771,-2.941986,4.691728,7.702736854553223,0.7142538,1.1078317642211915,1.8022251,east_siberian
2016-08-21,0.10605816,0.521820068359375,0.9902344,-3.2644958,4.811661,8.135836601257324,0.62627643,1.050934147834778,2.11386,east_siberian
2016-08-22,0.100348085,0.50103759765625,1.5983887,-3.457611,5.2837725,8.177452087402344,0.5698122,0.9464331269264221,1.8298303,east_siberian
2016-08-23,0.0892518,0.462615966796875,2.8421707,-1.8509216,6.295203,9.22743034362793,0.72343975,1.2650527477264404,1.3011897,east_siberian
2016-08-24,0.08139725,0.431396484375,3.2702713,-0.88290405,6.7369113,11.830110549926758,0.79419386,1.9537174701690674,1.2472446,east_siberian
2016-08-25,0.070430264,0.39599609375,3.189682,-1.3565369,7.645369,12.516654968261719,1.2502728,2.6766148090362547,0.9792317,east_siberian
2016-08-26,0.07390461,0.374176025390625,3.884491,-1.0535583,7.547007,12.572012901306152,1.0342054,1.8714839935302732,1.1444829,east_siberian
2016-08-27,0.0567693,0.314727783203125,4.992378,-1.368988,12.8856945,16.670196533203125,2.4351616,3.678334903717041,2.3030763,east_siberian
2016-08-28,0.04131851,0.2232666015625,3.1266556,-0.2876892,11.002618,16.20245933532715,2.3789568,4.007003498077393,2.7827497,east_siberian
2016-08-29,0.039302237,0.188690185546875,3.0906372,-1.1995544,6.3308706,10.570704460144043,1.0259098,2.295170545578003,1.7369297,east_siberian
2016-08-30,0.03957739,0.197540283203125,2.0828094,-2.099701,4.288444,6.529018402099609,0.64063567,1.131618309020996,0.8361738,east_siberian
2016-08-31,0.042103324,0.178802490234375,1.7104874,-3.157074,4.778977,7.695518493652344,0.56108177,0.815420138835907,0.71767634,east_siberian
2016-09-01,0.04406942,0.177978515625,2.3950348,-3.3682556,4.9477386,7.043506622314453,0.47734582,0.7663461565971375,0.8482337,east_siberian
2016-09-02,0.042073745,0.161224365234375,2.5171356,-4.4322205,5.519293,8.201934814453125,0.5725011,1.1005800485610964,0.8181358,east_siberian
2016-09-03,0.040730633,0.135101318359375,2.4730377,-3.6253357,4.5726423,7.903908729553223,0.6042139,1.0327388763427736,0.7788299,east_siberian
2016-09-04,0.039188713,0.1339111328125,1.9346771,-3.7518005,3.9853382,6.7957634925842285,0.5298997,0.8640208125114442,0.5900462,east_siberian
2016-09-05,0.035075217,0.120025634765625,1.6412735,-2.0699158,4.025535,6.133960247039795,0.49005982,0.7739272713661194,0.6629859,east_siberian
2016-09-06,0.031021649,0.0811767578125,2.3943634,-1.3755798,5.5964284,7.907952308654785,0.5960499,0.8737053632736207,0.8561483,east_siberian
2016-09-07,0.027136916,0.01116943359375,3.5841446,-2.722992,4.7121534,7.173710346221924,0.54564625,0.8626392841339112,0.7876962,east_siberian
2016-09-08,0.025031138,0.0,3.880661,-2.0362244,3.8564546,6.685719966888428,0.40497357,0.6664959907531738,0.8048845,east_siberian
2016-09-09,0.022240816,0.0,2.888237,-3.004486,6.585623,8.792407989501953,0.77562976,1.3107309579849244,1.2921517,east_siberian
2016-09-10,0.024370385,0.04248046875,0.71183777,-2.9258728,6.83074,9.59462833404541,1.0998228,1.6749365568161008,2.8137207,east_siberian
2016-09-11,0.024033617,0.02398681640625,0.5496445,-3.6602478,7.2977853,12.054421424865723,1.2645512,2.4569825172424316,2.4654636,east_siberian
2016-09-12,0.023287794,0.0,0.13896179,-3.7867126,7.125352,12.65146255493164,1.3708675,2.7383679389953617,2.8913894,east_siberian
2016-09-13,0.023194702,0.0,-0.21916199,-4.5989685,5.57848,8.41943073272705,0.8604414,1.2528052806854246,3.519513,east_siberian
2016-09-14,0.020309946,0.0,0.41384888,-3.5350037,5.5511713,7.946098804473877,0.77762294,1.1294453620910645,2.5359902,east_siberian
2016-09-15,0.02113893,0.0,1.2623062,-2.4707947,7.9239535,10.90551471710205,1.088175,1.886444091796875,1.098376,east_siberian
2016-09-16,0.02141825,0.041168212890625,1.4019318,-1.5440369,9.084463,11.697315216064453,1.5074165,1.9962520599365234,0.70484394,east_siberian
2016-09-17,0.016475406,0.0,0.07787323,-3.386322,8.69796,13.590067863464355,1.6830075,3.58113751411438,2.6131105,east_siberian
2016-09-18,0.016260164,0.0,-0.751976,-3.0914001,8.459776,12.216816902160645,1.8019557,3.1665087699890138,3.8343647,east_siberian
2016-09-19,0.015104284,0.0,-0.05166626,-2.7991638,8.2536125,11.855677604675293,1.5229015,2.136704921722412,2.740446,east_siberian
2016-09-20,0.015304667,0.0,0.4354477,-2.7671814,8.324806,12.229937553405762,1.488513,2.329868030548096,1.4099243,east_siberian
2016-09-21,0.017855769,0.0,0.49626923,-2.9433289,8.565537,12.278151512145996,1.6428344,2.3046936035156254,1.2321215,east_siberian
2016-09-22,0.017920341,0.0050048828125,0.0357666,-2.9685974,7.8815722,11.417561531066895,1.4468021,1.9673176765441895,1.8455036,east_siberian
2016-09-23,0.018862639,0.00689697265625,-1.2176361,-4.426117,7.899969,10.5238676071167,1.4130408,1.9264784812927247,3.6795063,east_siberian
2016-09-24,0.025338685,0.038360595703125,-1.7417984,-5.386078,6.0927277,10.047703742980957,1.1623497,1.9089458227157594,4.84445,east_siberian
2016-09-25,0.04149239,0.194366455078125,-1.7021866,-6.848236,5.4890547,8.689284324645996,0.8524242,1.5997624158859254,5.0559273,east_siberian
2016-09-26,0.07250306,0.392242431640625,-1.5908203,-8.226898,7.300927,13.3883056640625,1.0620581,2.4642326831817627,4.453516,east_siberian
2016-09-27,0.06953505,0.347564697265625,-1.0005264,-7.9549255,11.289736,15.712672233581543,2.3717122,3.923630571365357,2.5469608,east_siberian
2016-09-28,0.05408782,0.247222900390625,-0.5349426,-7.415863,11.488722,15.34260082244873,2.4330003,3.869311809539795,1.5192895,east_siberian
2016-09-29,0.06462557,0.286041259765625,-0.65457153,-7.3504333,8.057615,14.550561904907227,1.8382765,3.3668657302856446,1.7793702,east_siberian
2016-09-30,0.079969175,0.34503173828125,-0.4357376,-6.157074,6.8147583,10.75623893737793,1.086073,1.7616326808929443,1.5909587,east_siberian
2016-10-01,0.072012074,0.311859130859375,-0.031066895,-5.186859,6.7330437,11.44243335723877,1.171665,1.8815133571624756,0.867862,east_siberian
2016-10-02,0.06225874,0.2652587890625,0.23786926,-5.620941,9.476173,13.150681495666504,1.5807829,2.588439512252808,1.060505,east_siberian
2016-10-03,0.066946544,0.288482666015625,-0.5395584,-7.1600037,10.193905,13.289985656738281,1.9715456,2.7001922607421878,1.1629187,east_siberian
2016-10-04,0.092676125,0.424072265625,-0.80591583,-6.8318787,7.7239723,12.358511924743652,1.4099183,2.4274056911468507,1.5603685,east_siberian
2016-10-05,0.12299098,0.572052001953125,-1.0689163,-6.202484,5.8807464,9.445694923400879,0.8795413,1.5509160518646241,1.393397,east_siberian
2016-10-06,0.12846372,0.56976318359375,-1.6642151,-7.158539,6.228301,10.60542106628418,0.92492044,1.6551069021224976,1.2430613,east_siberian
2016-10-07,0.1244391,0.56134033203125,-1.2554245,-8.376068,8.349936,12.967392921447754,1.4464712,2.697558641433716,1.1455638,east_siberian
2016-10-08,0.10712907,0.512054443359375,-0.7101822,-7.676117,10.759184,14.223183631896973,2.2737613,3.3474742889404303,1.1758729,east_siberian
2016-10-09,0.09567816,0.463775634765625,-0.7741165,-5.150238,9.027991,11.844550132751465,1.701966,2.60558819770813,1.155766,east_siberian
2016-10-10,0.087461255,0.44781494140625,-0.8227844,-4.077484,9.85688,11.283411979675293,1.7993932,2.247466564178467,1.5784643,east_siberian
2016-10-11,0.09077702,0.45947265625,0.26572418,-4.212982,7.590432,10.217592239379883,1.3731501,1.96844482421875,1.1254658,east_siberian
2016-10-12,0.096265525,0.476898193359375,-0.31066895,-5.7430115,3.8780365,6.7771172523498535,0.83759415,1.3549222946166992,0.6024737,east_siberian
2016-10-13,0.10273462,0.503875732421875,-1.1224899,-6.4458923,3.6550164,6.5641655921936035,0.70883274,1.2458233833312988,0.895306,east_siberian
2016-10-14,0.11596954,0.576324462890625,-1.9047318,-6.5450134,5.8940825,9.934844970703125,0.9585163,1.6499000787734985,1.5929269,east_siberian
2016-10-15,0.12692063,0.637725830078125,-2.178215,-5.511688,7.16839,10.406795501708984,1.2701931,2.1100149154663086,1.8971654,east_siberian
2016-10-16,0.12599409,0.623291015625,-1.6712799,-7.106781,6.914361,9.8588285446167,1.2987717,2.0695648193359375,1.5160838,east_siberian
2016-10-17,0.12599409,0.623291015625,-1.7620392,-7.7239075,6.3507576,9.090291023254395,1.1126493,1.5462738990783693,1.6181877,east_siberian
2016-10-18,0.14204983,0.6844482421875,-2.5089417,-8.597748,6.819333,9.027963638305664,1.1068656,1.4885688304901123,2.3675961,east_siberian
2016-10-19,0.16927145,0.768829345703125,-2.9269867,-11.4097595,7.9867935,10.042052268981934,1.2743428,1.8243980884552002,3.2824287,east_siberian
2016-10-20,0.21082614,0.848297119140625,-3.9340515,-12.339386,8.030192,9.947426795959473,1.3198514,1.7967721700668335,3.7808597,east_siberian
2016-10-21,0.25002202,0.8931884765625,-4.698593,-14.452057,8.04994,11.6183500289917,1.4324069,2.299292373657227,3.4503324,east_siberian
2016-10-22,0.27327067,0.90093994140625,-5.7828674,-17.201141,6.2174926,9.01340389251709,1.0726156,1.6350021839141846,3.6401663,east_siberian
2016-10-23,0.30728096,0.912200927734375,-6.0985336,-20.199356,4.546523,8.051748275756836,0.7841864,1.211269450187683,3.906784,east_siberian
2016-10-24,0.31109267,0.92974853515625,-4.48172,-19.296158,7.37846,11.766714096069336,1.3112111,2.3231646537780763,2.4623373,east_siberian
2016-10-25,0.29735798,0.89117431640625,-3.164383,-14.20517,10.264169,14.573824882507324,1.8823919,3.1624093055725098,1.2640374,east_siberian
2016-10-26,0.28499427,0.836151123046875,-2.3402405,-14.861664,13.086078,17.742650985717773,2.711302,4.034866046905518,1.3574581,east_siberian
2016-10-27,0.29266804,0.8367919921875,-1.7646866,-12.4664,9.602953,14.592803001403809,1.6692829,2.3907094955444337,1.3860022,east_siberian
2016-10-28,0.31734195,0.862579345703125,-2.0442963,-12.359802,7.587667,11.32906723022461,1.1360922,1.5731678247451784,1.5597166,east_siberian
2016-10-29,0.3285715,0.87713623046875,-2.150261,-11.248627,8.033636,15.191383361816406,1.3881998,3.845876598358154,1.4292213,east_siberian
2016-10-30,0.29229593,0.80877685546875,-2.0605164,-9.826019,13.023006,16.84357261657715,3.050119,4.5160266876220705,1.7315307,east_siberian
2016-10-31,0.28335735,0.812286376953125,-1.1476517,-13.082123,9.571596,13.869244575500488,2.0189474,3.404223155975342,1.7079185,east_siberian
2017-07-01,0.53721595,0.9180908203125,2.0625153,-0.85165405,7.001812,10.566629409790039,0.6671668,1.057722568511963,1.2604971,east_siberian
2017-07-02,0.49776626,0.842559814453125,2.361351,-0.72665405,7.73163,10.679920196533203,0.87990654,1.4965591430664062,1.0793502,east_siberian
2017-07-03,0.4730267,0.794891357421875,1.7471924,-0.7288513,6.388996,9.799802780151367,0.7519623,1.7029218196868896,1.1011294,east_siberian
2017-07-04,0.47377104,0.840362548828125,1.3701096,-1.2366638,3.7631793,7.292335510253906,0.42599568,1.3415698528289794,0.9502559,east_siberian
2017-07-05,0.46699998,0.855377197265625,1.4558334,-1.4043884,4.786652,8.47471809387207,0.611284,1.238767886161804,0.83342814,east_siberian
2017-07-06,0.44624045,0.852996826171875,1.4106522,-0.83065796,4.4845023,7.382832050323486,0.46987402,0.9856045365333559,0.5103521,east_siberian
2017-07-07,0.43475077,0.85003662109375,1.1364822,-0.5628357,5.1065326,7.781367301940918,0.56949234,0.8983040690422059,0.7357844,east_siberian
2017-07-08,0.43258575,0.850616455078125,0.9449539,-0.69784546,5.590046,8.095123291015625,0.5934313,0.8622467041015625,0.97876954,east_siberian
2017-07-09,0.4245151,0.8455810546875,0.8999481,-1.8235779,3.83178,6.170486927032471,0.44561926,0.7137398600578309,1.1566435,east_siberian
2017-07-10,0.42321554,0.860504150390625,0.8812485,-2.1531677,3.6602643,7.872334957122803,0.47232115,1.0699862480163573,1.1407022,east_siberian
2017-07-11,0.3965223,0.88323974609375,1.2664795,-1.888031,6.4899035,10.567971229553223,1.0576735,1.8466785669326782,1.3210013,east_siberian
2017-07-12,0.3507392,0.853302001953125,2.5959778,-0.9842224,8.402459,11.250504493713379,1.2369803,1.80317063331604,0.9982877,east_siberian
2017-07-13,0.31128976,0.786529541015625,2.9890137,-0.7066345,5.353985,9.066081047058105,0.6765915,1.1405134201049805,0.8089077,east_siberian
2017-07-14,0.3041017,0.784393310546875,2.005661,-0.5640564,5.123621,8.050885200500488,0.5892779,1.0632547855377197,0.80256486,east_siberian
2017-07-15,0.31855416,0.80401611328125,1.2026443,-1.2696228,4.917705,8.618125915527344,0.66829157,1.2870612382888793,1.0516874,east_siberian
2017-07-16,0.32420012,0.8316650390625,0.9462204,-1.198822,4.2054615,7.950318813323975,0.526322,1.0612461566925049,0.9849658,east_siberian
2017-07-17,0.30654436,0.824249267578125,1.0031433,-1.1204529,4.565982,7.484528541564941,0.5739941,1.0071855068206788,1.1980022,east_siberian
2017-07-18,0.28458264,0.771942138671875,1.2008972,-1.4959412,3.815339,6.5118408203125,0.43453383,0.7344040870666504,1.2797252,east_siberian
2017-07-19,0.2734947,0.754119873046875,1.499115,-1.1719666,4.255865,7.3641276359558105,0.4765019,0.8564735293388367,1.1539772,east_siberian
2017-07-20,0.263123,0.75946044921875,1.4449158,-1.1116638,4.5359554,7.626519680023193,0.5177568,1.0591634035110473,1.031904,east_siberian
2017-07-21,0.25052652,0.770050048828125,1.6317368,-0.9109802,5.487157,9.431631088256836,0.72596914,1.2720959424972533,1.0579593,east_siberian
2017-07-22,0.24046539,0.731048583984375,2.0164337,-0.58480835,6.0496025,11.889254570007324,0.7781358,1.6668358564376828,1.4388576,east_siberian
2017-07-23,0.23234455,0.72210693359375,2.0485382,-2.0223083,4.96649,7.768492698669434,0.60148555,1.087439203262329,0.96242833,east_siberian
2017-07-24,0.21724,0.725830078125,2.043991,-0.63290405,6.5382166,10.21618366241455,0.86946756,1.4063613414764404,1.2954314,east_siberian
2017-07-25,0.19246571,0.696380615234375,3.0100784,-0.51474,7.467539,10.52400016784668,0.95515513,1.78952157497406,1.6770232,east_siberian
2017-07-26,0.19051506,0.696197509765625,3.4046478,-0.7605896,5.034991,8.302526473999023,0.5851201,1.033721923828125,1.4519753,east_siberian
2017-07-27,0.1822319,0.68353271484375,3.15522,-1.5586853,5.139573,8.228311538696289,0.5898475,1.0556652069091799,0.94088477,east_siberian
2017-07-28,0.18053094,0.699920654296875,1.766037,-1.3677673,4.600544,6.848194599151611,0.60614,0.9208978056907654,1.066188,east_siberian
2017-07-29,0.19028322,0.7498779296875,1.5052032,-0.9187927,6.0532503,10.409992218017578,0.7916361,1.654176950454712,1.67967,east_siberian
2017-07-30,0.17653196,0.73004150390625,2.558815,-0.6072693,7.060975,10.664047241210938,0.8399093,1.3728772401809692,2.0512729,east_siberian
2017-07-31,0.1620198,0.697265625,3.2130127,-1.2532654,5.3171415,10.01425838470459,0.56771386,1.2019905567169191,1.4571368,east_siberian
2017-08-01,0.17257482,0.737091064453125,3.392189,-1.806488,5.3837333,8.377386093139648,0.55012244,0.9021811366081238,1.5077052,east_siberian
2017-08-02,0.16464971,0.749786376953125,3.430359,-1.7413025,6.111275,8.78869915008545,0.7511033,1.1509760618209839,1.4565178,east_siberian
2017-08-03,0.14105743,0.684478759765625,3.5776596,-0.79599,6.5992565,9.081826210021973,0.7934952,1.1277552843093872,0.77079153,east_siberian
2017-08-04,0.14127246,0.6953125,3.5467224,-1.2708435,5.561078,10.24364185333252,0.6668736,1.3188722610473633,0.90884656,east_siberian
2017-08-05,0.12471882,0.63214111328125,2.9350128,-0.53915405,8.039362,11.91911506652832,1.1908647,2.109907531738281,1.5212148,east_siberian
2017-08-06,0.123256005,0.620147705078125,2.936531,-0.85775757,4.493429,7.4710283279418945,0.65553164,1.1881829261779786,1.0551578,east_siberian
2017-08-07,0.12050469,0.608642578125,2.3609467,-0.73568726,5.041497,8.299151420593262,0.58368415,0.9104697346687318,1.1880852,east_siberian
2017-08-08,0.11516082,0.598388671875,3.8723526,-1.3172302,10.014077,15.249045372009277,1.5312531,3.3080891609191894,1.6627318,east_siberian
2017-08-09,0.106277354,0.563690185546875,2.1389542,-1.6326599,8.146707,15.213004112243652,1.5255196,3.4719990730285644,1.9473686,east_siberian
2017-08-10,0.10919019,0.597198486328125,2.723587,-1.5950623,8.3553505,11.201408386230469,1.2470354,2.0823834419250487,2.0139377,east_siberian
2017-08-11,0.11594516,0.6297607421875,1.1820145,-2.1678162,7.7550654,10.977459907531738,1.2801242,2.0947375774383543,2.6989043,east_siberian
2017-08-12,0.118085764,0.620452880859375,1.1286087,-1.4688416,6.112719,9.366077423095703,0.81869876,1.5943397283554077,2.893327,east_siberian
2017-08-13,0.123406805,0.64617919921875,1.7623367,-1.8074646,6.799993,11.365958213806152,0.95751834,1.8986594438552857,2.2951865,east_siberian
2017-08-14,0.11555498,0.65106201171875,3.2206268,-0.78744507,7.9489594,13.824297904968262,1.0528668,2.569564437866211,1.2858627,east_siberian
2017-08-15,0.10831776,0.593017578125,2.2015228,-1.2603455,9.52569,15.193822860717773,1.7989645,3.382137203216553,1.5090231,east_siberian
2017-08-16,0.1121747,0.558349609375,1.0908813,-1.2793884,8.157974,12.441231727600098,1.2821652,2.747956991195679,1.8574046,east_siberian
2017-08-17,0.11068133,0.55206298828125,0.98119354,-1.2652283,7.894349,10.89510440826416,1.1572316,2.0080840587615967,2.1400065,east_siberian
2017-08-18,0.11409085,0.552154541015625,1.7189407,-1.7063904,6.178157,10.824028968811035,1.0346614,2.0928506851196294,1.7568718,east_siberian
2017-08-19,0.1195694,0.5972900390625,2.2052078,-2.50766,4.855354,7.547292232513428,0.6531344,1.1315890789031984,1.3485467,east_siberian
2017-08-20,0.12128342,0.5994873046875,2.1109009,-2.1368103,4.6374793,8.1510591506958,0.6070426,1.0563670635223388,0.95424986,east_siberian
2017-08-21,0.11861665,0.595550537109375,1.8115463,-1.4790955,4.6481166,7.444235324859619,0.66916883,1.0007214784622191,0.97090816,east_siberian
2017-08-22,0.11502449,0.583709716796875,2.3413086,-2.2398376,4.617824,7.928379058837891,0.6038442,0.9449889659881592,1.1887085,east_siberian
2017-08-23,0.10847252,0.5667724609375,2.3818893,-2.0794373,5.499172,9.177081108093262,0.62946755,1.1031444549560547,1.0636793,east_siberian
2017-08-24,0.09775718,0.542510986328125,2.6713333,-1.9932556,6.7027235,10.0492582321167,1.0252291,1.646921491622925,0.95812947,east_siberian
2017-08-25,0.0955099,0.541473388671875,2.3630905,-1.8370056,5.7502,9.363452911376953,0.90987754,1.2569911479949951,0.8613063,east_siberian
2017-08-26,0.096811205,0.55853271484375,2.7184067,-1.5032654,6.9401455,10.001864433288574,1.0879035,1.775836086273194,0.97899795,east_siberian
2017-08-27,0.089564085,0.53448486328125,2.3521042,-1.988617,5.7636523,9.747549057006836,1.1016994,1.8488255977630619,0.90921444,east_siberian
2017-08-28,0.08551134,0.5003662109375,1.8582535,-2.2156677,4.757434,8.141623497009277,0.94259834,1.5354598999023439,0.94911647,east_siberian
2017-08-29,0.08380226,0.483612060546875,1.242157,-2.6238708,4.8865676,7.335371971130371,0.7623838,1.108524990081787,1.419841,east_siberian
2017-08-30,0.09398096,0.54718017578125,1.156723,-4.282074,5.9260325,10.576614379882812,0.80067194,1.621367597579956,1.9564793,east_siberian
2017-08-31,0.09111686,0.54302978515625,1.4626389,-4.0262146,7.522946,11.500197410583496,1.2329715,2.0898704051971437,1.688735,east_siberian
2017-09-01,0.0736625,0.449249267578125,2.1942215,-3.035736,7.9922724,11.829833984375,1.4990199,2.543945550918579,1.6360891,east_siberian
2017-09-02,0.067477085,0.4222412109375,1.8240967,-3.2344666,7.2168727,11.059975624084473,1.3425928,2.3335338592529298,1.61849,east_siberian
2017-09-03,0.06256621,0.40350341796875,1.5160751,-2.1895447,8.216383,11.506369590759277,1.4507287,2.292643308639527,1.6841016,east_siberian
2017-09-04,0.059964757,0.381744384765625,1.1860046,-1.5899353,8.056164,11.799400329589844,1.3747764,2.139665460586548,1.878927,east_siberian
2017-09-05,0.057319667,0.359649658203125,1.6025085,-1.9029236,6.7966375,10.204596519470215,1.129729,1.8211597204208374,1.6631773,east_siberian
2017-09-06,0.05576934,0.345062255859375,1.7364426,-2.3526306,4.8838577,8.850504875183105,0.80800235,1.2806180000305176,1.6474577,east_siberian
2017-09-07,0.052275073,0.307861328125,1.5946884,-2.3086853,4.303228,6.895567417144775,0.6270313,0.9532218694686891,1.4635826,east_siberian
2017-09-08,0.045916356,0.239532470703125,1.4001236,-3.30307,5.6685257,9.3768892288208,0.7986557,1.8896442651748657,1.5354837,east_siberian
2017-09-09,0.042650692,0.1944580078125,1.4631729,-1.7310486,6.9910994,10.00634479522705,1.2718139,2.2360739707946777,1.9372923,east_siberian
2017-09-10,0.04614172,0.213836669921875,1.0261154,-2.6705017,6.311908,11.321710586547852,1.2457476,1.7671445846557619,1.9024343,east_siberian
2017-09-11,0.043990623,0.218841552734375,0.91420746,-2.9334412,6.650647,11.617274284362793,1.0797775,1.9509468078613281,2.2160742,east_siberian
2017-09-12,0.04315553,0.203643798828125,0.2857437,-3.3211365,8.467512,12.00191593170166,1.4793277,2.4046026706695556,2.790436,east_siberian
2017-09-13,0.0438538,0.23419189453125,0.1386261,-4.6524353,8.219219,12.119632720947266,1.4191861,2.863635540008545,2.8175154,east_siberian
2017-09-14,0.043069664,0.23394775390625,-0.18688965,-5.13266,8.060486,12.38190746307373,1.5099195,2.9707979202270507,2.860342,east_siberian
2017-09-15,0.04573902,0.234100341796875,-0.6014557,-6.1592712,8.350337,12.724749565124512,1.5568798,3.046486759185791,2.9105399,east_siberian
2017-09-16,0.05020127,0.266326904296875,-0.37963104,-6.4058533,6.5853677,10.39555549621582,1.1404538,2.024170207977295,2.9371789,east_siberian
2017-09-17,0.056442775,0.31634521484375,-0.5469513,-8.154388,4.337232,8.645326614379883,0.7521684,1.594308662414551,3.0553334,east_siberian
2017-09-18,0.06216628,0.353118896484375,-0.46722412,-7.2310486,3.8227444,6.487395286560059,0.54101104,0.9780847430229187,3.5906744,east_siberian
2017-09-19,0.055253785,0.302032470703125,0.38398743,-5.215912,7.9721203,10.72635555267334,1.1123555,2.0330655574798584,3.0252392,east_siberian
2017-09-20,0.043841895,0.184295654296875,1.1431961,-8.694672,10.593573,14.469488143920898,1.8991057,3.6490018844604504,2.9405532,east_siberian
2017-09-21,0.037475415,0.116241455078125,1.8594666,-4.677826,7.975011,13.495905876159668,1.5260456,3.1445693016052245,2.3548226,east_siberian
2017-09-22,0.0433468,0.1505126953125,1.3831482,-4.474701,4.6758804,7.269702434539795,0.8785134,1.6502776384353637,1.5395116,east_siberian
2017-09-23,0.041709494,0.143463134765625,0.97071075,-2.8558044,5.298054,8.877785682678223,0.8890666,1.497028088569641,1.8414251,east_siberian
2017-09-24,0.040503275,0.12945556640625,0.4254532,-2.9507751,6.579459,10.891495704650879,1.097765,2.068431949615478,2.6964996,east_siberian
2017-09-25,0.044500835,0.14093017578125,0.41004944,-5.5467224,5.9124775,10.07372760772705,1.0242078,1.7590609312057497,2.6933692,east_siberian
2017-09-26,0.06127644,0.27716064453125,0.09511566,-7.568207,4.3174944,7.513509750366211,0.7400371,1.388888001441956,2.3089218,east_siberian
2017-09-27,0.07229386,0.349273681640625,-0.48781586,-8.73764,6.8660975,12.279295921325684,0.97583747,2.3425246715545653,2.407789,east_siberian
2017-09-28,0.09388515,0.50018310546875,-2.495041,-10.619965,7.580716,13.809403419494629,1.4537065,3.2568543434143065,5.0123854,east_siberian
2017-09-29,0.1208001,0.6563720703125,-2.3604279,-10.414642,7.402203,13.215896606445312,1.2888036,2.5227631568908695,4.2040453,east_siberian
2017-09-30,0.14208098,0.75244140625,-3.3603363,-10.678558,8.890244,14.476274490356445,1.6193876,3.0896382331848145,3.5056067,east_siberian
2017-10-01,0.15043901,0.770172119140625,-2.8832397,-11.491791,9.429187,13.769697189331055,1.8483139,3.082289457321167,2.8241396,east_siberian
2017-10-02,0.15277614,0.795806884765625,-2.0053406,-10.810638,9.2978,13.85853385925293,1.8501669,3.195422887802124,2.3123116,east_siberian
2017-10-03,0.15424709,0.80657958984375,-1.2016983,-8.734711,6.8456864,11.25582218170166,1.3315413,2.2917017936706547,2.556483,east_siberian
2017-10-04,0.15075453,0.764862060546875,-1.4785156,-8.305267,5.710331,8.534283638000488,1.1292391,1.6859958171844482,2.4884014,east_siberian
2017-10-05,0.15774654,0.77215576171875,-1.7320099,-7.6893005,5.8127546,9.546224594116211,1.1497259,1.717849397659302,2.4047968,east_siberian
2017-10-06,0.17491081,0.815826416015625,-2.726883,-9.523712,6.8585205,10.010612487792969,1.1727574,1.8887677669525147,3.3566287,east_siberian
2017-10-07,0.19107518,0.841796875,-3.7075882,-10.443329,5.093766,9.018539428710938,0.85135615,1.749427390098572,4.568119,east_siberian
2017-10-08,0.2085239,0.85333251953125,-3.8083725,-11.841461,4.4605546,7.241021156311035,0.6783341,1.1500458002090455,4.4036484,east_siberian
2017-10-09,0.2123709,0.87371826171875,-3.2063904,-11.857513,6.149405,10.51989459991455,1.0046828,1.9381643533706665,3.4449563,east_siberian
2017-10-10,0.20831375,0.865478515625,-3.2044525,-11.129486,6.652834,9.224302291870117,1.172524,1.6869635105133054,3.082634,east_siberian
2017-10-11,0.21727842,0.8609619140625,-3.7248306,-12.482513,4.8633885,7.298022270202637,0.83254904,1.1903331995010376,3.307997,east_siberian
2017-10-12,0.2195874,0.83917236328125,-2.6478424,-12.649261,7.8544292,15.085179328918457,1.3308972,3.41322774887085,2.7419107,east_siberian
2017-10-13,0.19709079,0.792510986328125,-1.9551239,-9.3802185,13.105129,17.730926513671875,3.223995,5.457582855224611,2.1869783,east_siberian
2017-10-14,0.18037418,0.75262451171875,-0.8924484,-8.2725525,13.24508,15.751017570495605,3.155285,5.024198532104492,1.7702368,east_siberian
2017-10-15,0.2009922,0.793914794921875,-3.1368713,-13.309906,12.073901,15.873300552368164,2.9700842,4.907382488250732,2.5670576,east_siberian
2017-10-16,0.24205214,0.86309814453125,-5.599533,-15.314789,9.970011,12.838213920593262,1.9311002,2.9487075328826906,3.256456,east_siberian
2017-10-17,0.2845982,0.8966064453125,-6.3783875,-16.440033,8.334139,10.695493698120117,1.4381914,2.129224681854248,2.9698253,east_siberian
2017-10-18,0.34134805,0.914215087890625,-7.025299,-13.585144,7.0357637,11.11230182647705,1.1668946,2.0071002483367923,3.5049577,east_siberian
2017-10-19,0.3998857,0.935882568359375,-7.570221,-14.148773,7.6849084,11.94442367553711,1.4544955,2.7435145378112793,3.5875783,east_siberian
2017-10-20,0.4595667,0.94769287109375,-8.162697,-15.176971,7.067295,11.09755802154541,1.544459,2.9047160148620605,3.5118678,east_siberian
2017-10-21,0.50183344,0.9410400390625,-8.517677,-19.424713,7.7394004,13.453216552734375,1.9354476,3.4452569961547854,3.0253787,east_siberian
2017-10-22,0.55061466,0.951568603515625,-9.921921,-20.700226,6.2989397,13.099851608276367,1.708979,3.503210973739624,2.947985,east_siberian
2017-10-23,0.5550533,0.949462890625,-9.368362,-18.16359,6.0966244,10.989266395568848,1.1555705,2.1057813644409182,2.981122,east_siberian
2017-10-24,0.55182153,0.943084716796875,-8.90226,-21.88272,6.9924064,11.357132911682129,1.2634174,1.9797317504882814,2.6943994,east_siberian
2017-10-25,0.5898912,0.948974609375,-8.964989,-23.45456,4.8324676,8.556624412536621,0.7375785,1.1011794567108153,2.569356,east_siberian
2017-10-26,0.6231895,0.95330810546875,-10.04599,-23.473267,3.7334557,6.703154563903809,0.56328285,0.7973219871520996,2.5418072,east_siberian
2017-10-27,0.657099,0.96417236328125,-10.316223,-22.27739,4.5470285,7.034764289855957,0.58228195,0.8446184992790222,2.440158,east_siberian
2017-10-28,0.6692643,0.96624755859375,-9.530624,-20.60083,4.891535,8.288628578186035,0.922851,1.6556549072265625,2.5891986,east_siberian
2017-10-29,0.69348055,0.970947265625,-10.206017,-24.056763,4.935932,8.220308303833008,0.95196104,1.5238773822784424,2.4964702,east_siberian
2017-10-30,0.71878886,0.976593017578125,-10.065613,-26.847809,5.1383452,8.377495765686035,0.87959826,1.549728488922119,2.43238,east_siberian
2017-10-31,0.7329348,0.984954833984375,-10.365929,-27.99295,4.301137,9.365643501281738,0.7068252,1.4877445220947265,1.9492145,east_siberian
2018-07-01,0.7959287,0.94580078125,0.677269,-1.0091248,4.3814964,7.537161350250244,0.22098467,0.5678049206733703,0.4948538,east_siberian
2018-07-02,0.7788428,0.92767333984375,0.98629,-0.7425232,4.322134,8.928763389587402,0.17800996,0.41942715644836426,0.5653007,east_siberian
2018-07-03,0.7306593,0.8951416015625,2.2892761,-0.22958374,6.131503,11.807571411132812,0.3495482,1.0731868028640748,0.9884937,east_siberian
2018-07-04,0.71386796,0.88275146484375,1.8106766,-1.8655701,5.067676,8.515511512756348,0.4094062,1.2345436573028565,0.78649235,east_siberian
2018-07-05,0.564426,0.829986572265625,4.6490555,-0.8218689,7.021627,10.672581672668457,0.45669502,1.2385061025619506,1.2155434,east_siberian
2018-07-06,0.5886148,0.795379638671875,3.0247421,-0.40316772,5.907609,10.62031364440918,0.37474394,0.9942860007286072,0.94678384,east_siberian
2018-07-07,0.6447699,0.827392578125,0.9190216,-0.7413025,5.774026,9.276612281799316,0.48329484,0.9533899903297427,0.9729001,east_siberian
2018-07-08,0.662833,0.831695556640625,0.4253235,-1.3645935,5.7778788,9.797518730163574,0.5170787,0.857074499130249,0.98285913,east_siberian
2018-07-09,0.6640614,0.83441162109375,0.5851593,-1.1856384,5.685221,7.457780838012695,0.4837231,0.7830453276634216,0.85933864,east_siberian
2018-07-10,0.6730367,0.838043212890625,0.60207367,-0.73324585,4.7585573,6.896158695220947,0.55418444,1.0419181823730468,0.7516593,east_siberian
2018-07-11,0.66714513,0.854400634765625,1.036644,-1.0498962,5.1954746,10.199991226196289,0.56018317,1.302416205406189,1.1052,east_siberian
2018-07-12,0.61944544,0.823455810546875,2.2810135,-0.7051697,7.045718,10.757861137390137,0.60894537,0.9239597797393799,1.2693443,east_siberian
2018-07-13,0.59388685,0.795928955078125,2.0471344,-2.143402,4.77384,8.102696418762207,0.49856815,0.8059321045875548,1.0149162,east_siberian
2018-07-14,0.5929902,0.79998779296875,1.374443,-1.0003357,3.8067088,6.0926594734191895,0.31636953,0.6209369421005249,0.65661556,east_siberian
2018-07-15,0.5729054,0.784271240234375,1.1603241,-0.6648865,4.629265,7.520537853240967,0.46953917,1.0446589231491088,0.7875103,east_siberian
2018-07-16,0.567864,0.77520751953125,0.8371506,-2.2393494,5.689349,7.739528656005859,0.6255851,1.54061861038208,0.9186127,east_siberian
2018-07-17,0.56738883,0.787445068359375,0.6632309,-1.8062439,5.3527455,8.576281547546387,0.53835726,1.0480211019515993,0.88095397,east_siberian
2018-07-18,0.5569955,0.80535888671875,0.45980835,-0.8885193,7.0346003,10.059883117675781,0.9249524,1.3600716590881359,1.0277405,east_siberian
2018-07-19,0.56018704,0.79840087890625,0.9091339,-1.184906,6.9354343,10.114021301269531,0.6002995,1.264146327972412,1.4503466,east_siberian
2018-07-20,0.5390777,0.770416259765625,1.7437057,-2.1358337,5.937728,10.099928855895996,0.4613482,0.9001562833786011,1.107453,east_siberian
2018-07-21,0.4986753,0.750091552734375,2.1031723,-1.1409607,6.0474944,10.131458282470703,0.42101815,0.7567281603813172,0.93853927,east_siberian
2018-07-22,0.48573905,0.730072021484375,1.2603989,-1.018158,7.8344893,14.531184196472168,0.55542326,1.3976686239242557,0.98905647,east_siberian
2018-07-23,0.46508557,0.739990234375,1.8085938,-1.5481873,6.006461,8.699878692626953,0.49933416,1.0249903678894043,1.15801,east_siberian
2018-07-24,0.4517687,0.744384765625,1.7220688,-0.53622437,7.489147,9.995786666870117,0.8548188,1.3423394918441773,0.8583129,east_siberian
2018-07-25,0.46413898,0.720184326171875,0.5389328,-1.4219666,6.924469,11.400980949401855,0.5990049,1.4883842945098877,0.94268566,east_siberian
2018-07-26,0.47341254,0.74188232421875,0.3342514,-1.3960876,5.412778,10.226644515991211,0.4604252,1.1721854686737063,1.0102652,east_siberian
2018-07-27,0.47341254,0.74188232421875,0.37804413,-1.1539001,4.7427626,8.374025344848633,0.4787642,1.3074174880981448,1.0244917,east_siberian
2018-07-28,0.47341254,0.74188232421875,0.32575226,-1.4812927,4.9599166,8.226678848266602,0.35183382,1.0707062244415284,0.920275,east_siberian
2018-07-29,0.46185073,0.7392578125,0.16438293,-1.2913513,4.325923,8.188641548156738,0.25078183,0.5365421056747437,0.91887057,east_siberian
2018-07-30,0.47327158,0.762542724609375,0.4395218,-1.455658,3.554248,5.914422988891602,0.37555546,0.8050242424011232,0.91774434,east_siberian
2018-07-31,0.44450033,0.737152099609375,1.0565872,-0.8121033,5.151041,7.478631973266602,0.5477917,0.8353923439979553,0.7248626,east_siberian
2018-08-01,0.40319228,0.70477294921875,1.4659271,-0.77474976,7.3183193,9.581974983215332,0.73286235,1.5223933458328247,0.5968205,east_siberian
2018-08-02,0.37902966,0.691436767578125,0.8225632,-1.2090759,7.549141,9.643608093261719,0.8964075,1.4563889503479004,0.8126573,east_siberian
2018-08-03,0.39860058,0.773590087890625,0.21192169,-1.7713318,6.3765807,9.960287094116211,1.019264,1.6255767345428467,1.2926617,east_siberian
2018-08-04,0.39350584,0.776611328125,-0.07329559,-1.6160583,5.742585,8.12042236328125,0.6640558,1.0608169078826903,1.103862,east_siberian
2018-08-05,0.36971194,0.728240966796875,0.22379303,-1.1956482,5.124219,6.8594584465026855,0.5005447,0.7214759111404421,0.8963148,east_siberian
2018-08-06,0.3728675,0.74639892578125,0.12347412,-1.2696228,4.003537,5.988139629364014,0.3770057,0.7000790238380432,1.0155699,east_siberian
2018-08-07,0.3629913,0.722320556640625,0.20041656,-1.5640564,4.318388,6.365032196044922,0.28369278,0.48444824218750004,0.9518596,east_siberian
2018-08-08,0.3629913,0.722320556640625,0.18864441,-1.6788025,4.40131,6.799931526184082,0.4178247,0.8500295877456665,0.9978954,east_siberian
2018-08-09,0.38919944,0.812896728515625,-0.12739563,-2.6089783,4.3139095,6.576230049133301,0.4635996,0.7828718900680542,1.1609616,east_siberian
2018-08-10,0.39067656,0.84979248046875,-0.06654358,-2.2176208,4.6257644,7.436878681182861,0.47367102,0.8888578414916992,0.9166275,east_siberian
2018-08-11,0.38839623,0.85369873046875,-0.17790985,-2.5018005,4.221261,7.538325786590576,0.49963373,0.9217703342437744,0.6755325,east_siberian
2018-08-12,0.3909232,0.85888671875,-0.19099426,-2.3912048,4.428039,7.610534191131592,0.5250335,0.9509006261825561,0.598334,east_siberian
2018-08-13,0.38895616,0.85455322265625,0.013633728,-2.813568,4.9370117,8.254494667053223,0.6061391,1.1461304664611818,0.5992596,east_siberian
2018-08-14,0.33313054,0.72418212890625,2.1903687,-1.9302673,7.1559963,10.95763111114502,0.6477309,1.5228794097900396,1.2301337,east_siberian
2018-08-15,0.25362197,0.58282470703125,3.9605026,-0.48324585,7.9235682,10.836085319519043,0.9156827,1.6181231021881104,1.511953,east_siberian
2018-08-16,0.23804557,0.578460693359375,2.467102,-1.1248474,4.990989,8.835524559020996,0.6041825,1.3073971033096314,0.59897804,east_siberian
2018-08-17,0.23855303,0.571868896484375,1.2890701,-1.3465271,4.2381525,8.062609672546387,0.40698677,0.8963675498962403,0.5019609,east_siberian
2018-08-18,0.22912553,0.57220458984375,0.6321869,-2.2659607,5.3697743,9.156523704528809,0.63717353,1.5567360877990721,0.82213664,east_siberian
2018-08-19,0.22962843,0.590240478515625,-0.07923126,-2.3890076,7.012769,10.204895973205566,0.88400555,1.5378687381744385,1.4089377,east_siberian
2018-08-20,0.23562406,0.615631103515625,-0.1615448,-1.92099,6.651487,10.585332870483398,1.0203173,1.9589317321777344,1.5015395,east_siberian
2018-08-21,0.22899254,0.61700439453125,0.26413727,-1.8858337,6.3607445,9.394659996032715,0.91255176,1.7047322034835821,1.2341732,east_siberian
2018-08-22,0.20851105,0.574127197265625,0.75413513,-1.4466248,4.1383543,8.155518531799316,0.5696749,1.3169633388519288,0.7249915,east_siberian
2018-08-23,0.19719657,0.54840087890625,0.8473816,-1.2574158,3.0754762,5.893913269042969,0.44397956,0.9686411142349246,0.5184236,east_siberian
2018-08-24,0.18882331,0.53564453125,0.79151154,-1.3311462,4.93872,8.007013320922852,0.6806544,1.3753119230270388,0.6781246,east_siberian
2018-08-25,0.18909808,0.536224365234375,0.4555359,-2.4981384,4.9790316,7.888342380523682,0.7058357,1.2389566898345952,0.88232064,east_siberian
2018-08-26,0.1948125,0.54168701171875,0.4084854,-2.7146912,3.9742029,5.971643924713135,0.52187276,0.8576226234436035,1.0189438,east_siberian
2018-08-27,0.18626006,0.53314208984375,0.7115555,-2.007904,5.0028577,7.607429504394531,0.5377518,0.9085128545761109,0.9625316,east_siberian
2018-08-28,0.17396742,0.503814697265625,1.5412369,-0.9324646,6.79154,9.521990776062012,0.75322735,1.545502471923828,0.6666362,east_siberian
2018-08-29,0.15534972,0.474700927734375,1.3908768,-1.9866638,5.7697926,9.590802192687988,0.8253938,1.68970627784729,0.87274647,east_siberian
2018-08-30,0.14452304,0.455108642578125,2.1762161,-2.066742,5.3490148,8.059126853942871,0.51545703,0.7651536822319032,0.7127692,east_siberian
2018-08-31,0.14196394,0.454925537109375,2.9498596,-2.862152,7.003868,10.402886390686035,0.85936034,1.6794370412826538,1.2396986,east_siberian
2018-09-01,0.14913656,0.484283447265625,1.2972794,-3.2627869,5.9268665,10.212247848510742,0.8049657,1.4694193601608276,1.691591,east_siberian
2018-09-02,0.16295543,0.53057861328125,0.5804596,-3.9893494,4.2889576,7.675978660583496,0.61814195,1.326842141151428,1.5520318,east_siberian
2018-09-03,0.1725361,0.567474365234375,0.39572144,-4.0777283,4.6035767,8.01635456085205,0.5847901,1.2699331998825074,1.1743985,east_siberian
2018-09-04,0.15585282,0.51519775390625,1.0353851,-3.2349548,5.736888,9.44970703125,0.7293072,1.4409510374069217,1.1691879,east_siberian
2018-09-05,0.14186172,0.49688720703125,1.2106628,-1.8594666,6.511361,10.214664459228516,0.876124,1.5822733640670776,1.5435622,east_siberian
2018-09-06,0.12519716,0.455413818359375,1.9014282,-2.2991638,7.622418,10.327038764953613,0.9339825,1.6847355365753174,1.2717202,east_siberian
2018-09-07,0.12004989,0.443756103515625,2.5088882,-1.565033,4.950241,8.768402099609375,0.7086745,1.337442398071289,0.9485318,east_siberian
2018-09-08,0.12341305,0.451934814453125,2.3487854,-2.0572205,4.9008093,7.580790042877197,0.62643254,1.0377776145935058,0.7831225,east_siberian
2018-09-09,0.1160204,0.42047119140625,2.206688,-1.1783142,4.660074,8.603653907775879,0.53987104,1.3332206487655642,0.68062264,east_siberian
2018-09-10,0.10234725,0.383544921875,3.2192154,-1.0389099,6.344882,9.078325271606445,0.6893975,1.3854244470596315,0.67665076,east_siberian
2018-09-11,0.09177592,0.356170654296875,2.930107,-0.934906,5.182374,8.527560234069824,0.5288569,1.0109276771545412,0.49592218,east_siberian
2018-09-12,0.0792456,0.32635498046875,2.6157455,-0.9842224,8.066327,13.611408233642578,1.2836283,2.667911720275879,1.253095,east_siberian
2018-09-13,0.077716716,0.3251953125,1.9681015,-1.2330017,5.8273106,11.3284273147583,1.0999225,1.9705694675445558,1.2629538,east_siberian
2018-09-14,0.077498876,0.326812744140625,1.5684052,-2.2383728,5.9660435,10.352896690368652,0.77535295,1.470175862312317,0.7819182,east_siberian
2018-09-15,0.06825311,0.31317138671875,1.9303131,-1.5066833,9.962425,12.51715087890625,1.5955603,2.710938692092896,0.6303214,east_siberian
2018-09-16,0.056021452,0.286041259765625,1.9337387,-1.8838806,9.038141,11.837450981140137,1.6767273,2.6065468788146973,0.6989721,east_siberian
2018-09-17,0.045931965,0.253326416015625,1.7406464,-1.5813904,5.650183,8.666577339172363,1.0472884,1.7881799697875977,0.5694022,east_siberian
2018-09-18,0.04060933,0.231597900390625,1.3291855,-1.4925232,4.0626655,7.049148082733154,0.856241,1.5988669633865356,0.54912066,east_siberian
2018-09-19,0.03982392,0.215972900390625,1.213623,-3.1853943,3.8520489,6.258617877960205,0.7667302,1.3648319244384766,0.520038,east_siberian
2018-09-20,0.037968934,0.207000732421875,1.0445557,-2.658783,4.6463614,7.135334491729736,0.7715555,1.259298324584961,0.6961749,east_siberian
2018-09-21,0.038248632,0.211761474609375,0.9600754,-2.2310486,3.7990575,6.258745193481445,0.6235766,0.9669005274772644,0.8178226,east_siberian
2018-09-22,0.036830597,0.196380615234375,0.6516342,-2.6358337,3.8364296,7.0731377601623535,0.5130855,0.7870210409164429,0.8356957,east_siberian
2018-09-23,0.040785972,0.226318359375,0.2042923,-3.5430603,4.5896306,7.25998592376709,0.5686533,0.8762893795967103,1.0343481,east_siberian
2018-09-24,0.05052327,0.280548095703125,-0.0982666,-3.6495056,5.030535,8.991105079650879,0.645001,1.2410041332244874,1.473382,east_siberian
2018-09-25,0.05052327,0.280548095703125,-0.0413208,-2.969818,5.708946,8.444052696228027,0.7446784,1.2166900634765627,1.7224169,east_siberian
2018-09-26,0.05052327,0.280548095703125,0.26146698,-3.6697693,5.9811554,9.433374404907227,0.86538076,1.4522074699401855,1.7982641,east_siberian
2018-09-27,0.10730797,0.473785400390625,0.34337616,-4.4151306,6.9294777,10.215691566467285,1.0822664,1.6984052181243896,1.5537454,east_siberian
2018-09-28,0.10840232,0.491973876953125,1.1716995,-4.1497498,6.90966,9.848902702331543,1.0484831,1.5650282859802247,1.169122,east_siberian
2018-09-29,0.08904669,0.424346923828125,1.0618896,-2.7112732,5.940727,9.304434776306152,0.9142762,1.7424725770950318,0.8536699,east_siberian
2018-09-30,0.07007841,0.375701904296875,1.2842102,-1.5857849,8.416385,10.296979904174805,1.3795168,1.8825743198394775,0.83627075,east_siberian
2018-10-01,0.05483061,0.31317138671875,2.5030136,-0.6133728,8.453791,10.718411445617676,1.3951646,1.9896445274353027,0.9926381,east_siberian
2018-10-02,0.048004944,0.270843505859375,2.0402145,-1.2254333,6.9616623,10.340103149414062,1.1005151,1.7756821155548095,1.0801302,east_siberian
2018-10-03,0.046348836,0.257537841796875,1.387413,-1.8538513,5.216744,9.773971557617188,0.99823123,1.501004123687744,0.708487,east_siberian
2018-10-04,0.048242852,0.258819580078125,1.0485535,-1.9898376,4.9939957,7.424100399017334,0.9077875,1.3860548496246339,0.9817512,east_siberian
2018-10-05,0.040187854,0.218658447265625,0.4391861,-1.9095154,6.0486784,9.494552612304688,1.1111197,1.786099100112915,1.2388253,east_siberian
2018-10-06,0.04214417,0.226348876953125,0.14752197,-2.4734802,5.2522683,9.35145092010498,1.1255852,1.7739304304122925,1.3794575,east_siberian
2018-10-07,0.05988316,0.32403564453125,-0.80757904,-4.3145447,4.7851152,6.8680949211120605,0.8803708,1.292841911315918,2.4263098,east_siberian
2018-10-08,0.08510126,0.391998291015625,-1.0984192,-5.2256775,4.622283,7.218239784240723,0.7769903,1.3531289100646973,2.9912128,east_siberian
2018-10-09,0.089340076,0.40264892578125,-0.9505844,-6.1077576,5.9053216,10.571358680725098,0.934057,1.8840883731842042,3.1646748,east_siberian
2018-10-10,0.08818263,0.402496337890625,-0.63799286,-3.9183044,7.117086,12.044662475585938,1.0995661,2.1562045097351086,2.49232,east_siberian
2018-10-11,0.10845957,0.446624755859375,-0.76556396,-6.368744,6.1306705,8.474347114562988,0.89204705,1.414905166625977,2.346579,east_siberian
2018-10-12,0.15287726,0.586334228515625,-1.10009,-6.836029,5.159525,7.261347770690918,0.87286335,1.5548628091812138,2.4081779,east_siberian
2018-10-13,0.2025848,0.783111572265625,-1.3300934,-5.712982,4.0967093,6.644284248352051,0.78713137,1.5044568300247194,2.013464,east_siberian
2018-10-14,0.23974767,0.822052001953125,-2.1456528,-7.803314,3.2232778,5.955023765563965,0.7349843,1.4867063045501714,2.323719,east_siberian
2018-10-15,0.26800203,0.827972412109375,-2.8810043,-8.013763,4.575799,13.247383117675781,0.9347339,2.4193623542785643,2.817333,east_siberian
2018-10-16,0.23724076,0.807037353515625,-2.0273209,-6.6424255,8.809298,12.21790599822998,1.4927058,2.3396220207214355,2.5411642,east_siberian
2018-10-17,0.2224609,0.7860107421875,-1.8698807,-9.107269,6.99928,10.550198554992676,1.2259375,2.1930056571960446,2.3749793,east_siberian
2018-10-18,0.23334335,0.79888916015625,-2.0990982,-8.447571,5.8416033,8.651633262634277,0.9723803,1.4974206209182739,2.5819752,east_siberian
2018-10-19,0.24903554,0.807220458984375,-2.8337555,-11.048553,4.579377,8.677140235900879,0.88681066,1.3964226245880125,2.9518569,east_siberian
2018-10-20,0.2818321,0.8468017578125,-3.74971,-9.672455,5.6310663,9.094754219055176,0.9001554,1.3150827646255492,2.8185828,east_siberian
2018-10-21,0.33351,0.8756103515625,-4.6337814,-10.724823,7.0127406,9.962697982788086,1.0565202,1.735266971588135,3.1493618,east_siberian
2018-10-22,0.4040033,0.900726318359375,-5.4950333,-12.438843,5.5931396,8.955877304077148,0.80253536,1.5199047088623048,3.385448,east_siberian
2018-10-23,0.46277,0.927703857421875,-6.1046295,-13.329681,4.426985,7.604176998138428,0.58611643,0.9868556737899781,3.0795531,east_siberian
2018-10-24,0.5267138,0.95526123046875,-7.5636673,-15.490875,4.4672475,6.856151580810547,0.7043899,1.272912502288818,2.7728248,east_siberian
2018-10-25,0.5942545,0.977325439453125,-8.71019,-17.395325,5.0398397,8.421281814575195,0.96462476,1.5817033767700193,3.1484706,east_siberian
2018-10-26,0.6475178,0.990966796875,-9.989952,-18.059006,5.823163,8.930588722229004,1.1767561,1.643547487258911,2.5802102,east_siberian
2018-10-27,0.6886585,0.993408203125,-10.819679,-18.571655,6.0871563,8.387508392333984,0.8954125,1.4670042514801027,2.6179743,east_siberian
2018-10-28,0.71572006,0.99700927734375,-10.931168,-17.759964,6.304221,11.073843002319336,1.0458622,2.329501914978027,2.7234566,east_siberian
2018-10-29,0.72849077,0.9893798828125,-9.474098,-17.47316,7.5587645,11.093262672424316,1.2146479,2.611949157714844,2.2610307,east_siberian
2018-10-30,0.74243313,0.985198974609375,-8.230957,-17.896667,5.6850233,8.265218734741211,0.6620804,1.0761906147003175,1.6881163,east_siberian
2018-10-31,0.7520965,0.97796630859375,-7.775551,-16.784088,6.6642165,9.698193550109863,1.3924711,2.16760311126709,2.0382452,east_siberian
2019-07-01,0.62795585,0.79437255859375,0.76112366,-0.891449,4.6018972,6.833418846130371,0.44482303,0.8742976546287536,0.27186513,east_siberian
2019-07-02,0.61880684,0.782073974609375,0.5959091,-1.1287537,3.6742802,6.582290172576904,0.44536543,0.8762354254722595,0.27469403,east_siberian
2019-07-03,0.60712665,0.777740478515625,0.5381012,-0.79452515,2.831854,5.153048038482666,0.27567807,0.6782362222671509,0.32507497,east_siberian
2019-07-04,0.601697,0.7615966796875,0.647316,-1.0743103,3.1635623,5.191701889038086,0.14642829,0.32046383023262026,0.40618563,east_siberian
2019-07-05,0.57648486,0.764862060546875,1.1668396,-1.0618591,3.9440932,7.851481914520264,0.30214453,0.878972864151001,0.50022304,east_siberian
2019-07-06,0.53982127,0.739990234375,1.6176834,-0.96273804,4.093049,7.763701915740967,0.3865208,0.8402615785598756,0.56593794,east_siberian
2019-07-07,0.51586497,0.717315673828125,1.8881226,-1.347992,3.5756207,5.564390182495117,0.34524626,0.8145144581794739,0.6013039,east_siberian
2019-07-08,0.4950477,0.712432861328125,1.6876144,-0.8382263,3.6894615,5.753773212432861,0.2599416,0.5470446944236755,0.4600556,east_siberian
2019-07-09,0.4503538,0.6820068359375,2.3871994,-0.31332397,4.5655084,6.892541885375977,0.3376609,0.7455386400222778,0.4362623,east_siberian
2019-07-10,0.40719396,0.617950439453125,2.6206284,-0.54940796,4.5794992,6.444267272949219,0.33373487,0.7078387975692748,0.46036917,east_siberian
2019-07-11,0.3880956,0.6024169921875,2.3720016,-1.0315857,4.4051747,6.144959926605225,0.28771734,0.5871658325195312,0.33928573,east_siberian
2019-07-12,0.37533,0.622528076171875,1.7568588,-0.4961853,3.9865263,6.44410514831543,0.36908495,0.6754150867462159,0.36084142,east_siberian
2019-07-13,0.3643091,0.62548828125,1.4318085,-0.58114624,5.842394,9.602782249450684,0.5480023,1.1056306362152097,0.5442013,east_siberian
2019-07-14,0.37033078,0.60595703125,0.8817291,-0.97006226,5.3486695,8.231083869934082,0.5085634,1.252242469787598,0.84868443,east_siberian
2019-07-15,0.36275265,0.61090087890625,0.7070236,-1.8125916,5.6006455,8.689806938171387,0.61285675,1.2610703945159913,0.7227675,east_siberian
2019-07-16,0.33102587,0.5782470703125,0.8490753,-0.7864685,6.548611,9.329923629760742,0.8884114,1.4357769489288332,0.9484268,east_siberian
2019-07-17,0.31398463,0.550994873046875,0.62726593,-0.97177124,6.3182106,8.524188995361328,0.75368303,1.162944030761719,1.0047598,east_siberian
2019-07-18,0.30662623,0.535491943359375,0.37443542,-0.9776306,5.8747425,7.962087154388428,0.62881535,1.0754793167114258,0.90348876,east_siberian
2019-07-19,0.3042079,0.5250244140625,0.39375305,-0.90878296,6.0130053,8.464449882507324,0.7274953,1.3229243516921998,0.8624555,east_siberian
2019-07-20,0.29754025,0.52423095703125,0.7478256,-0.9497986,6.611261,9.548445701599121,0.8097559,1.4394659757614137,1.0401788,east_siberian
2019-07-21,0.29161313,0.52362060546875,0.68372345,-1.0245056,5.3730497,9.01435375213623,0.69165254,1.5526827812194823,0.98543864,east_siberian
2019-07-22,0.3033017,0.5501708984375,0.45281982,-1.101654,5.7439637,10.439626693725586,0.738986,1.6884541988372803,0.94556737,east_siberian
2019-07-23,0.2920064,0.5614013671875,0.48703003,-1.3003845,6.450693,10.868521690368652,0.69297653,1.41661639213562,1.1778232,east_siberian
2019-07-24,0.2920064,0.5614013671875,0.84529877,-1.0508728,6.299142,10.300590515136719,0.79738843,1.4742039442062378,1.1655124,east_siberian
2019-07-25,0.23873991,0.475372314453125,0.7933197,-1.9478455,4.590519,8.47230339050293,0.4957376,0.9149651527404785,0.6559502,east_siberian
2019-07-26,0.23121738,0.46295166015625,0.46111298,-1.2933044,5.682507,8.751121520996094,0.57164377,0.9453170776367188,0.7372794,east_siberian
2019-07-27,0.22667272,0.48382568359375,0.6414108,-0.9073181,5.2536497,8.990453720092773,0.60261095,1.1647863626480102,0.6184135,east_siberian
2019-07-28,0.19162667,0.43536376953125,0.7192917,-1.5572205,5.9720945,9.223957061767578,0.6525647,1.3231728553771975,0.58854526,east_siberian
2019-07-29,0.1581623,0.387451171875,1.0351639,-0.9961853,7.783826,10.548288345336914,1.002109,1.7287043809890745,0.6301453,east_siberian
2019-07-30,0.13250951,0.355377197265625,0.34111023,-1.6358337,6.9901624,10.200685501098633,0.98013437,1.7186275959014892,0.8178387,east_siberian
2019-07-31,0.11328697,0.327850341796875,0.013954163,-1.2989197,5.9264345,7.737053871154785,0.6972112,1.0764081478118896,0.9453765,east_siberian
2019-08-01,0.09657014,0.313323974609375,0.024734497,-1.9554138,5.0119524,7.434053421020508,0.56181717,0.9636196851730348,0.9641963,east_siberian
2019-08-02,0.091506645,0.309417724609375,-0.08280945,-1.3399353,3.6555603,5.377799034118652,0.37444472,0.6886447072029114,0.9085808,east_siberian
2019-08-03,0.091716796,0.321044921875,-0.11895752,-1.405365,3.9478745,6.539175033569336,0.35206595,0.6531809568405151,1.0771152,east_siberian
2019-08-04,0.07632803,0.28961181640625,0.19137573,-2.4168396,5.1096478,8.232894897460938,0.522624,1.0055108547210694,1.1410947,east_siberian
2019-08-05,0.05019305,0.240966796875,0.6928482,-2.3807068,5.871235,8.517485618591309,0.6486347,1.0531289339065553,1.1150541,east_siberian
2019-08-06,0.049489606,0.248443603515625,1.2627792,-2.2046814,4.4764414,7.263017177581787,0.52126145,0.846637487411499,0.7582707,east_siberian
2019-08-07,0.038984682,0.20721435546875,1.3311615,-1.8213806,3.984647,7.164248943328857,0.4580195,0.7249889850616456,0.60391986,east_siberian
2019-08-08,0.023090575,0.094024658203125,1.8152466,-2.0174255,5.360023,8.062491416931152,0.5595354,0.9083731174468994,0.34663895,east_siberian
2019-08-09,0.010877004,0.0,2.2312393,-1.6670837,5.240025,7.6564741134643555,0.59702575,0.981039822101593,0.36033252,east_siberian
2019-08-10,0.0070479903,0.0,2.362381,-0.9966736,4.731601,7.2767791748046875,0.5694762,0.8604498863220215,0.42733485,east_siberian
2019-08-11,0.0047712303,0.0,2.3276978,-0.39315796,5.1844883,8.659416198730469,0.6244725,1.0444051504135132,0.3500267,east_siberian
2019-08-12,0.004324683,0.0,1.6050949,-1.039154,5.5233564,8.775758743286133,0.64938307,1.095184254646301,0.5616936,east_siberian
2019-08-13,0.003798528,0.0,0.7931442,-1.8350525,7.8582816,10.209202766418457,1.0643985,1.7506418228149414,1.36561,east_siberian
2019-08-14,0.0040904963,0.0,0.52788544,-2.8138123,7.7892284,11.256994247436523,1.2799368,2.4565361976623534,1.5414104,east_siberian
2019-08-15,0.0061035235,0.0,1.0851746,-2.087738,6.0251017,9.46143627166748,1.0255647,1.788168740272522,1.1968412,east_siberian
2019-08-16,0.006321193,0.0,1.667244,-1.3941345,5.6419106,9.1443452835083,0.836811,1.267111587524414,0.97843367,east_siberian
2019-08-17,0.0033154667,0.0,2.6466446,-0.56796265,6.249786,7.997912883758545,0.8040543,1.100463581085205,1.1050813,east_siberian
2019-08-18,0.0023976571,0.0,2.8373413,-1.3409119,4.7695246,6.833151817321777,0.62463826,0.9333490848541259,0.8065129,east_siberian
2019-08-19,0.0024481474,0.0,2.7898102,-1.1856384,3.849579,6.106064796447754,0.44334987,0.604179549217224,0.45706373,east_siberian
2019-08-20,0.002096196,0.0,3.3170853,-0.92099,4.3957367,6.191583156585693,0.39507788,0.5648853659629822,0.35478884,east_siberian
2019-08-21,0.0023284564,0.0,2.5130157,-1.4888611,6.1730084,8.852997779846191,0.713717,1.263769769668579,0.6978436,east_siberian
2019-08-22,0.002387161,0.0,2.2770615,-1.2967224,5.8213787,9.177340507507324,0.84746164,1.4514808177948,1.0022752,east_siberian
2019-08-23,0.0019169102,0.0,2.6337814,-0.42660522,4.998591,7.927405834197998,0.7594972,1.3586737155914308,0.81568724,east_siberian
2019-08-24,0.0020239442,0.0,2.7882004,-2.5520935,4.052036,7.433720111846924,0.5823879,1.0383753299713134,0.7563909,east_siberian
2019-08-25,0.0027296601,0.0,2.2464294,-2.2972107,3.9332023,7.047913551330566,0.5232296,0.8545960426330566,1.1030136,east_siberian
2019-08-26,0.0022781927,0.0,2.2201538,-2.0176697,5.230707,7.777749538421631,0.6928284,1.2817286729812623,1.4857448,east_siberian
2019-08-27,0.0024505996,0.0,1.5950089,-1.9934998,5.2165804,7.309451580047607,0.73600215,0.985980486869812,2.8197029,east_siberian
2019-08-28,0.0022800702,0.0,1.291336,-2.1238708,5.669815,9.066631317138672,0.7520101,1.2794862031936645,3.0977337,east_siberian
2019-08-29,0.0035213693,0.0,1.4400253,-2.1341248,4.8036113,8.878290176391602,0.72522426,1.6005641937255861,2.479488,east_siberian
2019-08-30,0.0061620176,0.0,1.553894,-3.454193,4.4397106,8.951699256896973,0.6873561,1.284014892578125,2.1191366,east_siberian
2019-08-31,0.0035619864,0.0,1.7683563,-2.7935486,4.7880545,8.573951721191406,0.68399006,1.1908541917800903,1.8907677,east_siberian
2019-09-01,0.0022613923,0.0,2.145218,-0.85849,4.1762867,6.919020652770996,0.64618886,0.9114952921867371,1.7469605,east_siberian
2019-09-02,0.0022706422,0.0,2.1518707,-1.5271912,4.175223,7.117403507232666,0.71264154,1.3519065141677855,1.4139667,east_siberian
2019-09-03,0.001050546,0.0,2.027916,-2.3328552,4.7350736,7.9295973777771,1.0198246,1.7970895528793336,1.4754472,east_siberian
2019-09-04,0.0005620948,0.0,1.6128464,-1.9122009,5.066589,8.087617874145508,1.1495137,1.8806876182556154,1.2934046,east_siberian
2019-09-05,0.00076418574,0.0,1.6242828,-1.4803162,5.3812323,8.431902885437012,1.0768188,1.4859019041061403,1.3566692,east_siberian
2019-09-06,0.0006051237,0.0,1.6594925,-1.6390076,4.043178,6.788027763366699,0.82338643,1.1979278087615968,1.2411939,east_siberian
2019-09-07,0.000835183,0.0,2.0149918,-1.153656,2.9525213,5.093405723571777,0.5944,0.8924524426460266,1.2092552,east_siberian
2019-09-08,0.0010892857,0.0,2.1797485,-1.235199,3.5370674,5.8665876388549805,0.50409883,0.884882748126984,0.98565567,east_siberian
2019-09-09,0.0003411964,0.0,2.4151382,-1.0486755,5.067517,9.999665260314941,0.6222589,1.243180823326111,0.9968159,east_siberian
2019-09-10,0.00019462139,0.0,2.783989,-0.7510681,6.625958,10.545417785644531,0.9740708,1.8799026012420654,1.1695294,east_siberian
2019-09-11,0.0011565522,0.0,2.3432999,-1.2398376,6.646287,9.818472862243652,1.1351091,1.6630175113677979,1.5244168,east_siberian
2019-09-12,0.0002957316,0.0,2.1658783,-1.0196228,4.80019,8.25403881072998,0.93877524,1.362490701675415,1.622352,east_siberian
2019-09-13,0.00031173087,0.0,2.2757874,-0.7930603,4.973035,8.187177658081055,0.794855,1.2432993888854982,2.0282648,east_siberian
2019-09-14,0.0004626112,0.0,2.8719254,-0.65023804,7.507681,10.913508415222168,1.2355453,2.005862092971802,2.2214134,east_siberian
2019-09-15,0.00045469654,0.0,2.9487,-1.9280701,7.239012,10.066692352294922,1.2207949,1.8624785423278811,1.2901475,east_siberian
2019-09-16,0.0004644806,0.0,2.165306,-2.8909607,8.444775,11.223132133483887,1.4165087,2.2334333419799806,1.5466868,east_siberian
2019-09-17,0.00033278807,0.0,1.0187378,-3.582367,7.9397297,11.587569236755371,1.3556163,2.2007914066314695,1.751488,east_siberian
2019-09-18,0.0004929993,0.0,0.4984436,-3.2547302,8.048422,10.601236343383789,1.3409945,2.3224997520446777,2.4058392,east_siberian
2019-09-19,0.0005992484,0.0,-0.009498596,-5.061615,7.3024197,11.711423873901367,1.5265201,2.823427963256836,2.712925,east_siberian
2019-09-20,0.00056150404,0.0,-0.23149109,-4.4302673,6.716031,9.259889602661133,1.4447318,2.4091480255126956,3.3085537,east_siberian
2019-09-21,0.00067290815,0.0,-0.1386795,-4.3869324,6.8098016,9.980938911437988,1.3684853,2.1353564262390137,3.126437,east_siberian
2019-09-22,0.0006455629,0.0,0.34999847,-3.932953,6.01274,8.68776798248291,1.1794099,1.760758376121521,2.5552022,east_siberian
2019-09-23,0.00056237803,0.0,0.4716797,-3.443451,5.2932396,8.84324836730957,1.0668423,1.657944965362549,2.4409568,east_siberian
2019-09-24,0.0009041085,0.0,0.7345886,-3.0533142,4.5236225,8.083043098449707,0.9856755,1.5733036994934086,2.3861985,east_siberian
2019-09-25,0.0010579184,0.0,0.30590057,-3.881195,4.301427,6.96500825881958,0.9161433,1.52216956615448,2.9443781,east_siberian
2019-09-26,0.002222604,0.0,0.031814575,-7.4425964,4.0184875,7.298395156860352,0.7064933,1.052512001991272,3.2861457,east_siberian
2019-09-27,0.003775658,0.0,0.43016815,-3.7359314,6.7248178,11.230403900146484,0.909823,2.0235177993774416,3.3452852,east_siberian
2019-09-28,0.0022978256,0.0,0.4542389,-4.7920837,8.513763,12.975985527038574,1.5593239,2.9513214588165284,2.4797156,east_siberian
2019-09-29,0.001281188,0.0,0.44957733,-4.29599,7.897067,12.511072158813477,1.7793226,2.8792685508728026,1.5419593,east_siberian
2019-09-30,0.0009137146,0.0,0.45985413,-7.349945,6.1815147,11.220186233520508,1.4432883,2.453500747680664,1.423228,east_siberian
2019-10-01,0.0008744407,0.0,0.3168335,-3.7774353,5.7088857,8.998787879943848,1.0580349,1.5083240985870365,1.4583082,east_siberian
2019-10-02,0.00078918407,0.0,-0.1610794,-5.558441,6.4140034,10.227009773254395,1.2415391,2.030927848815918,2.7148042,east_siberian
2019-10-03,0.0008358223,0.0,-0.5038223,-8.463776,5.1555285,8.890495300292969,1.154757,1.8800008773803711,3.7210002,east_siberian
2019-10-04,0.0007611267,0.0,-0.46994781,-7.0208435,5.9109735,10.397636413574219,1.1453414,1.8723625659942629,3.7867985,east_siberian
2019-10-05,0.0010230308,0.0,-0.21634674,-7.4861755,6.1201344,10.491402626037598,1.2712668,2.0359151840209964,3.20848,east_siberian
2019-10-06,0.0010719431,0.0,-0.9813843,-10.615448,4.954163,8.328295707702637,1.3054875,2.0562127113342283,3.3319638,east_siberian
2019-10-07,0.0010855551,0.0,-1.7278366,-8.679352,3.7638564,8.408964157104492,1.0796125,1.6578795671463014,4.0658593,east_siberian
2019-10-08,0.0015741276,0.0,-1.5465546,-9.280853,5.492006,10.012413024902344,0.9877359,1.8831576824188239,4.1293073,east_siberian
2019-10-09,0.0055890223,0.0,-1.1184921,-8.531342,8.903095,13.239033699035645,1.5737399,2.9698327064514163,4.0459332,east_siberian
2019-10-10,0.009021437,0.0,-1.2335129,-13.778839,9.273507,12.60435962677002,1.9896175,3.0121644020080565,3.1441376,east_siberian
2019-10-11,0.010881601,0.0,-1.7954788,-13.040436,6.5533247,11.583867073059082,1.5330571,2.7828464984893797,2.8605216,east_siberian
2019-10-12,0.011512872,0.0,-1.9383545,-10.953461,4.698181,9.449423789978027,0.9258033,1.601845479011536,4.276012,east_siberian
2019-10-13,0.008716301,0.0,-1.050354,-10.752533,6.5164533,11.136127471923828,1.2500002,2.4166150093078613,3.648398,east_siberian
2019-10-14,0.009616064,0.0,-0.89362335,-8.476166,5.5700946,8.983975410461426,1.045187,1.612800121307373,2.7132623,east_siberian
2019-10-15,0.010257726,0.0,-0.7551117,-8.352875,4.5032167,7.838496208190918,0.932047,1.2578154325485231,2.238103,east_siberian
2019-10-16,0.012095198,0.0,-0.9965973,-7.637787,5.232356,8.024704933166504,0.9728872,1.250163459777832,2.504313,east_siberian
2019-10-17,0.021620348,0.0,-1.5953827,-8.859467,5.8507247,10.17609691619873,1.0064497,1.5670647859573363,3.400796,east_siberian
2019-10-18,0.030233104,0.0,-1.6930084,-13.045258,6.106879,9.537811279296875,1.1974072,1.7138379573822022,3.3771114,east_siberian
2019-10-19,0.050899006,0.20196533203125,-2.1761093,-13.621674,6.5662007,10.21204662322998,1.4290965,1.975018620491028,3.7382603,east_siberian
2019-10-20,0.07432806,0.379302978515625,-2.8637543,-14.775818,5.9529424,9.98581600189209,1.4455446,2.251790475845337,4.2097235,east_siberian
2019-10-21,0.10460669,0.477935791015625,-3.5742874,-14.61554,4.9458394,9.417659759521484,1.2448833,2.1193138122558595,3.8448985,east_siberian
2019-10-22,0.12998332,0.54180908203125,-4.53553,-15.9401245,6.8187194,9.955697059631348,1.3008618,1.8353069305419922,3.7641492,east_siberian
2019-10-23,0.15144958,0.60272216796875,-3.7550201,-15.96347,8.497293,11.331533432006836,1.6135185,2.091359186172485,3.5756462,east_siberian
2019-10-24,0.18096158,0.66424560546875,-3.7344666,-19.347626,9.253059,12.268159866333008,1.8506122,2.4336416721343994,2.9356918,east_siberian
2019-10-25,0.23765293,0.771331787109375,-5.9162292,-20.542435,7.804265,10.925337791442871,1.587715,2.167711925506592,3.4035249,east_siberian
2019-10-26,0.32494026,0.8416748046875,-6.7853394,-21.746765,6.488314,8.549638748168945,1.2089686,1.7688609600067138,3.4814405,east_siberian
2019-10-27,0.40916952,0.859619140625,-6.7195206,-20.664658,4.629768,7.344271659851074,0.8344264,1.4365533828735353,4.1101074,east_siberian
2019-10-28,0.49364308,0.881927490234375,-6.838257,-20.577362,5.554673,10.008773803710938,1.0159259,2.210126638412476,2.9702609,east_siberian
2019-10-29,0.5500457,0.867034912109375,-7.114151,-19.44963,7.061964,14.011824607849121,2.7754471,4.402110195159913,2.5608182,east_siberian
2019-10-30,0.6079265,0.88104248046875,-8.673973,-21.442566,6.8675766,12.708223342895508,2.8742635,4.234575366973877,3.2155585,east_siberian
2019-10-31,0.663388,0.906585693359375,-9.49118,-21.193726,4.511256,7.342257499694824,1.486004,2.3731914520263673,3.382529,east_siberian
2020-07-01,0.5193323,0.77203369140625,0.9504013,-0.9690857,4.475708,7.162496089935303,0.34322566,0.7036157488822937,0.4412116,east_siberian
2020-07-02,0.49495053,0.760894775390625,1.3285599,-0.36654663,8.227737,12.984519958496094,0.94971585,2.314742660522461,0.42325154,east_siberian
2020-07-03,0.4512894,0.76702880859375,1.609024,-0.6199646,9.5196085,12.94648265838623,1.2482325,1.8763445615768433,0.6794927,east_siberian
2020-07-04,0.42288977,0.76190185546875,1.4737854,-0.4060974,8.065085,10.740997314453125,1.1163989,1.667409563064575,0.61808026,east_siberian
2020-07-05,0.40231875,0.741302490234375,1.3933258,-0.49179077,7.5786195,9.256569862365723,0.9015618,1.279682779312134,0.5232267,east_siberian
2020-07-06,0.38083392,0.7347412109375,1.4381104,-0.2515564,8.577187,9.998507499694824,1.1531327,1.6467292785644532,0.4722699,east_siberian
2020-07-07,0.37289807,0.7301025390625,1.0791245,-0.42416382,7.598447,9.631184577941895,0.91318685,1.439083981513977,0.5170859,east_siberian
2020-07-08,0.36177748,0.718475341796875,0.89949036,-0.6114197,6.299343,7.889986991882324,0.65042317,1.0869462966918946,0.39725718,east_siberian
2020-07-09,0.3461309,0.719757080078125,1.2859344,-0.4830017,6.4123116,8.984794616699219,0.7721768,1.5170204639434814,0.39658,east_siberian
2020-07-10,0.33861387,0.729217529296875,1.1489716,-0.39779663,6.2889605,8.964317321777344,0.79550004,1.482970952987671,0.40199324,east_siberian
2020-07-11,0.3220597,0.739959716796875,1.0404739,-0.5413513,6.4180994,8.917486190795898,0.8419902,1.5173363208770754,0.55502117,east_siberian
2020-07-12,0.30810893,0.71148681640625,0.8835907,-1.1504822,6.0443664,8.489767074584961,0.86029255,1.4786439895629886,0.64048696,east_siberian
2020-07-13,0.2947922,0.7076416015625,0.721611,-0.82528687,6.0038176,8.112842559814453,0.70231605,1.070505142211914,0.5957055,east_siberian
2020-07-14,0.2777256,0.694183349609375,0.7890625,-0.7325134,7.4416585,9.97860336303711,0.88856345,1.4964122772216797,0.8090566,east_siberian
2020-07-15,0.26912233,0.715972900390625,1.0129089,-0.75668335,7.865954,10.969870567321777,1.2601943,2.090515947341919,0.6907706,east_siberian
2020-07-16,0.25224015,0.730224609375,1.3442535,-0.43270874,7.5082974,10.339604377746582,1.1458322,1.728738784790039,0.4923373,east_siberian
2020-07-17,0.21994445,0.6693115234375,1.1280441,-0.73373413,6.912366,9.03321647644043,0.93102336,1.4116000652313232,0.66846466,east_siberian
2020-07-18,0.2066284,0.679931640625,0.92240906,-0.9773865,7.3037524,10.410409927368164,1.1286049,1.7767305374145508,1.0848641,east_siberian
2020-07-19,0.18234362,0.678619384765625,1.1605453,-0.92367554,7.0025864,10.081421852111816,1.0822135,1.5711886882781982,1.0448068,east_siberian
2020-07-20,0.16510525,0.646636962890625,1.7688751,-0.92611694,6.319849,9.805145263671875,0.86460036,1.4523033380508423,0.9954994,east_siberian
2020-07-21,0.13733327,0.569793701171875,2.7120209,-1.0835876,5.91178,7.987617015838623,0.5950162,0.8843180894851685,1.2152574,east_siberian
2020-07-22,0.12366613,0.538787841796875,4.0101776,-0.13485718,5.828189,7.819124221801758,0.5555206,0.8223315954208374,1.5024223,east_siberian
2020-07-23,0.10215621,0.490142822265625,2.6574097,-0.7652283,5.1693754,7.168111324310303,0.52009207,0.8301330089569092,0.88851315,east_siberian
2020-07-24,0.11530421,0.566864013671875,1.8046341,-0.7696228,4.018774,6.432486534118652,0.43927065,0.6346919178962708,0.57620496,east_siberian
2020-07-25,0.100506015,0.503509521484375,2.4728775,-1.4207458,3.9662428,6.457141876220703,0.3860696,0.5861666798591616,0.47902778,east_siberian
2020-07-26,0.09441193,0.505706787109375,2.6329193,-1.372406,5.6633763,10.206485748291016,0.64229774,1.3973301649093628,0.81247693,east_siberian
2020-07-27,0.08503865,0.488525390625,1.5955048,-0.74276733,6.367513,9.590747833251953,0.91116226,1.476033091545105,1.496039,east_siberian
2020-07-28,0.081385665,0.506378173828125,1.721077,-0.8621521,6.3843513,10.67563247680664,0.7965377,1.5305810928344727,1.3119279,east_siberian
2020-07-29,0.07716589,0.47393798828125,1.968399,-0.48007202,7.3555765,10.661927223205566,1.0081986,1.7980515956878662,0.96105456,east_siberian
2020-07-30,0.07554219,0.44189453125,1.8898315,-0.57943726,7.2107186,8.652299880981445,0.9835353,1.2866647005081175,0.7032635,east_siberian
2020-07-31,0.07617148,0.43341064453125,1.7458191,-0.76864624,5.1517572,7.117233753204346,0.70457083,1.0511531591415406,0.8053081,east_siberian
2020-08-01,0.07249973,0.400390625,1.9177704,-0.6014099,4.173003,6.388571262359619,0.4600034,0.658773148059845,0.6376684,east_siberian
2020-08-02,0.07311413,0.3848876953125,1.824295,-0.81918335,3.3311765,5.101522445678711,0.3269389,0.49387978315353387,0.48652846,east_siberian
2020-08-03,0.07020112,0.364898681640625,2.0038528,-0.42440796,5.561707,8.835670471191406,0.5062868,1.172754430770874,0.5035212,east_siberian
2020-08-04,0.0700845,0.373382568359375,1.8843842,-0.860199,6.652296,9.018584251403809,0.8909151,1.2966116905212401,0.9917977,east_siberian
2020-08-05,0.067343056,0.374725341796875,1.744278,-1.3536072,5.3082047,7.466585636138916,0.64636356,0.9190773367881775,1.0079955,east_siberian
2020-08-06,0.067343056,0.374725341796875,1.91642,-1.5350037,4.2282114,8.443304061889648,0.49239883,0.9070622324943541,0.8874577,east_siberian
2020-08-07,0.058000814,0.34649658203125,1.9080582,-2.2444763,5.144334,10.200128555297852,0.63626254,1.5322082042694096,1.3269409,east_siberian
2020-08-08,0.048272632,0.26593017578125,2.170807,-2.0469666,7.244662,10.91553020477295,1.0368586,1.8889465093612676,1.2426058,east_siberian
2020-08-09,0.03866651,0.11407470703125,2.1382065,-2.1375427,7.1434183,10.455418586730957,1.1010785,1.6903850793838502,1.3443599,east_siberian
2020-08-10,0.032496355,0.035675048828125,2.05896,-1.3872986,5.151126,8.886831283569336,0.8041755,1.4573650360107422,1.0510633,east_siberian
2020-08-11,0.029147062,0.0,1.9984131,-1.6177673,5.0373583,7.998769283294678,0.6580591,1.0031164169311524,1.0464385,east_siberian
2020-08-12,0.024868734,0.0,2.029152,-1.1961365,4.417617,6.520698547363281,0.53381866,0.7782422304153451,1.1795188,east_siberian
2020-08-13,0.022600131,0.0,2.0132294,-0.90390015,4.545491,7.273412704467773,0.50376475,0.8030807495117187,1.1682742,east_siberian
2020-08-14,0.014621497,0.0,2.0042038,-1.1009216,5.977478,9.656442642211914,0.8073988,1.4072479963302615,1.2872385,east_siberian
2020-08-15,0.01024188,0.0,2.1439133,-1.3572693,6.624178,10.569292068481445,0.9620551,1.8498133659362794,1.4706057,east_siberian
2020-08-16,0.006261493,0.0,2.344223,-1.3746033,6.2220254,10.356572151184082,0.9752087,1.9041357517242432,1.275223,east_siberian
2020-08-17,0.003928019,0.0,1.96212,-1.1941833,5.7146034,9.526102066040039,0.81459534,1.366598415374756,1.0282452,east_siberian
2020-08-18,0.0012202904,0.0,2.1406631,-1.2676697,7.8777742,12.253802299499512,1.3479905,2.7013793468475344,1.4100589,east_siberian
2020-08-19,0.0003100314,0.0,2.455452,-0.7413025,7.082038,11.166634559631348,1.1631769,2.2195145130157474,1.4724998,east_siberian
2020-08-20,0.0010691916,0.0,2.2743912,-0.9734802,6.0019946,8.559861183166504,0.8949729,1.2674074172973633,1.3620313,east_siberian
2020-08-21,0.0008107511,0.0,1.8929825,-1.5296326,5.022961,8.23523235321045,0.78209364,1.1856542825698855,1.453152,east_siberian
2020-08-22,0.0015343763,0.0,1.6326447,-1.6639099,5.745063,10.185215950012207,0.81833136,1.5790750980377197,1.4550471,east_siberian
2020-08-23,0.000850462,0.0,1.4585724,-1.9856873,8.097589,11.84553337097168,1.2243216,2.225296688079834,1.4269212,east_siberian
2020-08-24,0.0012695588,0.0,1.5457153,-1.8538513,6.61015,11.064035415649414,1.1062942,2.102203989028931,1.0953794,east_siberian
2020-08-25,0.0012863511,0.0,1.7368088,-0.96640015,5.0539536,7.269955635070801,0.72878623,1.1639331579208374,0.9384393,east_siberian
2020-08-26,0.0011946689,0.0,1.5602646,-0.8824158,5.1275644,6.654542922973633,0.64339113,0.8230093836784362,1.0624315,east_siberian
2020-08-27,0.00054540765,0.0,1.6132202,-0.9196472,5.173525,6.387657165527344,0.5744663,0.7354027152061462,1.0088152,east_siberian
2020-08-28,0.0004992469,0.0,1.5670395,-1.080658,5.54774,7.192810535430908,0.61931527,0.9405949831008913,1.0460438,east_siberian
2020-08-29,0.0005340779,0.0,1.5132675,-2.2032166,5.7672787,7.848050594329834,0.72103566,1.153028964996338,1.1982286,east_siberian
2020-08-30,0.00044191006,0.0,1.3291092,-2.2292175,6.0137167,8.010783195495605,0.81630427,1.2279345512390136,1.3371253,east_siberian
2020-08-31,0.00047309126,0.0,0.94911957,-1.9449158,6.822941,8.31990909576416,0.9446188,1.3015251159667969,1.5818831,east_siberian
2020-09-01,0.0004347804,0.0,1.1175385,-1.5144958,6.2617784,8.095417022705078,0.8824388,1.2364553451538085,1.3527949,east_siberian
2020-09-02,0.00043208554,0.0,1.0754166,-1.3030701,5.421829,7.360357761383057,0.74211895,1.0421812057495117,1.5822749,east_siberian
2020-09-03,0.00052442326,0.0,0.9824829,-1.1495056,4.674783,6.041310787200928,0.62680525,0.9191033244132996,1.8217249,east_siberian
2020-09-04,0.00056669145,0.0,1.1023636,-1.3716736,4.5905204,7.454398155212402,0.6036167,0.8761587619781495,2.0479314,east_siberian
2020-09-05,0.00054587703,0.0,1.4902496,-1.9419861,5.4971437,9.617288589477539,0.78525215,1.2909916639328003,2.3284674,east_siberian
2020-09-06,0.000671152,0.0,2.1390533,-1.4319763,6.5527625,9.418134689331055,0.86715686,1.2805256366729738,1.7918605,east_siberian
2020-09-07,0.00051833753,0.0,2.2236862,-0.9571228,5.553287,8.452069282531738,0.74713016,1.1519072294235229,1.0474931,east_siberian
2020-09-08,0.0009648038,0.0,2.376503,-0.76693726,6.330903,9.101855278015137,0.8543446,1.31130051612854,0.782943,east_siberian
2020-09-09,0.0019508429,0.0,2.3277512,-2.398529,6.1384945,9.357467651367188,0.8874249,1.332860016822815,0.8478747,east_siberian
2020-09-10,0.00088433805,0.0,2.8642044,-1.4969177,6.646745,9.513425827026367,0.8716863,1.4875357151031494,0.7765274,east_siberian
2020-09-11,0.0005666105,0.0,3.1114197,-1.4058533,5.2459736,7.6305108070373535,0.6700173,1.2411366224288942,0.6585677,east_siberian
2020-09-12,0.00053937855,0.0,3.4278564,-0.31796265,6.373073,9.336329460144043,0.7819643,1.4134741067886352,0.5935772,east_siberian
2020-09-13,0.00053077604,0.0,3.0393066,-0.5215759,4.4051485,9.073664665222168,0.727341,1.4232890605926514,0.41657022,east_siberian
2020-09-14,0.0007296865,0.0,2.3427734,-2.1824646,4.559225,7.794879913330078,0.5703043,0.953801763057709,0.55599445,east_siberian
2020-09-15,0.00027459345,0.0,2.258255,-2.1792908,5.6314197,7.955934524536133,0.69327044,1.058752989768982,1.1430211,east_siberian
2020-09-16,0.00055214885,0.0,1.7561798,-2.5921326,4.4081564,7.576465606689453,0.68061435,1.138690495491028,1.658662,east_siberian
2020-09-17,0.0006792933,0.0,1.0218124,-3.3890076,4.0693455,7.227327823638916,0.7899618,1.2742507934570315,2.5649917,east_siberian
2020-09-18,0.0004776717,0.0,0.75283813,-3.625824,4.5270386,7.4605889320373535,0.8428262,1.2478592395782475,2.6905618,east_siberian
2020-09-19,0.00081574434,0.0,1.0608139,-2.499115,4.394081,7.198946952819824,0.73426336,1.1047715663909914,2.4078472,east_siberian
2020-09-20,0.0007007389,0.0,1.9608002,-1.9446716,6.6061387,10.7930269241333,0.9700854,1.9331979513168338,2.009321,east_siberian
2020-09-21,0.0006482335,0.0,2.7468262,-1.4510193,7.695535,10.896809577941895,1.2151492,1.9970781803131106,1.0972068,east_siberian
2020-09-22,0.0011684324,0.0,2.1653366,-4.8909607,5.8026185,10.599355697631836,0.95757324,1.8199854850769044,0.97139347,east_siberian
2020-09-23,0.0025840483,0.0,1.3958664,-5.6265564,5.873317,9.80322551727295,0.8277485,1.5359148979187012,1.3591194,east_siberian
2020-09-24,0.00077787857,0.0,0.3158722,-4.924164,6.7214565,10.195024490356445,1.1158693,1.872950792312622,2.7002034,east_siberian
2020-09-25,0.00059303315,0.0,1.6492233,-4.3941345,5.996929,8.860934257507324,0.99405277,1.4535786628723146,1.7387164,east_siberian
2020-09-26,0.0010233788,0.0,2.3247147,-2.789154,6.671397,8.890673637390137,0.92900085,1.3220571041107179,1.5411226,east_siberian
2020-09-27,0.00052372727,0.0,2.6566162,-4.749359,7.064913,9.561585426330566,1.0810535,1.5846208333969116,1.4552269,east_siberian
2020-09-28,0.00049379235,0.0,2.3283691,-2.5308533,4.571481,8.20825481414795,0.81578636,1.3998048067092896,1.2061453,east_siberian
2020-09-29,0.00046941717,0.0,2.7030258,-3.1819763,6.6214924,9.842260360717773,0.8844266,1.4584685802459716,1.5334641,east_siberian
2020-09-30,0.00043227166,0.0,2.4667969,-1.9722595,6.4987535,10.041119575500488,1.0114222,1.8107428789138797,1.3647019,east_siberian
2020-10-01,0.0005245689,0.0,2.0304413,-2.1424255,8.528002,13.890823364257812,1.3865125,2.8463702678680423,1.5689006,east_siberian
2020-10-02,0.0006151829,0.0,1.4033432,-3.933197,7.685873,14.378814697265625,1.6028124,3.179746198654175,2.9048412,east_siberian
2020-10-03,0.00084431964,0.0,0.5015869,-2.3736267,5.7066383,9.463680267333984,1.1219242,1.7621843099594119,3.3093715,east_siberian
2020-10-04,0.0007152977,0.0,0.40844727,-2.974945,6.749735,9.340353012084961,1.0560955,1.5134472131729129,3.6820712,east_siberian
2020-10-05,0.0008985974,0.0,0.5689621,-7.1997986,6.859165,9.225552558898926,1.0365618,1.4446085453033448,3.3480668,east_siberian
2020-10-06,0.0013055713,0.0,0.68239594,-5.8545837,6.711958,10.09542179107666,0.96704644,1.5943907022476198,3.440676,east_siberian
2020-10-07,0.0013117379,0.0,0.703743,-5.044281,7.12726,11.691585540771484,1.0852576,2.1471847534179687,3.1541157,east_siberian
2020-10-08,0.0015698709,0.0,0.46137238,-5.2190857,6.414232,10.058328628540039,1.046816,1.8120835542678835,2.656527,east_siberian
2020-10-09,0.001349895,0.0,0.22002411,-6.997162,5.8989487,8.945724487304688,1.2794116,2.0406381607055666,2.7309132,east_siberian
2020-10-10,0.0016337465,0.0,-0.043258667,-7.6785583,5.927934,8.540125846862793,1.3289359,1.9898549795150757,3.3497221,east_siberian
2020-10-11,0.0015707935,0.0,-0.3286667,-11.19812,6.14607,8.333524703979492,1.2931547,1.8664468288421632,3.7848437,east_siberian
2020-10-12,0.0013616051,0.0,-0.9214401,-9.88269,5.0340633,8.445043563842773,1.0700974,1.6509221553802491,4.205594,east_siberian
2020-10-13,0.0025121607,0.0,-1.0973129,-11.24881,4.3958874,9.937397003173828,0.8431186,1.3238604068756104,4.6248465,east_siberian
2020-10-14,0.0045663067,0.0,-0.28598785,-8.951447,8.54819,12.910256385803223,1.4728951,2.7091044425964355,3.4617138,east_siberian
2020-10-15,0.0024941706,0.0,0.7697296,-4.552826,10.655708,15.353193283081055,2.2107332,3.993843746185303,2.0112092,east_siberian
2020-10-16,0.0017418651,0.0,0.9552765,-3.4827576,13.839249,18.35243797302246,3.8082821,6.380535316467285,1.758104,east_siberian
2020-10-17,0.001635009,0.0,0.66249084,-3.087494,11.471458,18.523712158203125,3.6102836,6.716226196289063,1.2709002,east_siberian
2020-10-18,0.0015754305,0.0,0.14446259,-10.305084,7.597458,13.545226097106934,2.1741698,4.699949741363525,1.7029476,east_siberian
2020-10-19,0.0023111138,0.0,-0.6947708,-10.627289,4.9036303,8.259600639343262,1.2494991,2.422820854187012,2.5151668,east_siberian
2020-10-20,0.005107126,0.0,-0.83245087,-9.879242,4.875683,7.435751914978027,0.8328942,1.2990078926086426,3.0158396,east_siberian
2020-10-21,0.0053132796,0.0,-0.5601654,-11.280609,5.048294,8.017904281616211,0.7026038,1.0804989814758301,2.1288068,east_siberian
2020-10-22,0.010137695,0.0,-1.3043365,-14.688568,6.851004,10.221423149108887,0.87275255,1.5073604106903078,2.6578941,east_siberian
2020-10-23,0.016133666,0.0,-2.124588,-15.230957,7.8339715,11.860196113586426,1.4081984,2.6146135330200195,3.4878762,east_siberian
2020-10-24,0.025417436,0.0,-2.075409,-11.996857,6.329587,11.168042182922363,1.1243627,1.9237850427627563,3.9836469,east_siberian
2020-10-25,0.032072194,0.0,-1.8811951,-12.189911,8.478538,12.560016632080078,1.3454294,2.2008083343505858,3.1233904,east_siberian
2020-10-26,0.040895917,0.071380615234375,-2.666771,-14.019806,9.842143,12.918265342712402,1.9265511,2.992030620574951,3.499715,east_siberian
2020-10-27,0.046492945,0.12060546875,-2.570961,-11.994995,9.653172,12.628232955932617,2.0156457,3.0128894329071048,3.8587358,east_siberian
2020-10-28,0.06869263,0.316314697265625,-3.2265854,-16.654205,9.58577,14.054433822631836,1.8439257,3.166148662567139,4.0777225,east_siberian
2020-10-29,0.108508416,0.50726318359375,-4.978592,-17.912918,11.269191,15.216755867004395,2.7515697,3.9756397724151613,4.455528,east_siberian
2020-10-30,0.167253,0.668701171875,-4.520523,-15.605194,9.29821,15.876243591308594,2.4619234,4.736107444763184,4.808222,east_siberian
2020-10-31,0.20265834,0.703369140625,-4.1915207,-16.875,6.478593,9.65986442565918,1.3790683,2.126330471038819,3.8527265,east_siberian
2021-07-01,0.56461483,0.80511474609375,0.47107697,-2.113861,4.668267,7.192253112792969,0.42646283,0.804262638092041,1.0622026,east_siberian
2021-07-02,0.54295045,0.8441162109375,1.0440292,-1.6131287,4.83799,8.638992309570312,0.50785756,1.0122715950012207,1.1899784,east_siberian
2021-07-03,0.5070355,0.82861328125,1.8713303,-1.2188416,8.002388,12.52620792388916,1.3342576,2.7259901523590098,1.6721354,east_siberian
2021-07-04,0.48415902,0.80743408203125,1.7257538,-2.4534607,6.1548257,11.32129192352295,0.7217012,2.1358473777771003,1.154185,east_siberian
2021-07-05,0.4558826,0.771331787109375,2.0268173,-1.5545349,6.2289886,9.565752983093262,0.6180704,1.1117263078689574,0.86748123,east_siberian
2021-07-06,0.44233847,0.7564697265625,1.911766,-0.47616577,5.4390965,9.242276191711426,0.61414796,1.00517897605896,0.9229062,east_siberian
2021-07-07,0.43358618,0.7210693359375,1.6427536,-1.4092712,4.5777287,7.026292324066162,0.62380195,1.1478068590164185,1.0755033,east_siberian
2021-07-08,0.43788362,0.76885986328125,1.3859406,-2.165863,4.6032333,8.8308687210083,0.6904371,1.4430460929870605,1.0250971,east_siberian
2021-07-09,0.434363,0.779022216796875,1.4180069,-1.3279724,6.5870714,11.558256149291992,0.8376293,1.515641212463379,0.9366901,east_siberian
2021-07-10,0.38307977,0.75787353515625,1.883522,-0.84384155,9.517139,13.95974063873291,1.0871475,2.2033542156219483,1.4169872,east_siberian
2021-07-11,0.36585256,0.714080810546875,2.3012924,-1.4998474,8.387992,13.12203311920166,1.2530296,2.896669244766236,1.7274251,east_siberian
2021-07-12,0.3358381,0.69549560546875,1.8171997,-0.71395874,6.5813227,10.120755195617676,0.98983836,1.8678653240203857,1.5499171,east_siberian
2021-07-13,0.34337968,0.687957763671875,1.3971176,-2.415863,5.147312,9.784025192260742,0.7570083,1.6831392049789429,1.261312,east_siberian
2021-07-14,0.34337968,0.687957763671875,1.0208511,-1.4119568,5.7840424,9.419795036315918,0.6862366,1.2866020679473877,0.9552189,east_siberian
2021-07-15,0.30949792,0.68841552734375,1.6007156,-0.7832947,5.9473915,10.693509101867676,0.6588402,1.1737210035324097,0.8573779,east_siberian
2021-07-16,0.28782374,0.64593505859375,2.2022629,-0.84628296,6.6511045,10.275208473205566,0.8627844,1.5956403732299804,1.2733407,east_siberian
2021-07-17,0.26697677,0.627105712890625,1.9269791,-1.3714294,6.9093847,10.365428924560547,0.861218,1.4508902549743652,1.1837962,east_siberian
2021-07-18,0.25200614,0.611358642578125,1.4229736,-0.8746033,8.046656,10.3304443359375,1.1455877,1.7220251560211182,1.2101967,east_siberian
2021-07-19,0.23362361,0.58001708984375,1.176918,-0.84140015,5.4687624,9.877579689025879,0.8032763,1.5322401523590088,0.96806026,east_siberian
2021-07-20,0.23678319,0.58758544921875,1.1141663,-1.2789001,5.198119,8.553910255432129,0.6498496,1.0672646284103393,0.9151648,east_siberian
2021-07-21,0.24039735,0.62115478515625,1.0563965,-1.1116638,5.159587,8.242755889892578,0.6448873,1.0476860046386718,1.0917383,east_siberian
2021-07-22,0.22159313,0.575653076171875,0.9650421,-1.3680115,5.684847,9.937843322753906,0.6860763,1.5621622800827026,1.0143462,east_siberian
2021-07-23,0.22009498,0.57354736328125,0.608757,-1.422699,6.3791847,9.966598510742188,0.87484443,1.6459569931030273,1.0620404,east_siberian
2021-07-24,0.21974862,0.568267822265625,0.4317932,-1.2076111,5.288941,7.3972578048706055,0.56815267,0.9571717262268067,1.1259305,east_siberian
2021-07-25,0.20950432,0.5386962890625,0.44220734,-0.9739685,5.4934826,7.878719329833984,0.51318,0.8366584062576295,0.9842869,east_siberian
2021-07-26,0.20261629,0.5220947265625,0.5284729,-0.9732361,5.756747,7.69373083114624,0.5356723,0.9227607727050786,0.7285444,east_siberian
2021-07-27,0.19509073,0.50335693359375,0.5778198,-1.2874451,7.097932,8.9964599609375,0.8024915,1.309146523475647,0.8493796,east_siberian
2021-07-28,0.19337773,0.501678466796875,0.48565674,-1.148529,7.6244116,11.687564849853516,0.99226964,1.7921747684478762,1.0432918,east_siberian
2021-07-29,0.20165911,0.50933837890625,0.3612213,-1.3414001,7.855635,12.894905090332031,1.0049404,2.2406662940979003,1.2367746,east_siberian
2021-07-30,0.21363682,0.548248291015625,0.6286011,-1.563324,6.810258,11.221919059753418,0.96581286,1.8542806625366226,1.1581434,east_siberian
2021-07-31,0.20303604,0.53607177734375,0.73983765,-1.4263611,7.5298896,12.253872871398926,1.2113981,2.4295146465301514,1.2373137,east_siberian
2021-08-01,0.1959538,0.509674072265625,0.44927216,-1.3365173,7.1502447,9.948461532592773,0.89161706,1.4002352237701416,1.2756084,east_siberian
2021-08-02,0.19576845,0.515380859375,0.30756378,-2.379364,5.6520567,8.900663375854492,0.6446718,1.2631030797958374,1.1135991,east_siberian
2021-08-03,0.207665,0.547027587890625,0.3765564,-2.3997498,5.836293,10.24023151397705,0.759884,1.5284265279769897,0.8021576,east_siberian
2021-08-04,0.19343673,0.53802490234375,1.1773376,-0.92440796,5.827465,9.436745643615723,0.7183802,1.4447863101959229,0.60927033,east_siberian
2021-08-05,0.18079038,0.513916015625,1.2279053,-0.91830444,6.173002,8.606807708740234,0.6903986,1.1873841285705566,0.73372924,east_siberian
2021-08-06,0.17118403,0.52252197265625,0.88375854,-1.1434021,5.914594,8.369895935058594,0.7092725,1.131570816040039,0.82172745,east_siberian
2021-08-07,0.16950646,0.511566162109375,0.66539764,-1.5689392,4.630781,6.749337673187256,0.479569,1.0039880752563477,0.7474242,east_siberian
2021-08-08,0.15890566,0.47589111328125,0.8510208,-2.1351013,5.0435414,6.907422065734863,0.44023514,0.6852256655693054,0.5570302,east_siberian
2021-08-09,0.13580026,0.450347900390625,1.7172699,-1.3470154,4.8820543,7.406871795654297,0.4426201,0.738706111907959,0.53150743,east_siberian
2021-08-10,0.13000306,0.436737060546875,1.405365,-0.6751404,4.715768,6.7835187911987305,0.4409722,0.7206190824508667,0.64032817,east_siberian
2021-08-11,0.12690872,0.4259033203125,1.3897247,-1.2566833,5.3864913,8.094019889831543,0.52376723,0.9755716919898987,0.6948712,east_siberian
2021-08-12,0.11803691,0.410186767578125,2.2405472,-1.1736755,5.276821,7.766183376312256,0.5832808,0.9773772954940796,0.68205386,east_siberian
2021-08-13,0.11827829,0.415008544921875,2.4695816,-1.1565857,5.6188216,10.850680351257324,0.6706019,1.499713659286499,0.6523266,east_siberian
2021-08-14,0.09623875,0.370025634765625,1.7874832,-1.863617,7.508313,11.113207817077637,1.1739477,1.8440693616867065,0.9749502,east_siberian
2021-08-15,0.08016037,0.33709716796875,1.0476227,-1.6038513,6.522551,9.054933547973633,0.971697,1.4415260791778564,1.6129858,east_siberian
2021-08-16,0.0717459,0.32135009765625,0.9360199,-1.2237244,5.333709,9.004709243774414,0.7231349,1.1679821014404297,1.5464298,east_siberian
2021-08-17,0.071200505,0.306884765625,1.0546188,-1.922699,5.573058,8.442170143127441,0.66211903,1.1138766288757325,1.3372755,east_siberian
2021-08-18,0.07192207,0.32843017578125,1.6686478,-2.2337341,6.7876835,9.92863941192627,0.87852037,1.6208576202392582,1.1854534,east_siberian
2021-08-19,0.053558737,0.25006103515625,2.7593613,-1.5162048,5.4774003,9.066152572631836,0.70876884,1.517040538787842,1.0558449,east_siberian
2021-08-20,0.0405232,0.18133544921875,2.444107,-1.4309998,6.232353,9.571934700012207,0.74949336,1.5499021053314208,1.1704808,east_siberian
2021-08-21,0.031396866,0.066802978515625,1.7036209,-1.3716736,6.3783197,9.75549030303955,0.99023867,1.7564536571502682,1.6407423,east_siberian
2021-08-22,0.031335905,0.0513916015625,0.9752884,-1.7576599,5.269153,9.03820514678955,0.7779593,1.2221298694610596,1.325603,east_siberian
2021-08-23,0.028358195,0.01202392578125,0.7847748,-1.5857849,5.845654,9.020025253295898,0.75098014,1.3114573955535889,1.4204249,east_siberian
2021-08-24,0.02719401,0.0,1.0931625,-1.7989197,6.3099337,9.107925415039062,0.86849165,1.2212624549865723,1.4647373,east_siberian
2021-08-25,0.027036,0.002532958984375,1.3653336,-2.728363,5.8727927,8.743802070617676,0.77272725,1.1038946628570558,1.4622333,east_siberian
2021-08-26,0.024154117,0.0,1.003334,-2.501068,6.5034328,9.461058616638184,0.9242122,1.7274816036224365,2.0238218,east_siberian
2021-08-27,0.022874184,0.0,0.7119217,-3.3611755,6.5021677,9.316054344177246,1.0867018,1.9033255577087407,2.0898938,east_siberian
2021-08-28,0.021811482,0.0,0.3126068,-2.8472595,6.311886,11.53835391998291,1.1403468,2.3017313957214354,3.0903423,east_siberian
2021-08-29,0.020215835,0.0,0.5727997,-2.3265076,5.240426,10.09365177154541,1.0159494,2.106442451477051,2.3866458,east_siberian
2021-08-30,0.0206638,0.0,0.60964966,-2.7210388,4.3111534,6.952709197998047,0.6549919,1.0086123466491699,2.124527,east_siberian
2021-08-31,0.021953315,0.0,0.79875183,-2.3157654,4.2138534,6.179751396179199,0.509195,0.7285207509994507,2.2345288,east_siberian
2021-09-01,0.020005595,0.0,0.96476746,-2.7946472,4.8794665,7.455963134765625,0.54634374,1.0379609584808351,1.968115,east_siberian
2021-09-02,0.017978018,0.0,0.74855804,-3.0728455,6.696022,10.415228843688965,0.8779149,1.6416369676589966,2.1013465,east_siberian
2021-09-03,0.017442022,0.0,1.1774673,-2.9910583,5.979499,10.559114456176758,0.9110672,1.8153460741043093,1.4657952,east_siberian
2021-09-04,0.01611978,0.0,0.5954895,-2.7808533,7.259141,12.587471961975098,1.155576,2.452787303924561,1.6218672,east_siberian
2021-09-05,0.013593465,0.0,0.13990021,-3.0066833,8.261239,11.725324630737305,1.5065849,2.4434123039245605,2.7057245,east_siberian
2021-09-06,0.012139069,0.0,0.055496216,-2.6070251,8.362797,12.819358825683594,1.4752398,2.7016484260559084,2.3620484,east_siberian
2021-09-07,0.010352329,0.0,0.19583893,-1.7100525,9.180084,14.479011535644531,1.8626567,3.463561201095581,2.228824,east_siberian
2021-09-08,0.0103381025,0.0,0.23968506,-2.4444275,7.8414173,11.788681983947754,1.3857294,2.420599699020386,2.0927098,east_siberian
2021-09-09,0.011555844,0.0,-0.8093643,-4.179779,6.540734,8.670607566833496,1.0299838,1.3959872722625732,2.593718,east_siberian
2021-09-10,0.014659201,0.0,-1.0908585,-4.4395447,4.5459986,6.699106693267822,0.70491713,0.9780876278877259,3.3746834,east_siberian
2021-09-11,0.018355867,0.0,-0.33412933,-4.450287,6.069077,9.431315422058105,0.77212214,1.3545714139938354,3.0321126,east_siberian
2021-09-12,0.015993217,0.0,0.89501953,-3.6177673,6.6237335,9.81337833404541,0.9173758,1.5553831577301025,1.907315,east_siberian
2021-09-13,0.014576753,0.0,1.0139923,-9.406952,6.0763297,8.451937675476074,0.8149133,1.1701195240020752,0.89433634,east_siberian
2021-09-14,0.015697397,0.0,-0.054367065,-3.9744568,5.960235,8.564950942993164,0.7845967,1.3227208137512207,2.3138466,east_siberian
2021-09-15,0.017562076,0.0,0.035362244,-3.959076,6.446636,9.761693954467773,0.954732,1.6130283117294315,2.4778383,east_siberian
2021-09-16,0.020474268,0.0,-0.09087372,-5.374115,7.059885,9.54663372039795,1.070894,1.4824084043502808,2.3178926,east_siberian
2021-09-17,0.020474268,0.0,-0.6157379,-6.5520935,5.996804,10.197393417358398,1.0111127,1.705176210403442,3.3364255,east_siberian
2021-09-18,0.031025605,0.0,-1.0128174,-4.711029,7.7566223,10.114338874816895,1.2076744,1.7842619657516479,3.6591208,east_siberian
2021-09-19,0.03475235,0.0,-1.1187897,-4.7708435,7.6806736,12.765861511230469,1.3661237,2.7944251537322997,3.888616,east_siberian
2021-09-20,0.041665964,0.061981201171875,-0.93933105,-4.679535,5.4350147,10.59670352935791,0.97228175,2.2948904991149903,3.5930202,east_siberian
2021-09-21,0.04818647,0.09417724609375,-0.91119385,-5.6233826,4.974516,8.116171836853027,0.6316469,1.044231653213501,3.3523803,east_siberian
2021-09-22,0.050009295,0.11676025390625,-0.72717285,-9.922028,5.152243,8.17822551727295,0.66796803,1.0473140716552733,3.003269,east_siberian
2021-09-23,0.05639616,0.222503662109375,-0.79826355,-5.8924255,5.152099,9.224678039550781,0.6854971,1.270692873001099,3.294798,east_siberian
2021-09-24,0.06289041,0.25201416015625,-0.7581024,-6.5713806,6.4665356,8.364983558654785,0.8360752,1.1759278774261475,2.6758366,east_siberian
2021-09-25,0.063771695,0.228973388671875,-0.61854553,-8.171234,6.858366,9.102143287658691,0.9451838,1.323766565322876,1.8205867,east_siberian
2021-09-26,0.08765722,0.43353271484375,-2.6683044,-12.170746,6.4994454,11.465113639831543,1.0541763,2.0063626766204834,3.3927855,east_siberian
2021-09-27,0.0941796,0.488739013671875,-3.091095,-12.431732,9.108211,14.123708724975586,1.6908,3.3464923858642592,3.5883799,east_siberian
2021-09-28,0.10394224,0.5604248046875,-2.3828125,-9.764862,7.7475996,12.054937362670898,1.4753892,2.578450012207032,3.4988225,east_siberian
2021-09-29,0.1261736,0.63800048828125,-2.8647766,-8.248138,7.043721,9.907423973083496,1.121789,1.8116175413131714,3.647975,east_siberian
2021-09-30,0.14671399,0.715301513671875,-3.499237,-10.255951,5.700082,8.391042709350586,0.87836146,1.4323065280914307,4.129634,east_siberian
2021-10-01,0.17973728,0.811859130859375,-3.9739227,-12.134552,6.4565077,11.764409065246582,0.9849129,2.0428560733795167,4.5717897,east_siberian
2021-10-02,0.1918908,0.847137451171875,-3.6410751,-15.750671,8.514845,12.53110122680664,1.6120721,2.472141456604004,3.8100405,east_siberian
2021-10-03,0.17250644,0.824615478515625,-2.2621536,-10.981323,6.7713265,11.246294975280762,1.1977726,2.3863903522491454,2.6888456,east_siberian
2021-10-04,0.16982117,0.799652099609375,-1.7381058,-6.650238,4.571184,8.263599395751953,0.6624718,1.0842664241790771,2.3842678,east_siberian
2021-10-05,0.1700751,0.79522705078125,-1.9904556,-6.549164,4.718727,7.960522651672363,0.60456336,1.0030185222625734,2.1647046,east_siberian
2021-10-06,0.18903926,0.840606689453125,-2.5099945,-11.242767,5.857089,9.111751556396484,0.85371363,1.3847946643829347,2.3761017,east_siberian
2021-10-07,0.21588053,0.8935546875,-3.0172348,-11.494141,4.8448663,8.317962646484375,0.771042,1.223093843460083,2.4673247,east_siberian
2021-10-08,0.2426006,0.90582275390625,-3.2310867,-14.356293,4.5287433,8.64867115020752,0.65705645,1.17289297580719,2.481244,east_siberian
2021-10-09,0.2823178,0.915496826171875,-3.9121475,-14.742279,4.645254,8.48215389251709,0.7049999,1.1965959787368776,2.4168682,east_siberian
2021-10-10,0.29700607,0.92919921875,-4.932068,-17.795639,5.43529,8.67646312713623,0.7930677,1.183731985092163,2.6316757,east_siberian
2021-10-11,0.32193464,0.928375244140625,-4.895714,-16.97293,6.4947243,9.327559471130371,0.92591864,1.3954188823699951,2.4424996,east_siberian
2021-10-12,0.35223404,0.939971923828125,-5.0986557,-15.424896,6.725831,9.316250801086426,0.9735409,1.4466063976287842,2.5450735,east_siberian
2021-10-13,0.39208186,0.969757080078125,-6.5246277,-16.326874,6.3692713,8.228837966918945,0.93197894,1.300034236907959,2.9745402,east_siberian
2021-10-14,0.44587323,0.962066650390625,-7.750763,-16.523956,6.4644213,9.560492515563965,0.9783598,1.7449946641921998,3.0175004,east_siberian
2021-10-15,0.51168877,0.972869873046875,-8.843979,-16.00595,5.528477,8.476580619812012,0.8103558,1.3314704895019531,3.078939,east_siberian
2021-10-16,0.58715177,0.983795166015625,-10.037056,-18.102524,4.448088,6.79022216796875,0.62168884,1.3106769323349,3.4766755,east_siberian
2021-10-17,0.6836672,0.98614501953125,-11.377495,-19.245377,4.1358333,6.640506744384766,0.61331266,0.8845905423164369,3.000034,east_siberian
2021-10-18,0.7404688,0.9979248046875,-12.178474,-19.677094,4.4268465,7.801515579223633,0.81719506,1.2884948253631592,2.7884648,east_siberian
2021-10-19,0.7770824,0.99884033203125,-12.603813,-21.09166,4.5832314,7.4945549964904785,0.9541204,1.3832905292510986,2.567465,east_siberian
2021-10-20,0.81033,0.99908447265625,-12.551666,-21.937317,4.745242,8.63924503326416,0.6570999,2.5851150035858157,2.5408483,east_siberian
2021-10-21,0.831998,0.987518310546875,-12.542061,-24.841614,6.3181744,11.544822692871094,0.8782194,2.5688231468200686,2.3863294,east_siberian
2021-10-22,0.8624814,0.99127197265625,-12.467979,-24.373978,7.0022926,11.04718017578125,1.2845929,1.739746427536011,2.2743332,east_siberian
2021-10-23,0.8846733,0.997161865234375,-13.04998,-23.511887,4.9001665,7.508951187133789,1.0164552,1.5408243417739869,2.3106942,east_siberian
2021-10-24,0.8969637,0.9969482421875,-14.217674,-24.38063,3.884913,6.372598648071289,0.54001844,1.170169997215271,2.2114758,east_siberian
2021-10-25,0.916727,0.999603271484375,-15.22216,-24.10431,3.6450813,6.267993927001953,0.7072092,0.881095564365387,2.3013864,east_siberian
2021-10-26,0.9380843,0.999664306640625,-15.701981,-24.868378,4.5913777,8.863008499145508,0.618904,1.118647289276123,2.4095092,east_siberian
2021-10-27,0.9400646,0.999603271484375,-16.36943,-24.444885,6.2818565,9.90912914276123,0.6216856,1.295148277282715,2.4682145,east_siberian
2021-10-28,0.9383133,0.999786376953125,-17.1549,-21.82341,5.3159103,8.954648971557617,,,2.3642883,east_siberian
2021-10-29,0.9560838,0.999969482421875,-17.607143,-25.16269,3.3960671,5.8589067459106445,,,2.3769615,east_siberian
2021-10-30,0.9696525,1.0,-16.758888,-23.82875,4.006466,6.519737720489502,,,2.06642,east_siberian
2021-10-31,0.97418463,1.0,-16.670082,-23.110443,3.8803449,5.4717607498168945,,,1.9754318,east_siberian
2022-07-01,0.7366157,0.89642333984375,0.8848419,-1.9060974,3.2388387,5.267985820770264,0.25246155,0.47896540164947515,0.7050569,east_siberian
2022-07-02,0.7230905,0.86712646484375,0.93216705,-2.587738,4.1597085,7.1640448570251465,0.3687261,0.7603943943977356,0.75450146,east_siberian
2022-07-03,0.71891105,0.874725341796875,0.70583344,-1.8216248,4.8717012,7.688472270965576,0.5343814,0.8971570730209351,0.6288276,east_siberian
2022-07-04,0.7060704,0.878936767578125,1.2421417,-0.90341187,3.962368,8.611621856689453,0.48705095,1.0667291164398194,0.5452343,east_siberian
2022-07-05,0.6394184,0.80609130859375,2.7008743,-0.23544312,7.690655,11.641149520874023,0.90298504,2.0302191257476805,0.65702105,east_siberian
2022-07-06,0.6220597,0.780548095703125,1.1137161,-1.1421814,6.197813,10.796993255615234,0.71530414,1.8113270282745362,0.9445121,east_siberian
2022-07-07,0.64609617,0.82232666015625,0.36895752,-1.596283,5.2685113,9.169868469238281,0.68030304,1.3246534824371339,1.587457,east_siberian
2022-07-08,0.65266895,0.853302001953125,0.9896469,-1.1895447,6.4776225,8.841066360473633,0.54940283,1.1958510875701909,0.9743046,east_siberian
2022-07-09,0.6393974,0.84027099609375,1.3391495,-1.2203064,6.510058,10.239710807800293,0.44658595,0.8343631386756897,0.88710344,east_siberian
2022-07-10,0.64356416,0.844970703125,1.0376434,-1.1387634,6.264578,9.863422393798828,0.55174845,1.0544122219085694,1.1945652,east_siberian
2022-07-11,0.6235377,0.837615966796875,1.8170166,-1.9058533,5.162054,7.94912576675415,0.48323584,0.9867086768150329,1.056849,east_siberian
2022-07-12,0.6083212,0.833160400390625,1.2868652,-1.5037537,5.1663766,7.682017803192139,0.5257546,0.9813947677612305,0.9501101,east_siberian
2022-07-13,0.6150939,0.863677978515625,0.5083771,-1.9256287,4.487038,6.515233993530273,0.37074542,0.6364178657531738,1.1309341,east_siberian
2022-07-14,0.6228553,0.855194091796875,0.52549744,-1.3521423,5.371373,9.343079566955566,0.55634147,1.1979303359985352,1.1595457,east_siberian
2022-07-15,0.6128849,0.844818115234375,0.6207199,-1.9605408,4.618789,9.128284454345703,0.40411898,0.9117670059204102,1.1610851,east_siberian
2022-07-16,0.5912931,0.84796142578125,0.52376556,-1.259613,5.4361115,10.419107437133789,0.8656604,2.2577905654907227,1.1434996,east_siberian
2022-07-17,0.58554757,0.8565673828125,0.33493042,-2.0345154,7.7393737,12.265090942382812,1.524562,2.915188789367676,1.4296877,east_siberian
2022-07-18,0.5742366,0.85247802734375,0.6109619,-1.3455505,6.007321,10.483940124511719,0.8282501,1.2748678207397461,0.9756336,east_siberian
2022-07-19,0.56054103,0.804718017578125,0.81407166,-1.5352478,7.2918243,10.311874389648438,0.99797636,1.4743728637695312,0.7602078,east_siberian
2022-07-20,0.5795918,0.84027099609375,0.32478333,-1.5179138,6.625439,10.725993156433105,0.5793828,0.9491949439048767,0.771608,east_siberian
2022-07-21,0.58828604,0.8497314453125,0.26935577,-1.9178162,5.8978796,7.626896381378174,0.48635226,0.8698883891105652,0.66739964,east_siberian
2022-07-22,0.58796936,0.8515625,0.7498398,-1.3426208,4.3695617,6.793247699737549,0.40750223,0.713075578212738,0.45082533,east_siberian
2022-07-23,0.5731145,0.86236572265625,0.837265,-0.8057556,4.028766,6.5243306159973145,0.40959686,0.7578878045082093,0.39668995,east_siberian
2022-07-24,0.5543623,0.81915283203125,0.8559494,-0.70028687,4.6026306,7.139121055603027,0.50970966,0.8382611870765688,0.392043,east_siberian
2022-07-25,0.5506972,0.820068359375,0.7322464,-0.9510193,4.97026,7.907350540161133,0.6011053,1.0440339088439943,0.40964198,east_siberian
2022-07-26,0.55665845,0.827850341796875,0.4398346,-1.4607849,4.7553844,6.90763521194458,0.51091534,0.8989399194717408,0.6361312,east_siberian
2022-07-27,0.5724692,0.874420166015625,0.48231506,-1.5896912,3.4406772,6.469019412994385,0.40437645,0.7843985199928285,0.7597235,east_siberian
2022-07-28,0.58741605,0.89862060546875,0.76631165,-1.4952087,3.9982874,8.78920841217041,0.7130682,1.3227406740188599,0.7173805,east_siberian
2022-07-29,0.5700922,0.90460205078125,1.0989609,-1.7757263,5.8948064,10.060441017150879,0.9579101,1.7124904155731202,0.72158265,east_siberian
2022-07-30,0.50783575,0.86199951171875,2.3918228,-0.8340759,5.9436917,8.298290252685547,0.53212583,1.0217299461364746,0.90800786,east_siberian
2022-07-31,0.45270035,0.7982177734375,2.863594,-0.35995483,5.340744,7.785865306854248,0.35476872,0.6884120225906373,0.99990726,east_siberian
2022-08-01,0.41434497,0.753631591796875,3.4209824,-0.20126343,6.406848,9.3072509765625,0.45189476,0.93985230922699,1.3603902,east_siberian
2022-08-02,0.39686584,0.72357177734375,2.2719421,-0.7256775,6.1839323,11.37488842010498,0.60331696,1.127580738067627,0.88558584,east_siberian
2022-08-03,0.39828187,0.714874267578125,1.4187317,-0.95736694,5.722263,10.408395767211914,0.8214106,2.3124176025390626,0.70461315,east_siberian
2022-08-04,0.38047707,0.721466064453125,1.3783112,-0.9185486,6.8338504,10.32470989227295,0.998615,2.1990100860595705,0.763545,east_siberian
2022-08-05,0.37361526,0.73358154296875,1.2369003,-0.5557556,7.66674,9.746359825134277,1.1621749,1.8706546068191527,1.0569365,east_siberian
2022-08-06,0.36745852,0.72711181640625,0.8864136,-1.203949,6.472925,8.961655616760254,0.84427667,1.4613991022109984,0.96810734,east_siberian
2022-08-07,0.36452192,0.721160888671875,0.47436523,-1.2391052,6.5465574,10.178958892822266,0.68837297,1.2598206520080566,1.1289225,east_siberian
2022-08-08,0.37167156,0.7305908203125,0.9439392,-1.417572,5.858022,10.526391983032227,0.84574014,1.998729991912842,1.0096675,east_siberian
2022-08-09,0.36635596,0.753875732421875,1.8268051,-0.9402771,5.4729037,9.837297439575195,0.7691414,1.893043971061707,0.91646504,east_siberian
2022-08-10,0.34744552,0.73333740234375,2.3931046,-0.6326599,5.926304,9.103796005249023,0.714545,1.2821156024932863,0.55766815,east_siberian
2022-08-11,0.32371584,0.696258544921875,2.0772247,-2.1858826,6.152885,9.769746780395508,0.85241264,2.12803955078125,0.5361078,east_siberian
2022-08-12,0.31878656,0.70635986328125,1.076416,-1.1661072,6.4062357,9.460448265075684,0.9730278,1.943878984451294,1.1509447,east_siberian
2022-08-13,0.32553613,0.73187255859375,0.76712036,-1.3782654,5.131009,10.105425834655762,0.6469395,1.641720962524414,1.1588161,east_siberian
2022-08-14,0.32562032,0.735015869140625,0.99141693,-1.6309509,4.8787737,10.703099250793457,0.82955575,1.9898447036743165,0.9953631,east_siberian
2022-08-15,0.32518974,0.74786376953125,0.7072449,-2.6585388,3.6617804,7.533005237579346,0.4484521,0.752338707447052,0.7378085,east_siberian
2022-08-16,0.33243448,0.79632568359375,0.577652,-2.3118591,5.676482,9.371868133544922,0.81201047,1.3262410402297975,0.751975,east_siberian
2022-08-17,0.32060337,0.796783447265625,0.57242584,-2.1932068,6.270509,10.090804100036621,0.99509823,1.6176371574401855,0.7373055,east_siberian
2022-08-18,0.31792346,0.8131103515625,0.96810913,-2.0574646,6.649187,10.225813865661621,1.1138322,1.6711687088012697,0.85014474,east_siberian
2022-08-19,0.31222895,0.829864501953125,1.2423096,-2.2832947,7.255496,9.930719375610352,1.1359625,1.678439450263977,1.1754744,east_siberian
2022-08-20,0.28918278,0.79351806640625,1.8004532,-2.582611,7.1215363,8.590158462524414,0.86637366,1.3171942710876465,1.3842056,east_siberian
2022-08-21,0.257514,0.751739501953125,2.3754883,-1.2215271,7.1817923,9.308452606201172,0.7272792,1.1221497058868408,1.0873473,east_siberian
2022-08-22,0.22525093,0.6949462890625,2.986786,-1.033783,7.6784444,11.991429328918457,0.83160806,2.1777379512786865,0.92169416,east_siberian
2022-08-23,0.19116811,0.618988037109375,2.277794,-2.2557068,7.4791145,11.495275497436523,0.85595465,1.96602463722229,0.76805586,east_siberian
2022-08-24,0.17095913,0.573089599609375,1.5244217,-1.6990662,5.922676,8.485987663269043,0.743484,1.1607147455215454,0.7134459,east_siberian
2022-08-25,0.1603639,0.573394775390625,1.3115158,-0.8460388,5.8272266,8.263123512268066,0.76151145,1.1633456707000733,0.650419,east_siberian
2022-08-26,0.16090596,0.5814208984375,1.2034149,-1.0281677,3.6683505,6.961313724517822,0.5139279,1.023964524269104,0.68776345,east_siberian
2022-08-27,0.15773007,0.5670166015625,1.1880798,-1.0403748,3.2021472,5.548060894012451,0.33840567,0.5875635027885437,0.65976244,east_siberian
2022-08-28,0.15395314,0.563232421875,1.0517273,-1.2710876,4.388353,7.968095779418945,0.39359748,0.8511080503463745,0.65688044,east_siberian
2022-08-29,0.15131715,0.56829833984375,0.60697937,-1.658783,5.031112,7.504781723022461,0.49095508,0.8874183297157288,0.77179015,east_siberian
2022-08-30,0.14974962,0.5712890625,0.34267426,-1.4499207,4.934503,6.61773157119751,0.51067275,0.7683594226837158,1.0407312,east_siberian
2022-08-31,0.14463082,0.544830322265625,0.4474411,-1.5777283,4.2716594,6.907355308532715,0.5180019,1.0344956398010254,1.0807245,east_siberian
2022-09-01,0.14908847,0.55999755859375,0.51426697,-2.4988708,3.6543689,6.6151204109191895,0.5977007,1.126190423965454,0.9945445,east_siberian
2022-09-02,0.1425414,0.537139892578125,0.1613388,-4.1790466,4.624095,7.571232795715332,0.6538133,1.1528520584106445,1.2750642,east_siberian
2022-09-03,0.13054815,0.51171875,0.07865143,-4.433441,6.0237446,9.175588607788086,0.80837965,1.4368505954742432,1.4639764,east_siberian
2022-09-04,0.1255927,0.492156982421875,0.7234955,-3.4029236,6.171625,9.733685493469238,0.9559145,1.5176551818847657,1.4847373,east_siberian
2022-09-05,0.12383529,0.507904052734375,0.9384918,-2.6897888,5.670488,8.020343780517578,0.69878054,1.0787521123886108,1.7246245,east_siberian
2022-09-06,0.11392275,0.494659423828125,1.6952286,-2.3755798,6.2196264,8.151103973388672,0.6787292,1.0098445415496826,1.4271569,east_siberian
2022-09-07,0.111043975,0.500396728515625,1.8159866,-3.316986,5.3560157,9.2708740234375,0.66335154,1.136389970779419,1.4909831,east_siberian
2022-09-08,0.09740607,0.454864501953125,2.5076828,-1.7730408,6.9634213,9.74736499786377,0.85665023,1.4851287364959718,1.7462792,east_siberian
2022-09-09,0.086511776,0.407470703125,2.3989334,-1.3084412,6.2522974,9.263397216796875,0.79112124,1.5658285617828371,1.3037419,east_siberian
2022-09-10,0.0800008,0.3831787109375,2.0141678,-2.3909607,5.734049,8.741789817810059,0.7518277,1.2919044256210328,0.8070178,east_siberian
2022-09-11,0.081121825,0.38641357421875,1.4020157,-2.45932,5.4502163,7.626295566558838,0.74204767,1.1990175247192383,0.63989985,east_siberian
2022-09-12,0.08084407,0.3759765625,1.0840225,-2.1286316,5.587389,7.697990417480469,0.7186101,1.1044714450836182,0.86127496,east_siberian
2022-09-13,0.0746488,0.34765625,0.86668396,-1.9895935,4.9472046,7.336630821228027,0.68527883,1.246519494056702,0.9909823,east_siberian
2022-09-14,0.06870783,0.34356689453125,0.64263153,-2.6264343,4.336973,7.137362957000732,0.7415215,1.3341243743896487,1.2156925,east_siberian
2022-09-15,0.06573643,0.326629638671875,0.5130234,-2.6142273,4.742373,6.5200371742248535,0.73653483,1.2815855026245118,1.2135284,east_siberian
2022-09-16,0.06262628,0.303924560546875,0.056755066,-2.907074,4.9777927,6.977065086364746,0.7576371,1.3219545364379883,1.7997799,east_siberian
2022-09-17,0.060503546,0.286956787109375,-0.09114838,-2.5116882,5.696907,9.389267921447754,0.92188466,1.9902333259582519,2.2406962,east_siberian
2022-09-18,0.0623655,0.308837890625,-0.0021133423,-3.6683044,5.1304464,9.004989624023438,1.1031747,2.282815933227539,2.415722,east_siberian
2022-09-19,0.0710687,0.329864501953125,-0.19065094,-4.830902,5.184808,9.994269371032715,1.0467727,2.0028457641601562,2.4173033,east_siberian
2022-09-20,0.081590846,0.385986328125,-0.7741928,-5.263275,7.9405537,14.303299903869629,1.3593298,2.5679885864257814,2.817265,east_siberian
2022-09-21,0.07613658,0.35693359375,-0.27637482,-5.9671326,11.430706,15.30228042602539,2.1626992,3.4703257083892827,2.1014037,east_siberian
2022-09-22,0.07681737,0.371795654296875,0.02609253,-6.7742615,9.317814,11.985563278198242,1.615397,2.5204720497131348,1.4032929,east_siberian
2022-09-23,0.09430536,0.46966552734375,-1.2543716,-7.3868103,6.4871874,9.947428703308105,1.1110463,1.8723212718963622,1.8913542,east_siberian
2022-09-24,0.11507195,0.55743408203125,-1.8064117,-7.174164,5.1200128,9.845166206359863,0.8571175,1.8005294322967529,2.6645083,east_siberian
2022-09-25,0.11802378,0.578887939453125,-1.4246902,-6.8504333,6.1138177,8.786103248596191,1.0372369,2.1322394371032716,2.9114006,east_siberian
2022-09-26,0.13051781,0.635955810546875,-2.2511063,-9.256439,7.0702305,10.552339553833008,1.2236892,1.869135808944702,3.43916,east_siberian
2022-09-27,0.14644767,0.708740234375,-2.8098755,-9.265472,5.1608686,8.011797904968262,0.7830811,1.171500825881958,3.6989694,east_siberian
2022-09-28,0.15485698,0.7034912109375,-2.793602,-10.390717,3.0046701,6.199235439300537,0.6101791,1.4126699924468993,3.6381898,east_siberian
2022-09-29,0.16510352,0.71234130859375,-2.5180435,-9.865082,3.3870385,6.63321590423584,0.6246282,1.4477204322814934,3.8000083,east_siberian
2022-09-30,0.19112353,0.784210205078125,-2.4813004,-7.9997253,4.51707,8.409008026123047,0.6291996,1.3049488067626953,3.9244752,east_siberian
2022-10-01,0.19958225,0.7978515625,-2.2395782,-8.434906,5.6799803,9.856340408325195,0.9783368,2.1327223777770996,3.4477153,east_siberian
2022-10-02,0.18687269,0.77862548828125,-2.0409088,-8.873871,5.881762,9.862733840942383,1.0099448,2.045877456665039,2.5684574,east_siberian
2022-10-03,0.19005166,0.769744873046875,-2.439766,-8.39975,4.960995,8.172847747802734,0.722098,1.2349050998687745,3.5860767,east_siberian
2022-10-04,0.1964129,0.76141357421875,-2.531311,-9.948822,5.8182206,11.265115737915039,0.9620104,2.339882278442384,3.006456,east_siberian
2022-10-05,0.20376986,0.7698974609375,-2.601921,-8.431976,6.7223735,12.384644508361816,1.0479851,2.1741610050201414,2.8703,east_siberian
2022-10-06,0.18495508,0.7508544921875,-2.7949677,-8.413666,9.916024,15.654726028442383,1.7884748,3.387847900390625,2.5563853,east_siberian
2022-10-07,0.17347954,0.68011474609375,-2.4440079,-6.6512146,11.149696,16.550830841064453,2.2305226,4.543542861938477,2.8346999,east_siberian
2022-10-08,0.19456635,0.744903564453125,-3.1748734,-9.445831,10.430446,15.118639945983887,2.2182693,3.5879745483398438,3.5633984,east_siberian
2022-10-09,0.2204919,0.78778076171875,-3.0802917,-13.931305,10.229813,14.837187767028809,2.2840896,3.8458404541015625,2.7246404,east_siberian
2022-10-10,0.24417251,0.829833984375,-3.4914856,-12.311035,8.980203,12.892112731933594,1.8150724,2.617873764038086,2.5121121,east_siberian
2022-10-11,0.27129215,0.86883544921875,-3.344986,-10.245758,8.1630945,13.091331481933594,1.516154,2.9074912071228036,2.4366655,east_siberian
2022-10-12,0.30366874,0.9114990234375,-3.6135406,-12.026123,6.6050525,11.711938858032227,1.2381514,2.3535237789154055,2.3244355,east_siberian
2022-10-13,0.3679137,0.943359375,-4.294037,-13.169769,4.391012,8.018085479736328,0.6623521,1.3839599370956421,2.2038076,east_siberian
2022-10-14,0.40473956,0.960784912109375,-4.9244766,-13.683594,5.476745,8.639323234558105,0.8290157,1.488038921356201,2.2657828,east_siberian
2022-10-15,0.41658878,0.927703857421875,-5.712349,-17.021332,5.3267174,9.476383209228516,0.8194843,1.6654844999313358,3.072328,east_siberian
2022-10-16,0.44641677,0.9288330078125,-5.499542,-14.474701,5.7882485,9.928812026977539,1.159634,1.743147087097168,2.4276843,east_siberian
2022-10-17,0.48876604,0.94964599609375,-6.012642,-17.448334,5.697376,9.491048812866211,1.0653212,1.5632530212402345,2.4133365,east_siberian
2022-10-18,0.51948136,0.951080322265625,-6.7635727,-16.388336,5.6550274,9.230682373046875,1.1029196,1.6868235349655152,2.217801,east_siberian
2022-10-19,0.51151985,0.935760498046875,-6.0117416,-13.6315,7.496617,12.691649436950684,1.1545658,2.3824758529663086,2.2636733,east_siberian
2022-10-20,0.46458462,0.873809814453125,-2.7442398,-13.5989685,9.811877,13.12845230102539,1.8013712,2.627800941467285,1.7717203,east_siberian
2022-10-21,0.458883,0.871551513671875,-2.181038,-10.218597,7.116957,10.749063491821289,1.3848456,2.322634220123291,1.2100227,east_siberian
2022-10-22,0.48751703,0.93658447265625,-3.1264648,-10.183929,5.632745,8.204421997070312,1.0641454,2.441648006439209,1.3785496,east_siberian
2022-10-23,0.51017296,0.94305419921875,-3.7215195,-15.108307,5.0864196,8.25444221496582,0.9198927,1.9058991670608523,1.354044,east_siberian
2022-10-24,0.57563335,0.947967529296875,-5.556267,-21.431412,5.730217,8.221061706542969,0.9923942,1.6720130443572998,1.7036579,east_siberian
2022-10-25,0.6509655,0.966033935546875,-8.3461685,-20.842896,5.4828534,8.243600845336914,0.966329,1.4098557472229005,2.6334066,east_siberian
2022-10-26,0.69504315,0.979278564453125,-8.3564,-22.322174,4.289667,6.745230674743652,0.8149209,1.3683617115020759,2.2234015,east_siberian
2022-10-27,0.7476737,0.982879638671875,-8.721428,-19.007614,4.5173287,7.882535934448242,0.7557261,1.6905970096588137,2.049942,east_siberian
2022-10-28,0.8101443,0.989166259765625,-10.059097,-20.4478,3.7849145,6.9682488441467285,0.784817,1.52829430103302,2.0344868,east_siberian
2022-10-29,0.85804653,0.996734619140625,-11.056473,-18.221619,3.9624245,6.562696933746338,1.0844045,1.5126320838928222,2.0069056,east_siberian
2022-10-30,0.8987664,0.999053955078125,-11.686394,-20.864212,4.357081,6.662625312805176,1.22431,1.51318678855896,2.156196,east_siberian
2022-10-31,0.9262019,0.99969482421875,-13.27961,-23.9413,4.622897,7.310413360595703,1.3638175,1.5364767074584962,2.0803165,east_siberian
2023-07-01,0.70870596,0.880126953125,0.55329895,-1.3633728,6.5136294,10.775601387023926,1.1509683,1.5689849376678466,1.1852432,east_siberian
2023-07-02,0.69664085,0.865814208984375,0.6884384,-2.0125427,5.643542,9.545483589172363,0.93431836,1.6068514347076417,1.244708,east_siberian
2023-07-03,0.6755737,0.87384033203125,1.4062347,-1.3660583,6.2778945,11.287880897521973,0.6414365,1.2599291801452637,1.4021081,east_siberian
2023-07-04,0.6703159,0.849639892578125,0.6123581,-1.2535095,7.2274656,10.694672584533691,1.3377827,1.9771017551422119,1.3385056,east_siberian
2023-07-05,0.65715456,0.858856201171875,0.61525726,-1.8401794,5.475625,10.938136100769043,1.0464098,1.6018379211425782,1.2738466,east_siberian
2023-07-06,0.6311974,0.845703125,0.71643066,-1.4615173,4.7210884,7.805765151977539,0.5659315,0.9483169317245483,1.2053161,east_siberian
2023-07-07,0.5989685,0.8170166015625,1.7479782,-1.2935486,6.7127194,11.277928352355957,0.6184492,1.652677631378174,1.2046076,east_siberian
2023-07-08,0.54901576,0.760162353515625,1.7692566,-1.105072,7.0872345,14.06753158569336,1.0100877,1.987365221977234,1.725395,east_siberian
2023-07-09,0.54513174,0.744140625,1.4060059,-0.8628845,6.3327966,9.726198196411133,0.83846486,1.2502440452575683,1.0956957,east_siberian
2023-07-10,0.5664692,0.769744873046875,0.7947693,-1.8057556,3.9452755,6.197180271148682,0.4386075,0.6859034419059754,0.7714089,east_siberian
2023-07-11,0.5551624,0.7679443359375,0.84148407,-1.3294373,4.9220405,10.259282112121582,0.72732717,1.6946062564849858,0.96570414,east_siberian
2023-07-12,0.51657987,0.74261474609375,2.1367722,-0.3501892,6.5408278,10.267574310302734,1.1608241,1.8798595666885376,0.91799086,east_siberian
2023-07-13,0.45470864,0.6927490234375,3.0170288,-0.30648804,5.9786787,9.252243041992188,0.7721184,1.4172492265701293,0.9241117,east_siberian
2023-07-14,0.42406034,0.6748046875,2.0694275,-2.4893494,5.103173,7.585072040557861,0.481021,0.8239597439765932,0.443558,east_siberian
2023-07-15,0.41121382,0.66448974609375,1.4958801,-2.801361,4.020008,6.144317150115967,0.35357457,0.7052785277366639,0.3028556,east_siberian
2023-07-16,0.39197326,0.65802001953125,2.0997696,-0.6006775,5.5283456,7.819754123687744,0.45311207,0.9327021121978761,0.5423696,east_siberian
2023-07-17,0.36791277,0.654754638671875,2.162323,-0.5784607,7.267109,10.630548477172852,0.87152106,1.7375022411346435,0.6021175,east_siberian
2023-07-18,0.3501787,0.661224365234375,1.7120514,-0.8489685,4.7850857,7.606279373168945,0.5397083,1.165305280685425,0.48958486,east_siberian
2023-07-19,0.33247834,0.65289306640625,1.9321213,-0.5418396,5.0496225,9.763603210449219,0.66931283,1.4657440185546875,0.5781125,east_siberian
2023-07-20,0.31934494,0.667510986328125,2.4345322,-0.56796265,5.690665,9.760723114013672,0.7517518,1.573742985725403,0.8492091,east_siberian
2023-07-21,0.2978308,0.6142578125,1.6839676,-0.6324158,5.263717,9.162668228149414,0.70197594,1.3510910034179686,0.6690562,east_siberian
2023-07-22,0.30314538,0.641021728515625,1.491539,-1.2781677,5.318101,9.101776123046875,0.76804584,1.5393392086029052,0.80164677,east_siberian
2023-07-23,0.3056166,0.653411865234375,1.4437714,-1.625824,6.252829,9.581686973571777,0.73702,1.3960264921188354,0.7166445,east_siberian
2023-07-24,0.28834286,0.624420166015625,1.3647842,-1.445404,4.4244494,8.25179386138916,0.5910502,1.1649654388427735,0.9285593,east_siberian
2023-07-25,0.29042292,0.658721923828125,1.1655045,-1.3521423,3.8072915,6.314220905303955,0.392304,0.6841525554656983,0.6851808,east_siberian
2023-07-26,0.27522025,0.6409912109375,0.8450241,-1.3357849,4.032027,6.263423919677734,0.39928016,0.7121636867523193,0.61249244,east_siberian
2023-07-27,0.25726116,0.605621337890625,0.7209854,-0.96762085,4.197923,6.235728740692139,0.410557,0.7261959791183472,0.71655,east_siberian
2023-07-28,0.25433335,0.58160400390625,0.5912628,-2.212494,3.162773,5.396801471710205,0.2968307,0.4977839708328247,0.817054,east_siberian
2023-07-29,0.25680783,0.611053466796875,0.64240265,-1.2869568,4.7983427,8.019699096679688,0.41206512,1.0177524089813232,0.80619603,east_siberian
2023-07-30,0.2564885,0.62786865234375,0.6468277,-1.6575623,5.6953,8.326831817626953,0.6291401,1.1337310791015627,0.7559003,east_siberian
2023-07-31,0.2538157,0.63641357421875,0.65208435,-1.2088318,4.0987234,6.953853607177734,0.41373724,0.933283019065857,0.8217891,east_siberian
2023-08-01,0.24948014,0.6324462890625,0.76950073,-1.0638123,4.0528574,6.142480850219727,0.31876993,0.526961398124695,0.93075883,east_siberian
2023-08-02,0.24614803,0.61395263671875,1.2526169,-1.351654,3.6688337,5.936154365539551,0.275375,0.39794764518737796,0.8552571,east_siberian
2023-08-03,0.22832102,0.57403564453125,1.3847733,-1.5044861,3.5036304,6.7800397872924805,0.32039195,0.7701318025588989,0.6806867,east_siberian
2023-08-04,0.21341781,0.53472900390625,1.1742172,-1.3396912,4.5552444,7.576183319091797,0.45278737,0.8859365344047547,0.5620569,east_siberian
2023-08-05,0.20784463,0.542816162109375,0.66178894,-2.0679626,5.474792,9.266275405883789,0.70567226,1.354631567001343,1.3088114,east_siberian
2023-08-06,0.21115251,0.555267333984375,0.5465317,-1.8868103,5.861923,9.21484088897705,0.737586,1.194067645072938,2.0726645,east_siberian
2023-08-07,0.22421505,0.61041259765625,1.0530243,-1.8797302,5.2797394,9.185896873474121,0.76444787,1.3259578227996827,1.4552689,east_siberian
2023-08-08,0.20987862,0.584442138671875,1.5867233,-2.5926208,4.7885857,7.935556411743164,0.50893766,0.948392391204834,0.94181967,east_siberian
2023-08-09,0.17928264,0.531494140625,2.18676,-0.7749939,3.8906054,6.057955741882324,0.36111918,0.6526467561721803,0.5140806,east_siberian
2023-08-10,0.16802792,0.51324462890625,2.6561356,-1.6353455,4.454009,8.57201099395752,0.45392814,0.9836724281311036,0.50839335,east_siberian
2023-08-11,0.13175066,0.41619873046875,2.4474564,-0.80722046,5.431408,8.920232772827148,0.6402121,1.109368467330933,0.43675384,east_siberian
2023-08-12,0.1270408,0.403717041015625,2.252983,-0.85409546,5.569789,9.211512565612793,0.7415383,1.3087473630905153,0.50777507,east_siberian
2023-08-13,0.110418595,0.39434814453125,1.5563889,-1.9978943,4.8403068,9.564894676208496,0.7573906,1.410660982131958,1.0512725,east_siberian
2023-08-14,0.097753435,0.37567138671875,1.7787552,-2.3987732,5.6397476,11.552327156066895,0.82889605,2.113824462890625,1.3112781,east_siberian
2023-08-15,0.09744875,0.3570556640625,1.4599838,-2.3799744,7.1517525,11.487171173095703,1.1268929,2.4666881561279297,2.1264236,east_siberian
2023-08-16,0.08187297,0.3184814453125,1.369957,-1.7200623,6.791477,11.492485046386719,1.0532281,2.407026386260987,2.0622683,east_siberian
2023-08-17,0.05663321,0.25177001953125,1.2737122,-1.7168884,8.564145,11.60129451751709,1.352598,2.4058783054351807,1.8904747,east_siberian
2023-08-18,0.041059542,0.21929931640625,1.2669449,-2.51474,9.162605,11.903173446655273,1.5803607,2.451295852661133,1.681718,east_siberian
2023-08-19,0.031341393,0.17645263671875,1.0746994,-2.11557,7.821632,10.454373359680176,1.2658827,1.9120192527770998,1.4274161,east_siberian
2023-08-20,0.02499702,0.12896728515625,0.8847275,-2.004486,6.287137,9.980632781982422,1.0616691,1.710775375366211,1.704783,east_siberian
2023-08-21,0.023478376,0.122802734375,0.6077957,-2.2549744,5.476033,8.076873779296875,0.77748084,1.0687058210372926,1.9198818,east_siberian
2023-08-22,0.019709637,0.080718994140625,0.63809204,-2.8243103,6.516947,9.324108123779297,0.9177483,1.446967649459839,2.2196956,east_siberian
2023-08-23,0.01149616,0.0,1.2182846,-2.2344666,6.3271723,9.507560729980469,0.9181539,1.4209182024002076,1.3984709,east_siberian
2023-08-24,0.010850095,0.0,1.3902893,-1.028656,3.7447538,6.830860614776611,0.5824455,1.051855731010437,0.9651044,east_siberian
2023-08-25,0.008021793,0.0,1.6189194,-1.5447693,3.4827008,5.699182033538818,0.38774905,0.5997604608535767,0.78567946,east_siberian
2023-08-26,0.0057354514,0.0,1.6771927,-1.4473572,4.0593815,6.896209239959717,0.39450186,0.8201757311820985,0.81613815,east_siberian
2023-08-27,0.003811808,0.0,1.3598785,-1.3108826,4.309853,7.06521463394165,0.50593865,0.9138082623481756,0.93711406,east_siberian
2023-08-28,0.0024268394,0.0,1.6519012,-1.7010193,4.7085176,8.354325294494629,0.556867,0.8738027691841126,0.9931082,east_siberian
2023-08-29,0.0015891558,0.0,1.9044495,-1.3465271,6.6102815,9.208954811096191,0.9446579,1.3503498554229736,0.7553443,east_siberian
2023-08-30,0.00033060304,0.0,1.7415695,-1.4029236,5.869089,9.386209487915039,0.8700354,1.3567151069641117,0.86527336,east_siberian
2023-08-31,0.00018745934,0.0,1.2064056,-0.9371033,8.477289,12.377856254577637,1.1958809,2.082114744186401,1.6556743,east_siberian
2023-09-01,0.0,0.0,1.1392517,-1.6089783,9.727356,13.678129196166992,1.7897112,2.9601183891296388,1.46392,east_siberian
2023-09-02,0.0,0.0,0.92520905,-1.0552673,6.3818254,9.916415214538574,1.04134,1.695105504989624,1.4934695,east_siberian
2023-09-03,0.0,0.0,1.046524,-1.0203552,4.142647,7.7271037101745605,0.66066605,1.0064606189727785,1.282201,east_siberian
2023-09-04,0.0,0.0,0.84832764,-1.836029,4.066521,7.082235813140869,0.5518763,1.018444585800171,1.1766213,east_siberian
2023-09-05,0.0,0.0,0.5233536,-2.7320251,5.4253364,7.635460376739502,0.672735,1.2346678256988526,1.473675,east_siberian
2023-09-06,0.0,0.0,0.45502472,-2.6614685,4.869855,7.704097747802734,0.7526101,1.2559785842895508,2.0345116,east_siberian
2023-09-07,0.0,0.0,0.6576767,-1.914154,4.7429514,8.90311050415039,0.6455202,1.0073706150054933,1.9511616,east_siberian
2023-09-08,0.0,0.0,0.9068985,-1.5000916,6.8120656,10.219437599182129,0.90464157,1.6118969917297363,1.8059785,east_siberian
2023-09-09,0.0,0.0,1.4728394,-1.7691345,7.4000416,10.498640060424805,1.2024517,1.8305835247039797,1.3817494,east_siberian
2023-09-10,0.0,0.0,1.431633,-0.92074585,5.3328457,9.210641860961914,0.98445195,1.5683361530303956,1.1583244,east_siberian
2023-09-11,0.0,0.0,0.9180908,-1.1705017,3.635931,6.881083965301514,0.67281866,1.0140069484710694,1.1396909,east_siberian
2023-09-12,0.0,0.0,0.9509659,-1.5999451,3.754036,8.130664825439453,0.6438044,0.9997284412384034,1.3452965,east_siberian
2023-09-13,0.0,0.0,1.608841,-1.7649841,4.164287,7.709644794464111,0.64606196,0.9992523550987245,1.1178467,east_siberian
2023-09-14,0.0,0.0,1.1508102,-2.519867,3.9852881,6.135477542877197,0.58893335,0.9076019406318665,0.8183502,east_siberian
2023-09-15,0.0,0.0,0.50849915,-2.754486,3.53679,5.9958977699279785,0.5669012,0.9251435279846193,0.73352134,east_siberian
2023-09-16,0.0,0.0,0.48125458,-3.4478455,3.2480872,5.207057476043701,0.50848836,0.7167349696159363,1.1319227,east_siberian
2023-09-17,0.0,0.0,0.82553864,-1.691742,3.7282152,6.271825790405273,0.49310583,0.8145267009735109,1.3786907,east_siberian
2023-09-18,0.0,0.0,0.8225708,-2.45578,4.146222,6.520197868347168,0.5444443,0.793247127532959,1.7272351,east_siberian
2023-09-19,0.0,0.0,0.8496704,-1.969574,3.9032078,6.288323402404785,0.5546078,0.8261610269546509,1.8976815,east_siberian
2023-09-20,0.0,0.0,0.6316757,-3.0916443,5.2485785,8.594268798828125,0.7574333,1.1589157581329346,2.0314589,east_siberian
2023-09-21,0.0,0.0,0.42855072,-2.1853943,7.2365985,10.612207412719727,1.0805163,1.777736496925354,2.478157,east_siberian
2023-09-22,0.0,0.0,0.22803497,-2.2469177,8.739456,12.163826942443848,1.4639884,2.3473912239074712,2.9896474,east_siberian
2023-09-23,0.0,0.0,0.04282379,-1.9010925,7.7574124,11.744318008422852,1.32902,2.1001869201660157,3.2186265,east_siberian
2023-09-24,0.0,0.0,-0.17719269,-3.3765564,6.10191,9.129121780395508,1.1522691,1.8590898275375367,3.2095127,east_siberian
2023-09-25,0.000106629435,0.0,-0.46372986,-3.697113,5.55035,11.855152130126953,1.0253729,1.7447875261306762,3.6959727,east_siberian
2023-09-26,0.00045290805,0.0,-0.1592865,-3.9734802,8.487747,14.21235466003418,1.4107628,3.0351912021636966,3.378009,east_siberian
2023-09-27,0.000102485974,0.0,0.57922363,-2.599945,9.505912,13.177519798278809,1.7834759,2.912487697601319,2.1564894,east_siberian
2023-09-28,0.000102485974,0.0,0.12779236,-4.0921326,8.164718,12.423629760742188,1.5069351,2.515794372558594,2.1948645,east_siberian
2023-09-29,0.00021780697,0.0,-0.11488342,-2.82724,7.4744463,11.177873611450195,1.2939494,1.8223174095153811,2.7048862,east_siberian
2023-09-30,0.0002525975,0.0,-0.29561615,-3.4048767,9.342499,12.782722473144531,1.7249635,2.5313579559326174,3.066507,east_siberian
2023-10-01,0.0008975939,0.0,-0.62818146,-4.4844666,8.606926,11.435511589050293,1.632616,2.3748135566711426,3.2629633,east_siberian
2023-10-02,0.0016284134,0.0,-1.1497803,-4.8892517,8.342573,11.210162162780762,1.3646482,2.3504419326782227,3.5436957,east_siberian
2023-10-03,0.0016284134,0.0,-1.5972137,-5.8208923,8.145887,10.48828125,1.5381694,2.2722907066345215,4.431805,east_siberian
2023-10-04,0.0016284134,0.0,-1.3606339,-10.062653,6.7915134,10.044439315795898,1.3032418,2.028184175491333,4.307098,east_siberian
2023-10-05,0.00741196,0.0,-1.0545425,-10.693634,6.5132236,10.019681930541992,1.1842917,1.8079826831817627,3.9159505,east_siberian
2023-10-06,0.015453961,0.0,-1.3998337,-10.142548,5.1169243,8.03489875793457,0.8048964,1.2131347179412841,3.2950406,east_siberian
2023-10-07,0.017519047,0.0,-1.4434891,-8.94223,5.141771,8.465495109558105,0.7661893,1.3741997957229615,2.9028213,east_siberian
2023-10-08,0.01806329,0.0,-1.2740555,-7.84848,5.9280334,8.868844032287598,0.8923913,1.3426151275634766,2.8501997,east_siberian
2023-10-09,0.017213581,0.0,-1.299797,-7.6319275,5.5009212,9.117505073547363,1.0055808,1.5543384075164797,2.9013278,east_siberian
2023-10-10,0.01898878,0.0,-1.7874756,-10.761658,5.4964128,8.892354965209961,1.0096221,1.4544300079345704,3.2580094,east_siberian
2023-10-11,0.026450915,0.012603759765625,-1.9800797,-11.064178,5.896783,9.689229965209961,0.92335755,1.34100124835968,3.7245169,east_siberian
2023-10-12,0.027721606,0.0,-1.6168442,-11.965668,9.831681,13.767961502075195,1.6984569,2.915821075439453,3.762954,east_siberian
2023-10-13,0.034769475,0.0,-1.8612976,-12.356293,10.871094,14.786137580871582,2.216308,3.4427332878112793,3.272305,east_siberian
2023-10-14,0.05229926,0.177764892578125,-2.6734848,-15.4216,8.795341,13.294862747192383,1.7968016,3.0740551948547363,3.0763738,east_siberian
2023-10-15,0.09597565,0.420562744140625,-3.8809052,-14.065277,6.889968,12.494888305664062,1.3349898,2.542342185974121,3.1293669,east_siberian
2023-10-16,0.13815232,0.58404541015625,-4.8683777,-13.600433,5.503499,10.216567993164062,1.0043762,1.8992807626724244,3.6344776,east_siberian
2023-10-17,0.19117124,0.65594482421875,-5.634804,-14.634644,6.950419,11.531126022338867,1.2719902,2.292976140975952,3.7029164,east_siberian
2023-10-18,0.19117124,0.65594482421875,-6.318039,-14.26178,7.32122,9.172300338745117,1.2605469,1.8914806842803955,3.939125,east_siberian
2023-10-19,0.35251236,0.828399658203125,-7.2416763,-16.280579,7.3641987,11.19721794128418,1.1221111,1.7961936950683592,4.291466,east_siberian
2023-10-20,0.45023224,0.8480224609375,-7.9762573,-17.535645,5.069054,10.176156997680664,0.6974945,1.2107237100601194,4.485347,east_siberian
2023-10-21,0.49355537,0.84075927734375,-7.7388153,-15.435059,7.4366856,11.631426811218262,1.4361293,2.2596123695373533,3.8245566,east_siberian
2023-10-22,0.46187627,0.80706787109375,-6.302841,-16.864105,11.937667,17.529672622680664,2.7386904,4.609474563598633,2.612922,east_siberian
2023-10-23,0.4687383,0.809326171875,-4.4402847,-14.876068,10.628044,18.49888038635254,2.9024997,5.7906999588012695,1.9359086,east_siberian
2023-10-24,0.5261267,0.852752685546875,-4.8717194,-12.656097,9.129735,14.24870491027832,1.2308834,2.4946322441101074,2.6711562,east_siberian
2023-10-25,0.5875871,0.84405517578125,-6.476509,-18.630188,9.087431,14.157590866088867,1.9972069,3.022228813171387,2.89088,east_siberian
2023-10-26,0.6536278,0.8797607421875,-7.7762604,-20.875336,7.197417,11.264145851135254,1.6162643,2.4940205574035645,2.4767065,east_siberian
2023-10-27,0.7204682,0.89947509765625,-8.826714,-19.052933,7.2086425,10.193047523498535,1.38204,2.315131187438965,2.3371727,east_siberian
2023-10-28,0.7637217,0.924346923828125,-8.962509,-19.369415,5.96724,8.642853736877441,0.74585307,1.3586410999298095,2.0667214,east_siberian
2023-10-29,0.80757505,0.954010009765625,-9.628273,-18.565613,6.6780148,9.364705085754395,1.4302909,1.9916807174682618,2.2248242,east_siberian
2023-10-30,0.8180428,0.955413818359375,-10.0503235,-19.15416,5.554785,9.488329887390137,1.1731904,1.836683750152588,2.0178711,east_siberian
2023-10-31,0.8214406,0.97662353515625,-9.831963,-17.692642,4.56303,7.727363586425781,1.5273322,2.0982430458068846,1.8357209,east_siberian
2024-07-01,0.5807126,0.791290283203125,1.8745728,-0.42904663,6.2173944,8.632433891296387,0.84464675,1.1574491024017335,0.5087006,east_siberian
2024-07-02,0.5683577,0.769989013671875,1.3327942,-0.5003357,5.0623846,7.785931587219238,0.5198446,1.084244465827942,0.37894392,east_siberian
2024-07-03,0.55685896,0.743743896484375,0.9208908,-1.8418884,4.1851883,6.509791374206543,0.33550692,0.5459739446640015,0.35270664,east_siberian
2024-07-04,0.5653565,0.799102783203125,0.82606506,-0.82455444,3.811245,6.2064595222473145,0.31545502,0.5144872069358826,0.3853746,east_siberian
2024-07-05,0.56832355,0.8043212890625,0.9977493,-0.5948181,4.8199997,7.615774631500244,0.31548673,0.7204462885856628,0.50814164,east_siberian
2024-07-06,0.5809109,0.80889892578125,0.4443283,-1.6695251,4.436105,7.249358177185059,0.2360255,0.48306339979171753,0.5667474,east_siberian
2024-07-07,0.5704031,0.80615234375,0.05846405,-1.9932556,3.8241403,6.343773365020752,0.22210671,0.4737753510475177,0.7949931,east_siberian
2024-07-08,0.5381315,0.787811279296875,0.3673401,-1.5081482,5.20576,9.07227897644043,0.40680844,0.8802067041397095,0.7495737,east_siberian
2024-07-09,0.52255166,0.768798828125,1.0122833,-2.4205017,7.1871867,10.669870376586914,0.6132785,1.0768553018569946,0.7400173,east_siberian
2024-07-10,0.5307228,0.82958984375,0.71482086,-1.2684021,4.354859,8.324830055236816,0.38295528,0.7792109727859498,0.79281545,east_siberian
2024-07-11,0.5065876,0.7889404296875,1.0881577,-1.5769958,5.3304925,7.925018787384033,0.6840729,0.9569770336151123,1.0876868,east_siberian
2024-07-12,0.47248438,0.744781494140625,1.2329636,-1.4732361,5.7778635,8.874358177185059,0.7790846,1.2905420780181884,1.1527382,east_siberian
2024-07-13,0.44893765,0.739837646484375,0.9586563,-0.45272827,4.9538317,9.47424602508545,0.8916076,1.5757622241973879,0.63966185,east_siberian
2024-07-14,0.4460484,0.737091064453125,0.63347626,-1.3875427,4.7376413,7.031765937805176,0.46461734,1.030996608734131,0.51899356,east_siberian
2024-07-15,0.44515708,0.740447998046875,0.87740326,-1.3384705,5.101678,9.691521644592285,0.7695701,1.5701375484466553,0.7348961,east_siberian
2024-07-16,0.4130823,0.720001220703125,1.7948685,-1.2906189,5.9894533,9.338371276855469,0.63218594,1.1661160230636596,1.0408854,east_siberian
2024-07-17,0.39655766,0.710906982421875,2.0893478,-0.761322,4.8030605,8.204963684082031,0.53832114,1.2541122913360596,1.0949298,east_siberian
2024-07-18,0.39655766,0.710906982421875,1.9588394,-0.8262634,4.540288,7.859988689422607,0.5219543,0.9789218902587891,0.93659794,east_siberian
2024-07-19,0.36285794,0.68572998046875,1.7935257,-0.9329529,6.176096,8.199962615966797,0.6839798,1.2263679504394531,1.0415614,east_siberian
2024-07-20,0.35615927,0.696868896484375,1.9722977,-0.9197693,5.480064,7.729033470153809,0.6180345,1.158712387084961,1.1938798,east_siberian
2024-07-21,0.33905643,0.685791015625,1.6694336,-2.7574158,4.2292223,6.931412220001221,0.45161974,0.9433760523796086,0.8519436,east_siberian
2024-07-22,0.313271,0.651519775390625,2.117569,-1.4449158,5.3914347,9.07886028289795,0.50236475,1.2420265674591064,0.8317695,east_siberian
2024-07-23,0.28736937,0.616790771484375,2.9861908,-1.5237732,6.9628134,9.631173133850098,0.7896925,1.2517474174499512,0.7015984,east_siberian
2024-07-24,0.2893528,0.62200927734375,1.3420486,-1.1985779,5.4763327,8.373382568359375,0.660482,1.110025453567505,0.9336235,east_siberian
2024-07-25,0.27969962,0.62567138671875,1.0439606,-2.627533,4.72435,7.066088676452637,0.5437367,1.2087923526763917,1.2196741,east_siberian
2024-07-26,0.27351713,0.63116455078125,1.0564117,-2.1038513,4.8835278,8.741942405700684,0.6136503,1.392307806015015,1.0578189,east_siberian
2024-07-27,0.26000986,0.613250732421875,1.1192856,-1.0379333,6.292316,9.316134452819824,0.78842103,1.4657315492630008,0.83998346,east_siberian
2024-07-28,0.25887161,0.594146728515625,0.7604904,-1.292572,5.421487,8.054373741149902,0.60987794,1.1887710094451904,0.9916266,east_siberian
2024-07-29,0.2609653,0.59381103515625,0.45663452,-1.2281189,5.329807,8.166096687316895,0.54911315,1.0468053817749023,1.6010139,east_siberian
2024-07-30,0.2600794,0.589691162109375,0.38877106,-1.5760193,5.40771,8.166658401489258,0.7120155,1.1524684429168701,1.716333,east_siberian
2024-07-31,0.25607413,0.584259033203125,0.4863968,-1.613617,4.4025087,6.454309940338135,0.47242787,0.7944052219390869,1.633021,east_siberian
2024-08-01,0.24152853,0.560821533203125,0.9417572,-1.731781,5.764167,7.865772724151611,0.59981364,0.8542081832885742,1.0942931,east_siberian
2024-08-02,0.21463276,0.51568603515625,1.5073547,-1.6072693,7.21623,9.347270965576172,0.8603479,1.3346877098083496,0.86264277,east_siberian
2024-08-03,0.20183563,0.50177001953125,1.2890549,-1.0982361,5.5312057,8.945314407348633,0.7172065,1.4188937425613404,0.97450215,east_siberian
2024-08-04,0.19839568,0.495635986328125,0.93122864,-1.9463806,4.7315674,7.3673930168151855,0.53051186,0.9609607696533202,1.0885698,east_siberian
2024-08-05,0.19636008,0.508392333984375,1.1300507,-1.4683533,4.964363,7.597604751586914,0.54232544,1.0366030454635617,1.1180542,east_siberian
2024-08-06,0.19096175,0.5086669921875,1.6743774,-2.9461365,4.566148,7.382936000823975,0.4862591,0.8358972191810607,1.2515714,east_siberian
2024-08-07,0.19651042,0.548126220703125,1.5024796,-2.6973572,4.241053,6.542858600616455,0.4663403,0.7666911840438844,1.3997908,east_siberian
2024-08-08,0.182783,0.51593017578125,1.3848038,-1.9969177,4.493593,7.9749908447265625,0.4478851,0.8144200325012207,1.3145357,east_siberian
2024-08-09,0.17063957,0.48077392578125,1.8087845,-2.5335388,5.64357,9.775347709655762,0.72203636,1.5392814159393313,1.4180167,east_siberian
2024-08-10,0.15672074,0.4715576171875,1.3756104,-1.776947,7.4671855,11.537131309509277,1.2317638,2.174982261657715,1.2560745,east_siberian
2024-08-11,0.13088158,0.441986083984375,1.0459747,-1.558197,5.8651295,10.310674667358398,0.9861472,1.763183832168579,1.7256188,east_siberian
2024-08-12,0.13014331,0.43621826171875,0.67910004,-2.3020935,6.1689897,11.886433601379395,0.87707275,1.9633268117904663,1.6046206,east_siberian
2024-08-13,0.12350622,0.41796875,0.54022217,-2.023529,9.773447,13.3322114944458,1.5452688,2.609081268310547,1.6288824,east_siberian
2024-08-14,0.10525175,0.358795166015625,0.7259979,-2.1111755,8.307829,10.963191032409668,1.202,1.862165093421936,1.2156075,east_siberian
2024-08-15,0.091928095,0.333709716796875,1.1283951,-1.4969177,8.364736,10.31895637512207,1.2067405,1.627457857131958,1.110319,east_siberian
2024-08-16,0.08427462,0.31005859375,0.8049927,-1.6575623,7.695548,10.545929908752441,1.1869153,1.7341980934143066,1.4340739,east_siberian
2024-08-17,0.081391856,0.29302978515625,0.5760193,-1.9097595,4.7776747,8.129390716552734,0.6797924,1.235109567642212,1.5576546,east_siberian
2024-08-18,0.069492966,0.266693115234375,0.6828995,-1.985199,4.031843,6.667364120483398,0.45575064,0.674342668056488,1.2356751,east_siberian
2024-08-19,0.059849333,0.24835205078125,1.2965012,-1.8687439,6.3143377,11.93407917022705,0.7581946,1.7327038764953617,1.090942,east_siberian
2024-08-20,0.05050107,0.239654541015625,1.0466309,-1.8562927,6.7186613,12.101420402526855,1.0010209,1.9185182332992556,1.2558469,east_siberian
2024-08-21,0.044757567,0.2152099609375,0.6187897,-2.080658,5.7428493,8.874898910522461,0.7264662,1.2657734394073488,1.1900786,east_siberian
2024-08-22,0.036851987,0.179779052734375,0.19722748,-2.009491,5.6692977,7.262104511260986,0.6784027,0.902022421360016,1.8556514,east_siberian
2024-08-23,0.033577163,0.170196533203125,0.117630005,-1.6912537,5.3936577,11.015809059143066,0.7279594,1.9031737804412845,2.3029728,east_siberian
2024-08-24,0.03294045,0.16033935546875,0.8136368,-3.4612732,6.801747,11.101940155029297,1.0033501,2.065351009368897,1.8870306,east_siberian
2024-08-25,0.022745186,0.076873779296875,1.6249771,-1.6941833,6.122612,9.324609756469727,0.8633332,1.5046523571014405,1.2672256,east_siberian
2024-08-26,0.019339874,0.044586181640625,1.6105804,-1.0677185,6.8242707,10.457856178283691,0.867667,1.6215053081512452,1.5246159,east_siberian
2024-08-27,0.014963632,0.007781982421875,0.713562,-2.0080261,8.494704,12.373424530029297,1.3986704,2.5023896217346193,1.5736169,east_siberian
2024-08-28,0.011862128,0.0,0.4458542,-2.4007263,7.4232388,9.990178108215332,1.1833357,1.9855499029159547,1.4567728,east_siberian
2024-08-29,0.0149646355,0.0,1.2289734,-1.316742,6.477472,8.928781509399414,0.9104749,1.370187520980835,1.3555346,east_siberian
2024-08-30,0.016399318,0.0,1.605217,-0.825531,6.2874575,9.899018287658691,0.8226919,1.4819073677062988,1.3684839,east_siberian
2024-08-31,0.012873919,0.0,1.0634384,-3.4859314,4.809519,8.866840362548828,0.6341225,1.3949320316314697,0.982455,east_siberian
2024-09-01,0.009239592,0.0,0.53757477,-3.0940857,3.7485037,5.621741771697998,0.40475914,0.6287679553031922,0.86525065,east_siberian
2024-09-02,0.014409662,0.0,0.7653122,-3.7364197,4.694966,8.13187313079834,0.46220112,0.9113829255104064,1.1260965,east_siberian
2024-09-03,0.014545563,0.0,0.46796417,-3.5464783,5.213346,9.403093338012695,0.6303886,1.3119347572326656,1.3035285,east_siberian
2024-09-04,0.007644819,0.0,0.27228546,-2.7723083,5.5486946,9.83692455291748,0.7725009,1.4721768856048583,1.7746687,east_siberian
2024-09-05,0.009366485,0.0,0.4128952,-3.528656,5.274392,9.098143577575684,0.83563006,1.4608149051666262,2.1623113,east_siberian
2024-09-06,0.009366485,0.0,1.1387558,-3.10849,5.543292,8.150116920471191,0.77534395,1.2474078655242922,1.8419724,east_siberian
2024-09-07,0.0057461904,0.0,1.153801,-2.0867615,6.9797134,9.435823440551758,0.96633625,1.4352349996566773,1.6270294,east_siberian
2024-09-08,0.0048941504,0.0,0.6723404,-2.0296326,5.218682,8.733325004577637,0.90327996,1.346531677246094,1.439094,east_siberian
2024-09-09,0.004505288,0.0,0.61058044,-1.7312927,4.2357006,7.310555458068848,0.72089857,1.1563595056533813,1.414839,east_siberian
2024-09-10,0.0045050774,0.0,0.3325119,-2.6404724,4.5991645,7.420773506164551,0.6651633,1.0384125709533691,1.4308552,east_siberian
2024-09-11,0.0044138487,0.0,0.14375305,-3.1487732,4.8516703,7.567862510681152,0.67271584,1.0290375471115114,1.7942395,east_siberian
2024-09-12,0.0044138487,0.0,0.23815918,-2.3250427,4.974762,8.520988464355469,0.64856595,1.0469974279403687,1.6064584,east_siberian
2024-09-13,0.0044138487,0.0,0.65351105,-1.7156677,6.9844165,10.173800468444824,0.82250655,1.4071142673492432,0.97036666,east_siberian
2024-09-14,0.0044138487,0.0,0.66508484,-2.946869,8.749726,11.256162643432617,1.2542219,1.9220120906829834,1.0431013,east_siberian
2024-09-15,0.0044138487,0.0,-0.2968521,-3.922699,6.825489,10.684182167053223,1.0573641,1.8678805828094482,1.7833139,east_siberian
2024-09-16,0.0044138487,0.0,-0.35953522,-3.651703,4.838639,11.703644752502441,0.7727719,1.622052788734436,2.7481914,east_siberian
2024-09-17,0.0044138487,0.0,0.21731567,-3.8802185,6.1541367,12.131083488464355,0.9611695,1.9919791221618652,2.073704,east_siberian
2024-09-18,0.0044138487,0.0,0.16229248,-3.007904,4.619667,8.131499290466309,0.7492493,1.3085827827453613,1.5769143,east_siberian
2024-09-19,0.007960427,0.0,0.13562012,-3.722992,3.648649,5.739877700805664,0.55326575,0.8235257267951965,1.5226125,east_siberian
2024-09-20,0.010038915,0.0,0.049865723,-4.1219177,4.1184225,8.303712844848633,0.5086055,0.9342908024787901,1.8730111,east_siberian
2024-09-21,0.007123722,0.0,-0.08240509,-4.1629333,7.1906238,12.06152629852295,0.96415424,2.148542976379395,2.2087436,east_siberian
2024-09-22,0.0053865346,0.0,0.23313141,-4.715912,5.0932755,11.862470626831055,1.0121294,2.355868339538574,2.0354342,east_siberian
2024-09-23,0.004013656,0.0,0.17605591,-2.8904724,5.1022124,9.533470153808594,0.6924521,1.2615292072296143,2.0270855,east_siberian
2024-09-24,0.004167005,0.0,-0.060806274,-4.5276794,7.2702265,10.476078987121582,1.0734017,1.750515365600586,1.7665716,east_siberian
2024-09-25,0.0051334514,0.0,-0.6634598,-5.64682,6.4824524,9.715624809265137,1.0475969,1.7482309579849244,2.2719555,east_siberian
2024-09-26,0.01013046,0.0,-0.9801712,-4.8277283,5.201188,8.29617691040039,0.78924096,1.1872485637664796,2.6900368,east_siberian
2024-09-27,0.019441964,0.0,-0.824234,-4.30307,5.882348,8.674409866333008,0.7987148,1.2978065967559813,2.9975226,east_siberian
2024-09-28,0.026340045,0.0,-0.80075836,-4.849701,4.589924,7.9410834312438965,0.6534456,1.1698159456253052,2.90158,east_siberian
2024-09-29,0.026119081,0.0,-0.7761307,-3.9756775,4.6488466,9.072430610656738,0.6574823,1.330065083503723,2.5676332,east_siberian
2024-09-30,0.020798186,0.0,-0.6212692,-3.8067322,4.696253,9.055917739868164,0.72014683,1.4225916385650634,2.252387,east_siberian
2024-10-01,0.018967576,0.0,-0.3663559,-3.03891,5.370344,8.053629875183105,0.6874441,1.04348886013031,1.9068941,east_siberian
2024-10-02,0.015686052,0.0,-0.07823181,-6.4847107,5.696025,8.596831321716309,0.73762935,1.1206104755401611,2.0718393,east_siberian
2024-10-03,0.015726427,0.0,-0.21418762,-6.5538025,6.8898783,9.523784637451172,0.96208555,1.360333251953125,1.4103174,east_siberian
2024-10-04,0.027550971,0.0,-0.6244812,-5.271576,5.8045835,7.958044052124023,0.85777605,1.2708754777908324,1.6374888,east_siberian
2024-10-05,0.051117502,0.1983642578125,-1.4430695,-5.7533875,4.859256,7.00411319732666,0.69607884,0.9233214855194092,2.4524896,east_siberian
2024-10-06,0.061934516,0.290283203125,-1.8946838,-7.665863,4.7487473,6.93311071395874,0.63956636,0.8936786890029907,3.089241,east_siberian
2024-10-07,0.07053109,0.35174560546875,-2.1069794,-8.118256,4.6444535,6.848046779632568,0.6588867,0.9748947262763977,3.7798018,east_siberian
2024-10-08,0.08481862,0.448516845703125,-2.398285,-9.344818,4.5224633,7.048852443695068,0.6265539,0.8980588436126709,3.9726396,east_siberian
2024-10-09,0.10375788,0.569671630859375,-2.5735855,-9.441254,4.8389215,6.921678066253662,0.60891336,0.8365142941474915,3.823694,east_siberian
2024-10-10,0.12648518,0.69244384765625,-2.8871307,-12.645538,5.253582,10.069921493530273,0.65638787,1.3200881004333502,3.5550718,east_siberian
2024-10-11,0.14244227,0.722412109375,-3.0637894,-10.445404,7.0621357,12.202432632446289,1.1226454,2.254245138168335,3.3583205,east_siberian
2024-10-12,0.16158651,0.7276611328125,-2.9403229,-11.15744,6.9768877,10.87657642364502,1.174486,2.1177616119384766,3.284086,east_siberian
2024-10-13,0.17966366,0.7481689453125,-3.1544647,-12.066498,7.309304,11.28994369506836,1.3402797,2.2760162353515625,2.9251814,east_siberian
2024-10-14,0.19956516,0.802886962890625,-3.5287704,-11.560394,6.958904,12.064536094665527,1.3496864,2.5585145950317383,2.6325827,east_siberian
2024-10-15,0.22462955,0.844207763671875,-3.8220596,-12.1492,8.490387,13.252413749694824,1.469194,2.770967721939087,2.2131724,east_siberian
2024-10-16,0.26527473,0.9013671875,-5.235428,-14.208099,6.4442515,12.204349517822266,1.2579803,2.776167392730713,2.8286846,east_siberian
2024-10-17,0.29976654,0.93206787109375,-6.016304,-14.572113,6.9719486,12.072362899780273,1.1133792,2.2522683143615723,3.2125993,east_siberian
2024-10-18,0.32100928,0.9468994140625,-6.3195496,-14.852386,7.988917,12.384967803955078,1.5470389,2.5991528034210205,2.5702984,east_siberian
2024-10-19,0.3467571,0.930999755859375,-5.654236,-13.290375,9.902526,14.115468978881836,1.9060209,3.1898345947265625,2.1309812,east_siberian
2024-10-20,0.37845215,0.90167236328125,-5.116173,-16.063324,11.415895,15.65066909790039,2.286427,3.819718456268311,2.022203,east_siberian
2024-10-21,0.39868385,0.876373291015625,-5.8066025,-16.466644,15.093975,20.273990631103516,3.3187804,5.601928234100342,2.1052356,east_siberian
2024-10-22,0.4717486,0.86651611328125,-7.908806,-15.717377,11.79818,18.306161880493164,2.5476184,5.480131149291992,3.05168,east_siberian
2024-10-23,0.58832026,0.88726806640625,-7.3065567,-14.789642,8.241148,11.081742286682129,1.268462,2.2007039070129393,3.2409973,east_siberian
2024-10-24,0.7157973,0.905548095703125,-7.5512543,-17.412018,9.394273,13.289319038391113,1.1183031,1.7684794902801515,2.930788,east_siberian
2024-10-25,0.801899,0.927520751953125,-9.105415,-20.115067,6.292083,12.713130950927734,0.62433434,0.9847040653228761,2.5675755,east_siberian
2024-10-26,0.829526,0.954864501953125,-9.596245,-16.389587,4.350834,6.822653770446777,,,2.4575467,east_siberian
2024-10-27,0.8449503,0.967041015625,-9.916122,-17.153046,3.8605995,7.356373310089111,,,2.5536506,east_siberian
2024-10-28,0.8781213,0.978851318359375,-10.432526,-17.360474,3.9874563,7.832736492156982,,,1.9816782,east_siberian
2024-10-29,0.9065519,0.98968505859375,-11.672974,-18.161972,3.2793732,5.664289951324463,,,1.6731087,east_siberian
2024-10-30,0.91905874,0.9959716796875,-11.900154,-19.290512,4.225699,8.756991386413574,,,1.7266,east_siberian
2024-10-31,0.9210348,0.997650146484375,-12.147217,-19.394775,5.7103324,10.6925630569458,,,1.7281401,east_siberian
2015-07-01,0.28029853,0.8102569580078125,1.6988373,-1.8770447,5.7387238,9.67320728302002,0.8842027,1.616743803024292,1.6651947,kara
2015-07-02,0.27014488,0.7815399169921875,1.6958923,-1.4146423,5.5811186,8.570425033569336,0.76788986,1.2749144315719605,1.757232,kara
2015-07-03,0.26733303,0.7726287841796875,1.8754349,-0.83529663,5.4671144,9.268515586853027,0.6970489,1.3670520305633544,1.6588202,kara
2015-07-04,0.2523757,0.7541351318359375,1.7552261,-2.5081482,6.5943804,11.762693405151367,0.83209336,1.8821982145309448,1.6285305,kara
2015-07-05,0.26656297,0.8521270751953125,2.1355133,-1.0652771,9.284821,14.366868495941162,1.8947761,3.6348092555999756,1.6716342,kara
2015-07-06,0.25494552,0.856048583984375,2.593155,-1.4385681,8.954891,14.533026218414307,2.1751177,3.811674404144288,1.5390576,kara
2015-07-07,0.24148475,0.8372344970703125,2.8032227,-1.4795837,7.104985,11.563402652740479,1.274364,2.9164403915405273,1.5237277,kara
2015-07-08,0.22529353,0.80755615234375,2.3102417,-0.62924194,7.3687963,10.854135513305664,1.1982986,2.092820405960083,1.1992068,kara
2015-07-09,0.19858101,0.711517333984375,2.2885666,-0.6963806,6.7885666,9.729557037353516,1.0461667,1.928269195556641,1.0096527,kara
2015-07-10,0.20614916,0.7499847412109375,1.5541458,-1.4927673,6.5756974,10.373157978057861,0.98244953,1.872695302963257,0.92308867,kara
2015-07-11,0.20699657,0.7795867919921875,1.2732468,-2.821869,5.4116435,8.800182342529297,0.66565096,1.6639504909515381,0.8076428,kara
2015-07-12,0.19568163,0.7367706298828125,1.1383209,-1.6109314,6.1156187,8.46182918548584,0.727982,1.2600535392761232,0.7217155,kara
2015-07-13,0.19703335,0.7498016357421875,1.2878876,-1.5413513,5.4552803,9.693812847137451,0.6269858,1.3972980260849002,0.8280035,kara
2015-07-14,0.19408087,0.714996337890625,1.8477478,-1.3123474,5.711546,10.360036849975586,0.7967998,1.9517781257629396,0.7930778,kara
2015-07-15,0.18461797,0.7112884521484375,2.98674,-1.3299255,6.9786043,11.154583930969238,0.9627842,1.8784844160079952,0.9969051,kara
2015-07-16,0.1559803,0.64056396484375,2.7905273,-0.5689392,7.2979693,10.819671154022217,1.0060438,1.7306791305541993,1.1376978,kara
2015-07-17,0.14681134,0.60687255859375,2.5702667,-0.77645874,5.8597164,9.920838832855225,0.8859433,1.7080266237258912,1.0586107,kara
2015-07-18,0.14756107,0.613128662109375,2.4075851,-1.1509705,5.4481077,8.162886619567871,0.7275143,1.1852213382720957,1.0054176,kara
2015-07-19,0.15068856,0.6342926025390625,2.572731,-1.0154724,4.721751,7.316366672515869,0.5997063,1.0186407089233398,0.8999932,kara
2015-07-20,0.13944404,0.5944671630859375,3.0879211,-1.2496033,6.1611214,10.882725238800049,0.76073563,1.6301804542541505,0.896912,kara
2015-07-21,0.12881945,0.5800323486328125,3.8974838,-0.7889099,8.192244,11.85487413406372,1.3977344,2.548446846008301,1.1621721,kara
2015-07-22,0.11356308,0.531341552734375,4.2393417,-1.0132751,6.8109703,11.662346839904785,1.241786,2.4959344387054445,1.2052969,kara
2015-07-23,0.10192568,0.4839019775390625,4.5094833,-1.0760193,4.839226,7.951153993606567,0.70501554,1.4111948013305664,1.1075977,kara
2015-07-24,0.09193354,0.4455718994140625,4.7714844,-0.8580017,5.6053123,8.624070644378662,0.6944971,1.1746947526931764,0.89641476,kara
2015-07-25,0.07950258,0.4022674560546875,5.379898,-0.21029663,5.8451066,8.594964027404785,0.74555385,1.1080602407455444,0.9412917,kara
2015-07-26,0.07163238,0.3767852783203125,5.6491547,-0.50912476,6.413241,9.078636646270752,0.8458914,1.360438346862793,1.0260427,kara
2015-07-27,0.06835622,0.3491668701171875,5.179512,-1.4654236,6.3591814,9.32259750366211,0.9702126,1.487663173675537,1.0634739,kara
2015-07-28,0.066270605,0.338287353515625,4.816696,-1.7632751,6.310341,9.611378192901611,1.0038507,1.6805047988891602,1.0369873,kara
2015-07-29,0.06026976,0.302734375,5.0610046,-1.5640564,6.8646636,10.383670806884766,1.10743,1.900071382522583,1.1839951,kara
2015-07-30,0.057590943,0.285247802734375,5.159233,-1.4239197,6.9977965,11.018030643463135,1.1880727,2.0284039974212646,1.2031547,kara
2015-07-31,0.057530787,0.2829742431640625,5.3539886,-1.7139587,6.597945,10.41758918762207,1.0950897,1.915037441253662,1.1073325,kara
2015-08-01,0.050394237,0.2536163330078125,5.415436,-1.8809509,6.0151024,9.602855682373047,0.82402515,1.6193868160247804,0.9894965,kara
2015-08-02,0.04871128,0.2309417724609375,4.9524918,-1.07724,6.471336,9.313969135284424,0.81188834,1.4014449596405032,1.1296191,kara
2015-08-03,0.05344505,0.236236572265625,4.227455,-1.5555115,6.46317,10.43007755279541,0.8901776,1.7124588251113892,1.67937,kara
2015-08-04,0.052246023,0.2422637939453125,3.5194855,-2.316986,5.435904,10.355120182037354,0.7773783,1.6259639501571657,2.0070941,kara
2015-08-05,0.04769931,0.2288970947265625,3.0969162,-1.3924255,4.9481688,9.783498764038086,0.6382463,1.4277824878692627,1.8504544,kara
2015-08-06,0.04769931,0.2288970947265625,2.8857346,-1.5437927,4.7111187,9.243782997131348,0.5258355,1.053110575675964,1.3385642,kara
2015-08-07,0.029338116,0.07464599609375,3.129898,-1.0186462,4.971483,8.994163990020752,0.5792868,1.0551888465881347,1.194705,kara
2015-08-08,0.026059836,0.0457000732421875,3.3614807,-0.69052124,4.3281093,7.735394716262817,0.59483486,1.0619618654251104,1.0900639,kara
2015-08-09,0.026200576,0.075042724609375,3.5297546,-0.56674194,3.3482783,6.117110252380371,0.46711788,0.7914490699768066,1.1220598,kara
2015-08-10,0.0272082,0.07855224609375,3.8300552,-0.85092163,3.3224142,5.808121204376221,0.3707946,0.6153384447097778,1.3376557,kara
2015-08-11,0.029513422,0.091949462890625,3.8690872,-0.63827515,4.135032,6.209697961807251,0.403793,0.7318154096603393,1.7090396,kara
2015-08-12,0.03365366,0.088531494140625,4.14003,-2.469818,4.1606293,6.430683851242065,0.46544296,0.7293800354003906,1.782824,kara
2015-08-13,0.028632646,0.084686279296875,4.521881,-1.6961365,3.8051302,6.046116828918457,0.49983525,0.9129320025444032,1.4184673,kara
2015-08-14,0.03254543,0.111572265625,4.713379,-1.0948181,5.2097816,8.203572750091553,0.70492864,1.3373651027679443,1.5736783,kara
2015-08-15,0.03926815,0.157318115234375,4.0265656,-1.3597107,6.414861,8.59259843826294,0.9588383,1.4651161193847657,2.4323285,kara
2015-08-16,0.04852674,0.197540283203125,3.5476685,-2.1775818,6.7388496,9.389500617980957,1.0294191,1.5589284896850586,2.5397215,kara
2015-08-17,0.055089567,0.2115631103515625,3.4699478,-2.0655212,5.639304,8.592558860778809,0.85349405,1.465701389312744,2.6028082,kara
2015-08-18,0.05445607,0.20770263671875,3.5850525,-2.9790955,5.3354635,8.831766605377197,0.7530664,1.2282782793045044,2.7436547,kara
2015-08-19,0.050932236,0.20916748046875,3.5635757,-1.9571228,5.928435,10.101858139038086,0.92792076,1.7451588153839113,2.5547023,kara
2015-08-20,0.04817192,0.1923828125,3.6869583,-1.7796326,5.1604605,9.24070405960083,0.8365061,1.4698140382766725,2.2213917,kara
2015-08-21,0.033784386,0.1103515625,3.8121262,-1.4541931,5.1656685,10.099726676940918,0.7632819,1.491943120956421,2.1515746,kara
2015-08-22,0.021188593,0.0,3.9513397,-1.1492615,9.179085,14.111352920532227,1.5352727,3.3872204780578614,2.418848,kara
2015-08-23,0.018083444,0.0,3.3328476,-2.3987732,10.506424,14.529494762420654,2.4480348,3.979041814804077,2.3641431,kara
2015-08-24,0.011698291,0.0,3.023201,-2.3145447,8.620514,12.66032886505127,1.9283941,3.2389936447143555,2.4073048,kara
2015-08-25,0.010341612,0.0,3.0885544,-0.8025818,6.5662823,11.56324052810669,1.3471911,2.498185968399048,2.177669,kara
2015-08-26,0.0047586947,0.0,3.4004288,-0.71517944,4.7592077,7.998593807220459,0.87835044,1.4996671676635742,2.3126516,kara
2015-08-27,0.0040160757,0.0,3.5385056,-2.4356384,4.4383874,8.263404846191406,0.7087989,1.2473695278167727,2.1888294,kara
2015-08-28,0.0021813922,0.0,3.5268173,-1.401947,4.820403,8.835573196411133,0.615679,1.1301189422607423,2.0169253,kara
2015-08-29,0.0019933095,0.0,3.113861,-3.8287048,4.1721234,9.185844421386719,0.64742684,1.3141236543655395,2.3170362,kara
2015-08-30,0.0012364428,0.0,3.2578888,-4.628998,5.2739673,9.255265712738037,0.6765474,1.3136713027954103,2.0380154,kara
2015-08-31,0.0013374542,0.0,2.9208298,-3.598236,5.514205,7.722653150558472,0.82030666,1.2635064125061035,2.3120255,kara
2015-09-01,0.0034960324,0.0,2.7171707,-4.1739197,5.055424,8.479060649871826,0.79686403,1.6092647790908816,2.5793276,kara
2015-09-02,0.006299297,0.0,3.0710678,-4.665863,5.779307,9.9765043258667,0.8441301,1.5838153839111329,2.1737316,kara
2015-09-03,0.0046668397,0.0,3.7306595,-4.801361,8.120916,11.426690578460693,1.2448314,2.1270663738250737,1.6667931,kara
2015-09-04,0.0043680537,0.0,4.187851,-2.801117,7.3247476,10.852440357208252,1.2440778,2.055827331542969,1.7432485,kara
2015-09-05,0.0037817655,0.0,3.5655136,-3.63266,6.2732754,11.017874717712402,1.0066009,1.6902921676635747,1.82099,kara
2015-09-06,0.0040482194,0.0,2.9074554,-4.1072693,4.310014,7.460722923278809,0.66734904,1.0541127681732179,2.2572782,kara
2015-09-07,0.0065982514,0.0,2.569519,-4.0398865,3.91614,7.943448066711426,0.49676725,0.8617751717567445,2.5325165,kara
2015-09-08,0.003741576,0.0,3.5874786,-3.1150818,6.6745205,10.550647735595703,0.8709287,1.6029774188995365,1.5892706,kara
2015-09-09,0.0030338021,0.0,3.5297012,-2.1788025,7.431196,12.252789974212646,1.3159673,2.460854482650757,1.4141716,kara
2015-09-10,0.004376561,0.0,2.020996,-6.5677185,8.847063,12.566030025482178,1.6654816,2.6424057960510257,2.433872,kara
2015-09-11,0.010148314,0.0,0.50531006,-8.151703,9.631416,13.184895515441895,1.936466,3.152563285827637,3.910708,kara
2015-09-12,0.014462125,0.0,-0.06100464,-8.201019,9.960548,14.179677486419678,2.0864372,3.392089605331421,3.7317526,kara
2015-09-13,0.01671873,0.0,1.3092117,-7.714447,9.560792,14.178375720977783,2.2395399,3.7779009342193604,2.8845286,kara
2015-09-14,0.023106258,0.0,1.7988281,-6.6336365,5.0353627,11.117882251739502,1.2629427,2.6054941654205326,2.3855152,kara
2015-09-15,0.015740372,0.0,2.2577133,-4.2779236,5.313946,10.187101364135742,0.8287116,1.5300133466720585,2.1820989,kara
2015-09-16,0.02070069,0.0,1.867012,-8.810883,5.63282,8.75893497467041,0.85385376,1.4268999576568604,1.9236491,kara
2015-09-17,0.023915187,0.0,1.8177109,-7.5523376,5.4176245,9.158101081848145,0.878158,1.3891846656799316,1.7149053,kara
2015-09-18,0.019672168,0.0,1.5697632,-7.417328,5.5272894,8.448253154754639,0.775267,1.1880974292755127,1.84905,kara
2015-09-19,0.028743345,0.0,0.24996948,-9.499115,6.197502,8.400738716125488,0.8701035,1.29640052318573,2.6336188,kara
2015-09-20,0.033288933,0.0,0.56490326,-9.826996,4.7580147,7.684844017028809,0.7014933,1.1858880519866943,3.0382588,kara
2015-09-21,0.03335447,0.0,1.2257309,-3.8838806,3.9410598,6.7242491245269775,0.5384899,0.8185628056526184,2.2210596,kara
2015-09-22,0.03936532,0.0741119384765625,0.91311646,-12.451019,3.4702816,6.131219148635864,0.47983813,0.6889016628265381,2.1994567,kara
2015-09-23,0.03936532,0.0741119384765625,1.6652756,-8.843353,7.3641205,12.003968715667725,0.93875337,2.2249409675598146,2.1354685,kara
2015-09-24,0.039623722,0.0,0.98430634,-10.765961,7.0009966,12.48031759262085,1.2926512,2.564362621307373,1.8505766,kara
2015-09-25,0.050916396,0.161865234375,1.4849777,-11.533539,5.0464077,8.021032333374023,0.79810166,1.3541601181030274,1.3725086,kara
2015-09-26,0.04594178,0.0255126953125,1.0096664,-11.401459,6.4569597,10.241980075836182,0.90079266,1.486545205116272,1.1715848,kara
2015-09-27,0.07307954,0.2636260986328125,-1.9401855,-12.860443,8.146574,12.074129581451416,1.3013223,2.6300008296966553,2.965606,kara
2015-09-28,0.08936323,0.465789794921875,-2.5737839,-13.516693,8.918659,12.9481782913208,1.7720845,2.924443244934082,4.831538,kara
2015-09-29,0.07733227,0.40423583984375,0.8302231,-7.5433044,8.774406,14.029099941253662,1.5513799,3.3976799964904787,3.3126004,kara
2015-09-30,0.054208115,0.1623382568359375,1.7263641,-7.796295,12.625078,16.91830062866211,3.2023036,6.224069499969483,3.010751,kara
2015-10-01,0.028815635,0.0,1.1782532,-6.2278748,11.257627,15.682241916656494,3.2709827,5.939794540405273,2.7835338,kara
2015-10-02,0.020757683,0.0,0.051712036,-11.058075,8.159949,12.54889726638794,2.0980713,3.592529773712158,3.006109,kara
2015-10-03,0.018029632,0.0,-0.75416565,-9.691254,6.1481886,9.976632595062256,1.2753284,2.240136432647705,3.5961497,kara
2015-10-04,0.018457066,0.0,-1.1644821,-7.493866,5.5027165,8.018669128417969,0.868728,1.3406537055969239,3.356113,kara
2015-10-05,0.022914924,0.0,-1.2913437,-9.224213,6.947267,9.944188594818115,1.0087451,1.6675485372543335,3.4818416,kara
2015-10-06,0.027410502,0.039398193359375,-1.102478,-9.701996,7.94375,11.677734375,1.4459364,2.6290820121765135,3.6073792,kara
2015-10-07,0.041575957,0.110748291015625,-1.1684723,-11.148041,6.8399496,11.547240734100342,1.3146057,2.609917688369751,3.4533296,kara
2015-10-08,0.048440374,0.179595947265625,-1.7786713,-13.078949,6.260607,9.115960121154785,1.0246137,1.5417942523956298,3.1956682,kara
2015-10-09,0.048743587,0.201416015625,-1.3558121,-12.524384,5.353225,9.683667659759521,0.83778995,1.3236101627349854,2.7937577,kara
2015-10-10,0.046874903,0.1881256103515625,-1.6152802,-12.471039,6.7726293,13.294751644134521,1.0748779,2.5556921005249027,2.387933,kara
2015-10-11,0.05157476,0.23797607421875,-1.9467316,-12.1214905,5.0333185,11.476539611816406,0.98855263,2.525240135192872,2.4085894,kara
2015-10-12,0.065380335,0.3047943115234375,-2.2457047,-12.428314,4.51324,7.039438486099243,0.66270494,0.9721882462501527,2.997515,kara
2015-10-13,0.08269953,0.4031219482421875,-2.5844727,-14.630707,4.73816,7.029098749160767,0.71784186,1.288821268081665,2.9163842,kara
2015-10-14,0.08301121,0.4044036865234375,-3.3252258,-17.201843,5.443078,8.739234924316406,0.87180686,1.3782320261001586,3.86895,kara
2015-10-15,0.10146118,0.465240478515625,-3.6099777,-19.060944,6.336761,10.563317775726318,1.0125432,1.682775783538819,4.62369,kara
2015-10-16,0.11737871,0.4550933837890625,-3.7505798,-17.317825,9.200422,13.795679092407227,1.7364086,3.5137084960937504,4.322036,kara
2015-10-17,0.12923817,0.515594482421875,-4.2329254,-17.340057,9.19854,12.868829250335693,2.0006125,3.30697193145752,3.9336178,kara
2015-10-18,0.16747075,0.652099609375,-4.52269,-16.442352,7.440565,11.636239051818848,1.5408812,2.3849367618560793,4.2193193,kara
2015-10-19,0.17576997,0.7350006103515625,-3.7236938,-18.608017,9.115668,15.81102991104126,1.8518728,4.113878440856934,3.4075046,kara
2015-10-20,0.12770645,0.617706298828125,-3.0624542,-20.42395,10.489237,16.865020751953125,2.7175188,4.631270313262941,1.8827121,kara
2015-10-21,0.12995349,0.5100555419921875,-4.1960983,-19.45169,7.8579903,11.777392864227295,1.7096498,2.707537794113159,3.1537542,kara
2015-10-22,0.18945377,0.694854736328125,-4.9058914,-15.316315,6.8507047,11.175194263458252,1.3485131,2.0927563667297364,3.894933,kara
2015-10-23,0.264705,0.8175048828125,-5.275879,-14.696625,4.885209,7.959242582321167,0.8725309,1.4084785938262943,4.229782,kara
2015-10-24,0.33039635,0.8943328857421875,-5.8460464,-17.84526,4.4379034,8.535585880279541,0.7515328,1.5028958320617676,3.9959369,kara
2015-10-25,0.32865933,0.897003173828125,-4.1882553,-21.974518,8.548803,13.620672225952148,1.8109889,3.0594120979309083,1.9433241,kara
2015-10-26,0.2495736,0.824554443359375,-1.4782104,-14.27597,9.81982,13.690197467803955,2.3591416,3.559925889968872,1.3586099,kara
2015-10-27,0.24773872,0.836181640625,-4.336952,-15.624115,7.3588305,11.603020668029785,1.8263981,3.3969939708709718,2.2952828,kara
2015-10-28,0.27230364,0.878875732421875,-5.3157883,-15.165619,8.011433,12.450428485870361,1.7195716,2.943166399002075,2.9770648,kara
2015-10-29,0.30031094,0.89910888671875,-6.715149,-15.94516,9.252751,13.677300930023193,1.8925488,3.1196038722991943,3.6719515,kara
2015-10-30,0.33590695,0.8456268310546875,-7.204094,-18.544739,10.065219,14.386389255523682,2.069368,3.345249652862549,3.6776574,kara
2015-10-31,0.38301814,0.847137451171875,-7.5976257,-16.296173,8.486116,12.87882661819458,1.8028299,3.263128662109375,3.5263867,kara
2016-07-01,0.22614694,0.8299102783203125,2.442543,-1.6551208,4.9916096,7.582722187042236,0.47603813,0.974909234046936,1.2199378,kara
2016-07-02,0.2111042,0.8067474365234375,3.017128,-1.1023865,5.1459517,8.209033489227295,0.5818902,1.117865037918091,1.0179393,kara
2016-07-03,0.1986117,0.778167724609375,3.0064545,-0.7168884,3.5775304,7.0326244831085205,0.39773303,0.899331784248352,0.93163276,kara
2016-07-04,0.21022311,0.7756805419921875,4.212494,-0.7823181,6.4193473,12.783459663391113,0.65781736,2.036537265777588,0.99361426,kara
2016-07-05,0.15808457,0.6506805419921875,4.9479218,-0.7835388,6.7053604,14.313994407653809,0.9992328,2.5810273647308346,1.2422235,kara
2016-07-06,0.16294941,0.691986083984375,4.376877,-1.7781677,5.157162,9.314666748046875,0.69242406,1.2621366262435914,1.3306832,kara
2016-07-07,0.16350749,0.7071533203125,3.9988403,-1.4959412,6.0034647,9.409640312194824,0.6622722,1.1878083944320679,1.5066044,kara
2016-07-08,0.16349939,0.7055511474609375,3.375908,-0.8760681,6.116602,9.185864925384521,0.73396766,1.351592779159546,1.5670525,kara
2016-07-09,0.1590651,0.67626953125,3.1144943,-1.4190369,5.2534585,7.788981914520264,0.63161254,1.031958055496216,1.4961121,kara
2016-07-10,0.17548178,0.679901123046875,3.200508,-1.1853943,5.2472515,9.671139240264893,0.6922613,1.5061575889587404,1.4162402,kara
2016-07-11,0.16148421,0.6549072265625,3.3843613,-1.7388611,5.056279,8.114989280700684,0.66688955,1.4260359048843387,1.2163701,kara
2016-07-12,0.15747745,0.6393890380859375,3.8453293,-1.3765564,5.3871427,9.378591537475586,0.6378131,1.4229696989059448,1.2050083,kara
2016-07-13,0.1548362,0.64697265625,4.044388,-1.5794373,5.4682236,9.113266468048096,0.77738464,1.5598413944244385,1.0838362,kara
2016-07-14,0.1456497,0.6116790771484375,4.813545,-1.5049744,4.426023,6.8767924308776855,0.5568489,1.1014033794403078,1.1795701,kara
2016-07-15,0.13816166,0.5524749755859375,5.9637527,-0.8279724,3.8258214,6.640874862670898,0.39100006,0.6314093470573428,1.770926,kara
2016-07-16,0.12746646,0.5055389404296875,6.697693,-0.2749939,4.7978783,7.2888665199279785,0.39642805,0.5866613388061523,1.9320314,kara
2016-07-17,0.1210028,0.4803009033203125,5.9273224,-0.27597046,4.9087358,8.116676330566406,0.56898326,1.0700200080871582,1.0303818,kara
2016-07-18,0.112056166,0.464874267578125,5.366211,-0.4402771,3.8103538,6.887586355209351,0.5513241,1.087186646461487,0.968969,kara
2016-07-19,0.119047366,0.488677978515625,5.699768,-0.8938904,4.0551443,7.250950336456299,0.45550928,0.8465261697769164,1.07274,kara
2016-07-20,0.13235404,0.542022705078125,6.956833,-0.745697,5.507916,9.372519969940186,0.64757323,1.3097870349884033,1.1337925,kara
2016-07-21,0.11098878,0.4727783203125,6.500824,-0.342865,7.759913,10.712697982788086,1.2093493,2.302388572692871,1.3640059,kara
2016-07-22,0.097280495,0.4200897216796875,5.85553,-0.5982361,8.830003,12.118464469909668,1.7168981,2.7686588287353517,1.6823345,kara
2016-07-23,0.099309094,0.4382781982421875,4.958168,-0.9131775,7.860833,11.765321731567383,1.5887648,2.785666513442993,2.1520233,kara
2016-07-24,0.09591028,0.405487060546875,4.838768,-0.9563904,6.130064,9.61055326461792,1.0394355,1.9641731977462769,2.1586065,kara
2016-07-25,0.09421322,0.4018096923828125,5.19223,-0.85824585,4.811525,8.195765972137451,0.6561682,1.3665877103805544,1.9137433,kara
2016-07-26,0.100895315,0.433502197265625,5.2723923,-1.1551208,5.668365,9.319496631622314,0.6979893,1.2631631374359131,1.8779685,kara
2016-07-27,0.0978667,0.4217681884765625,4.4975967,-1.2088318,7.598703,12.043654918670654,1.272814,2.5751383781433104,2.2412226,kara
2016-07-28,0.104698576,0.4445037841796875,4.242279,-1.0081482,7.362794,12.536844730377197,1.4630479,2.821165561676025,2.1518679,kara
2016-07-29,0.10264612,0.431365966796875,4.3066406,-1.1578064,6.940309,11.681025505065918,1.2924025,2.474398374557496,1.9975791,kara
2016-07-30,0.101438664,0.4352569580078125,3.985855,-1.8118591,5.6679006,10.140363216400146,0.9548931,2.039695978164673,2.2518559,kara
2016-07-31,0.094344564,0.4195556640625,4.845375,-1.8653259,4.7436466,9.242279052734375,0.6843046,1.381512022018433,2.132598,kara
2016-08-01,0.09151337,0.4009857177734375,5.4005203,-0.9163513,6.6689024,10.885133743286133,0.9613584,1.7920211553573613,1.8820279,kara
2016-08-02,0.09571223,0.416900634765625,4.5885696,-0.30526733,6.485084,9.959524631500244,0.9725305,1.500660514831543,2.2921808,kara
2016-08-03,0.08070299,0.3471832275390625,4.5371094,-0.78012085,7.271247,11.105738162994385,1.150511,2.2647836208343506,2.298376,kara
2016-08-04,0.08211545,0.361968994140625,4.5247116,-1.4334412,8.401751,13.323946952819824,1.5914418,2.948944234848023,2.19666,kara
2016-08-05,0.092925064,0.429107666015625,4.6329727,-1.4812927,8.668142,14.374398708343506,1.8760253,3.5854616641998294,2.0242496,kara
2016-08-06,0.085205294,0.379119873046875,4.87899,-2.1114197,5.2581797,9.994552612304688,1.0034785,2.349189519882202,1.597978,kara
2016-08-07,0.087190665,0.39300537109375,4.7237473,-1.2762146,4.4436173,7.444535255432129,0.6151858,1.0103793382644657,1.7292656,kara
2016-08-08,0.08162019,0.3587646484375,4.6247253,-2.346527,4.61893,8.922266960144043,0.6124975,1.1886380434036266,2.24194,kara
2016-08-09,0.09240298,0.3878936767578125,5.478607,-2.566986,5.1852765,8.432817459106445,0.75623614,1.2534464597702026,1.2513294,kara
2016-08-10,0.09455822,0.3920440673828125,5.8752136,-0.9119568,7.060474,11.314949989318848,0.972172,1.7310394048690796,0.8114531,kara
2016-08-11,0.08080668,0.3667755126953125,5.2856445,-0.8123474,8.372839,11.935214519500732,1.4555972,2.1778831481933594,1.5356638,kara
2016-08-12,0.08158576,0.354583740234375,5.5322723,-2.1351013,6.4493933,10.879716873168945,1.2796406,2.1976840972900393,1.807882,kara
2016-08-13,0.11493636,0.4402008056640625,5.857628,-2.0430603,7.3021564,12.965354442596436,1.2827265,2.3570680618286133,1.6083803,kara
2016-08-14,0.088336825,0.390045166015625,4.341774,-2.4842224,9.854514,14.921465873718262,2.1167672,3.533495426177979,2.8345518,kara
2016-08-15,0.07471847,0.3349151611328125,5.0580444,-1.5691833,8.367672,13.79527759552002,1.6352066,2.882369422912598,2.373702,kara
2016-08-16,0.07618107,0.3388824462890625,4.681511,-1.6607361,6.9181023,11.730909824371338,1.1976286,2.13804144859314,1.7593753,kara
2016-08-17,0.07713997,0.3604736328125,4.1377106,-1.9949646,7.520566,11.41818380355835,1.1147664,1.9792864799499514,1.7759424,kara
2016-08-18,0.070392214,0.311859130859375,4.5864105,-2.2703552,7.021549,10.210724353790283,1.1968465,1.9982786178588867,1.5378863,kara
2016-08-19,0.08033385,0.353424072265625,4.401802,-1.6665955,6.5819826,9.892568588256836,1.1832464,2.0110308647155763,1.2706063,kara
2016-08-20,0.07464137,0.3302001953125,4.7341156,-0.91586304,5.5725265,9.137115001678467,1.0462513,1.7262399673461912,0.7655408,kara
2016-08-21,0.070583545,0.3182373046875,5.4809036,-1.5835876,6.3405566,11.141324996948242,0.9069749,1.5182412624359132,0.5299126,kara
2016-08-22,0.082419194,0.3583831787109375,4.3646164,-2.9947205,10.737118,14.299653053283691,2.1169708,3.4711889266967777,1.8111784,kara
2016-08-23,0.07255321,0.329986572265625,2.7056503,-4.7532654,9.142879,13.159541130065918,1.9178293,3.4796864032745365,3.5172493,kara
2016-08-24,0.07032974,0.3294525146484375,1.9199448,-4.3438416,10.240755,14.15696668624878,2.1964421,3.8195472240447996,3.7000828,kara
2016-08-25,0.06366701,0.3071746826171875,2.2659302,-6.5645447,7.2405605,13.118813037872314,1.713371,3.0673465251922605,3.6941817,kara
2016-08-26,0.062352303,0.279052734375,3.0329208,-5.754486,6.768358,11.045139789581299,1.345732,2.01125431060791,2.6776817,kara
2016-08-27,0.06348029,0.2819671630859375,2.6106644,-5.428314,5.9393063,10.519842624664307,1.1494997,1.822231388092041,2.7373195,kara
2016-08-28,0.06854352,0.32196044921875,2.5870743,-4.8753357,5.878358,10.499024868011475,1.1028839,2.006808185577393,2.5226471,kara
2016-08-29,0.058873147,0.263671875,3.1203156,-3.3455505,5.739386,9.13017463684082,0.8927154,1.327924680709839,2.153772,kara
2016-08-30,0.048988163,0.2179718017578125,3.7975311,-1.8870544,7.655626,11.982446193695068,1.1751034,2.2294864654541016,1.7451674,kara
2016-08-31,0.04362991,0.1892547607421875,3.261116,-2.2998962,6.3595276,11.79955768585205,1.3010092,2.497380256652832,2.2599301,kara
2016-09-01,0.039984625,0.164459228515625,3.4882584,-3.6072693,6.6915455,10.494420528411865,1.0526515,1.6327817440032961,1.713988,kara
2016-09-02,0.030262938,0.088165283203125,4.9234543,-2.2747498,8.615923,12.675661087036133,1.4511521,2.968468618392945,1.7147869,kara
2016-09-03,0.022006892,0.01385498046875,5.0590134,-1.5940857,7.360301,10.356739521026611,1.4612266,2.6070552825927735,1.4572288,kara
2016-09-04,0.024440764,0.0524444580078125,4.9260254,-2.532074,6.5603957,9.276081085205078,1.080847,1.7545726299285889,1.1179148,kara
2016-09-05,0.022747826,0.0,4.3610306,-1.4849548,4.5464272,8.214678764343262,0.73464626,1.407093715667725,0.5371005,kara
2016-09-06,0.024896191,0.027496337890625,4.2220535,-2.787201,3.5342271,6.373698949813843,0.4840389,0.7650538682937622,0.4324025,kara
2016-09-07,0.03061862,0.0603790283203125,4.766754,-1.2654724,5.030613,8.42519760131836,0.5382024,0.8599590897560121,0.5034767,kara
2016-09-08,0.0317543,0.082489013671875,5.1124496,-1.8201599,6.1929502,9.022033214569092,0.71743464,1.285856342315674,0.89396363,kara
2016-09-09,0.037406515,0.1193084716796875,5.3238144,-1.5027771,6.71594,9.0989089012146,0.8872342,1.2974985361099243,0.96350825,kara
2016-09-10,0.030033229,0.052001953125,5.4070816,-2.2876892,5.9787674,9.0170259475708,0.94977236,1.4103755235671995,1.0121475,kara
2016-09-11,0.025596332,0.023895263671875,5.7598267,-1.0686951,5.821453,8.437536239624023,0.739907,1.0937502145767213,0.79791296,kara
2016-09-12,0.026704617,0.0,6.076332,0.30899048,6.6208334,9.182196140289307,0.8524163,1.334969234466553,0.68689746,kara
2016-09-13,0.025049573,0.0,6.0124435,0.59072876,5.32097,8.621407985687256,0.810904,1.2625018119812013,0.88988745,kara
2016-09-14,0.019710325,0.0,5.862732,1.0487366,6.2669783,11.103032112121582,0.89869785,1.805194902420044,0.9485732,kara
2016-09-15,0.030710088,0.0083160400390625,5.382332,0.31826782,6.704048,11.32625961303711,1.1678845,2.132137680053711,0.7020006,kara
2016-09-16,0.0245254,0.0,4.145172,-4.0870056,5.172414,7.222481966018677,0.9809562,1.840755319595337,0.75498235,kara
2016-09-17,0.0248162,0.007598876953125,2.9752884,-4.136322,4.1951427,7.527544260025024,0.75010955,1.2968370914459229,1.5072803,kara
2016-09-18,0.020718893,0.0,2.746849,-3.5039978,6.4106874,11.145768642425537,0.95913184,1.8905423164367676,2.2246976,kara
2016-09-19,0.020514436,0.0,3.5458908,-1.7539978,8.410542,14.097712993621826,1.5769484,3.461722803115845,1.6849198,kara
2016-09-20,0.022699257,0.0,3.1331635,-3.1626892,7.7717094,12.074783325195312,1.6712945,3.059296131134033,1.6030363,kara
2016-09-21,0.025388349,0.0,1.7526093,-4.5240173,6.700472,11.428995132446289,1.3762869,2.6346496582031254,3.0693555,kara
2016-09-22,0.024660394,0.0,2.7124557,-4.8208923,7.782228,12.383975505828857,1.530661,2.850797653198242,1.8298972,kara
2016-09-23,0.02590041,0.025970458984375,1.9878769,-6.705658,7.587905,11.412767887115479,1.440606,2.130844306945801,2.6431313,kara
2016-09-24,0.026773142,0.0606536865234375,1.4910583,-6.037201,7.5212717,12.587680339813232,1.4421878,2.7014910221099853,2.6276722,kara
2016-09-25,0.037909474,0.1262359619140625,1.5510864,-7.4544373,7.008079,14.079249382019043,1.3674569,3.149616050720215,2.4606142,kara
2016-09-26,0.03863052,0.14361572265625,0.7747345,-9.63681,6.627226,10.919563293457031,1.1631315,2.0377922534942656,3.4377117,kara
2016-09-27,0.02418767,0.0323944091796875,1.3611374,-6.145111,6.5351567,9.378931999206543,1.0599385,1.8001844882965092,2.800395,kara
2016-09-28,0.025830477,0.06793212890625,2.66053,-5.730438,7.1105623,10.442682266235352,1.188827,1.8485116958618164,1.5873473,kara
2016-09-29,0.035174068,0.120819091796875,2.3572998,-6.262787,6.8591123,11.051517963409424,1.3336296,1.9233598709106445,1.2901962,kara
2016-09-30,0.03707064,0.127593994140625,2.3208084,-7.2830505,7.282159,10.277795791625977,1.300041,2.1047967433929444,1.8492676,kara
2016-10-01,0.02715533,0.07958984375,3.306221,-4.171234,8.492389,11.560607433319092,1.6614562,2.5505322456359862,2.0440571,kara
2016-10-02,0.02291068,0.043609619140625,3.3296127,-3.4666443,8.808892,11.401519775390625,1.7786691,2.4455259323120115,2.0456946,kara
2016-10-03,0.018860374,0.0061492919921875,3.3110352,-2.9585876,8.683413,10.559008121490479,1.5439475,2.0649871826171875,1.8870143,kara
2016-10-04,0.015292128,0.0,2.8551788,-4.9060974,7.6957526,10.71316146850586,1.3708063,2.1557748317718506,1.6184845,kara
2016-10-05,0.018506853,0.0,1.5886459,-5.396576,6.848835,10.044871807098389,1.2179852,1.700721001625061,2.4551072,kara
2016-10-06,0.0219652,0.0,1.8304901,-5.440033,6.8010015,10.277193546295166,1.2443936,1.8619916677474975,1.955227,kara
2016-10-07,0.026020657,0.064727783203125,1.4305496,-5.6946716,5.9790487,11.047948837280273,1.2952962,2.177148485183716,1.6775371,kara
2016-10-08,0.024042672,0.031158447265625,1.612793,-5.301117,8.753162,12.03168249130249,1.7219448,2.65719108581543,1.7686868,kara
2016-10-09,0.030638142,0.09185791015625,-0.053451538,-8.185883,9.010451,13.314129829406738,1.9947147,3.5049655914306643,2.5671022,kara
2016-10-10,0.035942577,0.09063720703125,-0.55239105,-8.237396,5.5726876,11.189547061920166,1.3829925,2.861361837387085,3.392149,kara
2016-10-11,0.02868347,0.074066162109375,0.28544617,-7.272064,5.6123753,9.062049388885498,0.92330974,1.437189245223999,2.5268457,kara
2016-10-12,0.03598958,0.085418701171875,0.14246368,-6.9170837,6.168765,10.040937423706055,1.0658146,1.6362838745117188,2.0084245,kara
2016-10-13,0.038243935,0.0886993408203125,-0.49489594,-7.015167,6.322541,9.833496570587158,1.1324221,1.7116142511367798,2.339589,kara
2016-10-14,0.055390336,0.211212158203125,-1.4331589,-9.127106,5.4750023,8.78417444229126,1.0287769,1.5638926029205322,3.52589,kara
2016-10-15,0.05493282,0.2216796875,-0.05168152,-8.925751,8.103293,14.335463523864746,1.3651887,2.8675832748413086,2.6229095,kara
2016-10-16,0.055415876,0.2331695556640625,0.4043579,-8.121979,8.7761135,14.542556285858154,2.1069756,3.5315521240234373,1.6732875,kara
2016-10-17,0.055415876,0.2331695556640625,-0.9810791,-9.29422,9.404215,13.296597003936768,2.2409062,3.489598178863525,2.5515537,kara
2016-10-18,0.06718343,0.27508544921875,-2.0764008,-10.861237,6.9990153,12.494178295135498,1.7085699,3.042775106430053,3.9444733,kara
2016-10-19,0.067319185,0.2942657470703125,-1.389061,-10.934662,4.6249084,9.160672187805176,0.91381574,1.6203747272491456,4.3525496,kara
2016-10-20,0.06970166,0.308502197265625,-0.12155151,-9.458221,6.537279,10.039812088012695,0.95652854,1.7070168972015383,2.0369735,kara
2016-10-21,0.06759867,0.3014984130859375,0.44852448,-9.932953,8.051777,12.454216003417969,1.3503238,2.7621191978454593,1.3164467,kara
2016-10-22,0.060395967,0.271331787109375,-0.16178894,-10.764984,12.315844,17.5983829498291,2.6473253,5.766922187805176,2.3132374,kara
2016-10-23,0.06785704,0.30816650390625,-3.736351,-12.992523,12.921595,17.995012283325195,3.4964886,6.293984413146973,4.508994,kara
2016-10-24,0.0862087,0.3975830078125,-3.627617,-12.984375,7.7668653,15.314064025878906,2.071324,4.535597705841065,4.6843333,kara
2016-10-25,0.08629656,0.4109954833984375,-1.598793,-16.865326,5.4637117,9.391634464263916,1.0867201,1.7513060569763184,3.427079,kara
2016-10-26,0.08152702,0.379241943359375,-1.4814835,-17.92987,5.738164,9.481443405151367,1.0176444,1.5713234424591072,2.6688437,kara
2016-10-27,0.08406372,0.386810302734375,-1.1583023,-18.530853,6.022383,9.905346393585205,1.12994,1.7547912120819098,1.782829,kara
2016-10-28,0.08819087,0.41168212890625,-2.3332977,-19.556885,7.2388296,10.861934185028076,1.3287398,2.1794435501098635,2.7176857,kara
2016-10-29,0.09645498,0.443511962890625,-3.741333,-18.05252,7.0820794,10.40194034576416,1.4176307,2.3806843757629395,3.6682596,kara
2016-10-30,0.122267395,0.552825927734375,-4.3758163,-19.728378,5.073825,7.948255777359009,1.000308,1.5629479885101318,4.14672,kara
2016-10-31,0.14424744,0.6123809814453125,-4.2678604,-19.806747,4.390934,6.866225957870483,0.7856007,1.1889399528503417,3.950383,kara
2017-07-01,0.37724486,0.8412628173828125,0.72089386,-2.7049255,5.1711054,9.001848697662354,0.6693967,1.602503371238709,1.3214328,kara
2017-07-02,0.3742697,0.8245391845703125,0.6188202,-2.846527,4.4833975,6.141411781311035,0.44286567,0.7714721083641053,1.5346031,kara
2017-07-03,0.37029946,0.82379150390625,0.6481323,-2.806488,4.6032057,6.773988723754883,0.42867523,0.8492353558540344,1.7500427,kara
2017-07-04,0.36499375,0.8173828125,0.7901535,-3.367279,4.541588,7.068198919296265,0.48487765,1.0580414533615112,1.9122491,kara
2017-07-05,0.35644156,0.7906951904296875,1.4310074,-2.162201,5.297259,7.734753847122192,0.54437387,1.0628549575805668,1.6972234,kara
2017-07-06,0.33663967,0.7598419189453125,2.1857224,-1.5931091,4.7704096,6.963958263397217,0.5288052,0.7995693206787112,1.1688471,kara
2017-07-07,0.32175234,0.7670440673828125,2.284584,-1.5950623,4.1806726,7.072634220123291,0.44049072,0.8773951768875122,1.0773431,kara
2017-07-08,0.29731643,0.7515411376953125,2.4579315,-1.7583923,6.199937,11.718310356140137,0.77528536,3.1112663745880127,1.0366673,kara
2017-07-09,0.28030503,0.7169342041015625,2.0922775,-0.8001404,6.88105,11.619510173797607,1.3221039,3.2672555446624756,1.0399301,kara
2017-07-10,0.25852218,0.7094268798828125,1.6561432,-1.2842712,5.184565,8.514782905578613,0.7618998,1.4165659189224242,1.1017424,kara
2017-07-11,0.24410093,0.698486328125,1.8768845,-1.2669373,3.9671638,6.02195405960083,0.49450007,0.8520753145217896,1.1837916,kara
2017-07-12,0.23848853,0.69476318359375,1.9937057,-2.4895935,3.5877075,5.52426290512085,0.40673858,0.7345427632331849,1.1232014,kara
2017-07-13,0.22110829,0.6855926513671875,2.6661835,-1.5110779,3.9809105,6.522578239440918,0.4060147,0.6735299706459046,1.0666358,kara
2017-07-14,0.19848263,0.6656494140625,3.8783646,-0.71273804,6.6528397,11.20564317703247,0.75025845,1.7627665042877196,1.5409118,kara
2017-07-15,0.17086053,0.6016845703125,3.2048721,-1.3262634,6.2737823,10.936094284057617,0.8460502,1.6567749977111816,1.1737657,kara
2017-07-16,0.16116084,0.6048736572265625,2.5575027,-1.6773376,4.195439,8.967813491821289,0.51352346,1.1041786670684814,0.83526355,kara
2017-07-17,0.15555981,0.6131439208984375,3.2771835,-1.2715759,3.8764062,6.040680646896362,0.36012053,0.6055009961128235,0.84136283,kara
2017-07-18,0.14712173,0.5915069580078125,3.174469,-1.0997009,3.3514452,5.82010555267334,0.31740308,0.5217024207115175,0.62101775,kara
2017-07-19,0.14076462,0.58587646484375,3.6304626,-1.4026794,4.073892,7.457478046417236,0.4354632,0.9530067920684817,0.6638929,kara
2017-07-20,0.12281158,0.55224609375,4.6534195,-1.0191345,4.417492,7.565031051635742,0.5180443,0.9351626276969911,0.5648628,kara
2017-07-21,0.11145004,0.5195465087890625,4.572304,-0.24032593,4.2723856,7.006599187850952,0.45248076,0.8469256162643433,0.5578984,kara
2017-07-22,0.10942428,0.510284423828125,3.9401932,-0.6573181,4.4746966,6.792193412780762,0.5117389,0.8469140410423279,0.80376685,kara
2017-07-23,0.109930575,0.5126953125,3.9933243,-1.627533,6.318904,10.805046081542969,0.8074465,1.8356518745422368,1.0371168,kara
2017-07-24,0.10831486,0.51641845703125,3.543274,-1.2154236,6.908734,10.707220077514648,1.1455996,2.0829004764556887,1.3664463,kara
2017-07-25,0.11617193,0.552825927734375,3.2486115,-1.2552185,5.6525087,8.821281909942627,0.89156467,1.5951612234115602,1.5757108,kara
2017-07-26,0.11770296,0.575164794921875,3.1732025,-1.5769958,4.150915,7.337323188781738,0.52760816,1.032379150390625,1.65342,kara
2017-07-27,0.11286929,0.5559844970703125,3.488594,-2.6211853,4.2800274,7.318288803100586,0.43276483,0.8068215847015381,1.7404374,kara
2017-07-28,0.11044545,0.56201171875,4.169693,-1.7222595,3.7654345,6.359067916870117,0.4369871,0.6373725056648256,1.3966866,kara
2017-07-29,0.10915852,0.56036376953125,3.77742,-2.6160583,3.7784863,6.872997522354126,0.41089895,0.6289572834968566,1.4454623,kara
2017-07-30,0.11223125,0.5507965087890625,3.523529,-1.9700623,5.085005,9.389333248138428,0.6422361,1.4417635440826415,1.943681,kara
2017-07-31,0.11277343,0.5399017333984375,3.2305908,-1.9322205,7.1763945,15.03268575668335,1.0776591,3.140067100524902,1.9765835,kara
2017-08-01,0.10767929,0.50048828125,2.7844849,-1.5467224,10.149337,16.314376831054688,2.0703797,3.723012351989746,2.6221094,kara
2017-08-02,0.096934,0.4650726318359375,2.7315903,-2.8233337,5.576321,11.744137287139893,1.1026183,2.479026079177856,2.2291179,kara
2017-08-03,0.10220765,0.491973876953125,3.042076,-2.2601013,3.5242662,6.834998369216919,0.50641334,0.9434938192367555,1.4554381,kara
2017-08-04,0.10141981,0.5069732666015625,2.9183197,-1.1082458,3.1070342,6.497687339782715,0.35677427,0.5524142980575562,1.2383304,kara
2017-08-05,0.10290627,0.528533935546875,2.9278488,-1.4102478,5.2738457,9.444389343261719,0.5241355,1.1918115854263305,1.3752861,kara
2017-08-06,0.104068175,0.5080413818359375,2.433899,-1.9009705,7.42752,12.246088981628418,1.0325482,2.2394157886505126,1.5668511,kara
2017-08-07,0.10997429,0.5109405517578125,1.8964615,-2.0747986,7.7038145,12.88239860534668,1.2311366,2.542030334472657,1.6178629,kara
2017-08-08,0.11079509,0.527374267578125,1.9208603,-2.3016052,7.5171366,13.364076137542725,1.157107,2.5222512245178224,1.3815613,kara
2017-08-09,0.117756605,0.5648345947265625,2.3021393,-3.2539978,5.7577934,11.255510330200195,0.8777085,1.9175801277160645,1.4734718,kara
2017-08-10,0.13160008,0.5643768310546875,2.2280426,-2.802826,4.547863,9.573621273040771,0.61603606,1.3774518013000487,1.7162111,kara
2017-08-11,0.12785749,0.5693817138671875,1.8016815,-3.2969666,7.3429756,14.27848768234253,1.2169428,3.1775904178619383,2.0416925,kara
2017-08-12,0.12067979,0.5590972900390625,1.9887009,-2.8245544,7.411168,13.844346046447754,1.5970212,3.274979496002197,2.0221694,kara
2017-08-13,0.12119357,0.5492095947265625,2.2236633,-2.0245056,6.077021,9.560570240020752,1.0757569,1.8236143589019775,2.0691018,kara
2017-08-14,0.111300334,0.53826904296875,3.1090012,-5.1526794,6.66609,11.83340311050415,1.1104279,2.3132656097412108,1.7492933,kara
2017-08-15,0.09355064,0.49884033203125,3.818779,-3.8296814,9.131609,12.862503051757812,1.6597067,2.8950427055358885,1.2508872,kara
2017-08-16,0.07268347,0.398162841796875,3.863861,-0.9082947,7.5837774,10.793659210205078,1.5928924,2.3190751552581785,1.1846182,kara
2017-08-17,0.06868909,0.3682861328125,3.431366,-1.0835876,6.621919,10.192380905151367,1.3204863,2.041702222824097,1.459971,kara
2017-08-18,0.05699489,0.2429046630859375,3.1350555,-1.4720154,6.937808,10.181529521942139,1.2576563,2.272171974182129,1.5715504,kara
2017-08-19,0.05948423,0.289764404296875,2.4928513,-1.8611755,7.173906,9.78131628036499,1.2629614,2.020968961715698,2.1058984,kara
2017-08-20,0.053854533,0.2162628173828125,2.3524933,-2.1106873,6.6289053,9.387125968933105,1.029286,1.7861390829086303,1.9611332,kara
2017-08-21,0.05361291,0.220489501953125,2.3050156,-1.8736267,5.570369,9.005490779876709,0.8140502,1.2989217281341552,1.8769324,kara
2017-08-22,0.050301347,0.1886138916015625,2.210434,-2.9881287,6.69031,9.944450378417969,0.95683414,1.627888798713684,2.2441168,kara
2017-08-23,0.052765682,0.21612548828125,1.801094,-3.1094666,8.078629,12.257333755493164,1.3244069,2.5534862518310555,2.639245,kara
2017-08-24,0.049252003,0.164947509765625,1.98732,-2.191986,7.2761846,11.541284084320068,1.2500958,2.571124410629273,2.3797383,kara
2017-08-25,0.04847972,0.1449127197265625,2.3900833,-4.479828,5.2459517,9.917317867279053,0.85122293,1.834481382369995,1.8991467,kara
2017-08-26,0.046237383,0.1201171875,2.9551392,-6.292328,6.2691445,10.631731986999512,0.82816565,1.5956603050231937,1.5733892,kara
2017-08-27,0.049872063,0.1529998779296875,3.2143402,-3.8831482,8.815499,12.958377361297607,1.556275,2.7752739906311037,1.4097781,kara
2017-08-28,0.04574287,0.053131103515625,2.8832092,-4.4617615,7.741633,12.247969150543213,1.5831366,2.636255979537964,1.7828112,kara
2017-08-29,0.03891003,0.0,2.7486038,-4.9822693,6.02335,9.676432609558105,1.08078,2.041618251800537,1.5061698,kara
2017-08-30,0.03870905,0.0,2.7447662,-3.9551697,4.452529,7.837435722351074,0.70375454,1.3041992902755737,1.1958513,kara
2017-08-31,0.03649027,0.0,2.9346771,-2.707611,6.0665383,10.139282703399658,0.85214734,1.7209250926971436,1.2275951,kara
2017-09-01,0.0318986,0.0,2.8536682,-3.5005798,5.894219,9.57094144821167,1.0374751,1.7384711503982544,1.0823554,kara
2017-09-02,0.03144592,0.0,2.377266,-2.5706482,6.008639,9.674150466918945,0.9799747,1.6195647478103639,1.0595038,kara
2017-09-03,0.03363713,0.0,1.9423218,-4.161957,5.9343214,9.450721740722656,0.91889226,1.5607097148895264,1.4212837,kara
2017-09-04,0.03266025,0.041748046875,1.8954697,-5.242035,6.6020947,11.331350803375244,0.9420725,1.9478181600570679,1.606756,kara
2017-09-05,0.031667516,0.025482177734375,2.0368347,-4.559662,8.007364,10.650909900665283,1.3141168,2.405123567581177,1.5841861,kara
2017-09-06,0.030400276,0.02166748046875,1.387352,-4.9014587,8.323672,11.434925079345703,1.5054104,2.282034015655518,2.3178618,kara
2017-09-07,0.04002296,0.064300537109375,1.3114853,-5.0645447,6.338942,10.35555124282837,1.1603535,1.955614447593689,2.3585236,kara
2017-09-08,0.035193842,0.032440185546875,1.419838,-5.7171326,5.8570604,10.152467250823975,0.94919914,1.6253454208374025,2.0690262,kara
2017-09-09,0.02950454,0.005767822265625,1.4338303,-6.1543884,6.0036645,9.421534061431885,0.9075442,1.5363669395446777,1.9888422,kara
2017-09-10,0.02688562,0.0,1.4703751,-4.228363,5.769737,9.51186990737915,0.85857975,1.382315921783448,1.9266758,kara
2017-09-11,0.031397182,0.038482666015625,1.3272781,-4.603607,6.1206875,11.334644317626953,0.987384,2.0584238529205323,1.5371116,kara
2017-09-12,0.031042727,0.0373382568359375,1.504219,-7.3702087,5.7923946,10.16490888595581,0.8758641,1.8962494850158695,1.4076992,kara
2017-09-13,0.029759428,0.0252685546875,0.9322586,-8.17807,6.562043,9.680784225463867,0.9992088,1.6397097587585447,1.6959453,kara
2017-09-14,0.03691297,0.0345001220703125,0.85504913,-6.3440857,6.2358046,9.260523319244385,0.9861745,1.6764261484146117,2.002117,kara
2017-09-15,0.03675381,0.0162811279296875,1.2280731,-7.9705505,5.9448624,8.127373218536377,0.8325299,1.2011499643325807,1.8255332,kara
2017-09-16,0.039541215,0.038360595703125,1.3198318,-8.385345,4.8967447,8.369680881500244,0.67095315,1.1838261604309084,1.7365772,kara
2017-09-17,0.037755433,0.031036376953125,1.6345825,-5.5489197,5.486844,8.777143955230713,0.7212892,1.2757843971252445,1.6952944,kara
2017-09-18,0.043224014,0.0788116455078125,1.4640732,-4.8059998,4.807166,9.519536972045898,0.58209175,0.9964425444602969,1.8298765,kara
2017-09-19,0.036188077,0.06658935546875,1.767601,-4.626068,9.177312,15.714709281921387,1.575358,3.556039190292359,2.0801356,kara
2017-09-20,0.04806914,0.1865386962890625,0.10953522,-6.698578,11.060882,15.996428489685059,2.511434,4.399354934692383,3.851313,kara
2017-09-21,0.057872463,0.271942138671875,-0.5167465,-7.258148,10.970998,14.712656497955322,2.4379187,4.074447250366211,4.0977535,kara
2017-09-22,0.06741371,0.331268310546875,0.09291077,-5.7151794,8.7122,12.697268962860107,1.7790556,3.118050956726074,3.3709826,kara
2017-09-23,0.077014565,0.404632568359375,0.88560486,-6.7466736,6.7097087,10.595693588256836,1.1150781,2.305067443847656,2.0187972,kara
2017-09-24,0.08481353,0.445343017578125,0.74154663,-8.101654,6.63564,9.48314380645752,1.0428988,1.5543450355529784,1.5575206,kara
2017-09-25,0.093865536,0.50341796875,-0.70504,-9.450775,7.341973,9.83880615234375,1.2117797,1.6415021419525146,3.712466,kara
2017-09-26,0.093963414,0.488555908203125,1.209343,-7.898285,8.909983,13.712589263916016,1.6586246,3.0976474285125732,2.0077171,kara
2017-09-27,0.10564436,0.506866455078125,0.22185516,-12.396088,6.4562984,10.354634284973145,1.439996,2.2932748794555664,1.790801,kara
2017-09-28,0.10228552,0.523895263671875,-0.4188385,-13.477142,4.467931,7.632425546646118,0.89638364,1.4328074932098387,2.4040053,kara
2017-09-29,0.09193336,0.47943115234375,0.29199982,-10.647064,6.0811486,9.85219955444336,0.8869137,1.5500092506408691,2.0697067,kara
2017-09-30,0.094272815,0.4916839599609375,0.5040817,-9.248749,7.7881646,12.147082328796387,1.1926818,2.3758198738098146,1.3936756,kara
2017-10-01,0.10661133,0.5596466064453125,0.10923767,-7.728119,7.2427497,12.672809600830078,1.4154814,2.9608551502227796,1.562289,kara
2017-10-02,0.10763787,0.5582733154296875,0.40628052,-10.468842,6.221239,9.808652877807617,1.0637493,2.0603398799896238,1.6332415,kara
2017-10-03,0.09952007,0.5216827392578125,0.7720337,-8.357758,6.132506,9.55585241317749,1.0637895,1.7041992425918577,1.0651771,kara
2017-10-04,0.10021618,0.5262298583984375,1.1443176,-5.65152,5.874116,7.844381809234619,0.9815044,1.6364478588104248,0.8517828,kara
2017-10-05,0.10151499,0.5433502197265625,0.51249695,-8.036957,6.1709127,8.428260803222656,1.0545957,1.5584733486175537,1.1620759,kara
2017-10-06,0.12214652,0.6588897705078125,-0.81876373,-11.564728,6.493492,9.080590724945068,1.0420212,1.5638667583465578,2.1876814,kara
2017-10-07,0.13589375,0.7068634033203125,-0.62877655,-12.144623,5.2117662,8.460303783416748,0.83046883,1.4578746557235722,2.078585,kara
2017-10-08,0.14083321,0.701934814453125,-0.9637222,-12.51767,6.286972,10.51059627532959,0.9155856,1.9420379877090455,1.6427603,kara
2017-10-09,0.14343822,0.7292938232421875,-1.946106,-10.622894,7.298793,9.809444427490234,1.1435862,1.8409855365753174,2.3376937,kara
2017-10-10,0.15896016,0.761566162109375,-2.7456207,-10.762543,8.274442,11.480749130249023,1.4178503,2.211430931091309,3.9509876,kara
2017-10-11,0.16616979,0.735137939453125,-1.7157822,-13.758148,7.8188066,11.512299060821533,1.4741526,2.4027598381042483,2.6295927,kara
2017-10-12,0.16945739,0.7041015625,-1.6731567,-13.908905,5.07504,10.120873928070068,1.0157002,2.1478209972381594,2.4865427,kara
2017-10-13,0.16715737,0.701080322265625,-1.6621246,-13.388092,5.39499,8.603457927703857,0.86340004,1.4697312831878664,2.3822186,kara
2017-10-14,0.18030056,0.734344482421875,-2.8973312,-15.440277,6.3822365,9.562055110931396,1.141874,1.8409466981887819,3.566811,kara
2017-10-15,0.19363633,0.7533111572265625,-3.8108063,-15.671173,6.7010317,10.063523769378662,1.2711837,1.7869158267974854,4.114978,kara
2017-10-16,0.20260188,0.7696533203125,-4.379402,-18.447617,6.8691654,11.638659000396729,1.4946179,2.6079625129699706,4.179257,kara
2017-10-17,0.22409609,0.797088623046875,-4.900337,-20.555222,7.31411,10.850674629211426,1.6717892,2.545484685897827,3.9248643,kara
2017-10-18,0.24982885,0.827789306640625,-4.7542877,-19.143494,8.413376,13.717250347137451,1.7172556,3.6195758342742934,3.2649696,kara
2017-10-19,0.24615705,0.7988739013671875,-4.040695,-17.91156,11.033248,15.408880233764648,2.7738318,4.513607978820801,2.603787,kara
2017-10-20,0.24291147,0.763458251953125,-3.0799408,-15.1008,8.012288,13.625999450683594,1.831816,4.0380167961120605,2.2739577,kara
2017-10-21,0.25133103,0.7878875732421875,-3.0577927,-12.479828,6.2216034,9.446943283081055,0.9901332,1.9137532711029057,1.8174852,kara
2017-10-22,0.2931195,0.8442230224609375,-4.662796,-17.751266,6.984976,10.67514181137085,1.2816386,2.0737171649932864,2.598404,kara
2017-10-23,0.3151419,0.836456298828125,-3.4581757,-19.59346,6.9055004,11.511530876159668,1.2224393,2.0245313644409184,2.71135,kara
2017-10-24,0.30607,0.817626953125,-3.0153656,-14.278778,10.091736,15.25828504562378,2.0834439,4.7917613029479975,2.6012056,kara
2017-10-25,0.30965638,0.8196563720703125,-4.601753,-15.222137,9.079059,14.607428073883057,2.1819377,4.310554695129395,3.463087,kara
2017-10-26,0.34722975,0.8473968505859375,-6.2084656,-19.138718,6.2316556,11.178049087524414,1.2962934,2.2626051902770996,3.9850588,kara
2017-10-27,0.3880976,0.889404296875,-6.2720795,-21.27533,5.968934,11.920376777648926,1.1484127,2.109511137008667,3.62974,kara
2017-10-28,0.3695923,0.892974853515625,-4.8375015,-22.696686,8.8190565,13.714212417602539,1.7146964,2.4077827453613283,2.0890613,kara
2017-10-29,0.35518867,0.8794403076171875,-4.11602,-21.412231,7.7434254,11.41289472579956,1.4709916,2.0139164447784426,2.034139,kara
2017-10-30,0.34956828,0.88214111328125,-3.813507,-20.757965,7.3810816,9.600036144256592,1.3410752,1.7306609153747559,1.9467971,kara
2017-10-31,0.34242943,0.8732147216796875,-4.028778,-20.40506,7.461365,10.373707294464111,1.154746,1.5249597311019898,2.0600367,kara
2018-07-01,0.35519117,0.683074951171875,0.9925308,-1.3125916,6.417705,11.425087451934814,1.0120727,2.6786447048187254,1.034425,kara
2018-07-02,0.33993453,0.660888671875,0.9934082,-1.6197205,7.9609847,11.849228858947754,1.485398,2.8181591033935547,1.123358,kara
2018-07-03,0.32519522,0.6432647705078125,0.7143326,-1.4717712,7.6978593,12.45183515548706,1.3585353,2.2797951698303223,1.3659616,kara
2018-07-04,0.3131553,0.6468505859375,0.79463196,-1.743988,7.9663815,14.006058692932129,1.7054911,3.23080997467041,1.3718212,kara
2018-07-05,0.29875982,0.642364501953125,0.6968994,-2.6246033,5.4094505,9.19547700881958,0.8745362,1.7115488529205323,1.0665693,kara
2018-07-06,0.28655046,0.6305084228515625,0.6768112,-3.172943,3.80733,6.579965591430664,0.4563504,0.8629383444786072,0.88205,kara
2018-07-07,0.269849,0.6007843017578125,0.8718033,-2.0279236,3.8204312,8.118517398834229,0.3786416,0.8537807703018191,0.9620559,kara
2018-07-08,0.25657898,0.5980072021484375,0.64627075,-2.3623962,4.754263,8.003673076629639,0.42562702,0.8678924441337585,1.0863135,kara
2018-07-09,0.24844033,0.597991943359375,0.90831757,-2.5240173,5.450384,8.849711894989014,0.54994065,1.3905405044555665,0.83149505,kara
2018-07-10,0.22643766,0.561859130859375,1.4777985,-2.0208435,5.91198,9.358997821807861,0.8556687,1.818121576309204,0.67456514,kara
2018-07-11,0.19817477,0.529449462890625,1.9406357,-2.8274841,6.7245,9.908719062805176,1.0970091,2.023706769943237,0.7671529,kara
2018-07-12,0.17582531,0.5126190185546875,1.5055084,-1.4917908,6.167985,9.854232788085938,1.0526282,1.8518470525741577,1.0373969,kara
2018-07-13,0.17058656,0.5201873779296875,1.6456604,-3.2146912,6.3239226,9.759235858917236,1.0486851,2.148383092880249,0.9037012,kara
2018-07-14,0.14824615,0.474456787109375,1.5074234,-1.686615,5.949921,9.57645320892334,1.0194383,1.807167410850525,1.1127908,kara
2018-07-15,0.12643795,0.4334869384765625,1.5663834,-1.9744568,5.827839,10.527125835418701,0.9294717,1.9482332706451415,0.8053962,kara
2018-07-16,0.12086587,0.427398681640625,1.4543076,-2.071869,5.40378,9.382926940917969,0.7683104,1.5796644210815438,1.1477714,kara
2018-07-17,0.099648975,0.385162353515625,2.1769104,-2.5162048,7.093462,10.574076175689697,0.91700125,1.7082174301147457,1.2493068,kara
2018-07-18,0.08955928,0.367279052734375,1.4921951,-1.7017517,8.555669,13.034570217132568,1.502101,2.7768473625183105,1.7695992,kara
2018-07-19,0.08657271,0.3628387451171875,1.4672852,-1.8614197,7.5583634,13.209913730621338,1.4059608,3.0177955627441406,1.6992381,kara
2018-07-20,0.087478586,0.3663482666015625,2.0652847,-1.9805603,7.0115747,11.805083751678467,0.99544597,2.0385757446289063,1.3234911,kara
2018-07-21,0.06700462,0.30889892578125,3.157013,-1.3616638,7.7259345,11.935158729553223,1.3448488,2.5238195419311524,0.85548526,kara
2018-07-22,0.056189064,0.2673797607421875,2.391388,-1.3426208,4.9836607,8.646156311035156,0.8356178,1.614294600486756,0.98877406,kara
2018-07-23,0.059487224,0.2997589111328125,2.362999,-1.386322,5.7106733,10.518378734588623,0.80638677,1.6528468132019043,1.2642164,kara
2018-07-24,0.053924862,0.2656097412109375,3.4226685,-1.1929626,7.013004,10.265914916992188,1.0761805,1.7862135171890259,0.9050621,kara
2018-07-25,0.04812109,0.2382965087890625,2.9406204,-0.64852905,6.77119,10.776021480560303,1.064425,1.935740900039673,1.0302114,kara
2018-07-26,0.042172026,0.185333251953125,3.0462494,-1.322113,5.174556,10.139234066009521,0.9243245,1.9179602622985845,0.9647445,kara
2018-07-27,0.042172026,0.185333251953125,2.8681335,-1.4612732,5.4507885,8.594894886016846,0.79181063,1.2595725774765016,0.7972012,kara
2018-07-28,0.042172026,0.185333251953125,2.3289642,-0.9082947,6.9097233,9.50864839553833,1.0060389,1.406851577758789,1.2504392,kara
2018-07-29,0.040231127,0.204010009765625,2.4383545,-1.2935486,5.309283,8.145150184631348,0.8065138,1.2346835374832152,0.9957175,kara
2018-07-30,0.03817164,0.1689910888671875,2.2724457,-1.2920837,6.885144,10.80963945388794,0.9965236,1.8581515789031982,1.4372927,kara
2018-07-31,0.04400437,0.231597900390625,1.8349152,-1.3655701,6.7313023,11.265316486358643,1.06498,1.9392749786376955,1.5958729,kara
2018-08-01,0.040994015,0.2140655517578125,1.8489456,-1.1875916,4.9669094,8.497743129730225,0.7047208,1.1955375909805297,1.5433624,kara
2018-08-02,0.03485216,0.157867431640625,1.9072723,-1.6294861,7.1292458,10.743920803070068,0.88263065,1.783788728713989,1.4798958,kara
2018-08-03,0.026806455,0.095489501953125,2.0650787,-1.8497009,8.135491,10.577467441558838,1.2962437,1.8981348276138306,1.2779162,kara
2018-08-04,0.018444153,0.0,2.9350815,-1.0340271,6.8206654,9.778226852416992,1.0532255,1.7343032360076904,1.1099162,kara
2018-08-05,0.01383171,0.0,2.9495697,-0.667572,7.2837887,11.448083877563477,1.0816851,2.094045400619507,1.0889668,kara
2018-08-06,0.0095863165,0.0,3.9062042,-0.47250366,7.728341,10.805299758911133,1.2745608,1.9780023097991943,1.3462086,kara
2018-08-07,0.0035366334,0.0,4.402252,-0.26937866,7.7751245,11.490184783935547,1.2283665,2.166114234924317,1.3383008,kara
2018-08-08,0.0035366334,0.0,4.422844,-0.53744507,6.714381,10.320580959320068,0.9781414,1.9546996116638184,1.0081978,kara
2018-08-09,0.0035270061,0.0,4.5709,-0.0796814,6.634044,9.334545612335205,0.87790513,1.4756697416305544,1.0124774,kara
2018-08-10,0.004386699,0.0,4.2230606,-0.50668335,6.8118043,9.668583869934082,0.96387106,1.5204496383666994,1.128308,kara
2018-08-11,0.0057934024,0.0,3.5013504,-0.4883728,6.2120953,9.667598724365234,0.9467498,1.480138897895813,0.93439895,kara
2018-08-12,0.00714148,0.0,3.4158478,-0.9356384,7.009291,11.216552734375,0.9453387,1.782809805870056,0.847264,kara
2018-08-13,0.006652009,0.0,4.0306168,-0.12582397,7.789937,11.949774742126465,1.3892215,2.119567966461182,1.2596934,kara
2018-08-14,0.0025250816,0.0,3.8639603,-0.31259155,4.0973263,8.286261081695557,0.91305184,1.83032603263855,0.91721547,kara
2018-08-15,0.00092937326,0.0,3.3808746,-0.7527771,4.5357456,8.133715152740479,0.6126825,1.0344932556152344,0.95388496,kara
2018-08-16,0.0021737725,0.0,2.7255783,-1.1912537,4.0198064,6.393391847610474,0.47222704,0.7569088220596314,1.3193077,kara
2018-08-17,0.0054747574,0.0,2.7263336,-1.4051208,3.5482485,5.571364879608154,0.39199442,0.5758698463439942,1.7639517,kara
2018-08-18,0.007579697,0.0,3.2677383,-1.1770935,5.055138,10.283512592315674,0.549962,1.5357498168945312,1.7287668,kara
2018-08-19,0.0071459366,0.0,4.124611,-0.18392944,6.807081,11.079380512237549,1.1238183,1.890394401550293,1.1416715,kara
2018-08-20,0.0023755475,0.0,4.768463,-1.1421814,6.5702715,9.167080879211426,1.0676746,1.6921744585037233,0.6264493,kara
2018-08-21,0.0012529608,0.0,5.046997,0.51846313,6.5307674,9.866310119628906,0.975806,1.7071613788604747,0.5783046,kara
2018-08-22,0.0007980426,0.0,4.6152725,0.4593811,6.2239876,9.756579399108887,0.9811684,1.8221391201019288,0.8185783,kara
2018-08-23,0.0005878203,0.0,5.318199,0.08560181,6.8770456,9.694887638092041,1.0335028,1.5077767372131348,1.0742066,kara
2018-08-24,0.00051205186,0.0,5.896553,0.34951782,5.894846,8.72278118133545,0.83631337,1.4159682989120483,0.81735337,kara
2018-08-25,0.0014800132,0.0,5.191223,0.16567993,5.212512,8.729628086090088,0.7240938,1.5163632869720463,0.9599226,kara
2018-08-26,0.0026992888,0.0,5.517929,-0.14559937,8.106932,12.132830142974854,1.2757092,2.6227105140686033,1.4650239,kara
2018-08-27,0.0029232479,0.0,5.196022,-0.08822632,7.245388,10.863562107086182,1.4485652,2.4296555519104004,1.2591046,kara
2018-08-28,0.002182557,0.0,4.4198,-0.6338806,7.486988,12.043657779693604,1.3931966,2.2227241516113283,1.9115362,kara
2018-08-29,0.0009667717,0.0,3.1285706,-2.6646423,7.744129,12.68164873123169,1.4718052,2.8174278259277346,2.777391,kara
2018-08-30,0.0037462807,0.0,3.5070496,-1.3033142,7.3457303,10.693554878234863,1.163717,2.1563402652740478,2.4984362,kara
2018-08-31,0.0037337781,0.0,5.0955734,-0.19174194,9.796238,12.599477291107178,1.6451734,2.672064113616943,1.4275522,kara
2018-09-01,0.0024403601,0.0,3.9665604,-0.655365,10.547792,15.295044898986816,2.3437932,4.560990428924562,2.0319064,kara
2018-09-02,0.0040216823,0.0,2.9824982,-2.0484314,8.80074,14.866922378540039,2.080854,3.923361301422119,2.598909,kara
2018-09-03,0.0038830396,0.0,3.5365372,-3.5308533,7.3743124,10.85471487045288,1.2732136,1.9481802701950075,1.3035908,kara
2018-09-04,0.00076760433,0.0,3.3635483,-3.105072,9.414522,15.371240139007568,1.851613,3.649145793914795,2.0019348,kara
2018-09-05,0.0013688046,0.0,2.522522,-2.8677673,10.308767,13.604766845703125,2.2869594,3.52184419631958,2.8301654,kara
2018-09-06,0.0016928283,0.0,2.6197128,-3.554535,7.881854,13.376569747924805,1.6367003,3.2746769428253186,2.2242944,kara
2018-09-07,0.0023864736,0.0,2.1632004,-4.633148,7.7112894,12.045025825500488,1.4909111,2.6275791168212894,2.4561787,kara
2018-09-08,0.00460164,0.0,1.3940277,-3.8111267,6.008106,9.28856611251831,1.133699,1.8552106857299806,3.4169168,kara
2018-09-09,0.004641567,0.0,1.1009369,-5.721039,4.3463383,7.13647198677063,0.73763585,1.2317952871322633,3.5371664,kara
2018-09-10,0.0062555433,0.0,1.4568481,-6.165863,4.7675514,8.035102844238281,0.64079285,1.0919876575469978,2.6120162,kara
2018-09-11,0.007865955,0.0,1.0520248,-6.9546814,6.302138,9.585009098052979,0.8612208,1.4952107429504395,2.7872858,kara
2018-09-12,0.0046108165,0.0,0.36728668,-8.113129,4.6867924,9.000830173492432,0.77046895,1.1970472574234008,3.3172858,kara
2018-09-13,0.006762752,0.0,1.279602,-9.0816345,7.5252376,12.25889253616333,1.1312116,2.393792009353638,3.0106459,kara
2018-09-14,0.0073516774,0.0,2.312973,-5.926605,7.796651,12.277751922607422,1.4112959,2.3960349559783944,2.286833,kara
2018-09-15,0.0050093546,0.0,2.209694,-7.2430115,3.740799,8.06745958328247,0.7462802,1.5839384555816651,1.5239687,kara
2018-09-16,0.0029908863,0.0,1.716301,-5.311615,4.4364743,7.192181825637817,0.6067234,1.1076250076293948,1.669433,kara
2018-09-17,0.0045210584,0.0,1.7042313,-6.893158,5.1268444,10.62082052230835,0.71202886,1.4684199571609495,2.2244594,kara
2018-09-18,0.00523488,0.0,2.0528412,-4.1748962,6.395106,11.894177436828613,0.99435264,2.249050188064575,2.2709289,kara
2018-09-19,0.0030774816,0.0,2.2889786,-4.6580505,5.8113437,11.148919582366943,0.9697478,2.1640262603759766,1.9201927,kara
2018-09-20,0.0040484522,0.0,2.4604797,-6.301117,6.2143226,9.33645248413086,0.9215096,1.585909652709961,1.3450649,kara
2018-09-21,0.0026622869,0.0,2.3142395,-4.1060486,6.3876657,10.19014310836792,0.98867744,1.5731017589569092,1.4913357,kara
2018-09-22,0.0017020392,0.0,2.78582,-6.9427185,7.6393986,11.372852802276611,1.1555117,2.1724947929382323,1.5812328,kara
2018-09-23,0.0015035906,0.0,2.7734604,-7.582123,6.3424487,10.605923652648926,1.145876,2.0938785552978514,1.0904776,kara
2018-09-24,0.0018796419,0.0,3.3395996,-7.4944763,8.756533,14.583710193634033,1.4558885,3.3653937816619868,1.169636,kara
2018-09-25,0.0018796419,0.0,3.3256302,-2.585785,9.111394,14.007556915283203,1.8608407,3.4360824108123778,1.0762476,kara
2018-09-26,0.0018796419,0.0,2.6410751,-1.9734802,6.587492,11.703803539276123,1.470351,2.9948170661926268,0.8458983,kara
2018-09-27,0.0025619399,0.0,2.2922058,-3.4148865,6.1399097,10.6448335647583,1.2018926,1.9967482566833494,1.0827637,kara
2018-09-28,0.0032508557,0.0,2.7045212,-1.7605896,6.301553,9.129715919494629,1.1055622,1.7541884422302245,1.2423435,kara
2018-09-29,0.0016995604,0.0,3.008072,-2.9722595,8.443425,12.650453090667725,1.3321956,2.440250778198242,1.1218169,kara
2018-09-30,0.0021216706,0.0,2.999916,-1.1592712,10.176184,14.017933368682861,2.1215253,3.196170949935913,1.4071478,kara
2018-10-01,0.0013835825,0.0,2.306549,-1.5638123,9.6456585,13.154191493988037,1.9921238,3.0854718685150146,1.8415731,kara
2018-10-02,0.0011699545,0.0,2.164566,-3.1394958,7.8030744,11.074371814727783,1.4851851,2.168915843963623,1.9672301,kara
2018-10-03,0.0017436314,0.0,1.9931946,-4.1617126,6.5737443,10.2341947555542,1.1630657,1.9986359596252443,1.865572,kara
2018-10-04,0.0053980965,0.0,1.5916672,-5.6336365,5.3880706,9.535589218139648,0.87303746,1.3290235996246338,1.5936868,kara
2018-10-05,0.0064994856,0.0,1.697609,-4.780609,6.595353,10.567478656768799,0.94233036,1.806020975112915,1.6339179,kara
2018-10-06,0.0044197347,0.0,1.790596,-5.5899353,8.118666,11.706222534179688,1.378952,2.315232610702515,1.9315224,kara
2018-10-07,0.004447932,0.0,2.0067596,-3.9964294,8.843415,15.008434772491455,1.4973567,2.7118513584136963,1.7619176,kara
2018-10-08,0.004289296,0.0,1.8688736,-2.9371033,11.093843,17.62903881072998,2.5411649,5.218119144439697,2.1782103,kara
2018-10-09,0.0033555753,0.0,1.2858353,-5.7933044,7.625073,11.239366054534912,1.6500336,2.8417587280273438,2.5922844,kara
2018-10-10,0.004001615,0.0,1.5293274,-5.736908,8.127966,11.160192966461182,1.4931141,2.1020541191101074,2.072732,kara
2018-10-11,0.00498893,0.0,1.0981216,-4.7937927,7.2231402,10.68364429473877,1.4699742,2.1723861694335938,1.7951825,kara
2018-10-12,0.0047749747,0.0,0.4987564,-9.478607,7.83371,12.940412521362305,1.4465423,2.437626361846924,2.1447055,kara
2018-10-13,0.004218753,0.0,-0.12731934,-10.759857,7.6446314,13.625504493713379,1.5351275,2.8220012187957764,2.6310632,kara
2018-10-14,0.0035554268,0.0,-0.4481125,-12.255707,5.6989274,10.221025466918945,1.049811,2.208068609237671,3.2471213,kara
2018-10-15,0.0046534697,0.0,-0.5159683,-9.746429,5.656704,11.34412956237793,1.0497593,2.3255391120910645,3.8338087,kara
2018-10-16,0.0062026777,0.0,-0.54397583,-9.991791,6.8142447,13.37053918838501,1.4430643,2.7164268493652344,3.6354594,kara
2018-10-17,0.00576986,0.0,-1.3513565,-13.877533,6.839128,11.093871116638184,1.2953055,2.104651165008545,4.1372633,kara
2018-10-18,0.0053079813,0.0,-1.7268906,-9.966156,4.974956,9.2600736618042,1.0506963,1.7808933019638062,4.5330715,kara
2018-10-19,0.005104878,0.0,-1.3638916,-13.836426,4.2216206,7.914743423461914,0.80927974,1.4003502607345581,3.9237304,kara
2018-10-20,0.007336984,0.0,-1.3964615,-14.866089,4.195704,7.0072338581085205,0.85245585,1.5125189304351807,3.7611847,kara
2018-10-21,0.0068957782,0.0,-1.2187119,-14.22757,5.124278,7.921654224395752,0.8759603,1.3323901653289796,3.4563465,kara
2018-10-22,0.011909773,0.0,-1.6323318,-12.564606,6.3892198,11.574990272521973,1.0604028,2.4256609916687015,3.723972,kara
2018-10-23,0.01988922,0.0,-2.0522842,-12.898041,6.985341,12.00300645828247,1.6303809,2.8752934455871584,3.601266,kara
2018-10-24,0.031542074,0.0622711181640625,-2.7322922,-15.4791565,7.1173167,10.6728835105896,1.4126037,2.3951716899871824,3.5935214,kara
2018-10-25,0.041975405,0.14349365234375,-3.6717224,-16.49405,7.8256702,10.182346820831299,1.3339932,2.116846036911011,4.137661,kara
2018-10-26,0.06270218,0.2891845703125,-4.716316,-19.497192,7.7046933,12.553432941436768,1.4461508,2.568448162078858,4.4580336,kara
2018-10-27,0.080660164,0.3789520263671875,-5.3124237,-19.292358,9.740093,15.775976181030273,1.8580637,4.284756088256836,3.9798625,kara
2018-10-28,0.05708508,0.2489166259765625,-5.536621,-16.963348,9.834707,15.325141429901123,2.113911,3.60079665184021,4.2459497,kara
2018-10-29,0.08274475,0.367767333984375,-5.9609375,-21.959381,6.670462,9.75584363937378,1.4002333,2.496739196777344,5.2016654,kara
2018-10-30,0.12560607,0.489013671875,-4.5371933,-22.022125,5.9192133,10.364054679870605,1.0876111,2.3155949115753174,5.349395,kara
2018-10-31,0.15919013,0.5542144775390625,-4.796852,-19.69252,6.7210355,11.187408924102783,1.5698304,2.4264297485351562,4.039454,kara
2019-07-01,0.28899324,0.7825775146484375,2.242012,-2.3484802,6.540907,10.751838684082031,1.0603286,2.0316463470458985,0.93196917,kara
2019-07-02,0.2809618,0.7592315673828125,2.4030304,-1.8113708,7.220192,11.663990497589111,1.0800627,2.1343619823455815,0.90792114,kara
2019-07-03,0.24979389,0.732147216796875,2.1433105,-2.313324,6.0857086,10.312261581420898,0.78871727,1.639637589454651,0.8418758,kara
2019-07-04,0.24157462,0.714935302734375,2.256775,-0.91830444,6.303365,10.23953104019165,0.7767673,1.7319831848144531,0.9904609,kara
2019-07-05,0.2333248,0.6999969482421875,2.18721,-0.98202515,6.808574,10.586082458496094,1.0006137,1.908220911026001,0.92854184,kara
2019-07-06,0.21772914,0.672393798828125,1.7184067,-1.5423279,7.389973,10.647468566894531,1.1142765,1.8638943910598755,1.1051965,kara
2019-07-07,0.21450372,0.654541015625,1.5193024,-0.92807007,6.513378,10.146103858947754,1.0736676,1.7055556774139404,1.2259817,kara
2019-07-08,0.21098696,0.6394195556640625,1.2039795,-1.3616638,5.9888144,9.29071044921875,0.83127224,1.5172981023788452,1.069793,kara
2019-07-09,0.2074742,0.64288330078125,1.3628387,-1.2879333,6.9841776,9.402565956115723,0.9392981,1.3686343431472778,1.1919882,kara
2019-07-10,0.20517196,0.638702392578125,1.4019928,-1.6021423,6.466811,9.920323848724365,0.9566008,1.611228585243225,1.3632791,kara
2019-07-11,0.18795203,0.633392333984375,1.7424088,-1.5726013,5.9808064,10.204644680023193,0.8695846,1.7600906372070313,1.4096746,kara
2019-07-12,0.18588047,0.6219940185546875,1.6840591,-2.3211365,5.5631876,9.967688083648682,0.80701625,1.840923285484314,1.1010526,kara
2019-07-13,0.17439362,0.5959014892578125,1.8425903,-1.3194275,4.8008533,7.18629789352417,0.4958653,0.7315397024154663,1.0161043,kara
2019-07-14,0.177966,0.5943450927734375,2.2123032,-1.3196716,4.7577944,8.412128448486328,0.5155611,0.9118126630783081,1.0819613,kara
2019-07-15,0.17904574,0.6054534912109375,2.1496964,-1.3111267,4.571622,7.951555252075195,0.5618679,1.0315680503845215,1.0898675,kara
2019-07-16,0.17474112,0.6193389892578125,2.046608,-1.245697,4.6201544,9.159015655517578,0.6297689,1.2447961568832397,1.148035,kara
2019-07-17,0.15735108,0.599212646484375,3.0139008,-1.0931091,5.7108135,10.16977596282959,0.7536791,1.6229971885681154,1.2399516,kara
2019-07-18,0.1447784,0.57952880859375,4.266861,-1.6197205,6.7605524,10.914782524108887,0.8836044,1.9062410354614252,1.1781577,kara
2019-07-19,0.11134024,0.4770660400390625,4.2779007,-0.59262085,7.739221,10.90519666671753,1.1722205,2.334575271606445,1.181484,kara
2019-07-20,0.12125653,0.4886016845703125,3.7289429,-1.344574,6.218871,10.862754344940186,1.1615951,1.9777716398239136,0.9953016,kara
2019-07-21,0.11670908,0.5173492431640625,3.6387177,-1.6236267,6.0171156,10.721489906311035,1.0679742,1.9978717327117923,0.87054306,kara
2019-07-22,0.10690256,0.4710540771484375,3.0455704,-1.4593201,6.7580233,10.1563081741333,0.97566116,1.6394551753997804,1.3121842,kara
2019-07-23,0.100118436,0.4456634521484375,3.3067398,-1.0955505,6.024139,10.565610885620117,0.9083586,1.6395846366882325,1.2001083,kara
2019-07-24,0.100118436,0.4456634521484375,3.226715,-1.445404,5.2647777,8.610609531402588,0.77964413,1.4150874137878418,1.0340686,kara
2019-07-25,0.10668585,0.458526611328125,2.9487915,-0.9266052,5.278554,8.57368278503418,0.6500102,1.2779778480529786,1.3828598,kara
2019-07-26,0.10815918,0.4730682373046875,2.7061844,-0.90097046,6.277098,9.093473434448242,0.7524109,1.2436416149139404,1.4940256,kara
2019-07-27,0.11395786,0.503997802734375,2.531433,-1.009613,6.7215023,9.78707218170166,0.9653687,1.4946935176849365,1.7245021,kara
2019-07-28,0.09897115,0.440673828125,3.0032578,-1.3560486,6.809673,10.530343532562256,0.9955094,1.8144407272338872,2.0196805,kara
2019-07-29,0.081052534,0.4056854248046875,3.3492355,-0.92807007,6.6104403,9.474844455718994,0.96415746,1.5338435173034668,1.4944345,kara
2019-07-30,0.08055096,0.4036407470703125,3.4838257,-1.6946716,5.6112366,9.910540103912354,0.8583772,1.8070394039154056,1.1916076,kara
2019-07-31,0.080724336,0.399139404296875,3.617424,-1.4395447,5.2323265,9.548274993896484,0.699144,1.6798261165618908,1.24577,kara
2019-08-01,0.07625017,0.38946533203125,3.7849274,-0.79452515,6.3035827,9.37152624130249,0.7525864,1.4013607978820803,1.2242836,kara
2019-08-02,0.0710237,0.3575592041015625,3.6854248,-0.6036072,6.1465836,9.160246849060059,0.7705544,1.2604708194732666,1.3361297,kara
2019-08-03,0.06689275,0.31024169921875,3.5986176,-0.8838806,6.75156,11.772078037261963,0.92318255,2.0561107635498064,1.4113753,kara
2019-08-04,0.068476595,0.3238372802734375,3.6606064,-1.3269958,7.5180707,12.053779602050781,1.1786034,2.3817189693450933,1.2422674,kara
2019-08-05,0.07008745,0.3495941162109375,3.8047104,-1.4788513,6.2559195,10.783099174499512,0.99888396,2.2277628421783455,1.140985,kara
2019-08-06,0.07210122,0.3662567138671875,3.5628662,-1.7732849,5.247343,8.921687126159668,0.82712233,1.6191360950469968,0.857043,kara
2019-08-07,0.07490367,0.3816070556640625,3.8848114,-2.32016,6.013033,11.760547637939453,0.82639456,1.9686934947967534,1.128691,kara
2019-08-08,0.077625856,0.399139404296875,4.624481,-1.6922302,7.6266212,13.00500774383545,1.3957843,2.8407175540924072,1.1169595,kara
2019-08-09,0.07201808,0.39715576171875,5.006729,-1.0555115,7.111784,12.03384780883789,1.2409575,2.5371319770812986,0.764592,kara
2019-08-10,0.058124006,0.279083251953125,4.6266174,-0.69711304,5.5610037,7.994998931884766,0.8107804,1.4482428550720217,0.95046973,kara
2019-08-11,0.041374028,0.1092071533203125,4.3381653,-0.74398804,5.1949315,8.13867473602295,0.7231487,1.1676111698150637,1.5320911,kara
2019-08-12,0.044218462,0.15728759765625,3.9593353,-2.0550232,5.553476,8.12882947921753,0.76503545,1.1833755254745484,1.9300195,kara
2019-08-13,0.035648208,0.0822296142578125,4.079773,-1.8045349,6.4025087,8.936256408691406,0.88012505,1.3795083522796634,2.192835,kara
2019-08-14,0.024725122,0.0,4.6208725,-0.94296265,5.621429,8.311136245727539,0.8286691,1.2523047447204592,1.6595302,kara
2019-08-15,0.018554708,0.0,5.1061325,-0.79745483,5.8386765,9.908421993255615,0.82549506,1.4864416122436523,0.9501086,kara
2019-08-16,0.013369228,0.0,4.6730957,-2.5896912,4.6262302,8.922566413879395,0.71244013,1.4084011316299438,0.75171876,kara
2019-08-17,0.008781021,0.0,4.7579803,-1.0816345,5.5973763,9.22043752670288,0.7516789,1.2184195995330813,0.7318157,kara
2019-08-18,0.007535026,0.0,4.0296097,-2.1665955,5.0712013,8.244190692901611,0.71730083,1.228124475479126,1.0589863,kara
2019-08-19,0.0088203335,0.0,4.8413467,-1.1424255,4.7747374,7.550328016281128,0.5993892,0.9345327258110048,1.047913,kara
2019-08-20,0.0058677234,0.0,6.2107162,-0.5747986,6.3335752,9.029877662658691,0.73161787,1.1458299875259401,0.9053943,kara
2019-08-21,0.0041450863,0.0,6.6460266,0.63760376,7.622589,10.719885349273682,1.0745443,1.8491533994674683,0.8850491,kara
2019-08-22,0.004535975,0.0,5.6454926,-1.3228455,6.190158,9.412999153137207,1.0071968,1.7762064933776855,1.0048214,kara
2019-08-23,0.0016050481,0.0,4.359825,-2.516693,6.014337,10.078571796417236,1.102665,1.8507249832153323,1.6672838,kara
2019-08-24,0.0045052837,0.0,3.5380173,-2.3433533,7.3901873,11.15541696548462,1.215574,2.222482776641846,2.2486417,kara
2019-08-25,0.0051117437,0.0,3.1985245,-2.645111,6.614397,10.606847763061523,1.1703857,2.2352845191955577,2.5142767,kara
2019-08-26,0.007579875,0.0,3.1210785,-3.4397888,6.1018753,9.073914051055908,0.96306527,1.5568241596221926,2.327135,kara
2019-08-27,0.0072540073,0.0,3.4537048,-3.568695,5.9583445,9.286982536315918,0.9545176,1.7378660917282103,2.1906981,kara
2019-08-28,0.007688447,0.0,3.725212,-3.1028748,5.175064,8.602421283721924,0.9445116,1.6464424848556518,1.8797874,kara
2019-08-29,0.0058923513,0.0,3.908615,-2.0057068,5.2995043,9.638057231903076,0.8920957,1.5437526702880862,1.5810014,kara
2019-08-30,0.004236396,0.0,3.773384,-1.9427185,5.3827763,9.868085861206055,0.9730535,1.6961975097656252,1.5099949,kara
2019-08-31,0.0030617667,0.0,3.8787537,-1.658783,5.152579,9.535489082336426,0.8578956,1.7289064407348633,1.3680215,kara
2019-09-01,0.002930902,0.0,4.3470764,-1.63974,4.9739046,8.857987403869629,0.84343773,1.5085412502288817,1.1284015,kara
2019-09-02,0.0036512923,0.0,4.0151825,-4.697357,7.13109,10.302558422088623,1.0811205,1.8760764360427857,1.3277588,kara
2019-09-03,0.006172051,0.0,2.9486008,-4.034027,5.935073,9.609739780426025,1.0405642,1.8791776657104493,2.2459805,kara
2019-09-04,0.0076012914,0.0,4.4842453,-2.3265076,7.9569325,13.706611633300781,1.3281167,2.990622758865357,1.5722799,kara
2019-09-05,0.001959421,0.0,4.400688,-3.2557068,6.4944205,13.400574207305908,1.5132209,3.37777214050293,1.6291006,kara
2019-09-06,0.0020948264,0.0,4.258667,-3.2793884,6.042225,10.862002849578857,1.1665545,1.8222812652587914,1.8923388,kara
2019-09-07,0.0009292196,0.0,4.3457565,-4.8372498,5.881956,11.059468269348145,1.1103406,1.8405480861663843,1.8669021,kara
2019-09-08,0.0013707627,0.0,2.533104,-6.1878357,8.91636,12.05258560180664,1.5914844,2.529658079147339,3.8349035,kara
2019-09-09,0.007542358,0.0,1.2875595,-7.0467224,9.030825,12.622251510620117,1.9634037,3.064965629577637,3.8380709,kara
2019-09-10,0.010227672,0.0,0.67529297,-9.995453,9.434385,14.87450647354126,2.0382628,3.7780152320861817,4.0317974,kara
2019-09-11,0.014571554,0.0,1.1787643,-10.933685,5.9878573,13.057111263275146,1.4379196,3.014115047454834,3.7464664,kara
2019-09-12,0.012134416,0.0,1.890564,-7.5608826,5.0365076,8.602744579315186,0.9218858,1.451082706451416,2.9723077,kara
2019-09-13,0.009113478,0.0,1.8097229,-6.339447,6.2640533,9.68934154510498,0.97774595,1.6452733516693117,2.9337647,kara
2019-09-14,0.0074446728,0.0,1.5891266,-6.554535,6.951673,10.456857204437256,1.2041966,2.2320941448211684,2.9613652,kara
2019-09-15,0.010600887,0.0,1.4017639,-6.948578,7.760847,11.22318696975708,1.2683185,2.2799834251403817,3.3734996,kara
2019-09-16,0.011919652,0.0,1.4425354,-7.51474,9.079075,11.764871597290039,1.5071862,2.51028881072998,2.7400856,kara
2019-09-17,0.009397312,0.0,1.8111496,-6.052582,8.704088,11.757824420928955,1.6264497,2.500248908996582,2.1857088,kara
2019-09-18,0.0071638576,0.0,2.508583,-4.6614685,6.5852265,11.119892597198486,1.5437685,3.066474866867065,1.7216078,kara
2019-09-19,0.009231845,0.0,2.6052704,-4.851898,6.3889933,9.940349102020264,1.1566963,1.8266725540161133,1.5082082,kara
2019-09-20,0.010271401,0.0,2.5615845,-4.7205505,6.903164,9.824436664581299,1.0790018,1.7789477109909058,1.3711721,kara
2019-09-21,0.009821579,0.0,2.1239014,-2.5196228,8.945167,13.115432739257812,1.5067497,2.8045958042144776,1.9493341,kara
2019-09-22,0.0034661,0.0,1.9538574,-2.0481873,9.150753,13.627659797668457,1.9141304,3.2203878879547116,2.2108524,kara
2019-09-23,0.00795493,0.0,1.8062897,-2.6756287,9.603934,13.020033836364746,1.8011236,2.7311024188995363,2.0417252,kara
2019-09-24,0.0052937735,0.0,1.7514191,-2.9092712,10.87655,14.490023612976074,2.3527741,3.450140953063965,1.8998358,kara
2019-09-25,0.0042253756,0.0,1.6921158,-3.395111,7.761042,11.430020809173584,1.5052863,2.6348894119262694,1.6176778,kara
2019-09-26,0.004846832,0.0,1.5022507,-2.2237244,5.2858334,9.728190898895264,1.0207691,2.159445476531982,1.8780489,kara
2019-09-27,0.0047507826,0.0,1.1820755,-4.636322,2.7558968,5.573229551315308,0.5988847,1.0871336460113525,1.8436878,kara
2019-09-28,0.0042905603,0.0,0.9249954,-3.9268494,4.209388,8.18364429473877,0.5436643,1.077224898338318,2.256394,kara
2019-09-29,0.004284309,0.0,0.8649063,-5.8140564,7.231745,10.029924869537354,0.9954839,1.6969258785247803,2.6660452,kara
2019-09-30,0.0048937136,0.0,0.46120453,-7.6805115,7.577,10.079020977020264,1.1950355,1.837224006652832,3.102164,kara
2019-10-01,0.007149159,0.0,-0.310524,-10.472992,6.7457085,12.553466320037842,1.1016879,2.5652060508728027,3.508576,kara
2019-10-02,0.009459596,0.0,-0.65573883,-11.170013,6.349811,13.659459590911865,1.1293132,2.9337354660034185,3.9211736,kara
2019-10-03,0.008959368,0.0,-0.4370041,-12.5208435,8.235074,15.025062561035156,1.5185468,3.5448888778686527,3.6820092,kara
2019-10-04,0.008421389,0.0,-0.6839981,-11.64682,8.595255,12.937973022460938,1.6925733,2.9781841754913327,3.6693683,kara
2019-10-05,0.0068101245,0.0,-0.8220215,-10.738129,6.9543943,12.21954345703125,1.3369805,2.714313650131226,3.816127,kara
2019-10-06,0.011570887,0.0,-0.3936386,-11.194183,7.583012,12.961239337921143,1.1554912,2.556956291198731,2.8492634,kara
2019-10-07,0.009764728,0.0,-0.21980286,-10.171722,6.710591,13.326639652252197,1.3516695,2.814047956466675,2.827153,kara
2019-10-08,0.008075047,0.0,-0.19493866,-9.004974,6.028515,10.881680965423584,1.0642692,1.8616228103637695,2.981619,kara
2019-10-09,0.0102381315,0.0,-0.1286087,-9.058319,7.674044,10.74609661102295,1.2955526,2.0284996032714844,2.598241,kara
2019-10-10,0.018814182,0.0,0.079422,-8.5816345,6.5422444,10.680315494537354,1.2198414,1.8818376064300537,1.7854767,kara
2019-10-11,0.009867484,0.0,0.45733643,-9.0529175,9.974256,12.842530250549316,1.8050504,2.9294756889343265,1.640518,kara
2019-10-12,0.010383056,0.0,0.8283844,-4.096527,9.330902,12.432540893554688,2.0044231,3.123158836364746,1.5401047,kara
2019-10-13,0.009756295,0.0,-0.081848145,-11.508148,5.7230277,12.548299789428711,1.3863863,2.491485071182251,1.3648123,kara
2019-10-14,0.022315439,0.0,-2.5087357,-12.73233,7.497032,12.407907485961914,1.5160094,2.900275707244873,3.5843608,kara
2019-10-15,0.028841848,0.0,-2.5989227,-14.132263,8.221609,11.046403884887695,1.6203829,2.5882110595703125,4.6904373,kara
2019-10-16,0.044412583,0.097503662109375,-3.37397,-16.824005,6.2457733,10.243624210357666,1.1432279,2.0768039703369143,4.789121,kara
2019-10-17,0.05307786,0.197052001953125,-2.0040894,-15.810852,5.322568,9.392128467559814,0.8260706,1.485228848457337,4.37958,kara
2019-10-18,0.056965426,0.2517547607421875,-0.9767456,-14.777435,7.250073,11.010549545288086,1.1308727,1.8162513256073,2.6516087,kara
2019-10-19,0.05970246,0.2752227783203125,-0.7935486,-14.009247,9.841861,14.004093647003174,2.0753508,3.3527786731719975,1.9804949,kara
2019-10-20,0.049742002,0.1875,-1.4941711,-10.145233,9.220611,14.106229782104492,2.4006877,3.377193593978882,3.210012,kara
2019-10-21,0.054898605,0.2108306884765625,-1.8335571,-11.915924,8.36191,12.87711238861084,1.9497393,3.169411468505859,3.2852712,kara
2019-10-22,0.06795975,0.3056793212890625,-2.4462051,-12.341278,7.129108,11.566962718963623,1.5196469,2.331509590148926,3.1281793,kara
2019-10-23,0.07725931,0.3780670166015625,-2.4791794,-9.886932,8.266836,11.832690715789795,1.700778,2.5775200843811037,2.9908755,kara
2019-10-24,0.084858626,0.44476318359375,-2.6855774,-10.494232,7.231875,11.834070682525635,1.4456704,2.135232925415039,3.0268676,kara
2019-10-25,0.10210291,0.5235748291015625,-3.302597,-12.769012,7.5653696,10.831398010253906,1.3956534,2.178248643875122,2.991191,kara
2019-10-26,0.12341044,0.6167755126953125,-3.6762772,-15.032501,6.7014446,9.42878770828247,1.2683085,1.898548460006714,3.0767956,kara
2019-10-27,0.14966878,0.6895904541015625,-4.2135925,-15.467316,7.462469,9.676589488983154,1.2008827,1.7615533828735352,3.1191616,kara
2019-10-28,0.18386081,0.70306396484375,-5.1100845,-16.5383,9.903103,14.896202087402344,2.0340202,3.8126657009124756,3.5630631,kara
2019-10-29,0.22797117,0.744293212890625,-5.317917,-17.306854,10.982563,14.540053844451904,2.7665045,3.909853219985962,3.7725642,kara
2019-10-30,0.2970068,0.81298828125,-5.7583237,-18.223923,8.597009,11.515647411346436,1.9652747,3.2882372379302978,3.7456455,kara
2019-10-31,0.37482962,0.8517913818359375,-6.7938766,-18.207397,6.0494757,8.945459365844727,1.3095552,2.585301065444946,3.7831643,kara
2020-07-01,0.24350226,0.7668304443359375,3.279564,-0.4361267,5.455187,8.633009910583496,0.8064901,1.4105075597763062,0.8727541,kara
2020-07-02,0.22878717,0.7510528564453125,3.7225342,-0.47494507,5.2527523,7.817408323287964,0.63214624,0.9464169144630432,1.1437559,kara
2020-07-03,0.21639623,0.736114501953125,4.199127,-0.55966187,4.944637,7.0332207679748535,0.49137557,0.746461808681488,0.96917784,kara
2020-07-04,0.19390987,0.6897735595703125,4.236252,-0.20321655,5.511385,8.274184226989746,0.5151733,0.8768117308616639,0.7009195,kara
2020-07-05,0.17797844,0.6573028564453125,4.307106,-0.1734314,6.6538754,9.492789268493652,0.75952685,1.4089796543121338,0.92408186,kara
2020-07-06,0.16301529,0.632720947265625,4.5007553,-0.1343689,7.214953,10.065001964569092,0.95233625,1.680464005470276,1.0822005,kara
2020-07-07,0.15675446,0.6217803955078125,4.748886,-0.024017334,7.9828453,10.926415920257568,1.1422045,1.9361963510513307,1.0520452,kara
2020-07-08,0.14101857,0.5915069580078125,4.2365723,-0.84017944,6.065282,9.330323219299316,0.90199226,1.7262529373168947,0.9895475,kara
2020-07-09,0.13167922,0.5579376220703125,3.792427,-0.65267944,5.647962,8.732898235321045,0.7136993,1.1589638233184816,0.89214355,kara
2020-07-10,0.124411196,0.5360260009765625,3.6928024,-0.7745056,5.9815116,9.122812747955322,0.7639771,1.353767442703247,0.85707563,kara
2020-07-11,0.117543675,0.510345458984375,3.687027,-0.79989624,6.3815913,9.811985492706299,0.81616503,1.3544809818267822,0.9289739,kara
2020-07-12,0.11241026,0.4778594970703125,3.4267578,-0.7244568,7.2111263,10.27190351486206,1.0203408,1.7212362289428706,1.0030651,kara
2020-07-13,0.117505684,0.4801177978515625,3.3651276,-0.8057556,7.9261937,10.983441352844238,1.1892017,1.8186749935150146,1.3204794,kara
2020-07-14,0.09140389,0.4087982177734375,4.1452484,-0.2046814,7.209556,10.009040832519531,1.1194135,1.7435184955596923,1.4344362,kara
2020-07-15,0.081662916,0.3731231689453125,3.9570923,-0.41098022,5.8435287,8.84134578704834,0.8023589,1.3156120777130127,1.2346913,kara
2020-07-16,0.0796919,0.354644775390625,3.745842,-0.8172302,4.6279354,8.715500831604004,0.62000656,1.2501527070999148,1.1818749,kara
2020-07-17,0.07461874,0.3400115966796875,3.5685806,-1.1910095,4.0230327,6.498226881027222,0.48291928,0.7305941462516785,1.0492926,kara
2020-07-18,0.07017203,0.32232666015625,3.5042343,-1.0535583,3.6295094,6.691962003707886,0.43469986,0.7043669462203982,0.9065312,kara
2020-07-19,0.06612884,0.2902374267578125,3.8281097,-1.433197,3.94636,8.321971416473389,0.42032748,0.994090461730958,1.0021856,kara
2020-07-20,0.06520678,0.3054962158203125,4.061928,-1.4153748,5.7280664,9.292893886566162,0.7807921,1.5019766092300415,1.213172,kara
2020-07-21,0.061102413,0.2555084228515625,3.8579254,-1.0955505,6.1897383,9.887061595916748,0.9922695,1.7424786329269408,1.4402274,kara
2020-07-22,0.052126855,0.1953887939453125,4.5362625,-0.71762085,5.2009964,8.159270286560059,0.7757599,1.3971798896789553,1.4324627,kara
2020-07-23,0.04955812,0.159454345703125,5.06987,-0.855072,4.2221327,7.556325435638428,0.53635967,0.9893614649772644,1.2472712,kara
2020-07-24,0.043657955,0.1022186279296875,4.786812,-1.2364197,4.2010064,6.64248251914978,0.40739495,0.7100569248199463,1.0200232,kara
2020-07-25,0.041435592,0.078857421875,4.1603622,-1.8016052,4.5219607,7.013502597808838,0.4537745,0.8107864379882814,0.9673074,kara
2020-07-26,0.041965235,0.0973968505859375,4.389801,-1.957367,4.0659227,6.579098463058472,0.39522988,0.6465330839157105,1.2887549,kara
2020-07-27,0.039639484,0.10552978515625,4.630188,-0.5669861,3.4976923,6.08452296257019,0.30068135,0.5296246409416199,1.2946922,kara
2020-07-28,0.032488555,0.04168701171875,4.810951,-0.96640015,3.7721012,7.4060139656066895,0.28613496,0.7665918350219727,1.2619224,kara
2020-07-29,0.029475726,0.0,4.8995667,-1.2810974,4.105643,7.820558309555054,0.39192647,0.9532915949821473,0.96685594,kara
2020-07-30,0.02739951,0.0,5.27816,-1.0457458,4.3947496,7.526468992233276,0.46534014,0.9387774348258973,0.82920784,kara
2020-07-31,0.026539683,0.0,5.8505325,-0.9295349,5.212807,8.66578483581543,0.51962996,1.0946394443511962,0.86936337,kara
2020-08-01,0.022768691,0.0,6.3561707,-1.4996033,6.092735,9.421223163604736,0.76732147,1.465594530105591,0.88069016,kara
2020-08-02,0.019964792,0.0,6.9974213,-0.87802124,5.3705444,9.012938022613525,0.7009069,1.4742021083831787,0.8091271,kara
2020-08-03,0.019616853,0.0,8.049736,-0.75375366,6.3218236,10.453643798828125,0.62799805,1.2789067745208742,1.0118066,kara
2020-08-04,0.019051312,0.0,8.355965,0.034088135,9.45447,12.751250743865967,1.5431701,2.6495472908020026,1.395201,kara
2020-08-05,0.0148983635,0.0,7.794243,0.013336182,8.516966,11.707078456878662,1.6231941,2.5239245891571045,1.2647706,kara
2020-08-06,0.0148983635,0.0,7.1718826,-0.81430054,5.8112535,9.688668727874756,1.1402965,1.9675485610961916,0.89273643,kara
2020-08-07,0.0132591445,0.0,6.3166733,-0.76620483,5.971242,10.476841449737549,0.91083807,1.472589063644409,0.9571769,kara
2020-08-08,0.012290449,0.0,5.2235947,-1.7852478,6.648673,11.127886772155762,1.0922219,2.059903526306152,1.6340036,kara
2020-08-09,0.016689695,0.0,4.8816605,-1.2757263,6.002487,9.209327697753906,0.9285116,1.70146906375885,1.90096,kara
2020-08-10,0.01279971,0.0,4.668968,-1.391449,6.0195923,9.214698791503906,0.7937962,1.3740463495254516,2.193513,kara
2020-08-11,0.015189842,0.0,4.5000076,-2.0606384,7.0799475,12.770102500915527,1.0252035,2.3669164657592767,2.3507237,kara
2020-08-12,0.015974723,0.0,4.8040695,-1.7632751,7.9393716,14.529178619384766,1.3551487,3.178982877731323,2.0639017,kara
2020-08-13,0.010908403,0.0,5.989609,-1.686615,8.215339,13.660499095916748,1.5221093,3.141361999511718,1.9363195,kara
2020-08-14,0.008608639,0.0,6.846779,0.057525635,7.309746,11.232345581054688,1.3629879,2.443998956680298,1.9476012,kara
2020-08-15,0.007702055,0.0,6.581703,0.31436157,6.831843,9.934791564941406,0.9846175,1.443657636642456,1.7953748,kara
2020-08-16,0.010574088,0.0,6.8945084,0.04727173,7.005251,10.598784446716309,1.091213,1.95450541973114,2.1120365,kara
2020-08-17,0.0068796664,0.0,6.6888504,-1.20224,6.0794044,9.899458885192871,1.0894805,1.9411768436431884,1.4546,kara
2020-08-18,0.006601558,0.0,6.7389145,-0.48812866,5.292768,8.751102447509766,0.88232917,1.5169290065765382,0.8555772,kara
2020-08-19,0.00656298,0.0,7.117111,0.174469,4.708526,8.382662296295166,0.7134403,1.295051622390747,0.76227045,kara
2020-08-20,0.0052018343,0.0,6.948509,-0.68344116,4.9941154,7.7009546756744385,0.5893368,0.8507070899009707,0.9180181,kara
2020-08-21,0.0054591666,0.0,6.7290344,-0.91049194,5.817415,8.184273719787598,0.6464518,0.9242676138877869,1.2791442,kara
2020-08-22,0.0058351085,0.0,6.1501083,-1.0450134,4.5465503,7.38941764831543,0.5816762,0.9056424140930177,1.4584597,kara
2020-08-23,0.0037546486,0.0,6.2480545,-0.7142029,5.1663313,11.130025863647461,0.6306889,1.9728999376296996,1.5879948,kara
2020-08-24,0.004133511,0.0,6.5757217,-0.8497009,5.2018466,9.832509994506836,0.7741318,1.8734930515289303,1.537589,kara
2020-08-25,0.0030510686,0.0,6.385727,-0.16390991,4.3468113,7.879718065261841,0.64017177,1.1240894079208374,0.89950275,kara
2020-08-26,0.0029376638,0.0,6.4591217,-0.19613647,3.893142,7.366935968399048,0.5262662,1.113732099533081,0.7129847,kara
2020-08-27,0.0037222174,0.0,6.671463,-0.17953491,3.676233,7.662456512451172,0.50373185,0.9627269506454468,0.7376234,kara
2020-08-28,0.0024719138,0.0,7.5117416,0.050201416,6.7547145,10.24614429473877,0.8359619,1.5961369752883912,1.006666,kara
2020-08-29,0.0019965367,0.0,6.818306,-0.20980835,6.3973613,10.551312923431396,1.0460119,1.7656517982482909,1.708632,kara
2020-08-30,0.0027334797,0.0,5.746254,-1.9764099,5.0223165,10.167835235595703,0.99445504,1.7115228652954109,1.7264256,kara
2020-08-31,0.0016862102,0.0,5.3114166,-1.1997986,4.650895,8.948088645935059,0.8263831,1.2676371097564698,1.520788,kara
2020-09-01,0.0014264092,0.0,5.8814545,-0.40316772,4.6498485,6.684826612472534,0.6907828,1.1327688217163088,1.1491425,kara
2020-09-02,0.0034208738,0.0,5.6548157,0.2694397,5.511568,8.847306251525879,0.7722767,1.2825846195220947,1.7148476,kara
2020-09-03,0.0014612001,0.0,5.2715073,-0.63339233,5.9583898,11.40359115600586,0.89837515,1.9859260082244874,2.832195,kara
2020-09-04,0.0022747493,0.0,5.9432144,-1.0179138,7.1326437,11.484902381896973,1.236401,2.33188214302063,2.1363504,kara
2020-09-05,0.0004761902,0.0,6.4131927,-0.15097046,7.1417804,10.011232852935791,1.281976,2.017674779891968,1.2211434,kara
2020-09-06,0.001352366,0.0,6.926384,0.19302368,7.9448504,10.627243518829346,1.3265781,1.9487672328948975,0.9794896,kara
2020-09-07,0.0008803945,0.0,6.823944,-1.0870056,6.660227,9.833710670471191,1.1327937,1.7283215522766118,0.90804726,kara
2020-09-08,9.602429e-06,0.0,6.72258,0.45376587,6.6020384,10.581969261169434,1.0321429,1.6626188755035407,0.7180624,kara
2020-09-09,0.0,0.0,5.687378,-2.0762634,5.1006317,8.812466144561768,0.85324883,1.3856490373611452,1.0513816,kara
2020-09-10,0.0,0.0,5.540512,-2.4307556,6.4938064,10.576363563537598,1.0445261,1.604612636566163,1.5643315,kara
2020-09-11,0.0,0.0,6.285515,-1.0508728,7.09422,10.715466022491455,1.1513989,1.8428573608398438,1.4327375,kara
2020-09-12,0.0,0.0,7.159027,0.18960571,8.116977,10.459549903869629,1.2465172,1.8271618366241456,1.3242438,kara
2020-09-13,0.0,0.0,6.6387177,0.056549072,7.351654,11.438714981079102,1.2401648,2.083305549621582,1.5838206,kara
2020-09-14,0.0,0.0,6.1815414,-0.62387085,5.781611,9.469852447509766,0.9387875,1.4109703540802,1.2480737,kara
2020-09-15,0.0,0.0,5.9148483,-1.3887634,5.478369,9.451120376586914,0.8741969,1.3965700626373294,1.2839286,kara
2020-09-16,0.0,0.0,5.340637,-1.9126892,7.4757004,11.860146045684814,1.2000095,2.4694765090942385,1.5023339,kara
2020-09-17,0.0,0.0,3.8410492,-2.4551697,6.682931,11.705944538116455,1.3305358,2.3828133583068847,3.1027923,kara
2020-09-18,0.0008223932,0.0,3.8802948,-3.5108337,7.549103,13.190064430236816,1.4869676,3.0611649036407473,3.0912802,kara
2020-09-19,0.0006589239,0.0,3.7986221,-4.169037,6.1324263,11.762548923492432,1.3315146,2.3664659023284913,2.6928818,kara
2020-09-20,0.0019910291,0.0,3.7840576,-6.353119,5.3152156,8.725411891937256,1.1246195,1.761771297454834,2.7419276,kara
2020-09-21,0.0011347076,0.0,4.454399,-5.443207,6.388456,10.852766513824463,1.1545908,1.5921030282974247,2.1400049,kara
2020-09-22,0.002773555,0.0,5.7179565,-1.5186462,10.455863,13.732791900634766,1.8647162,3.0393768787384037,1.9804926,kara
2020-09-23,0.0052257488,0.0,5.2912064,-4.9327087,7.8766537,13.2531418800354,1.7787182,3.4060507774353033,2.482405,kara
2020-09-24,0.0037109493,0.0,4.77079,-2.9944763,8.752343,13.802101135253906,1.5845615,2.910888195037842,2.4584756,kara
2020-09-25,0.0031763513,0.0,4.680504,-2.8199158,10.281728,14.368229866027832,2.2720616,3.432666015625,2.354058,kara
2020-09-26,0.0068175653,0.0,3.1848602,-2.95224,9.366674,13.402198791503906,2.067502,3.298805141448975,3.33949,kara
2020-09-27,0.0027329393,0.0,1.9321747,-3.403656,9.929968,13.123751640319824,2.1109195,3.191066265106201,3.952894,kara
2020-09-28,0.0042542676,0.0,2.125183,-6.230072,9.183161,12.670724868774414,1.987783,2.9602294921875,4.0178347,kara
2020-09-29,0.004945999,0.0,2.1706238,-5.146576,7.2744627,11.424011707305908,1.5454326,2.4485504627227783,3.8157415,kara
2020-09-30,0.0065535754,0.0,2.5125046,-4.28183,6.969256,11.329246044158936,1.3330833,2.29296932220459,2.9239793,kara
2020-10-01,0.0063159936,0.0,2.4493027,-4.58432,9.170877,12.968711853027344,1.667378,3.1306476116180417,2.7781913,kara
2020-10-02,0.008476144,0.0,1.0045013,-5.597748,10.959202,13.796170711517334,2.2594402,3.320538187026977,3.9949021,kara
2020-10-03,0.0047976547,0.0,1.2896805,-3.9517517,10.861284,14.307160377502441,2.4800744,3.7482195854187017,3.8709915,kara
2020-10-04,0.007874169,0.0,2.0793304,-4.4405212,10.670033,13.877937316894531,2.195632,3.420070457458497,2.8310986,kara
2020-10-05,0.005445137,0.0,0.8051071,-4.4205017,12.140468,15.86941385269165,2.7558053,4.550352764129639,3.339044,kara
2020-10-06,0.0045858314,0.0,0.64766693,-6.172943,11.016889,16.104798316955566,2.740507,4.722407436370849,3.3515825,kara
2020-10-07,0.0067328988,0.0,1.4378052,-6.6028748,9.7456045,12.004073143005371,1.8802202,2.6792987823486327,2.4750242,kara
2020-10-08,0.0067992676,0.0,0.2190857,-6.4197083,7.3030066,10.806164741516113,1.4298693,2.390777492523193,4.190099,kara
2020-10-09,0.0059151454,0.0,0.07823944,-6.662201,4.6545954,10.508598327636719,0.95906854,1.897330403327942,4.5348306,kara
2020-10-10,0.009315025,0.0,1.3801727,-7.049591,6.360837,9.908336639404297,0.9009721,1.4685442447662354,2.5145884,kara
2020-10-11,0.010613549,0.0,1.2727203,-7.2032166,7.3901196,10.238249778747559,1.1266729,1.6924898624420168,1.6203792,kara
2020-10-12,0.0077092084,0.0,-0.008728027,-5.2588806,8.601205,12.375674724578857,1.6356745,3.0511155128479004,4.385762,kara
2020-10-13,0.008533812,0.0,0.021133423,-7.020111,7.214621,11.954080581665039,1.646467,2.939973688125611,4.2511644,kara
2020-10-14,0.005714461,0.0,-0.9643326,-9.625336,8.77953,12.515094757080078,1.8097368,2.910071182250977,3.7493737,kara
2020-10-15,0.007160834,0.0,-0.5672226,-10.586761,8.928501,12.460943222045898,1.6952294,2.7038042068481447,4.0566874,kara
2020-10-16,0.0067602387,0.0,-0.05570221,-11.00235,8.514843,12.405903339385986,1.6976495,2.7218714714050294,3.0960712,kara
2020-10-17,0.007402015,0.0,-0.16120148,-11.278046,9.219288,11.652819633483887,1.6609056,2.4851105213165283,2.687245,kara
2020-10-18,0.0070445784,0.0,-0.7972412,-11.791595,10.080499,12.824914455413818,2.033854,2.964693069458008,3.6763377,kara
2020-10-19,0.012226503,0.0,-1.2394104,-10.274017,9.334549,12.59826946258545,1.8700434,2.830023002624512,3.8146834,kara
2020-10-20,0.020576414,0.0,-2.1358643,-12.316742,8.225756,11.689833641052246,1.4739642,2.5707364082336426,3.6546097,kara
2020-10-21,0.02435511,0.0,-3.1356049,-13.555939,8.019508,9.950064659118652,1.3492522,1.8927159309387207,4.115369,kara
2020-10-22,0.028179934,0.0,-2.775879,-13.626373,7.8945107,9.84512710571289,1.361726,1.8713487386703491,3.9654803,kara
2020-10-23,0.03803791,0.046478271484375,-2.8209,-13.840485,6.332872,8.707458972930908,1.0300987,1.6154232025146484,3.956888,kara
2020-10-24,0.055621885,0.226593017578125,-3.655716,-15.034546,4.2077165,6.266909837722778,0.6586001,0.9773417115211487,4.504677,kara
2020-10-25,0.08199572,0.394989013671875,-4.014389,-16.28952,3.8375804,6.679052829742432,0.5433734,0.8759061098098757,4.8632827,kara
2020-10-26,0.09488046,0.46051025390625,-2.8181381,-15.800598,6.0837936,10.824540615081787,0.83567166,2.046379327774048,4.5167475,kara
2020-10-27,0.077970386,0.379791259765625,-2.145874,-19.316162,9.271022,12.79846477508545,1.7751862,2.9389398097991943,3.4004498,kara
2020-10-28,0.07105602,0.3376922607421875,-2.935852,-22.066315,10.6123,15.28350019454956,2.5244994,4.336900615692139,3.177546,kara
2020-10-29,0.089627214,0.4719085693359375,-3.2850494,-24.10463,12.03375,16.375460624694824,3.360509,5.427413654327393,2.8281722,kara
2020-10-30,0.10979568,0.5657806396484375,-2.177864,-23.509705,9.469881,14.714526176452637,2.47539,4.926390647888184,2.0765653,kara
2020-10-31,0.11153299,0.580078125,-1.7693939,-11.79007,7.280262,10.384049892425537,1.5251515,2.3244017601013183,1.887587,kara
2021-07-01,0.38510078,0.939788818359375,1.8362274,-3.2898865,5.902008,10.508274555206299,0.76429373,1.8705072402954102,0.7888111,kara
2021-07-02,0.35104138,0.9258575439453125,2.275978,-0.7713318,7.4554706,10.588639259338379,1.514974,2.4952679157257083,0.93883157,kara
2021-07-03,0.33252016,0.883331298828125,1.5362015,-1.257904,6.9898744,10.732838153839111,1.6705858,2.6808602809906006,1.2505128,kara
2021-07-04,0.33890867,0.923858642578125,1.4072876,-1.363617,8.435324,13.427183628082275,1.7734656,3.0772151947021484,1.3749982,kara
2021-07-05,0.32444224,0.9233245849609375,1.2543488,-1.9082947,9.239149,13.891893863677979,1.5433446,3.3461170196533203,1.5536102,kara
2021-07-06,0.32582474,0.9447174072265625,1.396759,-1.7791443,7.654956,12.671699523925781,1.117519,2.3413203239440916,1.3787425,kara
2021-07-07,0.31791443,0.9333953857421875,1.501564,-1.6319275,7.94847,11.54259443283081,1.1867725,2.373913860321045,1.3792553,kara
2021-07-08,0.31428006,0.942291259765625,1.8671875,-1.8523865,7.153868,11.169249057769775,0.9970389,2.3043679714202883,1.3579168,kara
2021-07-09,0.312199,0.9458465576171875,2.032608,-3.068695,7.1599464,13.211975574493408,1.034128,2.625537776947022,1.2812098,kara
2021-07-10,0.31593308,0.9339752197265625,1.1899261,-2.2586365,7.5586996,12.556533813476562,1.1119714,2.1523921012878424,1.7064433,kara
2021-07-11,0.3119744,0.926788330078125,1.5690994,-1.9100037,7.2901917,11.023929119110107,1.2554286,1.9778320789337158,1.3345934,kara
2021-07-12,0.30883834,0.932403564453125,1.4341507,-1.9229431,6.651515,10.270506381988525,1.0807004,1.6946938991546632,1.4149096,kara
2021-07-13,0.31409255,0.9361114501953125,1.5218887,-3.009613,4.8106823,7.525198698043823,0.68234193,1.093002486228943,1.1549617,kara
2021-07-14,0.31409255,0.9361114501953125,1.9393692,-1.1058044,4.4472923,7.329731702804565,0.59514225,0.9694947004318238,0.8960219,kara
2021-07-15,0.29993027,0.91094970703125,1.8070526,-1.2198181,4.6999,7.5803327560424805,0.56398153,1.0118267059326171,0.96816283,kara
2021-07-16,0.29574737,0.8941650390625,1.6225662,-1.4368591,4.3962126,7.267791748046875,0.47453138,0.9597947835922239,1.1235443,kara
2021-07-17,0.30241367,0.9349212646484375,1.7995071,-1.3807068,3.8297343,5.996934175491333,0.45625985,0.8209830880165102,1.1301448,kara
2021-07-18,0.29380476,0.932464599609375,2.0922394,-1.292572,3.515966,6.658372402191162,0.5663055,1.1299108982086181,0.97444105,kara
2021-07-19,0.28222656,0.9216766357421875,2.8944855,-1.6390076,5.0183344,10.085571765899658,0.7400951,1.609912657737732,1.2454084,kara
2021-07-20,0.26175195,0.921051025390625,3.7781754,-0.7522888,6.8364015,11.368073463439941,1.3176124,2.270453453063965,1.316495,kara
2021-07-21,0.23037307,0.8713836669921875,3.9645157,-0.5386658,6.3719907,10.342410564422607,0.9903332,1.7014671325683592,1.1669416,kara
2021-07-22,0.20052418,0.795501708984375,4.2123947,0.034820557,7.6234984,11.39891004562378,1.1011894,1.8422457456588743,0.95187813,kara
2021-07-23,0.18835606,0.7523193359375,4.0548096,0.007232666,7.7038517,12.587783813476562,1.3714836,2.6370458602905273,1.2546598,kara
2021-07-24,0.1831389,0.7473297119140625,3.5889816,-1.0020447,5.346518,9.589184761047363,0.78799987,1.3242371559143067,1.0041192,kara
2021-07-25,0.18021698,0.743194580078125,3.3363113,-1.3501892,5.1268196,8.594726085662842,0.6902913,1.319684934616089,0.9144968,kara
2021-07-26,0.17445917,0.738525390625,3.3408508,-1.044281,5.3238783,8.354512691497803,0.62946355,1.1322405338287354,0.9590721,kara
2021-07-27,0.16653945,0.7002105712890625,3.4026566,-0.8836365,5.7217855,9.995277881622314,0.58643365,1.192349648475647,0.8301537,kara
2021-07-28,0.1607753,0.66485595703125,3.7481155,-1.1036072,7.1924877,11.115144729614258,1.0710713,1.9310901165008545,0.9957541,kara
2021-07-29,0.15232448,0.662750244140625,3.6446533,-1.5447693,5.8282633,10.14824914932251,0.85076976,1.5535569190979004,1.038329,kara
2021-07-30,0.15641099,0.7541351318359375,3.789528,-1.4632263,5.329023,8.313794136047363,0.63670254,1.0244955062866221,0.8357532,kara
2021-07-31,0.15009561,0.6693115234375,3.7404175,-0.89559937,4.729449,7.91649603843689,0.575082,0.9824935078620911,0.6347156,kara
2021-08-01,0.13501562,0.6176300048828125,3.7458878,-0.6914978,5.830842,10.660214900970459,0.6410154,1.4170578479766847,0.7244423,kara
2021-08-02,0.13222307,0.633941650390625,4.248108,-0.6919861,6.428504,10.750823974609375,0.83720577,1.7083317041397095,0.87348735,kara
2021-08-03,0.12984239,0.656829833984375,4.8853836,-0.63900757,4.913364,7.288442134857178,0.55255365,1.0875232219696045,0.6288959,kara
2021-08-04,0.10624562,0.551300048828125,5.6086273,-0.62557983,5.3818593,9.437238693237305,0.52175915,1.0214447021484374,0.5799632,kara
2021-08-05,0.09793639,0.5303497314453125,5.9594116,0.3138733,5.4667854,9.272034168243408,0.60237217,1.0655091285705565,0.5111046,kara
2021-08-06,0.09748166,0.5282745361328125,5.783966,-0.15707397,4.4173484,8.157844543457031,0.53283715,1.1148457765579223,0.37410566,kara
2021-08-07,0.10583028,0.575714111328125,4.8309326,-0.96591187,3.1559858,5.893229246139526,0.3816223,0.6433436632156372,0.38550767,kara
2021-08-08,0.10573226,0.5619659423828125,4.323944,-1.1248474,4.029004,6.833838224411011,0.40662178,0.7581504702568056,0.6617952,kara
2021-08-09,0.10060321,0.5264892578125,4.2363205,-0.8218689,5.580251,8.77863359451294,0.6223478,1.3619955778121955,0.86343765,kara
2021-08-10,0.10155225,0.5550689697265625,3.9170685,-0.77719116,5.630019,9.530087947845459,0.7854926,1.5681798934936524,1.1312704,kara
2021-08-11,0.10578075,0.5731658935546875,4.2277985,-0.9161072,5.2487526,9.990877628326416,0.6852946,1.6837321043014524,0.9547259,kara
2021-08-12,0.10264138,0.5560302734375,4.925171,-1.0545349,4.1388106,6.560803413391113,0.40533984,0.7631683111190797,0.555043,kara
2021-08-13,0.10156076,0.568695068359375,4.8737335,-1.1053162,3.9808538,6.772441148757935,0.3730236,0.7319646358489991,0.33998328,kara
2021-08-14,0.093666926,0.5147705078125,4.683647,-0.86068726,4.63987,9.246151447296143,0.58174795,1.205355167388916,0.67238396,kara
2021-08-15,0.08848577,0.490997314453125,5.0558624,-0.98495483,6.329461,11.079318046569824,0.8693483,1.7717665910720832,0.7407863,kara
2021-08-16,0.0826403,0.471771240234375,4.7666855,-0.88974,5.9211593,9.866268157958984,0.8191844,1.489222335815431,0.9549794,kara
2021-08-17,0.08088047,0.43865966796875,4.1797256,-0.95443726,6.664507,10.465657711029053,0.9053703,1.6096529960632324,1.4195347,kara
2021-08-18,0.07994409,0.4354705810546875,3.4654922,-1.870697,7.6829453,11.247703552246094,1.2806082,2.297273635864258,2.0709908,kara
2021-08-19,0.07920595,0.414703369140625,2.9237823,-3.0645447,5.385579,10.790992259979248,1.0356861,2.289550304412842,2.2397306,kara
2021-08-20,0.08398638,0.432159423828125,3.3200684,-2.7845154,5.057844,9.141707420349121,0.709678,1.3424358367919922,2.0383532,kara
2021-08-21,0.0797336,0.42706298828125,4.2172394,-1.7569275,6.6111364,9.443539142608643,0.8580355,1.4204581022262575,1.1966347,kara
2021-08-22,0.072851054,0.382781982421875,3.8236237,-1.4278259,7.0502586,10.292693138122559,1.0424998,1.7249026298522947,1.3599715,kara
2021-08-23,0.06675242,0.3583221435546875,3.419983,-1.5220642,6.5570507,11.552806854248047,1.0176682,1.9743586778640747,1.5263042,kara
2021-08-24,0.06968258,0.3577423095703125,2.8252563,-3.3477478,7.201511,11.892477035522461,1.1443788,2.4061989784240723,2.007885,kara
2021-08-25,0.072257616,0.376129150390625,2.163063,-4.0193787,5.2591114,11.117966175079346,0.8705115,2.006985807418824,2.8593776,kara
2021-08-26,0.07520537,0.374542236328125,2.456688,-4.5577087,4.8466144,9.326413631439209,0.6144611,1.118264079093933,2.7582746,kara
2021-08-27,0.07587318,0.3768310546875,3.0948715,-4.284027,6.9947176,10.45994758605957,1.0078783,1.9543232917785645,2.1054883,kara
2021-08-28,0.07423178,0.38232421875,3.7186966,-5.3628845,7.29473,11.525361061096191,1.3130652,2.0681987285614016,1.4586071,kara
2021-08-29,0.079517424,0.4171600341796875,3.2720642,-5.4737244,6.037098,11.35065507888794,1.2324336,2.2094803333282473,1.5887347,kara
2021-08-30,0.07646248,0.388916015625,2.5243988,-5.808441,4.899513,11.516801834106445,0.9991326,2.29887113571167,2.283523,kara
2021-08-31,0.07683828,0.36907958984375,2.2784348,-5.1128845,4.036371,8.430898666381836,0.61888534,1.2633766412734986,2.64714,kara
2021-09-01,0.07846643,0.3972320556640625,2.431961,-6.0174255,4.3446097,7.416967868804932,0.5830914,0.9688873291015625,2.42425,kara
2021-09-02,0.06862935,0.35650634765625,2.7712173,-5.5899353,5.474081,10.621604919433594,0.76207215,1.6048449754714966,2.344117,kara
2021-09-03,0.07533127,0.39410400390625,3.1650085,-6.8023376,7.971839,13.185945987701416,1.2907736,2.7707316875457764,1.8871055,kara
2021-09-04,0.061584387,0.3122100830078125,3.5332184,-5.877777,9.134576,14.760293960571289,1.7014894,3.381351757049561,1.5578531,kara
2021-09-05,0.052649707,0.254302978515625,3.1344528,-5.1062927,10.496176,16.24451732635498,2.440725,4.497211456298828,2.206697,kara
2021-09-06,0.052062057,0.2384796142578125,3.0868607,-5.50766,9.50459,13.327585220336914,1.9317538,3.265130043029785,2.1013265,kara
2021-09-07,0.049276516,0.1952056884765625,4.0187454,-2.287445,9.665845,14.000200748443604,1.9112735,3.4648142337799075,1.6712241,kara
2021-09-08,0.042825367,0.168304443359375,4.0041733,-0.77059937,7.654875,10.891189575195312,1.281062,2.228558683395386,1.4121534,kara
2021-09-09,0.04074581,0.114654541015625,3.6431046,-0.7688904,6.8333945,9.56963062286377,1.0024929,1.5156224727630616,1.2556041,kara
2021-09-10,0.037727635,0.0784454345703125,3.170044,-1.2810974,5.4814196,8.714252471923828,0.8116162,1.3224724531173706,1.0253744,kara
2021-09-11,0.035275813,0.0631103515625,2.7700806,-1.6426697,6.952879,10.601444244384766,0.9569592,1.6636046171188354,1.1247221,kara
2021-09-12,0.035462704,0.0765228271484375,2.675293,-2.9580994,7.224531,11.99686861038208,1.2899218,2.4727215766906743,1.6958723,kara
2021-09-13,0.03603868,0.074493408203125,2.903511,-2.7239685,5.1866817,10.268332481384277,0.9203629,2.073635149002076,1.8045087,kara
2021-09-14,0.035475902,0.0777130126953125,2.6352463,-3.35141,5.418892,9.824753761291504,0.7806517,1.6445958137512207,1.4157596,kara
2021-09-15,0.036693186,0.088134765625,2.1675491,-4.707367,6.0471973,9.397234439849854,0.8122658,1.6303293466567994,1.6001811,kara
2021-09-16,0.04408547,0.1697540283203125,1.3844147,-6.967865,6.168677,9.55890941619873,0.8579675,1.4497414827346802,2.526132,kara
2021-09-17,0.04408547,0.1697540283203125,1.2185669,-6.686615,6.2564635,10.942814350128174,0.8847155,1.6902592182159424,2.9629822,kara
2021-09-18,0.045029134,0.2039947509765625,1.3252106,-5.736664,7.330674,13.325722694396973,1.1030567,2.286980152130127,2.7926812,kara
2021-09-19,0.043157592,0.18408203125,1.6298904,-6.659027,6.8161306,12.81017017364502,1.0549412,2.1542725563049316,2.1689172,kara
2021-09-20,0.04008888,0.145172119140625,2.0543823,-5.537689,6.8282614,10.357579708099365,1.175465,2.136101436614991,1.7541746,kara
2021-09-21,0.03390311,0.0856170654296875,1.909256,-4.7532654,4.8489957,8.083516597747803,0.92194605,1.4396906375885008,1.6904492,kara
2021-09-22,0.045620516,0.225372314453125,1.9255829,-4.634369,5.0107703,8.060883522033691,0.8021096,1.3776121139526367,1.3553804,kara
2021-09-23,0.039812814,0.13580322265625,2.3129883,-4.8265076,5.8205714,8.936970233917236,0.9375025,2.0320033073425297,1.5734794,kara
2021-09-24,0.036273707,0.089874267578125,2.4479752,-4.8311462,6.831833,9.70907735824585,1.3703948,2.8951077938079837,1.2358629,kara
2021-09-25,0.03178289,0.068695068359375,2.4385605,-1.54599,7.283112,9.719057559967041,1.3855696,2.3495092868804934,1.282866,kara
2021-09-26,0.02895096,0.03399658203125,2.6059952,-3.283783,8.26976,11.301828861236572,1.4967322,2.3899266719818115,1.754361,kara
2021-09-27,0.02718629,0.010711669921875,2.6495285,-2.9183044,7.700139,10.713807582855225,1.4592445,2.223081111907959,1.1797727,kara
2021-09-28,0.02286994,0.0,2.0046844,-2.7918396,5.6348457,8.976672172546387,0.9797876,1.5235295295715332,0.90766394,kara
2021-09-29,0.03376721,0.0722503662109375,1.2986069,-3.2867126,7.1064963,11.201411724090576,1.1441144,2.3393654346466066,1.3992509,kara
2021-09-30,0.028193573,0.039642333984375,0.5746994,-5.742279,9.497243,12.5655517578125,1.7966572,2.715686321258545,2.495922,kara
2021-10-01,0.030804263,0.06884765625,-0.21875763,-7.964691,7.3910213,10.916603565216064,1.352385,2.376152515411377,3.3064017,kara
2021-10-02,0.037234183,0.093231201171875,0.57901764,-9.0850525,6.2012277,9.274372100830078,0.9837222,1.485202980041504,3.2339687,kara
2021-10-03,0.034222446,0.06494140625,1.7935562,-6.282318,7.3109913,10.760226726531982,1.2426442,1.9054366588592528,1.4584391,kara
2021-10-04,0.049505193,0.2382965087890625,1.3993073,-7.8316345,5.359185,10.119184970855713,1.0488486,1.7011365413665773,1.279238,kara
2021-10-05,0.059687216,0.303955078125,1.2640076,-11.828705,8.455982,12.578332901000977,1.404727,2.455166959762573,1.7926798,kara
2021-10-06,0.06933848,0.3698883056640625,-0.010345459,-15.77597,8.10033,12.344593524932861,1.6317837,2.698365640640259,2.5925665,kara
2021-10-07,0.07922475,0.36944580078125,-0.9820938,-16.047058,8.881199,13.126710414886475,1.9057183,3.840011215209961,3.2330155,kara
2021-10-08,0.0817282,0.3997802734375,-2.005455,-15.36142,9.904426,12.548089504241943,2.1012146,3.287903594970703,3.6821008,kara
2021-10-09,0.08293101,0.4117431640625,-2.7982788,-10.906342,10.863811,13.031754970550537,2.2907157,3.2417956352233888,3.8675041,kara
2021-10-10,0.08803994,0.4337310791015625,-2.9677658,-11.351288,8.4334755,13.283078670501709,1.8378991,3.3285677433013916,4.16885,kara
2021-10-11,0.10869635,0.5302886962890625,-2.9373322,-13.001617,4.555716,8.322994232177734,0.9310937,1.7626190185546873,4.5579157,kara
2021-10-12,0.11855449,0.5731658935546875,-2.1992722,-12.352692,5.35509,9.394484519958496,0.8606687,1.4832953691482544,4.084171,kara
2021-10-13,0.11724128,0.5454254150390625,-1.3532639,-12.212433,7.88707,10.985818862915039,1.2367625,1.9217192888259884,2.943688,kara
2021-10-14,0.10976749,0.5269012451171875,-0.84937286,-12.455658,6.9435763,9.798264026641846,1.1611166,1.9155340671539307,2.2339857,kara
2021-10-15,0.11018424,0.564788818359375,-1.6482697,-10.187103,6.994049,10.93892765045166,1.0644614,1.684192419052125,3.1279135,kara
2021-10-16,0.121309444,0.57421875,-1.6298599,-10.970306,8.0703535,12.822883129119873,1.3417156,2.8828709602355973,2.2169771,kara
2021-10-17,0.13546781,0.633087158203125,-1.7401962,-12.16098,6.670246,11.340096950531006,1.1806599,2.782715415954591,2.4322183,kara
2021-10-18,0.15841319,0.706207275390625,-2.5373917,-13.635345,8.499884,13.79809045791626,1.4415858,3.0076842784881594,3.1257768,kara
2021-10-19,0.15622693,0.646728515625,-3.2814102,-13.44931,9.775423,14.86635160446167,2.0424242,3.6030788421630864,3.544162,kara
2021-10-20,0.14920878,0.6022186279296875,-3.5488281,-14.954895,8.642435,14.453103065490723,1.917538,3.7259009361267093,3.7437875,kara
2021-10-21,0.1604469,0.619720458984375,-2.8628387,-14.62912,7.195861,11.743573665618896,1.4022107,2.7274168968200683,4.002374,kara
2021-10-22,0.19292958,0.6701202392578125,-3.3133545,-14.811737,7.6900616,12.946503639221191,1.5122715,3.0918085098266603,3.1286225,kara
2021-10-23,0.21585712,0.705322265625,-5.0050354,-16.113434,9.376263,12.500909328460693,1.8313465,3.024979496002197,3.410354,kara
2021-10-24,0.23403585,0.7324676513671875,-5.9505997,-18.450943,9.578509,12.302911281585693,2.0243306,2.7293009757995605,3.6627507,kara
2021-10-25,0.28139362,0.7802886962890625,-7.4700165,-21.112122,9.207688,12.899711608886719,2.0534904,3.169985055923462,4.139318,kara
2021-10-26,0.34464288,0.8073883056640625,-8.6545105,-22.58142,7.5706506,10.975745677947998,1.6379484,2.8781104087829594,4.28364,kara
2021-10-27,0.39796114,0.8367767333984375,-9.398651,-20.965805,6.4776945,10.424232482910156,1.3977805,2.473913145065308,4.028188,kara
2021-10-28,0.4461497,0.880950927734375,-9.537613,-20.84813,5.655054,10.990549564361572,1.2655628,2.4920583724975587,3.8399887,kara
2021-10-29,0.4803782,0.9137115478515625,-9.6252365,-20.676361,5.1867914,10.438344478607178,1.0999407,2.514178180694583,3.9622886,kara
2021-10-30,0.5095915,0.94073486328125,-10.709305,-22.005081,5.572274,9.33449411392212,0.9647399,1.814866089820862,3.6046798,kara
2021-10-31,0.53614736,0.9504547119140625,-11.282402,-21.98349,5.559061,8.622107982635498,1.0682594,1.5613914966583253,3.3561444,kara
2022-07-01,0.32189208,0.8985595703125,1.4850998,-1.6175232,4.641392,7.218303680419922,0.59565544,1.1183208703994751,0.77784836,kara
2022-07-02,0.31454727,0.9066619873046875,1.5085602,-1.1231384,5.4423585,7.3414306640625,0.6974768,1.1755066394805909,0.9877144,kara
2022-07-03,0.31289524,0.907012939453125,1.6193008,-1.0137634,5.0004015,8.761835098266602,0.71342707,1.4437479972839355,0.89366704,kara
2022-07-04,0.3028499,0.921844482421875,1.9401932,-0.93148804,3.8325486,7.090030193328857,0.63651216,1.0270845890045166,0.7849547,kara
2022-07-05,0.29771483,0.9326629638671875,1.4884644,-1.7605896,3.9793887,7.935118675231934,0.45404544,0.7551903128623962,1.0555612,kara
2022-07-06,0.29539952,0.912322998046875,1.4154739,-2.5386658,6.3813863,13.563679218292236,0.5358142,1.3301016807556159,1.7313336,kara
2022-07-07,0.2912493,0.9031982421875,1.9846802,-2.5904236,7.7212048,14.162627696990967,0.8201287,1.903018093109131,1.5473549,kara
2022-07-08,0.28573784,0.91143798828125,1.9129333,-1.9786072,5.205767,7.833184719085693,0.6254115,0.9471939206123352,1.3701963,kara
2022-07-09,0.27850354,0.8967742919921875,1.8541565,-2.4519958,5.7864623,9.90402364730835,0.8096955,1.8126756668090822,1.4631772,kara
2022-07-10,0.27675003,0.91729736328125,2.2627945,-1.650238,5.1520405,8.166924953460693,0.71023726,1.5892115592956544,1.309064,kara
2022-07-11,0.2613532,0.8769378662109375,2.6161118,-1.1790466,5.0448875,8.346974849700928,0.55274224,1.0814352989196778,1.0369934,kara
2022-07-12,0.25707802,0.896759033203125,3.0030136,-0.80526733,5.602667,8.47949743270874,0.6172692,1.2345197677612307,0.952378,kara
2022-07-13,0.23896845,0.8512115478515625,3.6332855,-1.9666443,5.810487,9.43690299987793,0.68937695,1.139982295036316,0.9540494,kara
2022-07-14,0.22196245,0.822845458984375,3.6052322,-1.2701111,3.9015505,6.832726001739502,0.52336407,0.852394413948059,0.73317176,kara
2022-07-15,0.20814136,0.8071746826171875,4.137802,-1.0052185,4.3311424,7.448848009109497,0.53645563,1.0458763122558594,1.0067468,kara
2022-07-16,0.20108882,0.770050048828125,4.5565414,-1.3955994,3.7688475,7.13946795463562,0.60680425,1.0187435150146484,1.1489756,kara
2022-07-17,0.19112007,0.7556610107421875,4.61055,-2.0154724,3.1771462,6.0811731815338135,0.4522771,0.7897493958473207,1.0531256,kara
2022-07-18,0.18422627,0.7537384033203125,4.1300583,-1.8999939,3.4186954,6.43416953086853,0.35563064,0.6168737530708313,0.73800933,kara
2022-07-19,0.1720247,0.737823486328125,4.2724533,-1.9263611,5.78666,9.032341003417969,0.6504363,1.294288158416748,0.9814569,kara
2022-07-20,0.17158836,0.7823333740234375,4.4961014,-1.7544861,6.944979,9.672708511352539,1.0363569,1.6294208765029907,1.5959289,kara
2022-07-21,0.16917448,0.79949951171875,3.819786,-1.5530701,7.989751,11.451490879058838,1.4120375,2.18981032371521,1.614141,kara
2022-07-22,0.14606129,0.745819091796875,4.3674088,-0.61849976,7.540393,10.846996307373047,1.3597921,2.0816824436187744,1.5726155,kara
2022-07-23,0.13355581,0.692352294921875,4.8209534,-0.33309937,6.440875,8.906793117523193,0.97368526,1.4460246086120605,1.2076726,kara
2022-07-24,0.12116698,0.650909423828125,4.820671,-0.01864624,6.8524876,9.491617679595947,0.93079364,1.4027142524719238,0.9478632,kara
2022-07-25,0.11695553,0.6251068115234375,5.330841,-0.36825562,8.506757,11.141776084899902,1.3174324,1.8990387916564941,0.92575353,kara
2022-07-26,0.10508952,0.5631103515625,5.77227,-0.22470093,7.813815,10.57026481628418,1.2343148,1.805063247680664,1.1694508,kara
2022-07-27,0.09275032,0.528472900390625,5.5618668,-0.040863037,6.4601507,9.563788890838623,0.9160805,1.5447814226150514,0.98980033,kara
2022-07-28,0.087705895,0.49310302734375,5.7688675,-0.7027283,5.563195,8.5194411277771,0.72991496,1.1507827758789064,0.8337903,kara
2022-07-29,0.08979311,0.504364013671875,5.543968,-0.53671265,6.047792,9.1735520362854,0.6758737,1.321568036079408,0.8009864,kara
2022-07-30,0.09655716,0.5180206298828125,4.957779,-0.37850952,7.23925,9.902429580688477,0.9824695,1.4640843629837046,1.4661872,kara
2022-07-31,0.099635415,0.5363006591796875,4.974083,-0.71762085,6.210531,8.438156604766846,0.8673843,1.3960827827453612,1.0726361,kara
2022-08-01,0.102674656,0.559661865234375,4.8505173,-0.7486267,5.6098294,8.580827236175537,0.8242191,1.4104247331619264,0.99190813,kara
2022-08-02,0.10574937,0.59002685546875,5.2627106,-1.4268494,4.5505805,7.231318235397339,0.58714736,1.149244785308838,0.9776259,kara
2022-08-03,0.115548275,0.658660888671875,5.844574,-1.4981384,4.2956996,6.95103120803833,0.48331422,0.787490963935852,0.863265,kara
2022-08-04,0.11842942,0.6751708984375,6.0289764,-1.4017029,5.1949244,8.753570556640625,0.6572221,1.2588651895523073,0.86878216,kara
2022-08-05,0.1129946,0.6263580322265625,6.0898285,-1.1045837,5.9308343,8.525640487670898,0.7865245,1.1822204351425172,0.8259155,kara
2022-08-06,0.09840989,0.55078125,5.845955,-0.58847046,5.503281,8.230827808380127,0.7380256,1.151574969291687,1.0447268,kara
2022-08-07,0.09297921,0.5115966796875,6.0884323,-0.56918335,4.3746805,7.1017067432403564,0.6699505,1.1556702613830567,0.91339225,kara
2022-08-08,0.09010655,0.4946441650390625,5.7834396,-0.7586365,5.024613,10.568442344665527,0.73521984,1.6103510856628427,0.99782765,kara
2022-08-09,0.09363441,0.5285797119140625,5.1537857,-0.8374939,6.8154263,11.127175331115723,1.0756924,2.0024717330932624,1.6213279,kara
2022-08-10,0.093051516,0.5157928466796875,5.029648,-1.1228943,6.145041,10.448901653289795,0.9921082,1.8724212646484375,2.068182,kara
2022-08-11,0.09547209,0.5259246826171875,5.9166946,-1.5367126,5.360627,11.338075637817383,0.73037034,1.6797240018844604,1.5039227,kara
2022-08-12,0.09524964,0.5424346923828125,7.056381,-0.9378357,9.046922,12.35349702835083,1.5306082,2.499845981597901,1.2567515,kara
2022-08-13,0.07751592,0.4170379638671875,6.544159,-0.7466736,6.5028996,11.342092514038086,1.3324337,2.113109970092774,1.1080368,kara
2022-08-14,0.07019323,0.392242431640625,5.600235,-0.70443726,5.7242785,10.012120723724365,1.1340889,1.9212212562561035,1.6691945,kara
2022-08-15,0.06555922,0.338531494140625,4.9714127,-0.79525757,4.643695,7.42999267578125,0.8066359,1.4626903533935547,2.103164,kara
2022-08-16,0.06556569,0.3250274658203125,4.595825,-0.8736267,5.898046,9.043581485748291,0.88568234,1.3590927124023438,2.3065548,kara
2022-08-17,0.067360535,0.3329010009765625,4.4132614,-1.8562927,5.170576,8.896599292755127,0.7731023,1.19029541015625,2.3300717,kara
2022-08-18,0.07634442,0.354888916015625,5.627037,-1.8860779,6.4417605,10.938117980957031,0.9842327,1.919903779029846,1.7952513,kara
2022-08-19,0.061666757,0.177337646484375,5.679947,-1.5015564,8.327963,13.565407276153564,1.4744203,2.6193084716796875,1.5204802,kara
2022-08-20,0.05529335,0.1593017578125,5.493805,-0.4324646,6.8171225,10.665879249572754,1.2559421,2.1382880210876465,1.5768913,kara
2022-08-21,0.04524901,0.07720947265625,5.440056,-0.9942322,6.4799366,9.695066928863525,1.1331047,1.8186783313751222,1.4870142,kara
2022-08-22,0.04523222,0.08282470703125,5.1176987,-1.4832458,6.6279078,10.061511516571045,1.06899,1.6717931270599362,1.8927249,kara
2022-08-23,0.048765495,0.110595703125,5.0473557,-2.8243103,6.309926,10.605212688446045,0.9573275,1.6635588169097901,2.031675,kara
2022-08-24,0.048510328,0.1070709228515625,4.658676,-4.462494,7.924944,12.713860988616943,1.3450512,2.8062096118927,1.8401113,kara
2022-08-25,0.05354318,0.18365478515625,3.2976837,-4.5901794,7.2015734,12.853946208953857,1.4724853,2.771766090393066,3.3814404,kara
2022-08-26,0.047840156,0.1224517822265625,3.8114471,-4.570404,7.2157454,11.28717565536499,1.3002062,2.1456791400909427,2.7666636,kara
2022-08-27,0.045885243,0.104736328125,3.3103561,-3.7493591,7.803322,11.058120250701904,1.427172,2.2907373905181894,3.0415437,kara
2022-08-28,0.041222837,0.085601806640625,3.1725006,-3.8382263,7.865274,10.964213371276855,1.3415489,2.288974380493164,2.5391765,kara
2022-08-29,0.039313577,0.0549163818359375,3.678917,-1.8475037,6.624363,10.237935066223145,1.1526158,1.936124324798584,2.103598,kara
2022-08-30,0.03757159,0.071807861328125,3.7986984,-1.8540955,6.799454,9.862584590911865,0.96364975,1.4484393119812013,1.7711854,kara
2022-08-31,0.028460978,0.0,3.5375214,-4.0015564,7.4132824,10.421958446502686,1.1654371,1.8336167335510254,1.9061992,kara
2022-09-01,0.031417355,0.0,3.0738525,-4.3094177,5.9090776,9.415001392364502,0.9748783,1.6754302978515625,2.294977,kara
2022-09-02,0.03288327,0.0,3.3055725,-3.5415955,5.6389813,10.147283554077148,0.8025503,1.4241437435150148,2.5450048,kara
2022-09-03,0.033205,0.0,3.3328018,-3.9222107,7.1101856,11.35171127319336,1.112084,2.0125219345092766,2.1756172,kara
2022-09-04,0.036832727,0.044647216796875,2.2975311,-7.462982,6.476689,10.685372352600098,0.9962777,1.7811687469482422,2.925981,kara
2022-09-05,0.042724088,0.1094818115234375,1.6532135,-6.9060974,7.521881,9.940551280975342,1.0742207,1.62491455078125,3.6480966,kara
2022-09-06,0.04729241,0.2001495361328125,1.5617218,-6.266449,7.8165007,10.104331016540527,1.270268,1.7817195415496827,3.2452867,kara
2022-09-07,0.04511673,0.159271240234375,1.4815216,-4.9234314,5.9494762,9.825490951538086,1.0231316,1.7947455167770388,2.6735883,kara
2022-09-08,0.050632738,0.23162841796875,1.4623871,-6.5205994,4.3337755,8.813328266143799,0.71756166,1.363403105735779,2.6276479,kara
2022-09-09,0.05369515,0.257110595703125,1.3499451,-7.3728943,4.2269764,6.015395402908325,0.54902494,0.8595815181732178,2.9867976,kara
2022-09-10,0.054405198,0.243927001953125,1.5743484,-7.3128357,4.0816913,10.111601829528809,0.56610346,1.4103227376937877,3.5187433,kara
2022-09-11,0.04668044,0.178436279296875,2.9246063,-7.2637634,9.260382,13.677151203155518,1.6342093,3.1311464309692383,2.2388475,kara
2022-09-12,0.03917681,0.116668701171875,2.1875916,-7.6248474,8.962842,13.133381843566895,1.8950481,3.155763721466065,2.6948206,kara
2022-09-13,0.034243435,0.0876007080078125,2.3400726,-4.983734,6.8679113,10.210303783416748,1.3016943,2.050704002380371,2.5037465,kara
2022-09-14,0.031025143,0.052032470703125,2.5841675,-4.240082,5.375662,11.384321212768555,0.84575665,1.734782648086548,2.219802,kara
2022-09-15,0.026343565,0.0,1.9934998,-6.4932556,7.0777836,13.068934440612793,1.1534884,2.6246274948120116,2.411733,kara
2022-09-16,0.029966012,0.03546142578125,1.3088913,-7.65683,4.4706664,7.992588043212891,0.74936134,1.2811334133148193,2.9361897,kara
2022-09-17,0.03176442,0.0,1.2978821,-7.1700134,4.9243994,9.157703399658203,0.6739624,1.5135243415832518,2.9625673,kara
2022-09-18,0.03476856,0.0218658447265625,0.97689056,-8.024017,6.246839,10.602595806121826,0.82875204,1.8929345130920407,3.2179344,kara
2022-09-19,0.043906104,0.1307525634765625,0.16960907,-9.212006,5.760866,10.186195373535156,0.793643,1.8658341646194454,3.8997378,kara
2022-09-20,0.05210478,0.22265625,-0.093437195,-8.710541,6.06489,12.618171691894531,0.888928,2.4534378051757817,3.806681,kara
2022-09-21,0.05811335,0.2596893310546875,-7.6293945e-05,-12.571625,8.88837,15.577820301055908,1.7132113,3.9084785461425784,3.5319774,kara
2022-09-22,0.06900163,0.317718505859375,-0.5118027,-12.762299,9.807938,15.277419090270996,2.2893128,3.9844613075256348,3.5716114,kara
2022-09-23,0.06667072,0.3237457275390625,-0.85713196,-11.191986,6.8844647,12.429959774017334,1.4843814,3.2316962718963627,4.01766,kara
2022-09-24,0.06843787,0.3319854736328125,-0.73291016,-11.35434,5.4776273,9.457319259643555,0.9904299,1.4710430145263675,4.1991825,kara
2022-09-25,0.057444062,0.238861083984375,0.18661499,-12.573578,6.3528633,11.82412338256836,1.2154646,2.498616075515747,3.527051,kara
2022-09-26,0.044509184,0.1613311767578125,1.1494904,-8.4253845,4.8752794,8.169445514678955,1.0506439,2.137861394882202,2.2142043,kara
2022-09-27,0.037111897,0.0969696044921875,1.0792923,-6.219818,6.285785,10.322902202606201,0.99626064,1.8796558380126953,2.0955997,kara
2022-09-28,0.036764316,0.0915985107421875,1.0727005,-8.276581,7.0113044,10.945010662078857,1.2953483,2.3491698265075684,2.0222852,kara
2022-09-29,0.0381369,0.092376708984375,1.3081284,-7.292816,7.127592,10.073225021362305,1.2870195,2.0196198463439945,1.6465757,kara
2022-09-30,0.03408674,0.0803680419921875,1.0264435,-8.045746,6.8050165,9.852272510528564,1.2568649,1.9037448883056642,1.5350461,kara
2022-10-01,0.045766506,0.1575469970703125,0.20054626,-9.833588,4.747389,7.5345540046691895,0.89266557,1.4066045045852662,1.6998,kara
2022-10-02,0.053417765,0.220703125,0.22171783,-10.025726,4.890606,8.960054874420166,0.66885525,1.0099748134613038,1.7137945,kara
2022-10-03,0.05180961,0.2142791748046875,1.0105591,-3.888031,5.305506,8.97727108001709,0.7766436,1.2692835807800293,1.0581546,kara
2022-10-04,0.05029012,0.16607666015625,-0.11470032,-10.624603,6.625512,9.688127040863037,1.0185158,1.6375141143798828,2.3331084,kara
2022-10-05,0.055131838,0.199737548828125,0.18766022,-10.928314,5.9178095,9.835181713104248,0.94745266,1.5716594219207765,2.8673697,kara
2022-10-06,0.047900952,0.1772918701171875,1.1979294,-9.273285,6.6844535,10.105693817138672,1.0705154,1.6189451694488526,1.33266,kara
2022-10-07,0.05821184,0.2379302978515625,0.50764465,-12.17514,5.4149323,8.228614807128906,0.9930107,1.5383416175842286,1.0114481,kara
2022-10-08,0.06091778,0.2236785888671875,0.5763626,-14.105011,5.926203,8.880990982055664,0.9811519,1.7307968139648438,1.3051113,kara
2022-10-09,0.04567209,0.1337432861328125,1.4292374,-9.2239685,7.2354884,9.375813961029053,1.1544201,1.7740631103515625,1.0681423,kara
2022-10-10,0.03703786,0.0773773193359375,1.0533371,-8.0208435,5.9999633,8.787644863128662,1.1449147,1.7077434062957764,0.82548326,kara
2022-10-11,0.047854315,0.17364501953125,-0.42438507,-9.111908,6.5685034,10.202145099639893,1.0814489,1.850855255126953,1.6232791,kara
2022-10-12,0.06667698,0.300994873046875,-1.2161331,-11.852386,6.443499,10.56153917312622,1.1846783,1.9579191207885742,3.7318969,kara
2022-10-13,0.058335688,0.2202911376953125,0.6428528,-14.458893,9.463644,13.597962856292725,1.7806624,2.985787010192871,2.072448,kara
2022-10-14,0.043824084,0.1549835205078125,1.2064362,-8.427826,9.4475565,12.023167133331299,1.9587222,2.7314055919647218,1.3375357,kara
2022-10-15,0.047095638,0.1822357177734375,-0.7351532,-9.5677185,8.989934,14.776510238647461,2.0944088,4.201799774169921,3.1343174,kara
2022-10-16,0.063352466,0.2877197265625,-2.147171,-12.473724,6.944252,12.824583053588867,1.5254713,3.410607624053955,3.8317227,kara
2022-10-17,0.0876667,0.434173583984375,-2.4852753,-15.151764,6.0274334,10.25020694732666,1.0066226,1.7857990503311159,3.457585,kara
2022-10-18,0.10886991,0.5590057373046875,-2.9313583,-15.707733,7.246145,11.030550956726074,1.3011408,2.1868391990661618,3.4143105,kara
2022-10-19,0.12750201,0.627838134765625,-2.4977264,-15.091705,6.5097365,11.768166065216064,1.1696396,2.3189992904663086,3.555297,kara
2022-10-20,0.13463442,0.6602935791015625,-2.3143158,-16.901398,8.992972,14.338515758514404,1.8223897,3.5687405586242678,2.7730746,kara
2022-10-21,0.13776073,0.664886474609375,-2.4300919,-18.072205,7.609168,13.649658203125,1.8077611,3.5991013526916507,2.477697,kara
2022-10-22,0.14534296,0.69891357421875,-1.9436874,-12.375336,7.059524,9.953985691070557,1.2407892,2.1949957370758058,2.090788,kara
2022-10-23,0.14923887,0.697906494140625,-2.0688324,-11.5035095,7.562455,10.72284746170044,1.2139916,2.015630006790161,1.9363337,kara
2022-10-24,0.15291859,0.7050323486328125,-2.8588104,-14.822052,7.527275,10.848668098449707,1.4675103,2.122833633422852,2.688718,kara
2022-10-25,0.16902274,0.751495361328125,-4.1936646,-16.471802,5.4828377,9.507568836212158,1.0896528,1.8512619972229003,3.2764857,kara
2022-10-26,0.19451642,0.8089141845703125,-4.5987244,-17.953033,5.8099747,9.38670825958252,0.9474709,1.6282249927520753,3.5150764,kara
2022-10-27,0.21456657,0.83673095703125,-5.0219345,-18.232224,7.448019,13.998445987701416,1.5064495,3.884942054748535,3.1203094,kara
2022-10-28,0.23269805,0.8487396240234375,-6.221504,-19.931198,7.364577,14.798921585083008,1.8758875,4.558787631988525,3.6252432,kara
2022-10-29,0.2596057,0.855560302734375,-6.0577927,-20.165146,5.6472044,11.840431213378906,1.2806475,2.6483380794525146,3.9641774,kara
2022-10-30,0.31147563,0.885040283203125,-4.5077515,-18.510895,7.3552327,11.705475330352783,1.5486867,2.5208539009094237,2.6852808,kara
2022-10-31,0.29657206,0.8892364501953125,-4.681946,-17.238754,9.22875,12.421087741851807,1.7951174,2.5870115756988525,2.0078032,kara
2023-07-01,0.41709065,0.91522216796875,1.4356079,-2.1011658,5.39011,8.495463848114014,0.6935234,1.3469191789627075,1.3798504,kara
2023-07-02,0.40764433,0.918487548828125,1.6449432,-1.8738708,5.749979,8.879557132720947,0.7924255,1.4489656925201417,1.0365411,kara
2023-07-03,0.39051503,0.9186859130859375,2.1409073,-1.4441833,5.7186913,8.96298885345459,0.7805636,1.4412525415420532,0.70521784,kara
2023-07-04,0.3846913,0.925689697265625,2.4015198,-1.1934509,5.650755,9.751001834869385,0.89001656,1.718752145767212,0.7009326,kara
2023-07-05,0.37448183,0.9270477294921875,2.6342697,-1.3807068,5.64904,9.59214973449707,0.8810255,1.783562421798706,0.8631295,kara
2023-07-06,0.35580015,0.8985443115234375,2.160057,-1.0953064,5.608791,8.38573169708252,0.67293227,1.4423354387283327,0.905281,kara
2023-07-07,0.3519652,0.90325927734375,1.8383942,-1.2427673,6.189332,9.148029804229736,0.700077,1.3537518501281742,1.1176459,kara
2023-07-08,0.3468064,0.93292236328125,1.8776093,-1.3497009,5.551979,8.47473955154419,0.7540952,1.3653190612792971,1.1052945,kara
2023-07-09,0.34206524,0.9461669921875,1.8823318,-1.5677185,5.233198,8.657185077667236,0.6551116,1.1884750127792358,1.0236244,kara
2023-07-10,0.3383517,0.9415130615234375,1.9023285,-1.7305603,6.2558055,9.636685848236084,0.801952,1.6763699531555176,1.2871494,kara
2023-07-11,0.334918,0.90338134765625,1.9367676,-1.2522888,7.777414,10.913703441619873,1.2840943,2.2975847721099854,1.8948393,kara
2023-07-12,0.31887436,0.8531951904296875,1.969307,-1.2115173,6.768511,10.964918613433838,1.0607699,2.2041880607604982,1.7685922,kara
2023-07-13,0.31958365,0.8496246337890625,1.709877,-1.509613,6.5301905,10.440391540527344,0.7544231,1.7544562578201295,1.5378054,kara
2023-07-14,0.305977,0.804107666015625,2.1792603,-1.4510193,6.7383184,9.971862316131592,0.8311362,1.625767469406128,1.3129495,kara
2023-07-15,0.2998034,0.8041534423828125,2.3547134,-1.4681091,7.037982,10.860107421875,1.0144062,1.9370774745941164,1.4370015,kara
2023-07-16,0.29711512,0.8431549072265625,2.6636047,-0.9859314,6.5084176,10.217823505401611,0.8929829,1.7262465953826904,1.4067726,kara
2023-07-17,0.28509277,0.8231201171875,2.6808243,-1.2659607,5.1828504,9.632790088653564,0.63645995,1.1700495719909667,1.174027,kara
2023-07-18,0.2813975,0.8171539306640625,2.2365494,-1.4283142,4.964487,8.614543437957764,0.67127264,1.2732448101043703,1.5983733,kara
2023-07-19,0.2736514,0.79461669921875,2.7950668,-0.9258728,3.6857853,8.07025957107544,0.578087,1.4898266792297363,1.1711564,kara
2023-07-20,0.2711401,0.80804443359375,2.7777786,-1.1695251,3.1281617,6.099609136581421,0.359754,0.6254773378372195,0.88348675,kara
2023-07-21,0.2746681,0.8122406005859375,2.7453537,-1.322113,5.223552,9.377903461456299,0.564343,1.3252609252929686,0.9187199,kara
2023-07-22,0.28078628,0.832061767578125,2.6309662,-1.4944763,6.93253,10.412968635559082,0.94743323,1.9893757104873657,1.0601202,kara
2023-07-23,0.28296962,0.862060546875,2.7535324,-1.1419373,6.207153,9.69380235671997,0.72438306,1.7166296482086183,0.99621236,kara
2023-07-24,0.2867616,0.8597564697265625,2.8517838,-0.809906,5.0810165,8.445053100585938,0.56461626,1.40341215133667,0.90830755,kara
2023-07-25,0.28849605,0.86456298828125,3.2904282,-1.1836853,4.1043,6.589390516281128,0.38134027,0.8352756619453431,0.9026918,kara
2023-07-26,0.28509942,0.8662261962890625,3.643692,-2.086029,3.2416356,5.645284652709961,0.28250465,0.5484918117523192,0.8578689,kara
2023-07-27,0.28434545,0.8663177490234375,4.041107,-2.1941833,3.4948258,6.366488456726074,0.2755804,0.5221003651618958,0.94349426,kara
2023-07-28,0.27296984,0.8451080322265625,4.983696,-1.1853943,4.856041,7.4755353927612305,0.47353178,0.8345271944999695,1.0172493,kara
2023-07-29,0.2578329,0.805206298828125,5.4492493,-0.12753296,5.2106028,8.655746459960938,0.5088297,0.953104031085968,0.96640897,kara
2023-07-30,0.24093398,0.7450103759765625,4.44664,-0.6499939,4.81172,7.9041712284088135,0.5028902,1.0286625385284427,0.8904871,kara
2023-07-31,0.2543561,0.822509765625,5.0201874,-1.2168884,6.1288333,10.397278308868408,0.8552292,1.7640764951705932,0.9541346,kara
2023-08-01,0.23470415,0.767730712890625,4.7905273,-0.60873413,5.741991,10.114594459533691,0.6811927,1.4741045475006103,0.9042895,kara
2023-08-02,0.24063945,0.7891998291015625,5.0392914,-1.2813416,6.340088,10.312818050384521,0.71560484,1.2603357315063475,1.2666646,kara
2023-08-03,0.2122238,0.6873626708984375,6.4557114,-1.3189392,6.4376593,10.345507621765137,0.69627714,1.3604715824127196,1.4067153,kara
2023-08-04,0.2009094,0.6835174560546875,5.931099,-1.2010193,4.0515466,6.518500328063965,0.4094392,0.7873066544532775,1.0011904,kara
2023-08-05,0.1934562,0.693634033203125,6.89196,-0.7312927,4.8547616,6.861299514770508,0.3685705,0.5840117931365967,1.1848627,kara
2023-08-06,0.17331941,0.6150970458984375,7.6643143,-1.851654,4.98693,6.582761287689209,0.40142328,0.6262820482254028,1.3236113,kara
2023-08-07,0.1640461,0.5968170166015625,6.998657,-2.7098083,5.547418,9.080468654632568,0.6036606,1.4034286499023438,1.1038368,kara
2023-08-08,0.16159599,0.6008758544921875,5.6598206,-0.49545288,5.8140993,10.085752487182617,1.0678617,1.832498836517334,1.2313534,kara
2023-08-09,0.17445989,0.6628570556640625,4.651886,-1.2945251,6.209855,9.688667297363281,0.8648437,1.2838270664215088,1.6507248,kara
2023-08-10,0.1906183,0.7513275146484375,3.6717758,-2.4248962,6.610326,10.542428970336914,0.88779163,1.4812737941741945,2.6441483,kara
2023-08-11,0.19371372,0.7736053466796875,4.0737915,-1.7427673,5.947462,10.456042766571045,0.6997855,1.1676448345184327,2.7664294,kara
2023-08-12,0.19558936,0.762969970703125,5.6116867,-3.3973083,6.9357014,11.409521579742432,1.0555252,2.1249533653259283,1.4922574,kara
2023-08-13,0.18330142,0.7602691650390625,5.38002,-3.2588806,5.3473463,8.319400787353516,0.98330605,1.9443528652191162,1.3433241,kara
2023-08-14,0.19077095,0.771942138671875,5.3366165,-2.6736755,5.5757194,8.825151920318604,0.97628754,1.5556944608688357,1.1387503,kara
2023-08-15,0.1837536,0.762847900390625,4.381592,-3.2256775,5.2720714,9.00879716873169,0.9396061,1.4886119842529297,1.6136494,kara
2023-08-16,0.18210605,0.7716827392578125,4.2524185,-4.204193,4.511673,8.201088905334473,0.69236606,1.110228681564331,1.8055515,kara
2023-08-17,0.16972594,0.7261505126953125,4.6727676,-3.9170837,5.0414095,8.240814208984375,0.7190189,1.1937445163726808,1.2290455,kara
2023-08-18,0.1594207,0.711761474609375,5.094208,-3.4832458,5.009369,9.225354671478271,0.71456575,1.3221896171569825,1.2083029,kara
2023-08-19,0.15979232,0.7179412841796875,5.178581,-1.0384216,6.5021152,10.326878547668457,1.0475645,2.1654433250427245,1.257984,kara
2023-08-20,0.154569,0.7281341552734375,4.907547,-1.4927673,6.4164605,10.127320289611816,1.0103338,1.8629339694976808,1.2601525,kara
2023-08-21,0.15063898,0.70782470703125,5.020111,-2.1040955,5.968606,9.877749919891357,1.0753343,1.8430734634399415,1.2445722,kara
2023-08-22,0.14608814,0.702178955078125,5.169174,-1.3457947,4.4117904,8.040517807006836,0.7701465,1.3906453132629395,1.1349275,kara
2023-08-23,0.1454314,0.7194061279296875,4.7802963,-1.3887634,5.45476,10.399722576141357,0.7746526,1.7731583595275877,1.1070969,kara
2023-08-24,0.14276777,0.68487548828125,4.1679535,-2.7945251,6.114008,9.36420202255249,0.83713865,1.509814715385437,1.2661892,kara
2023-08-25,0.14605121,0.708251953125,3.8283691,-2.9256287,6.263737,11.744108200073242,1.071904,2.3045681476593014,1.7694125,kara
2023-08-26,0.14433311,0.6978759765625,4.2095795,-3.151947,5.547267,10.305935859680176,0.8854243,2.0964826583862295,1.5752814,kara
2023-08-27,0.14360957,0.663543701171875,4.548912,-1.5276794,5.1787143,10.534004211425781,0.921075,1.85584363937378,1.3459812,kara
2023-08-28,0.14160404,0.66766357421875,4.0640717,-1.9402771,5.503034,8.259195804595947,0.8730368,1.435128355026245,1.6289164,kara
2023-08-29,0.14228873,0.658843994140625,3.4680023,-2.1394958,5.354226,8.506218910217285,0.89601684,1.6080976486206056,2.5371792,kara
2023-08-30,0.13793515,0.6443939208984375,4.0539474,-2.957611,4.5900993,7.0609660148620605,0.6050053,0.980768883228302,2.5976298,kara
2023-08-31,0.13119061,0.6047821044921875,5.1654053,-1.6863708,6.837356,10.231688976287842,0.8153196,1.7884135723114019,2.0174406,kara
2023-09-01,0.12312698,0.571197509765625,5.0574036,-2.981781,6.7519927,9.622897624969482,1.1120331,2.1693637371063232,1.1408192,kara
2023-09-02,0.12922996,0.613037109375,3.8990173,-2.9441833,7.241678,11.082483291625977,0.9893364,2.0215370655059814,1.7230793,kara
2023-09-03,0.1281974,0.5892333984375,4.2814636,-2.7139587,6.719248,10.696092128753662,1.0845819,2.1358063220977783,1.4336547,kara
2023-09-04,0.12951444,0.5996246337890625,4.5587006,-4.3416443,4.4939413,7.693873405456543,0.6985645,1.2297185420989991,1.0484724,kara
2023-09-05,0.11872429,0.52142333984375,5.78878,-4.617279,7.0728655,9.865585327148438,0.96163535,1.5040037631988525,0.9526927,kara
2023-09-06,0.09028188,0.4143218994140625,6.212219,-3.5445251,8.395876,11.316324710845947,1.2726912,2.0333545207977295,1.0459162,kara
2023-09-07,0.07560535,0.3674163818359375,5.7016144,-0.9156189,7.2427197,12.038576126098633,1.3714749,2.2563464641571045,1.323851,kara
2023-09-08,0.07276895,0.358245849609375,4.774002,-2.2762146,5.683935,9.32891845703125,1.1658144,2.110444164276123,1.412027,kara
2023-09-09,0.079547875,0.3777923583984375,5.390335,-1.2225037,8.412401,12.870476722717285,1.532418,3.364961862564087,1.2160437,kara
2023-09-10,0.06500339,0.3000640869140625,5.058243,-1.2759705,8.733186,13.57429027557373,2.218664,4.002809047698975,1.5026777,kara
2023-09-11,0.063596934,0.2692718505859375,4.5628815,-2.6805115,8.132244,13.633838176727295,1.8114357,3.157173204421997,1.4212284,kara
2023-09-12,0.065261744,0.2967376708984375,3.5819473,-4.1705017,8.381051,14.347962856292725,1.986168,3.5527203559875487,2.6919835,kara
2023-09-13,0.07123875,0.2985992431640625,3.8339157,-3.2569275,6.0059814,11.89984941482544,1.6445792,2.710873508453369,1.9159943,kara
2023-09-14,0.046612937,0.1980133056640625,3.0936432,-4.893158,6.0546937,9.926133155822754,1.0696893,1.8246319770812987,2.6778579,kara
2023-09-15,0.048431423,0.19732666015625,3.145729,-4.5569763,6.013275,9.200908660888672,1.1816354,2.165637493133545,2.8029788,kara
2023-09-16,0.046969596,0.1803436279296875,3.2305298,-3.899994,5.4337664,8.09612226486206,1.0205252,1.804527997970581,2.7221408,kara
2023-09-17,0.053503506,0.2648773193359375,3.190979,-8.58847,4.315342,7.522454500198364,0.84646523,1.3058232307434081,1.9618795,kara
2023-09-18,0.05956553,0.3140869140625,2.342842,-9.196136,4.473558,8.33608341217041,0.7219775,1.1797176122665405,1.8823411,kara
2023-09-19,0.05662953,0.2802581787109375,1.9929504,-9.924408,5.813218,11.18851375579834,0.94000304,1.8903700113296509,2.0279546,kara
2023-09-20,0.048663504,0.219757080078125,2.0076065,-10.800873,8.584225,13.68529987335205,1.6521615,3.5624802112579346,2.0380895,kara
2023-09-21,0.051545314,0.2447509765625,1.5054092,-9.319183,8.794372,13.724926471710205,2.0009875,3.545109987258911,2.8593097,kara
2023-09-22,0.054009546,0.26666259765625,1.1738052,-7.2256775,7.6811004,12.338862895965576,1.5986019,2.9430281639099123,2.9391046,kara
2023-09-23,0.059624303,0.288238525390625,0.9654236,-6.6805115,5.844232,10.480983257293701,1.0348018,1.7155433654785157,3.3067734,kara
2023-09-24,0.07283822,0.3015594482421875,1.7966766,-7.6997986,8.180035,14.464719295501709,1.4813387,3.1648082733154297,2.1054637,kara
2023-09-25,0.07612022,0.3632049560546875,0.63381195,-7.4812927,8.316306,12.249196529388428,1.5896883,2.524069213867188,3.0889707,kara
2023-09-26,0.07839485,0.3803558349609375,0.3388977,-5.719574,8.64435,11.785189628601074,1.6122655,2.3208225250244143,3.590018,kara
2023-09-27,0.08163122,0.4068756103515625,0.23503113,-6.037689,6.9757543,11.226954936981201,1.40358,2.4681029319763184,3.578514,kara
2023-09-28,0.08163122,0.4068756103515625,-0.95404816,-10.42807,6.377384,8.864882469177246,1.1658607,2.0589096069335944,3.7612915,kara
2023-09-29,0.12199376,0.672088623046875,-1.6764069,-10.915375,5.621395,9.359334468841553,1.0028131,1.4341495990753175,4.437234,kara
2023-09-30,0.14035839,0.7585601806640625,-1.0464325,-11.305511,5.7874365,10.091611385345459,1.0597972,2.1720806121826173,3.7714703,kara
2023-10-01,0.14533915,0.795867919921875,0.4118805,-10.410248,7.47437,12.530584335327148,1.486229,2.6931592464447025,2.3589637,kara
2023-10-02,0.12322873,0.6417694091796875,0.526062,-9.453033,10.311449,15.05875825881958,2.216941,3.6944360733032227,2.3160324,kara
2023-10-03,0.12322873,0.6417694091796875,0.338562,-11.594574,11.997125,16.03798007965088,3.1534204,4.779657268524169,2.771596,kara
2023-10-04,0.12322873,0.6417694091796875,0.43484497,-11.982758,7.381397,12.755727291107178,2.104507,3.8951486587524413,3.0320497,kara
2023-10-05,0.067475334,0.290313720703125,0.26854706,-14.189514,5.944018,10.201783180236816,1.1491554,1.6973870992660522,2.376906,kara
2023-10-06,0.06535337,0.2768096923828125,-0.27729797,-8.916107,7.953062,11.053061962127686,1.2567217,1.8831298351287844,2.8611867,kara
2023-10-07,0.07691201,0.37823486328125,-1.1901398,-10.708099,7.661212,11.570040702819824,1.3132768,2.092515516281128,3.349725,kara
2023-10-08,0.09803297,0.5233306884765625,-1.30233,-11.340668,7.270489,11.739529132843018,1.1410807,2.0807010650634767,3.032442,kara
2023-10-09,0.111727335,0.5865631103515625,-0.939888,-13.612396,9.660004,15.067123413085938,1.8863955,3.7596118450164795,2.6237316,kara
2023-10-10,0.12062137,0.6529541015625,-1.170021,-15.077972,11.36082,16.29822063446045,3.0717158,4.919463634490967,2.5148222,kara
2023-10-11,0.12680127,0.6784820556640625,-1.7724686,-15.294708,8.66588,13.847858428955078,2.3010201,4.234999179840088,3.2070603,kara
2023-10-12,0.13262358,0.6840362548828125,-2.1864548,-18.649155,7.1646824,9.847475051879883,1.3613328,2.074005508422852,3.1781874,kara
2023-10-13,0.13172664,0.6564483642578125,-2.9892502,-17.510956,9.049445,11.785294532775879,1.6394129,2.4892642498016357,3.585859,kara
2023-10-14,0.13365243,0.66339111328125,-3.259056,-17.5858,9.085342,11.63325548171997,1.785933,2.4931808948516845,3.525502,kara
2023-10-15,0.1377678,0.6632232666015625,-3.3748016,-17.143402,9.139703,11.81160020828247,1.8814306,2.501482105255127,3.541584,kara
2023-10-16,0.15297799,0.7022552490234375,-3.8464432,-19.241058,9.631771,12.492272853851318,2.0931005,3.313772630691529,3.4073935,kara
2023-10-17,0.17641322,0.7481231689453125,-4.0945053,-21.312119,8.352015,11.182353496551514,1.6802207,2.7329257965087894,3.204571,kara
2023-10-18,0.17641322,0.7481231689453125,-3.7285843,-22.640549,8.241414,11.851770401000977,1.6104716,2.4303996086120607,2.665423,kara
2023-10-19,0.20308183,0.787506103515625,-3.0789413,-21.047546,8.623941,13.1205735206604,1.968477,3.0782737731933594,2.433797,kara
2023-10-20,0.18998654,0.765533447265625,-2.3802185,-14.740814,8.182386,12.955020427703857,1.6397833,2.75657320022583,2.5222998,kara
2023-10-21,0.19607909,0.7767791748046875,-1.9405441,-10.702972,9.204585,13.554769515991211,2.0802128,3.3437967300415035,2.715964,kara
2023-10-22,0.1975275,0.7424163818359375,-1.7537613,-10.25473,9.313041,12.243271350860596,1.7441242,2.6832125663757322,2.5226967,kara
2023-10-23,0.22098039,0.7626800537109375,-3.2211685,-12.19809,9.974252,12.96657943725586,2.2154493,3.1964978694915773,2.8671687,kara
2023-10-24,0.26980102,0.8239898681640625,-4.7391663,-17.155884,8.001974,12.2281813621521,2.0271103,3.03990068435669,3.4954712,kara
2023-10-25,0.3144367,0.8349151611328125,-6.704544,-17.694641,5.7089043,11.07550048828125,1.2019377,2.6382395267486567,3.9296684,kara
2023-10-26,0.36738402,0.833526611328125,-6.9635468,-17.805222,5.0472093,9.002094268798828,0.76348567,1.5295490264892577,4.114573,kara
2023-10-27,0.4200275,0.8480987548828125,-6.3831635,-19.029236,4.549123,7.914776802062988,0.59081614,1.3522197723388674,3.8379803,kara
2023-10-28,0.46005982,0.8986968994140625,-5.96035,-18.338104,3.3378043,6.544516563415527,0.4199807,0.8676256895065306,3.3225856,kara
2023-10-29,0.49647608,0.931304931640625,-5.720291,-16.514832,3.5641863,6.548865556716919,0.45698458,0.9062797427177429,2.7444031,kara
2023-10-30,0.51450825,0.931854248046875,-5.866493,-17.023468,4.6619663,9.250978946685791,0.9409127,1.8407853126525882,2.3138828,kara
2023-10-31,0.53201413,0.9320526123046875,-6.1411133,-19.861145,5.517289,8.57500696182251,1.0882893,1.8002079963684083,2.3709867,kara
2024-07-01,0.45250753,0.834625244140625,0.94556427,-2.2867126,8.870115,14.25504446029663,1.3534309,2.712814950942994,1.1863536,kara
2024-07-02,0.43169844,0.83221435546875,1.0172882,-2.219818,6.9994235,10.288458824157715,0.9100296,1.486832356452942,1.1117101,kara
2024-07-03,0.4154753,0.82110595703125,1.1829758,-2.0369568,5.235427,8.02782917022705,0.649408,1.1603294134140014,1.0924113,kara
2024-07-04,0.39133966,0.7724151611328125,1.7981033,-1.5022888,5.0896688,9.375922679901123,0.61083233,1.2384169101715088,1.0258524,kara
2024-07-05,0.37551302,0.732421875,1.5741882,-1.6707458,4.4865575,8.10298204421997,0.42438793,0.8166475534439086,0.8941199,kara
2024-07-06,0.3614208,0.7372589111328125,1.6337814,-1.6600037,5.386777,9.450526714324951,0.6823154,1.480522060394287,0.9873243,kara
2024-07-07,0.3368843,0.670013427734375,2.6842804,-0.86117554,6.3238077,9.818357944488525,0.8823106,2.084921646118164,1.5166171,kara
2024-07-08,0.28770906,0.5969085693359375,2.666603,-1.3763123,5.35279,9.200829029083252,0.8445838,2.2868558406829833,0.90828484,kara
2024-07-09,0.25561616,0.56378173828125,2.3991852,-0.8904724,5.360369,8.72942304611206,0.713331,1.777075028419495,0.65086615,kara
2024-07-10,0.23661783,0.548370361328125,2.136818,-0.48104858,5.622855,10.049584865570068,0.85503864,2.269194221496582,0.560412,kara
2024-07-11,0.2346382,0.53546142578125,1.6808167,-0.8152771,5.685156,8.359496593475342,0.8710223,1.7114379405975342,0.7273458,kara
2024-07-12,0.2201909,0.5264739990234375,1.3257217,-1.1490173,4.6746626,8.49162769317627,0.66612583,1.1487587928771972,0.7217584,kara
2024-07-13,0.20534013,0.511322021484375,1.6635666,-1.3118591,4.7011886,7.204383611679077,0.5517912,0.8914417028427124,0.7139213,kara
2024-07-14,0.18678705,0.4990386962890625,1.9732742,-0.9937439,6.836811,10.246092796325684,0.94176924,1.7297515392303469,0.83322334,kara
2024-07-15,0.16590354,0.4730987548828125,2.0777512,-1.2151794,7.9017076,10.484921932220459,1.2240146,1.8490703344345092,0.9906136,kara
2024-07-16,0.15662953,0.47088623046875,1.7493896,-1.3816833,7.519154,10.864405155181885,1.2610893,2.1259889125823976,1.002655,kara
2024-07-17,0.1504673,0.4607696533203125,1.685379,-1.2779236,6.5229135,10.134405136108398,0.98436403,1.8906357288360596,0.9612285,kara
2024-07-18,0.1504673,0.4607696533203125,1.3195877,-1.9397888,5.762571,8.29707384109497,0.771176,1.3827245235443115,1.09274,kara
2024-07-19,0.14112677,0.4983062744140625,1.3595276,-2.1534119,5.8556643,9.285001754760742,0.7424634,1.1833945035934446,1.0727133,kara
2024-07-20,0.1342073,0.467803955078125,1.5518265,-2.3282166,5.7448378,8.252831935882568,0.77105486,1.3821078300476073,1.0463036,kara
2024-07-21,0.13108036,0.4852752685546875,1.8311157,-1.386322,6.044968,9.166825294494629,0.85918707,1.3521084547042848,1.0188558,kara
2024-07-22,0.12496004,0.4749298095703125,1.9185104,-3.159027,5.416333,8.467869281768799,0.7079496,1.327008104324341,0.8722112,kara
2024-07-23,0.11637933,0.468780517578125,2.007225,-2.320404,3.9249146,6.644384145736694,0.49364552,0.8815706968307495,0.8321219,kara
2024-07-24,0.12136434,0.4936981201171875,2.040268,-2.2137146,4.886717,8.805332660675049,0.4561039,1.0509662628173828,0.8045404,kara
2024-07-25,0.092998385,0.4129180908203125,2.3925018,-0.8514099,6.1533813,9.088274955749512,0.70791256,1.302980375289917,0.69802475,kara
2024-07-26,0.08594593,0.387664794921875,2.7556686,-0.61972046,4.0531216,7.7604451179504395,0.6403166,1.0071760654449462,0.649249,kara
2024-07-27,0.074491575,0.3655242919921875,2.970543,-1.0972595,4.723028,8.423577308654785,0.60015476,1.0398297309875488,0.52682316,kara
2024-07-28,0.073027976,0.3513336181640625,2.9927826,-0.730072,5.260776,8.628779888153076,0.62536806,1.1140366315841674,0.56270087,kara
2024-07-29,0.061847415,0.2924041748046875,3.2731934,-0.7886658,4.8520975,9.3912935256958,0.6294821,1.2601598739624025,0.64132065,kara
2024-07-30,0.058916423,0.283416748046875,4.011238,-0.6075134,5.024138,10.252381801605225,0.6173755,1.455683636665345,0.8465879,kara
2024-07-31,0.0561112,0.25653076171875,4.306633,-1.0205994,4.4338584,10.260013580322266,0.5678783,1.4824911594390873,0.79898286,kara
2024-08-01,0.049487088,0.202056884765625,4.026062,-0.74057007,4.5064926,8.13418436050415,0.45371282,0.9675387978553776,0.58313465,kara
2024-08-02,0.05408918,0.24676513671875,3.8210907,-1.3785095,5.4197054,7.973187208175659,0.5349752,0.9226134300231934,0.7086508,kara
2024-08-03,0.05921641,0.2769927978515625,3.2347183,-1.8572693,5.92278,8.704935550689697,0.7926748,1.29961576461792,1.3498025,kara
2024-08-04,0.06127763,0.2856597900390625,2.915779,-1.7432556,4.8538527,8.121860980987549,0.61383724,1.097900319099427,1.8059033,kara
2024-08-05,0.056181647,0.26531982421875,3.3194122,-1.6270447,5.3193383,7.634465217590332,0.6175044,0.9764694690704345,1.4079489,kara
2024-08-06,0.05470457,0.2117919921875,3.4760666,-1.4966736,3.968361,6.497982740402222,0.52222514,0.8662606596946718,1.095055,kara
2024-08-07,0.053201716,0.2032470703125,3.6281052,-0.91171265,4.0626416,6.792844772338867,0.48559797,0.8881575822830201,0.89840287,kara
2024-08-08,0.052477345,0.188568115234375,3.8487625,-0.9114685,4.4941883,7.828310251235962,0.56041193,1.1254063606262208,0.75418067,kara
2024-08-09,0.04874775,0.1690521240234375,4.5170135,-0.8831482,4.9069443,8.576984405517578,0.6460779,1.2632560253143312,0.84004295,kara
2024-08-10,0.047076426,0.1544647216796875,5.00161,-1.683197,4.5935507,8.680920124053955,0.65180147,1.2929404020309447,1.1730318,kara
2024-08-11,0.04462015,0.1319732666015625,4.300667,-2.2166443,4.4814563,7.333404541015625,0.568246,0.9205175757408142,1.4007978,kara
2024-08-12,0.0413528,0.077117919921875,4.5991364,-1.910492,5.3176713,8.393940448760986,0.62397087,0.9799772024154664,1.6014229,kara
2024-08-13,0.034285866,0.0,5.346588,-2.5750427,5.9723883,9.108442783355713,0.665063,1.0939787149429323,1.6141322,kara
2024-08-14,0.024735305,0.0,5.856262,0.011627197,5.6132665,8.725987434387207,0.6417938,1.1427719593048096,1.1393671,kara
2024-08-15,0.02123768,0.0,6.076416,-0.4090271,4.7546244,7.537947654724121,0.52960026,0.8486033082008362,0.94107306,kara
2024-08-16,0.020971138,0.0,5.894264,-0.9866638,4.7200174,7.712214946746826,0.5255884,0.8373726606369019,1.0990456,kara
2024-08-17,0.019168673,0.0,5.70253,-0.17758179,4.8728056,8.303077697753906,0.607379,1.015998411178589,1.0292773,kara
2024-08-18,0.025140505,0.0,5.3438034,-1.1446228,5.055987,8.995638370513916,0.75405407,1.26255841255188,0.904929,kara
2024-08-19,0.015401715,0.0,5.50576,-1.9082947,4.869323,8.9922776222229,0.81631684,1.2659206628799438,0.8138824,kara
2024-08-20,0.014121038,0.0,5.124695,-1.2171326,4.8795714,8.2516770362854,0.8327144,1.2882648706436157,0.7835652,kara
2024-08-21,0.013151614,0.0,5.062317,-1.0208435,4.142555,7.120734930038452,0.7071144,1.1044941425323487,0.9420934,kara
2024-08-22,0.011614521,0.0,5.1293793,-1.212738,4.1095734,8.885588645935059,0.62112224,1.0339894056320191,0.9145204,kara
2024-08-23,0.006300829,0.0,5.910164,0.66812134,6.5744114,9.933575630187988,0.8932918,1.6388644695281982,0.85547745,kara
2024-08-24,0.0037688613,0.0,5.461113,-2.9380798,5.451265,8.608277320861816,0.8960705,1.4842474937438965,1.0236139,kara
2024-08-25,0.0054829866,0.0,5.295494,-2.5105896,4.541468,8.352643489837646,0.6627041,1.1563798904418947,1.3009137,kara
2024-08-26,0.0041211224,0.0,6.31192,-2.6836853,6.7134333,11.60455846786499,0.86959314,1.9332240581512463,0.8494335,kara
2024-08-27,0.0011684673,0.0,7.118088,1.0311584,8.232711,12.985116481781006,1.5257217,3.171250724792481,1.0679487,kara
2024-08-28,0.00012164893,0.0,6.749962,-0.3206482,7.798578,11.023867130279541,1.4746196,2.2375519752502444,0.97194064,kara
2024-08-29,0.0005233794,0.0,5.163887,-1.0227966,6.6674166,10.23258113861084,1.2900547,2.120712661743165,1.7171276,kara
2024-08-30,0.0,0.0,4.3194504,-1.9781189,7.4945297,11.080060482025146,1.3251452,2.0136959075927736,2.6490202,kara
2024-08-31,0.0,0.0,5.4006577,-1.9891052,6.580701,10.384546756744385,0.9702741,1.7205179691314698,1.7577069,kara
2024-09-01,0.00026547714,0.0,5.5438156,-1.3682556,8.136489,11.617034435272217,1.2922591,2.189252042770386,1.2706282,kara
2024-09-02,0.0,0.0,3.6923752,-2.9961853,7.792152,11.271645545959473,1.4899014,2.284373426437378,2.30689,kara
2024-09-03,0.0,0.0,4.1985855,-2.290619,8.15064,11.887308120727539,1.4777608,2.460909366607666,1.8933009,kara
2024-09-04,0.00011614626,0.0,4.3283844,-1.9576111,6.794874,10.581587791442871,1.17256,2.2725406646728517,1.3503722,kara
2024-09-05,0.001694603,0.0,4.898575,-2.4810486,8.178349,10.867292404174805,1.3884304,2.056664514541626,0.83218575,kara
2024-09-06,0.001694603,0.0,2.8735886,-3.3296814,7.4942627,11.817822456359863,1.4737219,2.2968144893646243,2.5996583,kara
2024-09-07,0.00059883064,0.0,3.665001,-3.7139587,7.790703,13.855006694793701,1.3970861,2.8843212127685547,2.7793295,kara
2024-09-08,0.0008909487,0.0,2.7905197,-3.5596619,11.853479,17.821393966674805,2.8906448,5.6664680480957035,3.497655,kara
2024-09-09,0.0005661814,0.0,2.4068604,-4.0052185,7.0238285,15.66609239578247,1.6950796,4.117687511444093,3.5785456,kara
2024-09-10,0.0008503131,0.0,3.560112,-4.3562927,7.749544,11.964260578155518,1.2275755,2.092829322814942,2.2158725,kara
2024-09-11,0.0004802305,0.0,3.8081589,-4.514984,9.35152,13.575249671936035,1.686682,2.76665940284729,1.9645754,kara
2024-09-12,0.0004802305,0.0,2.6703186,-4.1805115,7.2053504,11.003295421600342,1.3251169,2.2655895233154295,2.358913,kara
2024-09-13,0.0004802305,0.0,2.1296997,-5.608246,5.045321,9.658225059509277,0.847106,1.36462037563324,2.0007732,kara
2024-09-14,0.0004802305,0.0,3.454216,-5.9151306,7.9577627,14.12004804611206,1.3473446,3.3904569149017343,1.4493227,kara
2024-09-15,0.0004802305,0.0,4.237442,-1.9092712,7.5951633,12.59040880203247,1.5891783,2.9766940593719493,0.552531,kara
2024-09-16,0.0004802305,0.0,3.1395416,-2.7398376,8.842519,13.512016296386719,1.6134162,3.1768622398376465,1.6484927,kara
2024-09-17,0.0004802305,0.0,2.1763153,-4.011322,7.1755776,13.812960147857666,1.6666479,3.372987985610962,2.4584975,kara
2024-09-18,0.0004802305,0.0,2.292923,-6.9602966,6.093261,10.899735450744629,1.0865964,1.8090773820877077,2.0145533,kara
2024-09-19,0.005397928,0.0,1.6688843,-8.668304,6.4497266,10.885746479034424,1.074302,1.8053861379623415,3.041474,kara
2024-09-20,0.00667167,0.0,1.3083496,-8.80307,8.419195,12.789612770080566,1.3161302,2.5771618366241458,3.4199095,kara
2024-09-21,0.0064900815,0.0,0.8442383,-9.032074,9.714092,15.053200721740723,1.9007409,3.828122520446781,3.0590224,kara
2024-09-22,0.007777917,0.0,0.37899017,-11.606537,9.636331,15.71142578125,1.8648479,4.146661090850832,3.6561534,kara
2024-09-23,0.008100712,0.0,0.17486572,-10.660736,10.520781,16.078286170959473,2.2159908,4.275054836273194,3.3302789,kara
2024-09-24,0.009457425,0.0,-0.21396637,-10.422455,9.990494,15.94784927368164,2.3537683,4.495701026916504,3.5228415,kara
2024-09-25,0.0086046485,0.0,-0.53486633,-10.597992,7.6990647,14.785858154296875,1.6628937,3.724134159088135,4.3410788,kara
2024-09-26,0.010306424,0.0,-0.47450256,-11.482758,7.3114977,13.2749924659729,1.2844634,3.0204991817474367,4.153824,kara
2024-09-27,0.009605333,0.0,0.85020447,-12.572845,8.9588375,12.871023654937744,1.5626547,2.911712837219239,3.0491667,kara
2024-09-28,0.006129735,0.0,1.4766006,-7.6409607,8.335035,12.721343994140625,1.5674095,2.873917388916016,1.9841747,kara
2024-09-29,0.0048714355,0.0,1.492218,-8.057953,8.577076,11.323776721954346,1.4580619,2.2256704330444337,1.7729928,kara
2024-09-30,0.005930429,0.0,1.2015991,-9.893158,9.253701,12.792135238647461,1.7064261,2.7273481845855714,1.6889968,kara
2024-10-01,0.0063285306,0.0,0.35746002,-11.27182,8.392755,12.684716701507568,1.7160012,2.6588330745697024,2.1898692,kara
2024-10-02,0.00875567,0.0,-0.42591858,-12.032074,5.1324425,9.582395553588867,1.0484638,1.8677711963653565,2.877988,kara
2024-10-03,0.012107512,0.0,-0.9334259,-11.322845,6.2164645,9.246633052825928,0.935071,1.7278226852417007,3.1177425,kara
2024-10-04,0.014074082,0.0,-1.2260361,-10.644867,7.322981,9.873462677001953,1.1039736,1.6263322830200198,3.4368293,kara
2024-10-05,0.021705255,0.0,-1.4721756,-12.255463,5.983466,9.324162483215332,1.0091255,1.6232726573944092,3.3591409,kara
2024-10-06,0.024665972,0.0,-1.2302856,-10.453033,6.3361807,12.120889663696289,0.9292743,2.1211688041687,3.5648484,kara
2024-10-07,0.030349191,0.0,-1.6517792,-12.257904,8.118309,12.954683780670166,1.2727585,2.5223134040832518,3.496836,kara
2024-10-08,0.039746135,0.0,-2.5812988,-11.900482,8.475002,12.12443733215332,1.40528,2.3620104789733887,3.9241326,kara
2024-10-09,0.044327922,0.0,-2.1773376,-13.982269,8.471237,11.561851501464844,1.4107604,2.326563501358032,4.1210494,kara
2024-10-10,0.049324498,0.0607147216796875,-1.7874603,-16.063751,6.4907427,11.750548362731934,1.0827115,2.4220017433166507,3.8836386,kara
2024-10-11,0.0499033,0.0,-1.1305313,-17.371994,6.382433,10.960827350616455,1.3248175,2.8962110519409183,2.7893589,kara
2024-10-12,0.04249595,0.0,-1.4533081,-17.75467,7.760126,12.320940971374512,1.7987038,3.0488162994384767,2.4516702,kara
2024-10-13,0.0407206,0.0,-1.4876862,-16.47757,9.2987995,13.50404977798462,1.8324897,3.2192686557769776,2.958929,kara
2024-10-14,0.04316848,0.04510498046875,-2.170662,-17.496033,6.194116,11.303557395935059,1.3229983,2.585094165802002,3.7238803,kara
2024-10-15,0.070950314,0.3474578857421875,-2.47509,-18.806213,6.4415927,12.099016666412354,1.2918545,2.592989206314087,4.5197544,kara
2024-10-16,0.068865955,0.3473358154296875,-1.9565582,-17.128601,10.164673,15.344656944274902,2.219947,4.239034366607666,3.48172,kara
2024-10-17,0.034000043,0.0355987548828125,-1.4043808,-12.35849,9.894002,15.360720157623291,2.4978416,4.508903121948243,2.508077,kara
2024-10-18,0.025520582,0.0,-1.112442,-11.833496,8.10157,12.250858306884766,1.6660503,3.261932182312012,2.4548552,kara
2024-10-19,0.03726008,0.078399658203125,-0.7602463,-13.739441,10.600615,13.634010791778564,2.136704,3.3366669178009034,1.8475443,kara
2024-10-20,0.046469104,0.2061920166015625,-1.7484665,-15.944061,8.539075,11.936505317687988,1.9908342,3.056777572631836,2.2344282,kara
2024-10-21,0.08366242,0.4016265869140625,-2.5955276,-19.76361,8.701532,14.632859230041504,1.6803191,3.435717296600342,2.6377783,kara
2024-10-22,0.124558166,0.61407470703125,-2.6399689,-23.138382,9.384505,15.178194522857666,2.3694289,4.112658977508545,1.8682699,kara
2024-10-23,0.14087416,0.6609954833984375,-2.6912231,-24.340439,7.11648,10.033145427703857,1.5098373,2.6007039070129396,1.8666048,kara
2024-10-24,0.16857621,0.7211151123046875,-3.2763596,-22.80304,7.2022467,10.693750381469727,1.3442316,2.0362529277801515,1.9308572,kara
2024-10-25,0.17822878,0.760009765625,-2.7809906,-19.725601,7.158682,11.211697578430176,1.3182906,2.3508041858673097,1.5440562,kara
2024-10-26,0.18669906,0.78973388671875,-2.5273438,-22.46968,10.280336,14.143935203552246,2.2567613,3.8467840194702148,1.6620003,kara
2024-10-27,0.19128203,0.7565155029296875,-2.0403366,-19.983566,8.694308,13.30616283416748,2.4284904,3.8782814025878904,1.7309815,kara
2024-10-28,0.18938266,0.7859344482421875,-2.1017303,-16.681152,7.070982,12.443044662475586,1.533737,2.4989800453186035,1.6393825,kara
2024-10-29,0.19884521,0.7718048095703125,-1.0853043,-16.479523,10.068698,13.681743144989014,2.187402,3.5750686645507814,1.4369049,kara
2024-10-30,0.18110436,0.7525177001953125,-0.50891113,-9.8619995,9.641723,13.134817123413086,2.2476537,3.4999042987823494,1.3926902,kara
2024-10-31,0.18219128,0.7691650390625,-0.92684937,-7.453369,7.6255436,10.479283332824707,1.4828582,2.326370096206665,1.5350345,kara
2015-07-01,0.66025156,0.97545166015625,1.3042145,-2.4512634,6.1775336,11.89993839263916,0.6556608,1.747062659263611,0.9506808,laptev
2015-07-02,0.6441601,0.959271240234375,1.0996933,-1.330658,8.667997,12.719472312927246,1.0040773,1.8495552062988283,1.0198755,laptev
2015-07-03,0.61203504,0.896148681640625,1.1835861,-1.2024841,6.547366,10.955574607849123,0.82578486,1.5662261486053466,1.102246,laptev
2015-07-04,0.5960669,0.8818603515625,1.1381989,-1.0276794,5.0285673,7.911668014526368,0.48527488,0.958218252658844,0.92444843,laptev
2015-07-05,0.5851044,0.902423095703125,1.3100815,-1.0984802,5.4369564,8.788671112060547,0.4971973,0.8967233777046203,0.95066816,laptev
2015-07-06,0.5948413,0.979779052734375,0.9651871,-1.5948181,5.808155,10.670049476623536,0.7461091,1.7556793689727783,0.9658353,laptev
2015-07-07,0.595942,0.9819580078125,0.6412506,-1.2159119,6.146201,9.020780944824219,0.614693,1.2482993602752686,0.998147,laptev
2015-07-08,0.5735358,0.932470703125,0.64437103,-1.4532166,6.3949833,9.524135208129882,0.69907284,1.2464336872100832,0.83737296,laptev
2015-07-09,0.54583615,0.890625,0.9530945,-1.3799744,6.5703754,10.091101455688477,0.7679087,1.3540387153625488,0.8166202,laptev
2015-07-10,0.5048252,0.88355712890625,1.0718613,-2.0845642,5.55981,8.913579750061036,0.5409107,1.1860030412673952,0.60583365,laptev
2015-07-11,0.49321112,0.873895263671875,1.1534042,-1.3841248,4.4519067,8.190045356750488,0.48508584,0.9993508815765382,0.6960869,laptev
2015-07-12,0.48816282,0.855645751953125,1.3261642,-1.3296814,3.8747241,6.635237407684326,0.32528982,0.7067557096481323,0.73835796,laptev
2015-07-13,0.468177,0.854925537109375,1.7434006,-0.79208374,3.6465018,5.871784782409668,0.29133043,0.5839923024177551,0.6769519,laptev
2015-07-14,0.4519152,0.842071533203125,1.2613754,-1.2986755,4.426284,7.861329364776612,0.5088423,1.0294116973876952,0.8117419,laptev
2015-07-15,0.45058855,0.8399169921875,1.0197754,-1.4759216,5.1099205,7.986535835266113,0.6031081,1.1676201581954957,0.95163417,laptev
2015-07-16,0.4181791,0.80850830078125,0.8284302,-1.101654,5.784955,9.06373748779297,0.585752,1.0992867946624756,0.9725595,laptev
2015-07-17,0.42310104,0.86944580078125,0.9801712,-1.5843201,6.147752,9.543949699401855,0.74438196,1.3883326053619385,0.7730291,laptev
2015-07-18,0.41927156,0.917913818359375,0.869133,-1.2691345,4.4087286,8.628011512756348,0.5812145,1.2263774394989013,0.8303273,laptev
2015-07-19,0.3909761,0.8831115722656251,1.1442184,-1.0447693,4.4432926,7.87636194229126,0.51351684,0.9822149276733398,0.8638599,laptev
2015-07-20,0.36553624,0.82015380859375,1.0987167,-0.8296814,4.45315,6.318457794189453,0.4155917,0.686141312122345,0.6422649,laptev
2015-07-21,0.34760168,0.8099121093750001,0.99017334,-0.9058533,4.467062,6.40903081893921,0.38540894,0.9338715910911559,0.56435716,laptev
2015-07-22,0.33319294,0.80386962890625,1.162323,-1.3782654,4.4995666,7.350164508819581,0.3919614,0.8928827404975891,0.6001554,laptev
2015-07-23,0.32090572,0.797955322265625,1.5864639,-0.6607361,5.3822393,8.239799880981446,0.59421545,1.1087603330612186,0.66784513,laptev
2015-07-24,0.30423698,0.79364013671875,1.783165,-0.46542358,5.7853756,8.118901443481445,0.6918156,1.0717183113098145,0.6373001,laptev
2015-07-25,0.29561394,0.7889953613281251,1.7190475,-0.6429138,6.4501433,8.698118209838867,0.87448025,1.1714892387390137,0.6523455,laptev
2015-07-26,0.28583384,0.831451416015625,1.5517807,-0.8277283,6.3670225,8.662708473205566,0.9563725,1.3286699056625366,0.8712595,laptev
2015-07-27,0.2878832,0.8460388183593751,1.5773697,-1.4947205,5.958381,8.925072288513183,0.89159244,1.3285811424255374,0.8965456,laptev
2015-07-28,0.2760112,0.8090454101562501,1.6547165,-0.6890564,5.9431214,8.608183860778809,0.8239886,1.2135464191436767,0.9669049,laptev
2015-07-29,0.26064047,0.7920288085937501,1.6659927,-0.7569275,5.889432,9.186704444885255,0.8442954,1.351755952835083,1.0819161,laptev
2015-07-30,0.26682928,0.827001953125,1.4997787,-0.89852905,5.094265,8.770848846435547,0.7189393,1.3433114528656005,1.032551,laptev
2015-07-31,0.25865546,0.798309326171875,1.3783417,-0.8592224,3.383008,5.982306480407715,0.4072042,0.717381250858307,1.1762655,laptev
2015-08-01,0.23944585,0.723870849609375,1.3500366,-1.1477966,2.7318168,5.040361499786377,0.23025009,0.3909932017326355,1.1250807,laptev
2015-08-02,0.24247357,0.7670593261718751,1.4344559,-1.7078552,4.5987215,7.9507175445556655,0.33777723,0.9923629879951477,1.0745876,laptev
2015-08-03,0.24054515,0.763543701171875,1.3884048,-1.3912048,5.618009,8.392090797424316,0.62166095,1.1732498407363892,1.2950368,laptev
2015-08-04,0.2485328,0.7916748046875001,1.2408218,-2.1487732,5.5593596,9.1994779586792,0.7476923,1.2923770427703858,1.5949917,laptev
2015-08-05,0.26171568,0.9025573730468751,1.2153091,-2.2068787,4.3491545,8.718919944763183,0.55495536,1.269603776931763,1.4612565,laptev
2015-08-06,0.26171568,0.9025573730468751,1.28228,-2.455902,3.903356,7.782437801361085,0.34746057,0.7719826459884647,1.4351442,laptev
2015-08-07,0.26339504,0.9268798828125,1.7513351,-2.4717712,5.9995747,10.605930519104003,0.7386602,1.8422493934631348,1.4042693,laptev
2015-08-08,0.27007592,0.96998291015625,2.49263,-1.9998474,6.5203543,10.641422080993653,1.1777446,1.9913012981414795,1.1397731,laptev
2015-08-09,0.24417382,0.8593933105468751,2.5619888,-2.221283,6.061139,10.788664054870605,1.2916956,2.103365421295166,1.1206071,laptev
2015-08-10,0.21083163,0.761065673828125,1.9594116,-1.263031,4.8285804,9.651954650878906,0.9718076,1.8083926439285278,1.3878472,laptev
2015-08-11,0.20778413,0.731842041015625,1.6187286,-1.4988708,4.0869966,7.04035062789917,0.55536395,1.0365434885025027,1.4698529,laptev
2015-08-12,0.20938452,0.737054443359375,1.5540314,-2.4151306,3.8766525,5.672350311279297,0.39150554,0.5991554260253906,1.3630209,laptev
2015-08-13,0.21308137,0.737860107421875,1.299202,-2.717865,4.378594,6.571115016937256,0.3759414,0.6540410757064823,1.2847246,laptev
2015-08-14,0.20468271,0.69925537109375,1.6320419,-1.8958435,4.8008475,7.264913082122803,0.4536953,0.7552362561225892,1.306284,laptev
2015-08-15,0.21158478,0.8022644042968751,2.2335434,-3.474945,5.064004,8.438917350769044,0.6074943,1.1561561584472655,1.4456,laptev
2015-08-16,0.21427493,0.9048828125000001,2.1805267,-3.339447,5.767471,9.26699104309082,0.830888,1.5370290756225586,1.4361659,laptev
2015-08-17,0.2016024,0.8148559570312501,2.2281723,-3.8155212,6.919421,11.022820281982423,1.1804214,2.042601299285889,1.2856588,laptev
2015-08-18,0.15660568,0.6434204101562501,2.2936478,-3.5726013,8.296,12.29687328338623,1.6896938,2.852521324157715,1.1281615,laptev
2015-08-19,0.14138682,0.610382080078125,2.6417694,-1.8399353,10.578453,14.14433422088623,2.3467653,3.6181025981903074,1.2129711,laptev
2015-08-20,0.119039714,0.572662353515625,1.59449,-1.5022888,10.630963,14.528516960144042,2.5270636,3.7316808700561523,1.3646073,laptev
2015-08-21,0.101067126,0.51993408203125,1.0796432,-2.6734314,9.111,11.743802642822265,1.7728237,3.0529544353485107,1.4730103,laptev
2015-08-22,0.0909524,0.4425415039062507,0.84477997,-2.7937927,8.5804405,13.219884490966798,1.3882275,2.442249774932862,1.759086,laptev
2015-08-23,0.087555245,0.41415405273437506,1.2597504,-3.815033,11.093457,15.726894187927247,2.0481663,4.029564952850341,1.7565353,laptev
2015-08-24,0.06383298,0.2768554687500001,1.909195,-2.160736,9.772353,14.76547794342041,2.335171,3.9679975509643555,1.4752378,laptev
2015-08-25,0.05413723,0.22209472656250032,2.4546127,-2.2625427,7.375655,10.91722526550293,1.4491601,2.9099779605865477,1.2675297,laptev
2015-08-26,0.045051288,0.10413208007812538,2.4944382,-1.7776794,7.812063,11.1575834274292,1.265669,2.202247714996338,1.1127007,laptev
2015-08-27,0.040175535,0.04248046875,1.9159775,-2.1253357,6.668894,10.551031112670898,1.0556574,1.940973162651062,1.2178276,laptev
2015-08-28,0.038872957,0.0,1.4260406,-2.9119568,6.6350613,10.9373291015625,1.038494,1.7443035125732422,1.5584921,laptev
2015-08-29,0.032381687,0.0,1.5374832,-4.459564,8.348437,11.967732620239259,1.414505,2.4285233497619627,1.5566514,laptev
2015-08-30,0.03143636,0.0,0.8599396,-4.664154,6.500846,10.509683227539062,1.1936656,2.095433330535889,1.613315,laptev
2015-08-31,0.02904757,0.0,0.41192627,-5.3833923,5.236991,8.570151901245117,0.8906836,1.4005181312561035,2.1800096,laptev
2015-09-01,0.030922983,0.0,0.77241516,-7.994232,6.0041947,10.833762550354004,0.78266925,1.6498409509658813,1.9199847,laptev
2015-09-02,0.034972217,0.0,0.05731964,-8.048676,8.486614,13.7375394821167,1.3628904,3.097045850753784,2.4163735,laptev
2015-09-03,0.042228963,0.02702636718750026,-0.08664703,-7.50766,7.5862465,13.304425621032715,1.5041243,3.2541101455688475,2.5946536,laptev
2015-09-04,0.03223297,0.0,1.4396362,-4.2132263,7.660424,13.362166404724121,1.1606907,2.649677848815918,2.0856762,laptev
2015-09-05,0.028740017,0.0,2.6096191,-1.900238,8.384202,15.52971591949463,1.7254196,3.75026559829712,1.3022994,laptev
2015-09-06,0.035191532,0.0,1.9128189,-2.3396912,5.0551605,8.84129638671875,0.85342383,1.9216908931732177,0.9205544,laptev
2015-09-07,0.03295463,0.0,2.2932281,-4.53598,5.088707,8.466813087463379,0.6199783,1.091291832923889,0.9116039,laptev
2015-09-08,0.03262678,0.0,1.4984818,-4.6756287,4.1416965,8.832640838623048,0.5860081,1.3032887458801268,0.8408585,laptev
2015-09-09,0.02601041,0.0,1.3529053,-2.45224,4.8979473,9.680511856079102,0.5753773,1.2038074016571052,0.94243634,laptev
2015-09-10,0.020408483,0.0,1.3692017,-1.9859314,7.0607095,11.699481010437012,0.92942864,2.251170444488525,1.6629992,laptev
2015-09-11,0.018123765,0.0,1.7881088,-6.8684998,8.211485,11.997143363952638,1.346353,2.4506589889526365,1.3579476,laptev
2015-09-12,0.0201289,0.0,2.1324844,-7.0037537,8.073685,10.797873878479004,1.2530586,2.0678708553314213,1.059555,laptev
2015-09-13,0.01659447,0.0,1.7799835,-2.1128845,7.52776,10.940231323242188,1.4506184,2.202717733383179,0.9665185,laptev
2015-09-14,0.021149965,0.0,0.7717209,-3.1695251,6.1388016,11.112636375427247,1.3592331,1.9135996341705324,1.8851686,laptev
2015-09-15,0.0229369,0.0,0.15567017,-4.145111,4.4861536,8.039438629150391,0.8253006,1.3653355598449708,2.4772117,laptev
2015-09-16,0.020191668,0.0,0.5457382,-3.6429138,6.0704823,9.488196754455567,0.81367695,1.7902181625366211,2.0209205,laptev
2015-09-17,0.021450745,0.0,0.4025116,-4.7430115,4.331501,7.562947368621826,0.6703356,1.5407730102539061,1.6274045,laptev
2015-09-18,0.016044213,0.0,0.40215302,-3.7608337,4.64723,8.516174697875977,0.5878979,1.2017725944519042,1.4754764,laptev
2015-09-19,0.019452758,0.0,0.010353088,-8.313812,5.944232,9.465797233581544,0.7715774,1.5592911481857301,1.6546618,laptev
2015-09-20,0.031640816,0.0,-2.0768356,-11.510345,7.334818,11.022032165527344,1.1443585,2.3839348793029784,3.1448112,laptev
2015-09-21,0.040889505,0.0,-2.315033,-13.221771,6.634617,10.330563735961913,1.208197,2.3277424335479737,4.297106,laptev
2015-09-22,0.051974863,0.08143920898437507,-2.1340485,-13.240326,6.314222,10.086533164978027,0.96608454,1.7855026483535772,3.5075712,laptev
2015-09-23,0.051974863,0.08143920898437507,-1.8022766,-12.200775,6.1720653,10.61054973602295,0.8962923,1.7664957523345948,3.0610776,laptev
2015-09-24,0.06292865,0.18386840820312533,-0.80205536,-11.244476,11.0099125,15.31973114013672,2.0197942,3.2870875358581544,2.0934777,laptev
2015-09-25,0.08744606,0.4215637207031251,-3.287094,-11.088959,11.598306,17.11416549682617,3.0001247,5.406071662902832,3.1651187,laptev
2015-09-26,0.09627431,0.4910461425781254,-1.9670334,-13.049164,9.351622,14.611060905456544,1.8180572,3.912179708480835,2.9075503,laptev
2015-09-27,0.12893797,0.7105834960937503,-3.882637,-13.104828,9.956634,14.867945671081543,2.0705297,4.208675861358643,2.8226855,laptev
2015-09-28,0.16120656,0.840777587890625,-4.1992188,-13.981537,8.596962,12.483924102783202,1.6210301,2.7341112136840824,2.841303,laptev
2015-09-29,0.1760465,0.8505798339843752,-3.5007095,-13.640717,6.4852495,9.307064247131349,1.037421,1.6172457695007325,2.971626,laptev
2015-09-30,0.1695597,0.8311462402343751,-1.0214386,-8.267181,9.011468,12.016094779968261,1.3115647,2.3434765338897705,2.345429,laptev
2015-10-01,0.16679184,0.799322509765625,-0.47925568,-10.030609,8.854892,11.939638710021974,1.5125104,2.5350093841552734,1.6857648,laptev
2015-10-02,0.169315,0.7939208984375001,-1.7328949,-13.35495,5.934447,9.59698543548584,0.9125213,1.5439703226089478,2.0276816,laptev
2015-10-03,0.18549605,0.85125732421875,-2.477234,-13.59787,4.6216135,7.32013521194458,0.6240932,1.0676023721694947,1.9216402,laptev
2015-10-04,0.17908323,0.8237548828125001,-2.3822937,-10.6716,6.413512,8.636040115356446,0.79629695,1.3690190315246584,2.2225587,laptev
2015-10-05,0.17762408,0.817572021484375,-2.325508,-10.797028,7.2796397,9.592520904541015,1.0814953,1.5163766622543338,2.90869,laptev
2015-10-06,0.17909895,0.8074279785156251,-2.4358368,-9.729279,7.145582,9.34084243774414,1.1622268,1.6327929496765137,2.524586,laptev
2015-10-07,0.21045731,0.902557373046875,-2.9449463,-11.165619,5.3237615,8.806072616577149,0.99476206,1.642705774307251,2.68104,laptev
2015-10-08,0.26667562,0.9753967285156251,-3.945572,-11.772217,3.2392902,5.080129528045655,0.5931945,1.095588254928589,2.2723422,laptev
2015-10-09,0.29809478,0.9870849609375001,-4.7191544,-14.849091,3.5519137,8.968263626098633,0.37340128,0.6038788557052612,2.680927,laptev
2015-10-10,0.28230867,0.939837646484375,-3.5569077,-14.502258,8.854843,12.577940368652344,1.4019471,2.5820505142211916,2.2592735,laptev
2015-10-11,0.29509938,0.934588623046875,-4.5901947,-13.3628235,8.97385,11.629092407226564,1.6649692,2.2929523944854737,2.061203,laptev
2015-10-12,0.3353534,0.95859375,-5.6548615,-13.129486,7.695956,11.455871200561523,1.4808991,2.467354393005371,2.9095628,laptev
2015-10-13,0.36863598,0.9632446289062501,-6.12838,-15.261566,6.8176875,9.751769828796387,1.0813845,1.781321430206299,3.0699909,laptev
2015-10-14,0.36863598,0.9632446289062501,-7.5739975,-15.654968,7.461929,11.29728832244873,1.1776764,2.174032688140869,3.315105,laptev
2015-10-15,0.498772,0.99219970703125,-8.867455,-16.941498,7.3197036,10.950251197814941,1.2896817,2.181940793991089,3.0502546,laptev
2015-10-16,0.58390194,0.99993896484375,-9.307396,-17.937561,5.4220285,8.425417137145997,0.83592856,1.452274703979492,2.9295127,laptev
2015-10-17,0.65563554,0.999847412109375,-9.588959,-21.522446,5.0344133,7.46488847732544,0.6999183,1.0823607444763184,2.8870926,laptev
2015-10-18,0.7370193,0.99993896484375,-10.568176,-19.956009,4.43784,6.620200347900391,0.66314876,1.094160795211792,2.5099328,laptev
2015-10-19,0.79396284,0.99822998046875,-10.979729,-19.285934,5.3460793,10.311370086669923,0.7536727,1.3460075855255127,2.4392333,laptev
2015-10-20,0.769987,0.98004150390625,-9.798393,-20.301987,8.212031,13.547348976135256,1.7707866,3.4480881690979004,2.237923,laptev
2015-10-21,0.76998734,0.97908935546875,-9.59079,-21.865738,7.078649,11.379315185546876,1.6913066,2.974945020675659,2.2056775,laptev
2015-10-22,0.8188896,0.986090087890625,-11.579529,-21.857346,7.3238497,10.964663314819337,0.5947254,1.3031567573547365,2.5722067,laptev
2015-10-23,0.8558287,0.989776611328125,-12.301582,-22.959305,6.1612873,9.936179161071777,0.2164122,0.30852748155593873,2.4153924,laptev
2015-10-24,0.8956659,0.998712158203125,-13.105888,-22.371552,4.537923,6.981150436401367,0.21821016,0.22764742374420166,2.2362676,laptev
2015-10-25,0.92683643,1.0,-13.810837,-24.790405,4.62211,7.698949909210206,,,2.2934296,laptev
2015-10-26,0.9380084,0.99981689453125,-13.452629,-23.96782,7.089223,11.417209053039551,,,1.9667709,laptev
2015-10-27,0.9137574,0.987847900390625,-12.951958,-24.527344,7.940116,11.396644401550294,,,2.151497,laptev
2015-10-28,0.91515964,0.997369384765625,-12.098518,-23.88617,6.1583147,9.896332359313964,,,1.8649073,laptev
2015-10-29,0.8920556,0.99725341796875,-9.082123,-17.162918,6.9446955,10.5121452331543,2.0798788,2.113884925842285,1.5648031,laptev
2015-10-30,0.883761,0.989617919921875,-9.107391,-17.85138,6.1723423,8.918074607849121,2.3577328,2.4302101135253906,1.4949892,laptev
2015-10-31,0.91599464,0.993560791015625,-11.0054245,-18.72699,6.0294695,9.649840545654298,,,2.0145226,laptev
2016-07-01,0.75448036,0.956951904296875,0.72400665,-2.0105896,7.3625317,12.575347137451171,1.4825945,2.1231245040893554,0.95199335,laptev
2016-07-02,0.7518608,0.931146240234375,0.8716049,-1.7273865,4.912135,6.74476203918457,0.48655742,1.125794553756714,0.80711627,laptev
2016-07-03,0.74070877,0.93243408203125,1.1961975,-1.6446228,4.1864758,6.602508831024171,0.5575413,0.9003684401512146,0.71537757,laptev
2016-07-04,0.7338767,0.9365478515625001,1.1236038,-1.6094666,4.1268215,11.014928245544436,0.1838221,0.42638996839523313,0.7838583,laptev
2016-07-05,0.6737775,0.851104736328125,1.8153915,-0.82577515,9.802666,14.348046493530275,0.80614734,1.8332039356231689,1.0223958,laptev
2016-07-06,0.69459355,0.9029296875,0.8064575,-1.6902771,9.249473,14.929948425292968,0.81131876,1.2461941242218018,1.2420784,laptev
2016-07-07,0.7050745,0.8976318359375001,0.74858093,-1.3470154,9.730445,14.584312629699706,1.027497,1.6441317796707153,1.2125278,laptev
2016-07-08,0.7101067,0.909942626953125,0.54509735,-1.4949646,7.6800213,10.377698516845703,0.7727953,1.6531248092651367,1.1659213,laptev
2016-07-09,0.70901173,0.920867919921875,0.46663666,-1.9405212,6.1130886,9.081254577636718,0.42229635,0.9008057117462158,1.2300878,laptev
2016-07-10,0.7084396,0.92242431640625,0.4446106,-2.2068787,7.3455734,12.01247272491455,0.42663568,1.5184378623962402,1.1316304,laptev
2016-07-11,0.7051944,0.898590087890625,0.72065735,-1.8228455,6.8855767,11.068987464904787,0.4963227,1.1786236763000488,0.8553029,laptev
2016-07-12,0.71382016,0.9279296875,0.7097244,-1.9300232,5.553247,10.153855514526366,0.25671563,0.6423308253288269,0.9019058,laptev
2016-07-13,0.7243261,0.929730224609375,0.5893936,-1.056488,3.9539237,7.35280237197876,0.1700497,0.2583277821540834,0.9948454,laptev
2016-07-14,0.7139785,0.921197509765625,0.6451721,-1.6231384,5.5937295,11.443358993530275,0.38026345,0.9940833687782287,1.0192025,laptev
2016-07-15,0.6904428,0.905999755859375,0.8121033,-1.2957458,6.282478,11.627570724487304,0.84395593,1.7785285472869874,1.2181054,laptev
2016-07-16,0.68167883,0.889862060546875,1.3498688,-1.1143494,5.742414,9.906466865539551,0.38485354,1.0261967658996582,1.03966,laptev
2016-07-17,0.6417086,0.8471923828125,2.1814651,-3.0308533,4.6854143,7.043543529510498,0.35570467,0.7818874359130861,0.8530388,laptev
2016-07-18,0.61272895,0.822662353515625,2.1330261,-0.50424194,5.1688466,7.1973930358886715,0.28813776,0.5383096933364868,0.7043803,laptev
2016-07-19,0.61182827,0.814117431640625,1.5732422,-2.559906,4.9333725,7.69271183013916,0.25773442,0.5075369238853457,0.616269,laptev
2016-07-20,0.60921293,0.828326416015625,1.4997101,-0.70858765,4.1492805,6.436258888244629,0.2772516,0.5341054320335389,0.54448,laptev
2016-07-21,0.5906576,0.80379638671875,1.8386993,-0.7076111,5.3685813,9.293651580810547,0.29314238,0.7058552503585815,0.58763283,laptev
2016-07-22,0.55554163,0.75423583984375,1.6827316,-0.69174194,4.963698,7.9038928031921385,0.36632657,0.8138400554656982,0.45214027,laptev
2016-07-23,0.5465147,0.763916015625,1.675621,-0.5437927,4.8847694,7.493004322052003,0.36743918,0.7176001667976379,0.5012004,laptev
2016-07-24,0.53977686,0.7621337890625,1.2936172,-1.0655212,6.1852427,9.644888496398925,0.69194555,1.4390700340270997,0.7919259,laptev
2016-07-25,0.5149168,0.7503662109375,1.2667389,-0.8875427,7.681396,10.324285888671875,1.0215737,1.9255516529083252,1.0312082,laptev
2016-07-26,0.5168307,0.775482177734375,1.1179504,-1.453949,6.4667583,9.32673568725586,0.81824946,1.7396254539489746,0.9483545,laptev
2016-07-27,0.5173598,0.8116516113281251,1.0374374,-2.4080505,5.596779,8.834302711486817,0.78285515,1.603241515159607,0.95643765,laptev
2016-07-28,0.53316694,0.87476806640625,0.7970276,-1.7481384,4.58418,7.771970653533936,0.5506522,1.3194284439086914,1.0441405,laptev
2016-07-29,0.5371364,0.872406005859375,0.94755554,-1.0818787,5.939867,10.797946357727051,0.6436284,1.5751373767852783,1.0479361,laptev
2016-07-30,0.53114384,0.8759765625,1.5045471,-1.8821716,7.123725,11.109315299987793,0.9138941,1.7458132982254038,0.85848105,laptev
2016-07-31,0.47535408,0.85301513671875,1.2164993,-2.4571228,7.373624,11.018684387207031,0.98891485,1.8870759963989256,1.2013685,laptev
2016-08-01,0.48321673,0.8878356933593751,0.7684097,-1.8128357,4.8153677,9.614667701721192,0.63274544,1.3721250057220458,1.0141822,laptev
2016-08-02,0.48843345,0.91494140625,1.1581879,-1.6685486,6.8752127,10.624858283996582,0.9300688,1.572681999206543,0.9901664,laptev
2016-08-03,0.47626632,0.898919677734375,1.5436478,-1.245697,7.1125607,11.177976608276367,1.0532774,1.9958804607391358,0.8847051,laptev
2016-08-04,0.44257727,0.901055908203125,1.3796844,-2.023285,7.108811,10.695486259460449,0.9813702,1.9722836017608643,0.9969876,laptev
2016-08-05,0.42017394,0.84156494140625,1.7638702,-2.191986,7.7804613,11.495665168762207,1.1339201,2.0655828952789306,1.4033328,laptev
2016-08-06,0.4217827,0.90164794921875,1.5905151,-2.174408,6.091664,11.152942085266114,1.0766168,2.010664129257202,1.2787627,laptev
2016-08-07,0.42675146,0.8944030761718752,0.77194214,-2.6314392,4.6485257,7.722256088256836,0.54506135,1.2172340154647827,0.97819763,laptev
2016-08-08,0.4252736,0.876226806640625,0.77658844,-3.4598083,4.2420707,6.470591259002686,0.3461992,0.7320706605911256,0.8367419,laptev
2016-08-09,0.419313,0.8947814941406254,0.8321533,-3.7349548,4.46206,7.089512920379639,0.4222228,0.6971351504325867,1.0230676,laptev
2016-08-10,0.4073668,0.87708740234375,1.050766,-1.2032166,3.9557135,6.687208747863769,0.4567997,0.8103851079940796,0.7012251,laptev
2016-08-11,0.405198,0.8611389160156251,2.1842957,-1.3475037,7.0965366,11.034726905822755,0.7362023,1.592616605758667,0.6781513,laptev
2016-08-12,0.37060714,0.832427978515625,2.1151657,-2.0237732,7.866316,12.264646911621094,1.039326,2.087381362915039,0.78041035,laptev
2016-08-13,0.38414863,0.8682373046875,1.1072464,-2.440277,5.7150373,9.97929630279541,0.9159181,1.7088393688201908,1.4533863,laptev
2016-08-14,0.37193412,0.856585693359375,3.5742416,-2.9637146,9.770413,14.587721633911134,1.3906443,2.8891154766082767,1.0042316,laptev
2016-08-15,0.32433528,0.74910888671875,1.425293,-2.0926208,11.3824415,16.454526138305663,1.7135046,3.1403284072875977,2.1832862,laptev
2016-08-16,0.33202997,0.772235107421875,1.113533,-2.2569275,8.874886,12.694007110595702,1.1659242,2.4674603939056396,1.9066882,laptev
2016-08-17,0.327988,0.764434814453125,0.81749725,-2.4844666,9.055647,13.119921875,1.0544788,2.3594441890716547,1.6878021,laptev
2016-08-18,0.32682174,0.773388671875,0.5881653,-2.2759705,7.8256264,10.740140533447265,1.0200316,1.910771918296814,1.6858573,laptev
2016-08-19,0.342181,0.8098388671875001,0.53095245,-3.096527,5.090507,8.65633430480957,0.70841956,1.3905977725982668,1.3811,laptev
2016-08-20,0.34489346,0.8205078125,0.53705597,-4.8406677,3.4963276,5.725421714782715,0.4086829,0.7862742066383364,1.2814614,laptev
2016-08-21,0.34093767,0.8178894042968751,0.44909668,-3.1839294,4.440033,8.836517143249512,0.3361709,0.693534290790558,1.2582239,laptev
2016-08-22,0.3535839,0.821112060546875,1.6598129,-1.664154,8.937248,14.984016990661623,0.9399829,2.6071280956268312,1.2013087,laptev
2016-08-23,0.32196075,0.7622802734375,1.4736099,-5.1438904,9.395372,13.925386238098145,1.4668295,2.8485584735870364,1.6694578,laptev
2016-08-24,0.29525027,0.725494384765625,-0.521965,-5.0503845,5.152477,8.202689170837402,0.7563696,1.2679433822631836,2.3974082,laptev
2016-08-25,0.28813773,0.7334289550781251,-0.7600479,-6.3926697,6.052227,9.540742111206056,0.8427454,1.4115419387817383,2.011042,laptev
2016-08-26,0.28180292,0.7214599609375001,-0.969635,-7.094574,7.4501925,10.941130447387696,0.92692,1.4371089935302734,2.0154202,laptev
2016-08-27,0.280789,0.731243896484375,-0.53095245,-6.67807,8.1291,12.920552062988284,1.1713504,2.5182290077209473,1.9167333,laptev
2016-08-28,0.27581215,0.74356689453125,1.2197418,-3.9046326,7.385622,10.974485206604005,0.86805654,1.7352261543273926,1.6735916,laptev
2016-08-29,0.264662,0.7583557128906251,2.3914108,-3.4881287,8.147179,11.95909996032715,0.8429619,1.6863381862640383,1.7014358,laptev
2016-08-30,0.24794698,0.7206298828125001,2.8317184,-2.771576,8.17565,12.087428092956543,0.86958283,1.8124044418334966,1.5098894,laptev
2016-08-31,0.24521296,0.723602294921875,2.8071365,-3.4580994,6.329054,9.079481887817384,0.6179714,1.0672192573547363,1.0809513,laptev
2016-09-01,0.24574023,0.724853515625,3.0093307,-3.5975037,5.4791603,9.292277336120605,0.53979397,1.0058428049087524,0.59319526,laptev
2016-09-02,0.2265699,0.6888122558593751,3.3297806,-3.1822205,5.3974323,9.632954025268555,0.50057733,0.9876924872398376,0.5942246,laptev
2016-09-03,0.2421673,0.7682739257812501,2.047058,-2.8597107,4.0009203,6.622295284271241,0.38597366,0.6391699552536011,0.5620911,laptev
2016-09-04,0.24586573,0.7838012695312501,1.9229965,-3.566742,4.290411,6.804250812530518,0.4020473,0.7596027851104736,0.45940322,laptev
2016-09-05,0.2318354,0.731597900390625,2.4001236,-3.1539001,4.83668,8.055384826660156,0.5319462,0.9442377924919129,0.46589074,laptev
2016-09-06,0.2228049,0.7053405761718751,2.2473373,-1.2037048,4.211898,7.404684352874756,0.5208051,0.9359523057937622,0.50814736,laptev
2016-09-07,0.22364235,0.7147644042968752,1.5774078,-1.4222107,3.543387,5.885351848602295,0.36383504,0.5867848515510558,0.43494165,laptev
2016-09-08,0.21944699,0.697760009765625,1.5734329,-1.5635681,5.085643,7.668853282928467,0.50249726,0.9640301704406742,0.7451641,laptev
2016-09-09,0.22411382,0.718505859375,1.1485062,-5.096283,5.017758,8.163871002197267,0.574824,1.1175839185714722,0.9270747,laptev
2016-09-10,0.2108309,0.675567626953125,1.4622726,-5.3973083,5.0888786,7.983655834197998,0.47099406,0.9726503849029542,0.98541105,laptev
2016-09-11,0.19906203,0.659326171875,1.3397827,-4.7691345,4.2393003,8.021194076538086,0.4671506,1.0193190574645996,0.8893573,laptev
2016-09-12,0.20119393,0.6585693359375,1.1376114,-4.2085876,3.491575,5.703497028350831,0.34796244,0.6450087428092957,0.99333465,laptev
2016-09-13,0.20255029,0.6611877441406251,1.7199249,-4.316498,3.737067,6.639049911499024,0.40092206,0.7673602104187012,0.880208,laptev
2016-09-14,0.18677619,0.615216064453125,2.68721,-1.9197693,5.229256,9.121220588684082,0.4856951,1.084662675857544,0.68273973,laptev
2016-09-15,0.16612415,0.546258544921875,3.1734543,-0.39022827,7.7265987,10.101201820373536,0.82476664,1.4214783906936646,0.8297343,laptev
2016-09-16,0.17460805,0.58038330078125,2.2747955,-2.7217712,6.39061,9.01917896270752,0.7812778,1.341634225845337,0.5432428,laptev
2016-09-17,0.20022795,0.6735717773437502,0.49638367,-5.302582,4.4753075,7.7904201507568365,0.52472824,0.8872423648834229,1.1304619,laptev
2016-09-18,0.21322097,0.7304443359375,-0.76303864,-6.478607,5.344656,10.042129707336427,0.50912166,1.1165921211242675,1.5342503,laptev
2016-09-19,0.20650749,0.702239990234375,0.52526855,-2.2481384,8.174269,12.085574722290039,0.9150362,1.9437296390533447,1.4455462,laptev
2016-09-20,0.19414124,0.645147705078125,0.898407,-3.1878357,10.410824,13.458292198181153,1.7104563,2.8147239685058594,1.3620876,laptev
2016-09-21,0.20491508,0.67762451171875,-0.63119507,-5.336273,9.642069,13.406924629211426,1.747854,2.7404401302337646,1.93407,laptev
2016-09-22,0.22704016,0.7322998046875,-2.0926056,-7.396332,7.646166,12.46790370941162,1.4335835,2.6850087642669678,3.1866784,laptev
2016-09-23,0.28422213,0.8753295898437501,-2.5067673,-9.489349,4.30268,8.745873641967775,0.74747986,1.3896112442016602,3.252346,laptev
2016-09-24,0.29844272,0.86737060546875,-2.969818,-12.966156,5.128867,9.97661418914795,0.7358159,2.0914578914642337,2.908989,laptev
2016-09-25,0.30178437,0.8645385742187501,-3.395996,-14.566742,5.8118534,10.099600791931154,0.8725813,1.7285324335098264,2.6166477,laptev
2016-09-26,0.31637517,0.897998046875,-3.2748795,-15.479095,5.5232534,10.296487045288087,0.9038002,1.924576425552368,2.2310116,laptev
2016-09-27,0.34189895,0.93409423828125,-3.9133682,-15.051361,6.1854916,12.113695144653322,1.1879349,2.223827075958252,2.331325,laptev
2016-09-28,0.32840997,0.930267333984375,-3.6243134,-12.380951,7.4119983,13.066354751586914,1.3655709,2.5429381370544433,2.3784533,laptev
2016-09-29,0.30500698,0.88829345703125,-1.8040848,-9.570892,7.3341584,10.920080757141113,1.2554914,2.0079703330993652,1.7453219,laptev
2016-09-30,0.30481803,0.897857666015625,-2.3499527,-8.740814,6.2644286,9.700494766235352,0.96697223,1.8095566749572753,1.7642899,laptev
2016-10-01,0.32612774,0.93572998046875,-3.7791977,-9.103363,6.4186144,10.982956695556641,0.97676945,1.9558548450469972,2.126852,laptev
2016-10-02,0.33879188,0.94249267578125,-3.3016434,-11.587738,5.870247,11.575449562072754,0.94540334,2.0134150981903076,1.6208332,laptev
2016-10-03,0.3494283,0.950494384765625,-2.6686249,-11.116547,6.386593,12.570252609252929,1.1370754,2.3069005012512207,1.2848327,laptev
2016-10-04,0.34511945,0.949371337890625,-2.7069092,-7.785736,6.4549785,11.283961296081543,1.0108104,1.9986459255218505,1.3603841,laptev
2016-10-05,0.335798,0.940045166015625,-2.02948,-8.977875,5.752347,8.788619041442871,0.7935503,1.2851445674896242,1.3517019,laptev
2016-10-06,0.32584125,0.9333984375,-2.1227264,-7.9651794,4.63057,6.8046413421630865,0.5175859,0.877769160270691,1.4866447,laptev
2016-10-07,0.31740862,0.9242736816406251,-2.3102417,-9.517426,4.543003,7.437467861175538,0.47963512,0.8508300662040711,1.5616611,laptev
2016-10-08,0.30911964,0.919970703125,-2.5401688,-8.578461,5.2875338,8.458792114257813,0.5836491,1.2692270994186403,1.8333333,laptev
2016-10-09,0.30132526,0.914154052734375,-2.965355,-7.8694763,5.838092,9.330406951904298,0.74689037,1.3900560379028322,1.9968774,laptev
2016-10-10,0.297936,0.915167236328125,-3.0557022,-9.700287,5.9831667,9.264694213867188,0.8551679,1.399691915512085,1.6959491,laptev
2016-10-11,0.3068594,0.918341064453125,-3.2034988,-8.796967,5.042821,8.853450012207032,0.71272194,1.2598868370056153,1.6841238,laptev
2016-10-12,0.319782,0.91044921875,-3.024994,-9.136993,4.7391953,8.195524406433107,0.61879337,1.0716842651367189,1.5010693,laptev
2016-10-13,0.32254466,0.925115966796875,-3.0275269,-11.470245,4.7664394,8.327446937561035,0.56804097,1.111224174499512,1.6651162,laptev
2016-10-14,0.33361712,0.93682861328125,-3.4597626,-13.482574,4.7835817,8.196067810058594,0.57891023,1.1582985162734987,1.8089594,laptev
2016-10-15,0.34272018,0.931378173828125,-3.8996353,-14.226288,6.130599,10.50626335144043,0.77038056,1.7134328842163087,2.3758676,laptev
2016-10-16,0.35115147,0.924212646484375,-3.9095688,-14.251434,8.249067,14.653081321716309,1.4841605,3.473475694656372,2.508526,laptev
2016-10-17,0.35115147,0.924212646484375,-4.372711,-16.838593,6.6079035,10.827432632446289,1.162662,2.5168442726135254,2.4472327,laptev
2016-10-18,0.35183612,0.886981201171875,-4.737442,-18.047104,6.759794,9.314987754821779,0.90962553,1.5902116298675537,2.5679357,laptev
2016-10-19,0.42513037,0.9102783203125,-5.9033585,-18.978073,5.447565,8.907499504089355,0.7014717,1.2438817024230957,3.2228875,laptev
2016-10-20,0.47863328,0.9371337890625,-6.0871735,-18.794556,6.225511,10.123381233215332,0.84998584,1.756162405014038,2.5684085,laptev
2016-10-21,0.5022499,0.945123291015625,-6.878006,-14.9183655,7.9239244,12.452309226989746,1.569433,3.001206111907959,2.0868986,laptev
2016-10-22,0.51803905,0.938385009765625,-7.9434204,-17.667297,7.7109776,12.107414436340333,1.2644473,2.8274338245391846,2.5043647,laptev
2016-10-23,0.56088513,0.929888916015625,-8.377937,-22.562637,8.174444,13.771265602111816,1.3874578,3.295585680007934,2.8237166,laptev
2016-10-24,0.6230534,0.944305419921875,-10.142761,-23.37819,7.2860556,12.05961856842041,1.4510984,3.191384077072143,3.149075,laptev
2016-10-25,0.6740019,0.968963623046875,-10.9221115,-22.320679,6.3002014,9.63279895782471,0.97146106,1.4337767601013183,3.3290136,laptev
2016-10-26,0.7242251,0.972705078125,-12.379272,-20.962982,7.7997,14.465373039245607,0.99405324,1.8432472705841068,3.257404,laptev
2016-10-27,0.75121826,0.96746826171875,-12.627388,-24.096222,8.722428,15.07523021697998,1.4953703,2.41262812614441,2.648657,laptev
2016-10-28,0.805177,0.979486083984375,-11.968918,-22.742615,8.082734,14.232307052612304,1.2090093,1.99454026222229,2.198318,laptev
2016-10-29,0.82670987,0.96964111328125,-9.55809,-21.500595,7.4746647,10.618003654479981,0.7392249,1.219136643409729,1.8596631,laptev
2016-10-30,0.83422863,0.961138916015625,-8.41452,-19.656113,7.9612155,13.122194290161133,0.55141187,0.831918478012085,1.8236504,laptev
2016-10-31,0.83688074,0.958648681640625,-9.052551,-19.056686,9.820007,12.803938102722169,0.46464023,0.721003794670105,1.9519128,laptev
2017-07-01,0.6515486,0.946771240234375,0.87026215,-1.1795349,5.234963,8.129975509643554,0.51929134,1.065315341949463,0.73250103,laptev
2017-07-02,0.65636677,0.95843505859375,0.6701431,-0.9136658,5.0019145,8.588861656188966,0.82600987,1.5944294929504395,1.0178174,laptev
2017-07-03,0.6602317,0.9584228515625,0.83127594,-1.4881287,4.2531776,8.544742393493653,0.79083264,1.7441190481185913,1.0980864,laptev
2017-07-04,0.6494719,0.948321533203125,0.87462616,-2.3423767,4.9203444,10.603075790405274,0.72388935,1.8642969608306885,1.2796425,laptev
2017-07-05,0.6446937,0.954986572265625,0.8368912,-2.947113,6.5150642,11.280213165283204,1.1996732,2.2245248794555663,0.83408195,laptev
2017-07-06,0.6355803,0.9431396484375,0.65467834,-2.4170837,5.9198275,9.777610969543456,0.94947636,1.507284164428711,0.89654607,laptev
2017-07-07,0.6303169,0.946392822265625,0.89014435,-1.6526794,5.1583533,7.246229362487793,0.58377326,0.9413704752922059,0.91119075,laptev
2017-07-08,0.6453678,0.97235107421875,0.8890991,-1.9048767,4.8580446,7.198013782501222,0.5029091,0.9074141144752503,1.0713496,laptev
2017-07-09,0.6342674,0.9856201171875,0.93891907,-1.7825623,6.107853,10.246724891662598,0.58542717,1.3647433280944825,1.1290108,laptev
2017-07-10,0.59592175,0.960345458984375,1.2973938,-1.6280212,7.7279935,10.746963691711425,0.96101904,1.7810485363006592,1.1249673,laptev
2017-07-11,0.5625063,0.932843017578125,1.9511642,-1.3763123,6.845047,11.950648498535157,1.0726159,2.0480456352233887,1.225292,laptev
2017-07-12,0.5650928,0.91751708984375,1.2211761,-1.5730896,6.7958755,12.160765457153321,1.2908759,2.49147629737854,1.0669676,laptev
2017-07-13,0.561045,0.920758056640625,0.79304504,-2.1321716,5.0401425,9.080856323242188,0.66922796,1.4455671310424805,1.0775537,laptev
2017-07-14,0.56306696,0.921575927734375,1.0385742,-0.9683533,4.220254,6.832413101196289,0.3165157,0.6781032562255862,0.98067147,laptev
2017-07-15,0.53455454,0.919329833984375,1.8499603,-1.179779,6.057401,10.141481018066406,0.311947,0.7623720765113831,1.2842312,laptev
2017-07-16,0.51383746,0.912530517578125,1.2588882,-1.3980408,6.696413,9.672254943847657,0.8184739,1.3969437122344972,0.9758329,laptev
2017-07-17,0.50890666,0.89202880859375,0.84108734,-1.1812439,5.5784903,8.76753158569336,0.7032647,1.16165030002594,0.7743802,laptev
2017-07-18,0.5023044,0.88148193359375,0.63238525,-1.4961853,5.1465316,7.650249290466308,0.65200555,1.0703415870666504,0.7332808,laptev
2017-07-19,0.49011052,0.869384765625,0.70755005,-1.304779,4.83524,7.984683418273926,0.67320085,1.1427284717559814,0.84000707,laptev
2017-07-20,0.4825469,0.87794189453125,1.1359177,-1.0188904,4.802713,7.54491024017334,0.5224258,1.1994203805923467,0.90954936,laptev
2017-07-21,0.46451005,0.865032958984375,1.5105972,-0.5545349,5.311589,7.562317657470703,0.514947,0.8087414503097534,0.54804736,laptev
2017-07-22,0.4501834,0.871173095703125,1.1823959,-0.9131775,5.7749505,8.560007286071777,0.5608445,1.2370155334472654,0.44459966,laptev
2017-07-23,0.45357856,0.89049072265625,0.81934357,-1.6372986,7.4432707,9.80532341003418,0.9295268,1.5343162059783935,0.9464468,laptev
2017-07-24,0.43527916,0.8826416015625,1.2350769,-0.99472046,7.604978,10.061329078674316,0.982517,1.7538743019104002,1.0766478,laptev
2017-07-25,0.42840314,0.857159423828125,0.9327774,-1.8916931,5.906575,8.5656982421875,0.60676974,1.45902841091156,1.0225848,laptev
2017-07-26,0.42443123,0.859161376953125,0.68722534,-1.7469177,4.725443,7.58616828918457,0.40117663,0.858306884765625,0.8815166,laptev
2017-07-27,0.42618397,0.869757080078125,0.7310028,-2.181488,5.3417835,8.014772033691406,0.56626225,1.0546398162841797,1.0059408,laptev
2017-07-28,0.4179257,0.8607055664062501,0.594841,-2.2271423,5.9258404,9.214512252807618,0.7642658,1.433596134185791,1.2802539,laptev
2017-07-29,0.4117078,0.8509765625,0.89733124,-2.0262146,5.3724422,8.014458084106446,0.5760735,1.0031161308288574,1.2099701,laptev
2017-07-30,0.40248933,0.85694580078125,1.3290253,-2.309906,3.5297606,6.049785423278809,0.3453151,0.6376233339309693,1.1274538,laptev
2017-07-31,0.40273547,0.8699462890625,1.0094604,-2.0943298,4.579743,8.128819465637207,0.4526827,1.0943150281906129,1.0795557,laptev
2017-08-01,0.3947967,0.8774047851562501,0.9154587,-2.618988,5.7010365,9.27846202850342,0.7870527,1.2789390087127686,1.2877802,laptev
2017-08-02,0.38481432,0.89022216796875,1.1970673,-2.782318,5.31593,9.250297355651856,0.68804103,1.1598122119903564,1.0401115,laptev
2017-08-03,0.3671001,0.854302978515625,1.1777802,-2.5440369,6.673156,10.178727912902833,0.81382394,1.6688077449798584,0.8721589,laptev
2017-08-04,0.35378364,0.84739990234375,0.9485016,-2.8721619,6.007437,11.218943405151368,0.9988567,2.0569162368774414,1.0626206,laptev
2017-08-05,0.35496485,0.854736328125,1.0223389,-2.3143005,4.531361,6.162949085235597,0.44746128,0.876204764842987,0.9223288,laptev
2017-08-06,0.35835153,0.8815002441406251,0.8396988,-3.0904236,5.8722196,9.240321922302247,0.4614763,1.0908806324005127,1.117013,laptev
2017-08-07,0.36228433,0.900885009765625,1.5895462,-3.3560486,6.2136965,10.632265663146974,0.7637496,1.6885879516601563,1.1867354,laptev
2017-08-08,0.35208473,0.88890380859375,1.0375137,-4.03598,6.6605206,11.480525398254395,0.99501836,1.9121438026428224,1.1615664,laptev
2017-08-09,0.35991424,0.9006591796875,1.2859726,-3.5762634,5.9341984,9.488512229919435,0.8329762,1.5729002475738527,1.2409276,laptev
2017-08-10,0.35483712,0.904608154296875,0.7728119,-4.8262634,5.353062,8.953523063659668,0.75762373,1.3203785419464111,1.8702154,laptev
2017-08-11,0.35762042,0.911175537109375,0.63157654,-3.492279,5.507383,10.484185028076173,0.7450446,1.6043482303619385,2.2165415,laptev
2017-08-12,0.34438786,0.88592529296875,1.0374298,-3.0452576,7.374186,11.511366081237792,1.2203978,2.1716955661773683,1.5438633,laptev
2017-08-13,0.32191822,0.87716064453125,2.0243073,-2.3733826,5.5294394,10.282301139831544,0.90749764,1.7776426792144775,0.8110109,laptev
2017-08-14,0.33077404,0.882440185546875,2.1045914,-3.644867,5.6845407,11.530838012695314,0.9026587,1.9261629581451416,0.76086164,laptev
2017-08-15,0.32448635,0.9098876953125,1.1548233,-3.5542908,3.9525433,7.496409511566163,0.49552882,0.9047201514244082,1.061862,laptev
2017-08-16,0.3119402,0.886248779296875,1.4129028,-1.8609314,5.488753,9.785573387145996,0.55548894,1.0170910358428955,1.2458055,laptev
2017-08-17,0.29756916,0.87540283203125,2.0254974,-1.8433533,3.8824325,6.685805797576904,0.4162221,0.7805771350860596,0.85528415,laptev
2017-08-18,0.29576823,0.896136474609375,1.9044113,-2.761078,4.297107,6.6127947807312015,0.405137,0.7218916058540344,0.67112446,laptev
2017-08-19,0.29638937,0.927008056640625,1.4645844,-2.040863,4.7234554,8.661526298522949,0.435884,1.03080096244812,0.87130725,laptev
2017-08-20,0.2808816,0.924444580078125,1.7513351,-2.5227966,5.285789,7.920357322692872,0.4934196,0.9212352275848388,1.0980616,laptev
2017-08-21,0.2676188,0.9078674316406252,1.8474197,-2.3912048,5.8856893,9.186551094055176,0.63448524,1.0824678659439086,1.2167424,laptev
2017-08-22,0.25820178,0.903216552734375,1.5511093,-2.9136658,4.598855,7.631910610198976,0.5107909,0.859529423713684,1.0897045,laptev
2017-08-23,0.23964079,0.851239013671875,1.7217102,-3.5015564,6.2566996,9.593151092529297,0.78757614,1.3569902896881103,0.816699,laptev
2017-08-24,0.23383532,0.8430358886718752,1.1982117,-3.7779236,5.001988,9.091475677490235,0.6790592,1.148883199691773,1.2830454,laptev
2017-08-25,0.23432006,0.8440734863281251,0.6633682,-5.075531,4.932509,8.793858337402344,0.6706637,1.1717261791229248,1.3192679,laptev
2017-08-26,0.23149511,0.8291564941406251,0.3884201,-7.1285095,4.4920397,8.290593910217288,0.6903253,1.3151177167892456,1.4101404,laptev
2017-08-27,0.22853546,0.82720947265625,0.1020813,-5.955414,5.0275364,8.192511367797852,0.68711346,1.1521947383880615,1.6129369,laptev
2017-08-28,0.22588784,0.82442626953125,0.013633728,-4.563324,6.239018,9.322113990783691,0.8075656,1.4153955459594727,1.585268,laptev
2017-08-29,0.21985418,0.84022216796875,0.5203247,-4.7901306,6.916057,9.417773818969726,0.94785476,1.5773711681365967,1.1252164,laptev
2017-08-30,0.20684499,0.812762451171875,1.5532532,-4.1680603,6.579164,9.997901344299317,0.9938356,1.7058646678924563,0.7222879,laptev
2017-08-31,0.19245908,0.79102783203125,1.399025,-4.31308,4.9074335,9.789947319030762,0.9231312,1.758431577682495,0.7968434,laptev
2017-09-01,0.20231132,0.8428527832031251,1.1474609,-2.8540955,4.6401916,8.1677885055542,0.66358274,1.276870393753052,0.65532315,laptev
2017-09-02,0.20612182,0.8710021972656251,0.96434784,-2.5821228,6.24761,9.703818321228027,0.9450479,1.6630112171173097,0.91692305,laptev
2017-09-03,0.20113064,0.840728759765625,0.66516113,-3.2537537,5.5906386,8.386363792419434,0.9144902,1.4574382305145264,1.3394328,laptev
2017-09-04,0.197614,0.838763427734375,0.40659332,-5.275238,4.4138837,6.952904510498047,0.67590874,1.1836548805236815,1.4135513,laptev
2017-09-05,0.1955397,0.8326660156250001,0.10734558,-4.7452087,5.507927,8.04867000579834,0.6818469,1.1297632455825806,1.475791,laptev
2017-09-06,0.18836358,0.815728759765625,0.36704254,-4.1299744,6.744198,8.481888580322266,0.85827374,1.2853989601135254,1.548328,laptev
2017-09-07,0.18867522,0.8107910156250002,0.017967224,-4.1387634,7.614687,9.927811241149904,1.1098096,1.7513431787490845,1.8084766,laptev
2017-09-08,0.20203038,0.841961669921875,-0.33652496,-5.2339783,6.552841,9.529620361328126,1.0697149,1.8118200302124021,1.8103931,laptev
2017-09-09,0.20759812,0.855474853515625,-0.6175308,-7.627533,5.8430185,8.467988204956056,0.81031805,1.413173580169678,1.706829,laptev
2017-09-10,0.203443,0.820098876953125,0.12597656,-7.160736,6.4610996,9.667363166809082,0.83348334,1.5189759254455566,1.5879705,laptev
2017-09-11,0.20560563,0.821234130859375,0.1326065,-6.355316,5.544005,10.21749038696289,0.70150036,1.6502207279205323,1.5319455,laptev
2017-09-12,0.22381201,0.86278076171875,-0.45645142,-6.623871,3.7827668,7.774702644348145,0.49113432,1.1597505807876587,1.8232957,laptev
2017-09-13,0.23860548,0.90863037109375,-0.5619354,-6.8870544,3.5454874,7.099566459655762,0.3911467,0.8541384100914001,1.9303513,laptev
2017-09-14,0.26259995,0.957440185546875,-1.0596161,-6.0779724,4.021964,7.271363544464112,0.45586976,0.9120031952857972,2.0909538,laptev
2017-09-15,0.27972254,0.995941162109375,-1.4491425,-6.944916,3.6665304,6.537665939331055,0.4097442,0.663493835926056,2.252303,laptev
2017-09-16,0.2847557,0.999169921875,-1.5939407,-7.8765564,4.2225595,8.195909690856935,0.5168828,1.0344191551208497,2.5079396,laptev
2017-09-17,0.27871048,0.982720947265625,-1.5419388,-6.558441,3.5207043,5.836797046661379,0.40220666,0.798654305934906,2.4347262,laptev
2017-09-18,0.27881992,0.973004150390625,-1.0632706,-6.952484,5.12932,8.645152854919434,0.47906056,1.2063791275024414,1.9427463,laptev
2017-09-19,0.2786797,0.954217529296875,-0.88856506,-6.42099,8.742718,12.739534187316895,1.1838416,2.6067716121673583,1.9650457,laptev
2017-09-20,0.27065966,0.9276123046875,-1.48452,-7.5852966,11.034052,15.914765167236329,2.4300923,3.9868406295776366,2.4814816,laptev
2017-09-21,0.27375594,0.904595947265625,-2.5314102,-9.459076,9.328365,12.664861869812013,1.7202885,3.2647109031677246,3.5492635,laptev
2017-09-22,0.2808984,0.906689453125,-2.0849152,-7.445404,8.585491,11.934383583068849,1.232234,1.9588431358337404,3.6107948,laptev
2017-09-23,0.29398713,0.922540283203125,-1.9760818,-7.49057,8.2851925,10.932939147949218,1.378159,2.0471084594726565,2.9894724,laptev
2017-09-24,0.31419384,0.950140380859375,-2.4224396,-10.679535,7.2763934,10.038680267333984,1.1531272,1.8813882350921634,2.7671764,laptev
2017-09-25,0.34692562,0.977313232421875,-3.7201996,-12.526947,6.1782875,9.440498733520508,0.9145151,1.7706820249557502,2.7718453,laptev
2017-09-26,0.372816,0.9910766601562501,-4.479561,-11.417755,5.8438025,8.926411819458009,0.8328807,1.4929838180541997,3.2799392,laptev
2017-09-27,0.38391787,0.9984130859375,-5.1794586,-12.405853,4.9637594,9.054743003845216,0.8409345,1.5207024574279793,3.5536535,laptev
2017-09-28,0.41370708,0.99971923828125,-6.0515366,-13.293793,4.6570635,8.69226303100586,0.72924924,1.3854517459869384,3.1024764,laptev
2017-09-29,0.43148392,1.0,-5.8293533,-13.577179,5.9333873,9.91282196044922,0.9701817,1.8265387296676656,2.5912178,laptev
2017-09-30,0.41415754,0.999755859375,-4.378624,-11.961639,7.0161743,11.852406120300294,0.98163676,2.0673726081848143,2.8633523,laptev
2017-10-01,0.3936133,0.97222900390625,-3.8228073,-13.093353,6.978067,11.724801635742187,1.1851203,2.483291673660278,3.1073427,laptev
2017-10-02,0.39801365,0.977008056640625,-4.039894,-14.577423,4.5301447,8.054498481750489,0.8077564,1.303284215927124,3.0190096,laptev
2017-10-03,0.39922523,0.981805419921875,-4.2318726,-11.441681,4.4937963,7.281653785705568,0.5819539,1.044409203529358,2.7391713,laptev
2017-10-04,0.4257578,0.98740234375,-4.40432,-13.332489,4.8525963,7.8430958747863775,0.5191732,0.8542330622673036,2.8206222,laptev
2017-10-05,0.44888714,0.9829833984375,-4.6702576,-11.682465,5.212145,9.382275009155274,0.67088187,1.4975368976593018,2.6748881,laptev
2017-10-06,0.46356472,0.96749267578125,-4.7135315,-12.275421,6.2818656,10.099163818359376,0.9376503,1.7680280208587646,2.5999591,laptev
2017-10-07,0.473758,0.9722900390625,-5.168358,-15.180023,5.7417364,10.091646003723145,1.0427518,1.6720864534378055,2.5359256,laptev
2017-10-08,0.51526004,0.98499755859375,-5.5931015,-15.083649,4.100174,10.034580421447755,0.809044,1.9520630598068238,2.311642,laptev
2017-10-09,0.5269053,0.97432861328125,-4.8161316,-12.620941,6.1844425,10.036551094055175,0.8110042,1.7701956033706665,1.9058052,laptev
2017-10-10,0.49362803,0.9393249511718751,-3.6816864,-13.210907,8.150405,12.575971794128419,1.2492486,2.2881620407104495,1.5601193,laptev
2017-10-11,0.50103456,0.9239013671875,-4.388138,-16.207092,7.209404,12.35695915222168,1.2552679,2.361566209793091,1.8984754,laptev
2017-10-12,0.5805566,0.936627197265625,-6.00502,-17.77893,5.8113136,10.219794845581054,1.0637963,2.2664733409881594,2.3154812,laptev
2017-10-13,0.64643025,0.959991455078125,-6.70726,-17.710358,4.763638,7.067516422271729,0.70854825,1.3989549160003663,2.089143,laptev
2017-10-14,0.6942101,0.9808593750000001,-7.926628,-21.307846,5.769864,8.79665699005127,1.0621351,2.3137030601501465,2.1552253,laptev
2017-10-15,0.73326844,0.9917236328125,-7.956665,-19.618896,5.49362,8.698713493347169,1.2806634,2.483119249343872,1.910877,laptev
2017-10-16,0.7765829,0.996295166015625,-8.07299,-22.246414,4.3735685,7.493359756469727,0.8280641,1.4423110485076904,1.9864194,laptev
2017-10-17,0.8044114,0.999603271484375,-8.099464,-20.67241,4.8376336,7.43771333694458,0.7505919,1.1530534744262697,1.9744239,laptev
2017-10-18,0.82959706,1.0,-8.654007,-21.688873,4.1956863,6.955612373352052,0.4891579,0.9337154269218445,2.0767121,laptev
2017-10-19,0.8626967,1.0,-9.970612,-20.847885,4.4908085,7.873025608062744,0.24428478,0.2915949821472168,2.0694845,laptev
2017-10-20,0.8750271,0.99385986328125,-10.872803,-21.62613,6.324151,10.01493968963623,0.21027738,0.2362346887588501,2.1464195,laptev
2017-10-21,0.8899074,0.987481689453125,-11.868828,-22.7294,5.9710183,8.731543159484863,,,2.0114079,laptev
2017-10-22,0.9049152,0.99786376953125,-12.805801,-23.58525,4.972998,7.951424407958984,,,2.227436,laptev
2017-10-23,0.9248555,1.0,-13.567894,-24.207413,4.259528,6.250392436981201,,,2.150881,laptev
2017-10-24,0.91779655,1.0,-13.649239,-23.92894,6.0151496,11.812003135681152,,,2.1484663,laptev
2017-10-25,0.91399044,0.99835205078125,-14.031616,-24.188934,6.538077,11.602278137207032,,,2.3134947,laptev
2017-10-26,0.92270386,0.998687744140625,-13.884537,-24.154907,6.428007,8.92866382598877,,,2.3731248,laptev
2017-10-27,0.9314193,0.997650146484375,-13.00502,-22.843689,5.9799623,7.609570789337159,,,2.03762,laptev
2017-10-28,0.9479255,0.99908447265625,-13.489296,-24.393951,5.1698775,7.315970611572267,,,2.0183818,laptev
2017-10-29,0.96623427,1.0,-14.663963,-26.935669,3.656725,6.247413635253906,,,2.0577438,laptev
2017-10-30,0.97208923,1.0,-16.386826,-29.103668,3.1192105,5.301691246032717,,,2.1487942,laptev
2017-10-31,0.97455984,1.0,-17.916973,-28.716415,3.1541746,6.047373294830323,,,2.506963,laptev
2018-07-01,0.4695121,0.790948486328125,1.8358841,-0.95321655,5.9728866,10.222286224365234,0.99191964,1.8585942745208741,0.93052876,laptev
2018-07-02,0.45369583,0.7865478515625001,2.4301224,-1.1958923,7.5885773,13.252604103088379,1.1352227,2.5772440433502197,1.1549795,laptev
2018-07-03,0.42830098,0.76434326171875,2.155037,-1.3838806,7.7503605,11.737886810302735,1.1662164,2.274285316467285,1.7053949,laptev
2018-07-04,0.40105063,0.760003662109375,2.3555222,-1.4353943,5.7811236,9.750623893737792,0.7375147,1.4897477626800537,1.3602723,laptev
2018-07-05,0.40390328,0.784466552734375,1.9969025,-1.464447,4.9789467,7.935049343109131,0.53393084,0.9117482900619507,1.0598605,laptev
2018-07-06,0.3904053,0.769244384765625,1.47435,-0.9109802,6.0820465,8.97023048400879,0.70677954,1.4231549739837654,1.4811373,laptev
2018-07-07,0.39170513,0.754345703125,1.2842178,-1.4734802,4.9217834,8.280750465393067,0.56768167,1.2658639669418337,1.2015984,laptev
2018-07-08,0.3936836,0.76375732421875,0.9861603,-1.6673279,4.5056725,7.991369533538818,0.370376,0.698184907436371,0.9883491,laptev
2018-07-09,0.3917685,0.784515380859375,1.2973938,-2.4014587,5.0354385,7.425046920776367,0.4144525,0.8642709136009217,1.0849656,laptev
2018-07-10,0.37884057,0.780328369140625,1.986496,-1.716156,5.6624165,9.301232147216798,0.70190024,1.4003237247467044,1.0652802,laptev
2018-07-11,0.36299065,0.75999755859375,1.8397827,-1.3287048,5.7437468,9.853730392456056,0.97988653,1.700639820098877,0.8322347,laptev
2018-07-12,0.35127494,0.748992919921875,1.5234375,-1.7557068,4.5478635,7.407776355743408,0.5719614,1.3481361150741573,0.87440574,laptev
2018-07-13,0.34887707,0.744580078125,1.4708633,-2.2762146,4.964012,7.9635340690612795,0.5338113,0.9625239014625548,1.088031,laptev
2018-07-14,0.33044383,0.70968017578125,1.6685715,-1.0508728,5.1628127,8.565295791625976,0.6644296,1.062061643600464,1.3254021,laptev
2018-07-15,0.32667992,0.7171203613281251,1.4716797,-1.5484314,6.452799,9.95286979675293,0.9118276,1.7838190793991089,1.5284885,laptev
2018-07-16,0.32198787,0.7152099609375,1.5438614,-2.7649841,6.6939855,10.498927688598634,1.050883,1.789510774612427,1.5938915,laptev
2018-07-17,0.31364548,0.70784912109375,1.2318115,-2.4908142,6.711732,10.60145149230957,1.0465465,1.9991555213928223,1.7299283,laptev
2018-07-18,0.31027055,0.7278564453125,1.6772156,-1.736908,6.883168,13.392420959472657,1.1022308,3.0848307609558105,1.9796281,laptev
2018-07-19,0.2999614,0.725006103515625,1.7657623,-1.2593689,9.261302,14.205667114257812,1.8014097,3.3594260215759277,1.7617896,laptev
2018-07-20,0.29489502,0.7119628906250001,1.4393387,-1.9151306,5.0331798,10.59467239379883,0.9670008,1.8878027677536013,1.303742,laptev
2018-07-21,0.28526583,0.6923706054687501,1.3767166,-1.5452576,6.099878,10.535184478759765,0.8122095,1.5029774904251099,1.3012671,laptev
2018-07-22,0.27380228,0.67940673828125,1.8017273,-1.3697205,5.811144,8.938986587524415,0.793337,1.2695192098617554,1.1540362,laptev
2018-07-23,0.2652136,0.683441162109375,1.4568481,-1.2454529,6.367982,10.26710033416748,0.9752034,1.9407550811767578,1.2467823,laptev
2018-07-24,0.26229954,0.69344482421875,1.5162582,-1.0635681,5.365774,8.720064163208008,0.78401893,1.478669571876526,1.5424671,laptev
2018-07-25,0.2629655,0.6986572265625001,2.037346,-1.5938416,4.8536777,8.426086997985841,0.5767926,1.1257799625396727,1.5222056,laptev
2018-07-26,0.26009256,0.7016540527343751,2.3040695,-1.643158,5.581201,8.942229080200196,0.7662911,1.3567712783813477,1.3528928,laptev
2018-07-27,0.26009256,0.7016540527343751,2.3508148,-1.3746033,6.038081,9.939073944091797,0.8727566,1.5880149602890015,1.1691806,laptev
2018-07-28,0.26009256,0.7016540527343751,2.2112732,-1.1211853,5.07812,8.799042129516602,0.8009159,1.478799819946289,1.0496197,laptev
2018-07-29,0.22690278,0.656341552734375,2.3884048,-1.1839294,5.5510073,9.014204406738282,0.8230351,1.4100850582122804,0.97042656,laptev
2018-07-30,0.2189395,0.6485168457031251,1.9948883,-1.3345642,4.5875177,8.168622589111328,0.6407677,1.306928539276123,0.9975752,laptev
2018-07-31,0.21731736,0.6662109375,2.486969,-1.6702576,6.688059,9.600473976135254,0.9517181,1.5049326181411746,1.2007611,laptev
2018-08-01,0.19796093,0.6429077148437501,2.244545,-1.1272888,7.5719123,10.90481300354004,1.1931598,2.1181940078735355,1.0348859,laptev
2018-08-02,0.19416076,0.64945068359375,2.1889343,-2.0020447,7.832388,11.029230499267578,1.3249799,2.2999609470367433,1.1126254,laptev
2018-08-03,0.17812115,0.631280517578125,2.659874,-1.7913513,7.2600594,8.845381736755371,1.0742649,1.683211326599121,0.94220155,laptev
2018-08-04,0.15685414,0.601495361328125,2.7256927,-1.4988708,7.567128,10.83627986907959,1.1408019,1.9490883350372317,1.0113584,laptev
2018-08-05,0.14336757,0.5815612792968752,2.94812,-1.6468201,7.813521,11.132807540893555,1.1956964,2.1805822372436525,1.3958479,laptev
2018-08-06,0.12889841,0.5520263671875,3.1727142,-2.4219666,6.941085,10.648423957824708,0.938437,1.697387409210205,1.4935681,laptev
2018-08-07,0.11705605,0.5163330078125,2.8721542,-1.9468689,5.822181,8.881163787841798,0.79833865,1.469552183151245,1.3910669,laptev
2018-08-08,0.11705605,0.5163330078125,3.4028168,-1.4497986,6.1067057,9.39437370300293,0.83743864,1.441993284225464,1.2395885,laptev
2018-08-09,0.096383795,0.4497680664062501,3.883873,-0.5569763,6.087909,9.063310050964356,0.8898344,1.4024275541305544,1.0706748,laptev
2018-08-10,0.083935015,0.413153076171875,4.5635376,-0.20980835,7.142116,10.080841255187988,1.0030444,1.5738528728485115,1.2619562,laptev
2018-08-11,0.07316499,0.37694702148437503,4.979645,-0.5020447,7.1678905,10.167290496826173,1.0861056,1.6762136936187748,1.2831892,laptev
2018-08-12,0.06277252,0.3266540527343751,5.8126526,-0.21957397,7.051724,10.359682083129883,0.96876556,1.4407199621200562,1.3814323,laptev
2018-08-13,0.05348727,0.28753662109375033,6.7412796,-0.24716187,7.8337274,11.077182579040528,1.1692626,1.8779664039611816,1.5705576,laptev
2018-08-14,0.03977482,0.2138793945312501,6.037155,-0.6338806,7.3159943,10.68670425415039,1.0547807,1.8038367748260498,1.4218538,laptev
2018-08-15,0.03552445,0.18462524414062503,5.0374756,-0.99887085,6.8843403,10.913493347167968,1.0774584,1.7650596618652346,1.2619474,laptev
2018-08-16,0.03653284,0.18501586914062504,3.6653824,-1.1507263,4.9837885,8.232003211975098,0.7789979,1.2620846033096313,1.156863,laptev
2018-08-17,0.036178455,0.18434448242187507,3.1554108,-1.4031677,4.1621923,7.008869647979737,0.5402205,1.0396637916564941,1.6059978,laptev
2018-08-18,0.035372324,0.18145751953125047,3.0197678,-1.3177185,4.006106,6.237294101715088,0.4244743,0.6931862831115725,1.7526351,laptev
2018-08-19,0.033698913,0.156646728515625,3.4032822,-1.1216736,5.644498,9.653225898742676,0.598276,1.4241829872131344,2.0361123,laptev
2018-08-20,0.02389174,0.041473388671875,3.968727,-1.754242,6.8804364,10.76472339630127,1.08252,1.8616782426834106,1.6190861,laptev
2018-08-21,0.01496408,0.0,4.2379684,-0.8194275,6.5688653,11.201729583740235,1.2414975,2.10542163848877,1.386354,laptev
2018-08-22,0.00964315,0.0,4.66951,-0.23373413,5.1135054,9.087710189819337,0.9184724,1.6623979091644288,1.0251856,laptev
2018-08-23,0.0064132237,0.0,4.11586,-0.19882202,6.622719,10.250853729248046,0.9361117,1.7218821763992316,1.2628123,laptev
2018-08-24,0.0060960758,0.0,3.9481354,-0.84677124,5.991709,10.168083763122558,0.8600808,1.801539587974549,1.4721339,laptev
2018-08-25,0.0058813808,0.0,4.8740997,-0.96810913,5.3831367,7.935111618041993,0.5961065,1.097881841659546,1.0933288,laptev
2018-08-26,0.0056885495,0.0,4.7734604,-0.44125366,5.3295007,8.51598834991455,0.59954727,1.2435112953186036,0.841595,laptev
2018-08-27,0.004905776,0.0,5.0900497,-0.44662476,6.9793415,10.552982139587403,0.89266276,1.7848226070404052,1.0005407,laptev
2018-08-28,0.004009678,0.0,4.3112335,-1.8208923,6.491402,11.240132904052734,1.0585974,2.144853639602662,1.7111764,laptev
2018-08-29,0.0044286805,0.0,4.7124557,-2.9771423,5.9675407,9.515224266052247,0.7861456,1.4263453960418704,1.635803,laptev
2018-08-30,0.005010173,0.0,3.7115402,-3.3865662,7.589558,13.20069789886475,1.0784318,2.772897529602051,1.981457,laptev
2018-08-31,0.0055382536,0.0,2.703453,-2.9012146,8.7077265,13.812707710266114,1.4573729,3.121421146392823,2.4507592,laptev
2018-09-01,0.0057208687,0.0,3.749733,-1.79599,9.11328,12.6196044921875,1.5721812,2.528025054931641,2.6496158,laptev
2018-09-02,0.0049557174,0.0,3.213913,-2.9170837,8.1794615,12.466516494750977,1.6052992,2.8397326469421387,2.2060957,laptev
2018-09-03,0.0049897865,0.0,1.9396286,-3.0706482,7.1006975,11.100872230529786,1.3426918,2.393566131591797,2.947217,laptev
2018-09-04,0.0044687185,0.0,2.6454163,-2.9131775,7.9177265,12.063475227355957,1.2554171,2.096273422241211,2.6372457,laptev
2018-09-05,0.003025767,0.0,3.2756958,-3.398529,9.402057,12.987286567687988,1.6658763,2.776780319213867,2.117978,laptev
2018-09-06,0.0022119116,0.0,2.456108,-4.9830017,9.489452,13.750393295288088,1.990953,3.1347517013549804,2.2486775,laptev
2018-09-07,0.002417308,0.0,1.9529114,-4.4153748,8.473882,12.685452461242676,1.725193,3.0927158355712887,2.9461012,laptev
2018-09-08,0.0033758725,0.0,1.9916458,-6.922455,5.618993,10.481674003601075,1.1100953,1.9419782638549805,2.7796125,laptev
2018-09-09,0.0035279472,0.0,1.7637787,-8.330902,4.4901295,9.418079566955567,0.6860183,1.357830023765564,2.1708457,laptev
2018-09-10,0.0038391205,0.0,1.5728607,-5.900238,7.207291,12.561933517456055,1.2047038,2.662373399734497,1.7702684,laptev
2018-09-11,0.0040312507,0.0,1.0528107,-6.585541,7.1334443,11.300549125671388,1.4475985,2.3270211696624754,2.7802963,laptev
2018-09-12,0.004592459,0.0,1.5750961,-6.877533,7.022848,11.349921798706054,1.1926394,1.884186792373657,3.2273488,laptev
2018-09-13,0.00419174,0.0,2.4936295,-8.6597595,5.1147118,9.092828750610353,0.8260745,1.6286505222320558,1.6841908,laptev
2018-09-14,0.0070889946,0.0,1.7493591,-7.193695,3.857383,6.257508373260499,0.51097125,0.7923924565315247,1.1297363,laptev
2018-09-15,0.005984461,0.0,1.434227,-7.4773865,5.660304,7.551657104492188,0.5743779,0.8171886920928957,1.279084,laptev
2018-09-16,0.0051734108,0.0,1.7554092,-4.9100037,5.3871517,9.169244194030762,0.8746524,1.7947099685668946,1.1948721,laptev
2018-09-17,0.0050780894,0.0,1.585289,-6.584564,4.2096157,8.334239959716797,0.91863126,1.6792933702468873,1.1378641,laptev
2018-09-18,0.008908761,0.0,1.0591431,-7.148773,4.1056433,7.831264400482178,0.7640549,1.2437033891677858,1.4195492,laptev
2018-09-19,0.00991872,0.0,0.6426544,-7.7166443,3.9858959,7.272904109954834,0.57244647,0.9729862213134766,1.915957,laptev
2018-09-20,0.010426698,0.0,0.51595306,-7.3973083,4.2137527,7.350093650817872,0.5676007,1.0265625953674316,2.556724,laptev
2018-09-21,0.010311082,0.0,0.94213104,-3.3033142,5.9929886,11.838076210021972,0.850612,2.2101566791534424,2.7503104,laptev
2018-09-22,0.006527518,0.0,1.4487228,-7.0970154,7.2815495,11.560939216613772,1.2793896,2.2835797309875487,1.9331179,laptev
2018-09-23,0.006751853,0.0,1.0255966,-7.0450134,5.829152,9.091405296325684,1.015184,1.6940974950790406,1.8964785,laptev
2018-09-24,0.010378194,0.0,0.5497818,-9.248383,5.2927217,8.458859825134278,0.8294605,1.2387753486633302,2.2679908,laptev
2018-09-25,0.010378194,0.0,0.9893646,-8.243988,6.198822,10.767158317565919,0.9047324,1.625144910812378,2.680119,laptev
2018-09-26,0.010378194,0.0,1.1538773,-2.5301208,7.455768,11.20323600769043,1.1454054,2.1118754386901855,3.0247216,laptev
2018-09-27,0.004439632,0.0,1.4191284,-1.9173279,10.609371,15.945585632324219,1.98925,4.51352071762085,2.8077326,laptev
2018-09-28,0.001824527,0.0,1.2906647,-2.8587341,8.364925,15.121993827819825,2.050056,4.507923793792725,2.0913873,laptev
2018-09-29,0.0021130217,0.0,0.95877075,-5.4534607,4.4099274,9.41957759857178,0.9654938,2.039905834197998,2.0677414,laptev
2018-09-30,0.0025011187,0.0,0.80793,-3.4060974,7.3250456,11.761778259277344,1.0431185,2.144372510910034,2.009749,laptev
2018-10-01,0.003345925,0.0,0.42357635,-3.3587341,6.4512873,10.77694721221924,1.0904982,1.901194524765014,1.5961545,laptev
2018-10-02,0.005223397,0.0,0.21264648,-4.0223083,5.8504095,10.124649238586427,1.0271099,1.6626659631729126,1.4609579,laptev
2018-10-03,0.009386319,0.0,0.13128662,-6.290619,7.5655093,11.475933456420899,1.1790951,2.3804775238037115,1.7605907,laptev
2018-10-04,0.0070383865,0.0,0.5370636,-3.641449,7.3052297,10.368214797973632,1.2900718,2.1075788497924806,2.079804,laptev
2018-10-05,0.008222118,0.0,0.44532776,-4.4876404,6.300789,9.479145622253418,0.998798,1.4305635452270506,2.3293536,laptev
2018-10-06,0.0057104756,0.0,0.62384796,-3.224701,10.575655,15.249042892456055,1.9570022,4.129382991790772,2.4615562,laptev
2018-10-07,0.0046675648,0.0,0.72771454,-4.314789,8.240832,13.678028106689453,1.861652,3.8816358566284177,2.1955464,laptev
2018-10-08,0.0031812051,0.0,1.2269821,-2.7471619,10.336549,15.47883186340332,2.1153321,4.023485851287842,2.5427759,laptev
2018-10-09,0.0022592815,0.0,0.8046951,-5.2327576,8.693446,13.100234031677246,1.767402,3.069834899902344,1.4910358,laptev
2018-10-10,0.0033979982,0.0,-0.40971375,-8.623627,6.024357,12.686468505859375,1.4791563,2.997220134735107,1.8596383,laptev
2018-10-11,0.01689724,0.0,-1.087143,-9.71048,4.9240165,8.976610946655274,0.9782766,1.8324588775634763,2.8314598,laptev
2018-10-12,0.030524865,0.0,-1.5384216,-9.523834,3.9263906,6.8068849563598635,0.6379497,1.0665645360946656,3.0445852,laptev
2018-10-13,0.048608422,0.08286743164062502,-1.7273636,-8.834076,4.325055,9.027580070495606,0.5799216,1.2783337831497192,3.7783453,laptev
2018-10-14,0.047011353,0.07766113281250009,-1.2823486,-9.431488,5.9674373,10.179426002502442,0.845572,1.7333321094512943,3.1352262,laptev
2018-10-15,0.04001437,0.04420166015625038,-0.81002045,-7.3750916,8.603666,12.441202163696289,1.3916525,2.3937764167785645,1.8910019,laptev
2018-10-16,0.04559886,0.06910400390625002,-1.5457535,-11.201263,7.773709,13.423367500305176,1.6277149,2.6966514587402344,2.3129318,laptev
2018-10-17,0.05501054,0.11125488281250012,-2.2862473,-13.086517,6.2886333,10.16228370666504,1.1303568,1.787219524383545,3.0942903,laptev
2018-10-18,0.0633287,0.22258300781250062,-2.2758179,-12.684174,7.4206743,11.097039031982423,1.2484891,2.037483978271484,2.9618568,laptev
2018-10-19,0.07436409,0.3035400390625005,-2.6704483,-14.687988,7.1018615,9.879679107666016,1.1816204,1.8536948680877685,3.1194162,laptev
2018-10-20,0.089953616,0.41924438476562514,-3.2539902,-16.815308,6.5693426,10.378567123413086,1.1116482,1.6454538583755498,3.1038694,laptev
2018-10-21,0.10753349,0.5392395019531251,-3.7107162,-16.782257,6.589384,9.69150161743164,1.0037714,1.6090503215789798,3.3710823,laptev
2018-10-22,0.13278988,0.6572631835937501,-4.5364,-15.455231,6.4515767,10.00830192565918,0.9737657,1.659183192253113,3.370832,laptev
2018-10-23,0.16565706,0.7797058105468755,-4.9619217,-14.879059,4.772348,8.441716957092286,0.7981173,1.365761923789978,3.8061857,laptev
2018-10-24,0.22483106,0.8662963867187501,-5.901016,-15.312408,5.0234504,8.032527542114257,0.710189,1.0494750022888186,3.8434432,laptev
2018-10-25,0.28536403,0.910284423828125,-6.348015,-17.859863,5.733527,8.84437427520752,0.9152861,1.5276303768157973,3.4706302,laptev
2018-10-26,0.3589887,0.9164978027343752,-6.8453064,-18.549927,5.1748857,8.04024887084961,0.79488087,1.4717954158782969,3.3085737,laptev
2018-10-27,0.4298437,0.933624267578125,-7.481369,-19.315292,4.9977155,8.86754493713379,0.781171,1.1794827699661254,3.0447247,laptev
2018-10-28,0.4368706,0.944805908203125,-6.7068405,-16.404755,8.356418,13.133704566955567,1.4946228,2.803862190246582,2.7485929,laptev
2018-10-29,0.42514557,0.9353271484375,-6.4940643,-20.822662,8.234597,11.50125617980957,1.3965513,2.074693298339844,2.6575074,laptev
2018-10-30,0.4804481,0.94818115234375,-8.89949,-21.165848,7.2757645,10.172848129272461,1.2089506,2.1024357318878173,2.9917316,laptev
2018-10-31,0.5680666,0.9471008300781251,-10.784889,-21.428848,7.383409,10.125178146362305,1.4640608,2.0060684204101564,3.3605466,laptev
2019-07-01,0.45939463,0.820843505859375,1.1834412,-1.0730896,5.5333657,7.7880976676940925,0.71646035,1.1114559173583984,0.91342086,laptev
2019-07-02,0.44236973,0.8165527343750001,1.1383362,-1.1580505,5.238514,7.869899654388428,0.7997414,1.1456689596176148,0.8339313,laptev
2019-07-03,0.43537986,0.803314208984375,1.0942001,-1.3843689,4.293427,6.907833099365234,0.56062984,0.9716444849967957,0.7605388,laptev
2019-07-04,0.42196512,0.79581298828125,1.1520233,-1.3692322,4.4395194,7.794521522521974,0.37773806,0.5834724426269531,0.76773626,laptev
2019-07-05,0.40501466,0.77828369140625,1.388298,-0.88974,5.3598375,8.287817001342773,0.3919182,0.8650031805038451,0.903771,laptev
2019-07-06,0.39228615,0.7966857910156251,1.5321808,-1.4212341,5.6323795,7.842948913574219,0.50157714,0.9742016792297364,0.9426782,laptev
2019-07-07,0.37556687,0.79931640625,1.3238449,-1.2679138,4.9617105,8.918283653259278,0.5269326,1.3473805665969851,0.84514594,laptev
2019-07-08,0.36538467,0.7995361328125,1.6877975,-1.254242,7.116333,12.218613243103027,1.0543758,2.5909168243408205,0.89005685,laptev
2019-07-09,0.34722888,0.7867675781250001,2.2212524,-1.2019958,7.559278,12.926887702941896,1.2406436,2.6928627490997314,0.625101,laptev
2019-07-10,0.31714582,0.7868103027343751,2.5988617,-1.0301208,4.5671053,7.651565265655519,0.5454582,1.0728290319442748,0.41283703,laptev
2019-07-11,0.28724304,0.759796142578125,2.1151047,-0.82748413,4.687314,8.027259635925294,0.48180827,1.3322097778320319,0.66227186,laptev
2019-07-12,0.28373268,0.750494384765625,2.0215225,-1.179779,5.5285015,8.58551254272461,0.5420795,1.268413519859314,0.85190845,laptev
2019-07-13,0.2670404,0.717889404296875,1.5410309,-1.20224,7.436823,10.657578659057618,0.98705876,2.39811110496521,1.4158916,laptev
2019-07-14,0.26328748,0.68798828125,1.5619202,-1.0518494,8.265325,11.065634536743165,1.2690841,2.2804648876190186,1.4717634,laptev
2019-07-15,0.26683623,0.7257690429687501,1.5526581,-1.0762634,8.643965,12.095504570007325,1.4244184,2.6965582847595218,1.4367578,laptev
2019-07-16,0.2628091,0.760333251953125,1.368454,-0.79525757,5.9784946,9.005921173095704,0.842407,1.68351686000824,1.3269112,laptev
2019-07-17,0.26053825,0.7733398437500001,1.4749832,-1.3643494,6.5042486,9.028027725219728,0.8701502,1.5797602653503418,1.0977035,laptev
2019-07-18,0.2591251,0.78663330078125,1.3723602,-1.690033,5.622811,8.637318611145021,0.73998743,1.4440027952194217,0.97949255,laptev
2019-07-19,0.24519636,0.771240234375,2.1720123,-0.8560486,6.3367553,9.67602996826172,0.69331384,1.3766652345657355,1.0924459,laptev
2019-07-20,0.242547,0.7563171386718751,2.052536,-1.703949,8.364904,11.502826118469239,1.135988,2.099393367767334,1.313551,laptev
2019-07-21,0.2517091,0.766351318359375,1.7656479,-1.4075623,6.5425596,11.025384902954103,1.09143,2.1839799880981445,1.638599,laptev
2019-07-22,0.24703917,0.752801513671875,2.962471,-1.5179138,7.222513,10.919024658203126,0.9813094,2.0455586910247807,1.39136,laptev
2019-07-23,0.22292046,0.73291015625,2.2806702,-0.89242554,9.407114,13.874436187744141,1.431905,2.7828038692474366,1.6736361,laptev
2019-07-24,0.22292046,0.73291015625,1.8083878,-1.0118103,7.745051,13.099692153930665,1.444104,3.242235851287842,1.6631967,laptev
2019-07-25,0.22180064,0.71700439453125,1.4768295,-1.065033,5.940582,9.399503707885742,0.8982057,1.6374993324279785,1.5752088,laptev
2019-07-26,0.218307,0.718701171875,1.2305527,-1.3577576,5.593877,8.082437515258789,0.68777287,1.3168501377105712,1.5617051,laptev
2019-07-27,0.20862427,0.7018371582031252,1.5093231,-1.5186462,5.843695,8.676158714294434,0.64893603,1.2350988626480102,1.5799003,laptev
2019-07-28,0.20322716,0.6938415527343751,1.6224976,-1.5611267,6.5621185,9.575139236450196,0.8687198,1.5052529335021974,1.130347,laptev
2019-07-29,0.19620286,0.720306396484375,1.6740036,-1.0411072,5.9979277,8.826454544067383,0.9156406,1.560951042175293,1.13037,laptev
2019-07-30,0.20446524,0.75875244140625,1.4810104,-2.188568,4.1854773,6.885080623626709,0.5934315,0.9653316378593445,1.0605532,laptev
2019-07-31,0.2114905,0.774603271484375,1.4944305,-2.4493103,3.2234628,5.2057105064392095,0.31541157,0.4709881663322449,1.0940768,laptev
2019-08-01,0.20092495,0.7521240234375001,1.9905014,-1.3570251,3.836155,7.027074813842773,0.31520957,0.7439404129981997,1.1198031,laptev
2019-08-02,0.18516652,0.719671630859375,2.9756317,-0.9131775,4.252788,6.83181791305542,0.37525162,0.7388888478279114,1.1493762,laptev
2019-08-03,0.17387567,0.6962158203125,3.49749,-0.87802124,3.892343,6.687284469604492,0.3959893,0.6403635740280151,0.9254893,laptev
2019-08-04,0.17043042,0.6820983886718752,3.3568192,-1.8367615,4.730982,7.883366107940675,0.5377846,0.8925226330757141,1.0549012,laptev
2019-08-05,0.17368996,0.7126403808593751,2.8366318,-2.1018982,4.8921747,8.365268898010255,0.6555486,1.2139601707458496,1.2839174,laptev
2019-08-06,0.18154006,0.7495971679687501,2.481186,-2.5955505,4.086799,8.182684516906738,0.52861166,0.9156581282615665,1.2204075,laptev
2019-08-07,0.17609102,0.7295776367187501,3.4765549,-3.0603943,5.2001514,8.919862174987793,0.7062829,1.3120959997177124,1.1825788,laptev
2019-08-08,0.17652498,0.79169921875,3.596138,-1.4207458,4.767765,8.103525733947754,0.73251987,1.132844829559326,0.9542079,laptev
2019-08-09,0.16118467,0.75927734375,4.0688934,-1.1023865,5.8032494,10.673922920227051,0.66306746,1.356555700302124,0.7611901,laptev
2019-08-10,0.1248433,0.5959655761718752,5.5523224,-0.25375366,6.855465,10.52449131011963,0.806704,1.6825197219848633,0.54681903,laptev
2019-08-11,0.112470716,0.549627685546875,5.016365,-0.5779724,4.65579,9.785431671142579,0.6385571,1.6571131229400635,0.3680132,laptev
2019-08-12,0.103220426,0.5217224121093751,5.1722107,-1.0750427,6.3299556,8.748041152954102,0.58736485,0.9883675336837769,0.55904186,laptev
2019-08-13,0.09445325,0.46751098632812516,4.9479218,-0.81747437,7.5950484,9.609414291381835,0.93152815,1.5036818981170654,0.9358314,laptev
2019-08-14,0.09111179,0.523681640625,4.3051224,-2.2688904,6.6842136,9.856422424316406,1.1442102,1.560760259628296,1.2501607,laptev
2019-08-15,0.087702796,0.498297119140625,3.8466034,-1.5862732,4.937928,8.65074291229248,0.9119085,1.440951943397522,1.2491742,laptev
2019-08-16,0.091256544,0.501751708984375,4.2574463,-2.0799255,5.443587,10.503721618652344,0.7623528,1.307457041740418,1.4044616,laptev
2019-08-17,0.06920504,0.410186767578125,4.831833,-0.65390015,5.254095,9.607179260253906,0.75895673,1.4574933290481575,1.1792562,laptev
2019-08-18,0.058952745,0.3691162109375,5.63311,-0.5332947,6.252901,9.972595405578613,0.7842177,1.4900987625122075,1.1163788,laptev
2019-08-19,0.060532287,0.3598327636718751,4.797287,-0.8848572,4.673292,7.264883136749268,0.5653578,1.1758348226547242,0.616895,laptev
2019-08-20,0.06051154,0.35249023437500004,3.7256699,-1.1739197,5.5210953,8.80276222229004,0.6411261,1.366963529586792,0.9080013,laptev
2019-08-21,0.05291918,0.2911865234375001,3.8011246,-0.7100525,5.6846433,8.390213203430177,0.7015924,1.1384436607360842,1.1217953,laptev
2019-08-22,0.049022477,0.27024536132812516,4.232788,0.028961182,5.6826086,8.95539150238037,0.6490241,1.2526957511901857,1.1217493,laptev
2019-08-23,0.048671108,0.26960449218750016,4.337723,-1.0711365,4.301383,7.797834396362305,0.4781454,1.0254320144653322,1.0085336,laptev
2019-08-24,0.048525054,0.2692626953125,3.7945938,-3.540619,3.5649352,7.34119462966919,0.3370186,0.703158557415009,0.9128294,laptev
2019-08-25,0.04934011,0.2538085937500001,3.1329422,-3.7134705,4.9298754,8.73975887298584,0.5093169,1.1997148036956788,1.3935847,laptev
2019-08-26,0.06803272,0.3000488281250002,2.4370956,-4.0726013,5.3910294,8.64348030090332,0.6791413,1.3133183002471924,1.692621,laptev
2019-08-27,0.0692546,0.3426025390625001,2.6940002,-4.217865,4.765687,9.417694282531738,0.6114776,1.3129539012908937,2.3610826,laptev
2019-08-28,0.08565316,0.461309814453125,3.1460495,-4.1595154,5.1718245,9.113839530944825,0.6515986,1.3175361156463623,2.4472344,laptev
2019-08-29,0.066527076,0.36378173828125004,3.3916473,-2.2205505,5.592281,9.19686622619629,0.66415715,1.354177474975586,2.578054,laptev
2019-08-30,0.046582915,0.22650146484375003,3.425064,-1.9739685,6.1800065,9.3681245803833,0.9070263,1.5413925647735596,2.3592122,laptev
2019-08-31,0.048817534,0.25560913085937503,2.5721588,-1.6717224,5.0285707,8.270729637145996,0.75287604,1.2439547777175903,2.003503,laptev
2019-09-01,0.047096245,0.2567993164062503,2.136551,-2.124115,4.711138,8.218487167358399,0.62801373,1.1648889064788819,2.2864935,laptev
2019-09-02,0.048068058,0.24764404296875,2.4802399,-4.787201,7.243504,11.413873100280762,1.1197616,2.129433822631836,2.5122747,laptev
2019-09-03,0.048063576,0.24490356445312506,2.028862,-5.0730896,6.089861,9.997260475158692,1.0686775,1.9061796188354494,2.7524562,laptev
2019-09-04,0.04663299,0.2379089355468751,2.1033401,-4.283539,6.2328663,10.441032218933106,0.9048387,1.478452110290527,2.6563509,laptev
2019-09-05,0.038874082,0.16552734375000003,2.445221,-3.0057068,5.989298,10.484031677246094,0.8915705,1.5505254983901973,2.3685446,laptev
2019-09-06,0.04037434,0.15150146484375002,2.2527618,-4.570648,4.136215,7.205770683288574,0.6833623,1.23498854637146,2.1173315,laptev
2019-09-07,0.04835307,0.21215209960937506,1.8723984,-4.7688904,4.0771213,7.488906764984131,0.5622308,0.9282190442085266,2.427596,laptev
2019-09-08,0.04369711,0.1575683593750002,2.502205,-6.1702576,5.69771,10.316215133666992,0.71297747,1.5136235713958741,1.9582865,laptev
2019-09-09,0.04909885,0.17031250000000006,1.796318,-8.433197,8.8221245,14.216268348693848,1.5451057,3.1833176612854004,2.4423902,laptev
2019-09-10,0.06865342,0.28868408203125007,0.9290161,-9.731781,7.8484993,14.310932922363282,1.6863259,3.2863725185394275,3.3099363,laptev
2019-09-11,0.067614675,0.3145324707031255,1.0671234,-10.884369,6.40046,11.058753395080567,1.1776497,2.3601599693298336,2.3594208,laptev
2019-09-12,0.056319214,0.2578979492187501,1.3927536,-7.6214294,6.466055,9.927419090270996,1.0424135,1.914339542388916,2.0028358,laptev
2019-09-13,0.05437359,0.2642517089843752,1.4935837,-5.2046814,8.5814495,11.807363319396973,1.4003886,2.3299204826354982,2.0688648,laptev
2019-09-14,0.057124943,0.2770324707031252,1.1593246,-5.833832,9.117654,11.938114547729493,1.6170714,2.5119281291961673,2.2744808,laptev
2019-09-15,0.05560789,0.27777709960937524,1.1344528,-5.7591248,8.008902,11.184727478027344,1.3909254,2.2491054058074953,1.9228077,laptev
2019-09-16,0.052472163,0.2493591308593753,1.5486603,-7.184662,7.792652,11.688601875305176,1.4083658,2.5670026779174804,1.3228827,laptev
2019-09-17,0.052584045,0.23175659179687558,1.941719,-5.980316,6.6615524,11.349215126037597,1.3805072,2.6114847660064697,1.2347364,laptev
2019-09-18,0.0504166,0.18711547851562516,1.8084183,-5.311859,5.899511,8.935162925720215,1.0244676,1.7072951793670657,1.7158649,laptev
2019-09-19,0.045782045,0.141632080078125,1.7196045,-5.7185974,6.834178,9.898863220214844,0.97635114,1.609951400756836,1.5475135,laptev
2019-09-20,0.041545488,0.08626708984375006,1.6587906,-4.306244,6.635915,9.350884246826173,1.0007856,1.5685229063034059,1.7590597,laptev
2019-09-21,0.035332218,0.04420166015625002,1.3662567,-2.6973572,8.396736,13.984878158569336,1.2859955,2.9497618198394773,2.1148798,laptev
2019-09-22,0.033378385,0.011383056640625416,1.2207184,-2.770111,9.570609,14.031009674072266,1.7469625,3.2802897453308106,2.2716734,laptev
2019-09-23,0.031099617,0.0,0.6806717,-3.2503357,6.9226465,10.984876441955567,1.2506464,2.427244997024536,2.6141248,laptev
2019-09-24,0.02904457,0.0,1.0036926,-2.797943,7.4716997,11.43570957183838,1.1169683,2.089287281036377,2.7281992,laptev
2019-09-25,0.023007534,0.0,1.3847198,-2.688568,9.26458,12.548238372802736,1.6943561,3.0789481163024903,2.4829729,laptev
2019-09-26,0.022434058,0.0,1.1243668,-2.5870056,8.37914,11.864410018920898,1.7005407,2.7026095390319824,2.4295063,laptev
2019-09-27,0.02042456,0.0,0.72480774,-3.042572,7.0594997,11.008014297485351,1.3171123,2.2357908725738525,2.3522434,laptev
2019-09-28,0.01798951,0.0,0.33763885,-4.9737244,6.257675,8.58644027709961,0.9697327,1.493027400970459,2.3860765,laptev
2019-09-29,0.017191801,0.0,-0.2546463,-4.325287,6.373755,8.92515697479248,0.96259624,1.6079123258590697,2.7807732,laptev
2019-09-30,0.025785524,0.0,-0.9123306,-8.662933,7.4575577,11.074470710754396,1.3548825,2.6689134120941165,3.4127412,laptev
2019-10-01,0.034979586,0.01214599609375,-1.0032043,-10.525726,8.459503,11.331753921508788,1.6495602,2.535277223587036,3.2186677,laptev
2019-10-02,0.04911314,0.11356201171875024,-1.279129,-11.433685,8.237195,10.968075561523438,1.623599,2.459028434753418,2.8271155,laptev
2019-10-03,0.062810995,0.26508789062500004,-1.3890381,-10.991119,8.971336,13.436876678466797,1.8348012,3.5283215999603277,2.4526896,laptev
2019-10-04,0.06953721,0.3030639648437502,-0.9478378,-11.131195,8.746343,12.744210243225098,1.8477273,3.243906831741334,2.3140168,laptev
2019-10-05,0.077039,0.33775634765625,-0.86076355,-10.079926,6.65168,10.237397766113283,1.2967349,2.035853624343872,2.3844213,laptev
2019-10-06,0.08292266,0.3718200683593751,-1.034729,-8.41098,5.2933283,8.633917045593263,1.0090604,1.6771867752075196,2.302164,laptev
2019-10-07,0.09139479,0.41994628906250014,-1.7263718,-11.439697,4.7900825,7.440192985534668,0.8563792,1.2965026140213012,2.9421513,laptev
2019-10-08,0.0950148,0.44061279296875,-2.0198364,-12.492462,6.260172,12.57202091217041,0.9006042,2.0977067947387695,3.4267685,laptev
2019-10-09,0.08989235,0.44137573242187506,-1.2494507,-11.98056,8.334184,12.745669937133789,1.4122975,2.7296714782714844,2.8123388,laptev
2019-10-10,0.10684523,0.5579589843750001,-1.9405289,-9.814056,8.714559,11.941512107849121,1.5453346,2.6164069175720215,2.581933,laptev
2019-10-11,0.13033226,0.6909240722656256,-3.3851547,-10.318695,6.8485203,9.975448799133302,1.2877357,2.2213230609893797,3.8668995,laptev
2019-10-12,0.10951294,0.5686523437500003,-1.4572906,-11.525726,8.654734,13.10071849822998,1.5128851,2.6420958518981936,3.0116305,laptev
2019-10-13,0.11490381,0.595947265625,-1.2861557,-9.980682,6.86306,9.777776718139648,1.2332041,2.073688840866089,2.1245575,laptev
2019-10-14,0.12732132,0.6570312500000006,-2.9431686,-14.005951,6.723644,12.26477870941162,1.0113049,2.0065845012664796,2.248495,laptev
2019-10-15,0.16641179,0.7797668457031252,-4.3247833,-16.634216,7.6522713,12.380632972717285,1.3850074,2.7463509559631354,2.6330438,laptev
2019-10-16,0.19977157,0.873614501953125,-4.9227905,-16.273224,7.8135176,12.547268104553222,1.3317785,2.1495334625244142,3.0071788,laptev
2019-10-17,0.22305343,0.871307373046875,-5.400337,-19.546951,7.124547,11.776797103881837,1.2200094,1.9771233797073364,3.4278018,laptev
2019-10-18,0.25938186,0.9183898925781251,-5.736351,-16.941498,7.9390965,11.729362678527833,1.6928151,2.875532293319702,2.680842,laptev
2019-10-19,0.2873758,0.940484619140625,-5.1548615,-17.102997,6.5971518,11.056427383422852,1.5655539,2.504516935348511,2.8407133,laptev
2019-10-20,0.31896302,0.92425537109375,-5.6232147,-17.148865,7.1984873,11.54832820892334,1.2840896,2.447334909439087,3.133541,laptev
2019-10-21,0.33169994,0.917950439453125,-5.6248703,-17.191711,8.966012,12.671868705749512,1.9993575,3.1620075702667236,2.9229906,laptev
2019-10-22,0.35673127,0.942230224609375,-4.749634,-14.6432495,7.7732368,11.097305870056152,1.7369589,2.762601852416992,3.0869775,laptev
2019-10-23,0.3780819,0.9354248046875,-4.936119,-16.222076,8.346598,12.237163543701172,1.832459,2.5806079864501967,2.4423375,laptev
2019-10-24,0.4098515,0.92889404296875,-6.6213074,-21.208954,7.742049,13.172385215759277,2.1549835,3.4773916721344005,2.681374,laptev
2019-10-25,0.4612244,0.9476806640625,-7.185936,-20.556107,5.872983,9.715936851501466,1.3905867,2.132936143875122,2.8618684,laptev
2019-10-26,0.5101076,0.9626220703125,-7.2277756,-22.13739,5.129546,8.20433292388916,0.8902713,1.2895152568817139,2.6348107,laptev
2019-10-27,0.5328039,0.96566162109375,-7.4319763,-22.242706,4.751298,7.331494903564453,0.6380501,0.9486556053161621,2.7392094,laptev
2019-10-28,0.5640136,0.9731689453125,-7.751396,-23.766052,6.030671,8.747405815124512,0.7981059,1.2932321071624755,2.7977211,laptev
2019-10-29,0.59811276,0.974365234375,-8.010544,-21.502274,7.119318,9.185345649719238,1.0969003,1.7317650079727174,2.8232532,laptev
2019-10-30,0.6570903,0.973583984375,-8.387138,-22.942596,6.375821,9.264669799804688,1.4404341,1.9899360179901122,3.0336227,laptev
2019-10-31,0.72671676,0.9690185546875,-9.9487,-24.78357,5.34873,8.549123382568359,1.0598831,1.761350750923157,2.9389791,laptev
2020-07-01,0.32311442,0.76904296875,3.5628204,-0.40682983,7.7348714,11.621931457519532,1.2676312,2.1111841678619387,1.3950793,laptev
2020-07-02,0.30195743,0.74981689453125,2.7375946,-0.38607788,7.5998116,10.919098091125488,1.3933086,2.136994552612305,1.0829967,laptev
2020-07-03,0.29727477,0.74735107421875,2.1928787,-0.39559937,5.7394943,8.946314048767091,0.9485537,1.3674578428268434,0.540977,laptev
2020-07-04,0.28799665,0.760284423828125,2.1079254,-0.40219116,6.215034,9.68670883178711,0.90494615,1.5685598373413085,0.50621575,laptev
2020-07-05,0.27407134,0.7467285156250001,2.060791,-0.4300232,6.905354,9.641554069519042,1.0820795,1.6757765293121338,0.6124516,laptev
2020-07-06,0.26698592,0.763037109375,2.0983887,-0.5308533,7.200668,10.092276000976563,1.150041,1.8652783393859866,0.7289345,laptev
2020-07-07,0.2557407,0.771002197265625,2.1357346,-0.5101013,6.6756725,9.192400169372558,1.0834124,1.7429902315139771,0.711365,laptev
2020-07-08,0.23979953,0.7476989746093751,2.1146393,-0.6114197,6.8386188,9.06835060119629,0.9861614,1.3948188543319702,0.7558737,laptev
2020-07-09,0.22795907,0.7156677246093752,1.9096832,-0.61239624,6.0534973,8.155915451049806,0.8069968,1.2734077453613282,0.72337526,laptev
2020-07-10,0.21500489,0.7146789550781251,2.1320114,-0.8645935,5.810666,8.004327392578125,0.67028826,0.9100906848907471,0.73669547,laptev
2020-07-11,0.1978789,0.698028564453125,2.4289703,-1.04599,7.897799,11.476316833496094,1.1256235,2.104201555252075,0.72544265,laptev
2020-07-12,0.17486574,0.6580322265625,2.9818726,-1.4004822,10.199431,13.860492134094239,1.8729725,3.437224102020264,1.0510584,laptev
2020-07-13,0.14262679,0.60186767578125,3.3841248,-0.6885681,8.577158,13.098308753967286,1.7001834,3.435251235961914,0.8613014,laptev
2020-07-14,0.12201963,0.56884765625,2.9480057,-0.66244507,7.5468807,10.30193214416504,1.1181207,1.7514171600341797,0.96567404,laptev
2020-07-15,0.11322744,0.5222900390625,2.7015686,-0.51449585,8.699258,12.843718528747559,1.5165794,2.99619460105896,1.1850768,laptev
2020-07-16,0.094330706,0.4603515625000002,2.4586182,-0.42294312,7.525588,11.313676261901856,1.2226598,2.6218688964843753,1.058789,laptev
2020-07-17,0.077348,0.37714843750000054,2.7154922,-0.36654663,8.037204,10.767731857299804,1.2025214,1.8224607467651368,1.035526,laptev
2020-07-18,0.06654621,0.3383850097656252,3.2248993,-0.497406,8.451426,11.799854278564453,1.3511798,2.068673467636109,1.3019874,laptev
2020-07-19,0.05698219,0.26910400390625,3.5749054,-0.6817322,8.468086,12.358584976196289,1.6173983,2.7069552898406983,1.0578343,laptev
2020-07-20,0.045635257,0.19752197265625016,3.9307709,-0.8497009,6.2778125,9.930215644836426,1.1735798,2.2223212242126467,0.7987309,laptev
2020-07-21,0.037784286,0.1240478515625,4.3272324,-0.64852905,5.114382,8.122122383117675,0.74319345,1.447989845275879,0.92948085,laptev
2020-07-22,0.039253194,0.15102539062500006,3.634613,-1.0918884,5.311563,8.575727844238282,0.6450784,1.1175623178482055,0.9821335,laptev
2020-07-23,0.042468958,0.17043457031250034,3.2786026,-0.69174194,4.850726,7.765417671203613,0.5572724,0.9201279282569885,1.2068248,laptev
2020-07-24,0.043888792,0.18378906250000002,3.2902603,-1.0254822,4.9577317,7.694208717346193,0.5720822,0.9589700818061828,1.2384579,laptev
2020-07-25,0.038854606,0.15492553710937512,3.1045837,-0.7725525,6.06749,9.516910552978516,0.6845822,1.2844088077545166,1.5885004,laptev
2020-07-26,0.04671818,0.21779785156250012,2.909195,-0.8604431,8.139514,10.96617546081543,1.1359341,1.589067602157593,1.4717135,laptev
2020-07-27,0.04510819,0.194915771484375,3.12706,-1.6294861,7.3741336,11.682607841491699,1.3220979,2.322951745986938,1.3035538,laptev
2020-07-28,0.04495177,0.19313354492187504,3.1266174,-0.4913025,7.097918,9.782564735412597,1.0469452,1.688393592834473,1.0978544,laptev
2020-07-29,0.04078376,0.1384277343750006,3.3855133,-0.8103943,6.3130617,9.390993881225587,0.92670876,1.7187488317489625,0.77450275,laptev
2020-07-30,0.041947536,0.16018676757812544,3.6037292,-0.63656616,5.0882406,8.341669464111328,0.64675057,1.2023629426956177,0.5892925,laptev
2020-07-31,0.040873572,0.14608764648437508,3.6796417,-0.8230896,3.9921813,6.556100845336914,0.4197156,0.9620418310165412,0.6136688,laptev
2020-08-01,0.039917752,0.16087646484375,3.8291473,-1.1182556,4.162118,6.0922548294067385,0.35190254,0.5885681629180908,0.64934003,laptev
2020-08-02,0.037669335,0.11823730468750027,3.9599457,-0.80062866,4.3768735,6.865771102905273,0.4025056,0.6926967978477481,0.6633958,laptev
2020-08-03,0.038146973,0.14468383789062533,4.3451385,-0.69003296,5.1123486,8.462142753601075,0.52767134,0.9890416622161866,0.73201305,laptev
2020-08-04,0.035895433,0.094512939453125,4.947815,-0.9305115,5.094137,8.125827598571778,0.53975904,0.939976978302002,0.74322593,laptev
2020-08-05,0.030051827,0.0,5.6866837,-0.7737732,6.0478487,9.079792976379395,0.69466144,1.2287941932678224,0.82361203,laptev
2020-08-06,0.030051827,0.0,5.4646378,-1.009613,5.3826876,7.818927669525147,0.6346395,0.9250193238258362,0.6777149,laptev
2020-08-07,0.023565408,0.0,4.5856705,-1.5220642,6.634795,10.304254341125489,0.8342208,1.8770568370819092,1.2261435,laptev
2020-08-08,0.022733474,0.0,3.5932083,-2.705658,7.254784,10.461133575439455,1.1249709,1.807501196861267,2.4003525,laptev
2020-08-09,0.020552993,0.0,3.240921,-1.6121521,6.2123322,9.695918655395507,0.92127115,1.3898967981338501,2.495988,laptev
2020-08-10,0.01759621,0.0,3.570488,-1.8033142,5.897051,9.856898880004882,0.9867218,1.5517590999603272,2.4635015,laptev
2020-08-11,0.015289272,0.0,3.731453,-1.6602478,5.778148,8.343289375305176,0.8380102,1.1859045028686523,1.964531,laptev
2020-08-12,0.014559712,0.0,3.3480072,-1.7124939,6.646745,9.572411155700683,0.8551286,1.5516307830810547,2.1207087,laptev
2020-08-13,0.015119507,0.0,3.237236,-1.76474,7.135874,10.480157279968262,1.0981692,1.8965099334716795,1.9263675,laptev
2020-08-14,0.01325562,0.0,3.5683823,-1.2823181,6.6553373,10.845020866394043,1.0559762,2.0514121532440184,1.7247007,laptev
2020-08-15,0.010557383,0.0,4.1726303,-1.1187439,5.5735035,8.364644622802734,0.7200769,1.268926191329956,1.5808724,laptev
2020-08-16,0.014865236,0.0,4.2163467,-2.3277283,5.315457,8.000345420837402,0.6438165,1.0615332126617432,1.118252,laptev
2020-08-17,0.011304514,0.0,4.153267,-1.4585876,4.910919,8.021399688720702,0.592816,1.0253361463546753,1.071548,laptev
2020-08-18,0.010259904,0.0,3.6536407,-1.269867,5.9510546,8.919698524475098,0.7501724,1.3315551280975342,1.7430835,laptev
2020-08-19,0.012335749,0.0,3.590805,-0.905365,5.1518717,9.095090293884278,0.77929246,1.287043809890747,2.1735566,laptev
2020-08-20,0.014113665,0.0,3.4416962,-0.94418335,5.344552,8.263618087768554,0.7267267,1.2730704307556153,2.096158,laptev
2020-08-21,0.013948768,0.0,3.4947433,-2.129242,5.6313753,8.558296966552735,0.75318754,1.3678318977355959,2.0002441,laptev
2020-08-22,0.0132931955,0.0,3.618431,-1.5879822,3.786032,8.381837844848633,0.5801171,1.272634601593018,1.9252815,laptev
2020-08-23,0.011241683,0.0,4.0809555,-1.7063904,4.356558,7.984662246704102,0.44066197,0.8387690782546997,2.0910323,laptev
2020-08-24,0.008217826,0.0,4.7696075,-0.18954468,6.6026535,10.515915298461914,0.8350485,1.76352059841156,2.218298,laptev
2020-08-25,0.005832101,0.0,5.024925,0.37564087,6.985072,10.948552131652832,1.0418427,2.0421890735626222,1.9833248,laptev
2020-08-26,0.004714125,0.0,4.987793,0.36367798,7.8118124,11.049191093444824,1.2614625,2.198691368103028,1.7523985,laptev
2020-08-27,0.004164968,0.0,4.7008133,-0.16781616,7.5697412,11.362474250793458,1.2499434,2.1970298290252686,1.4780712,laptev
2020-08-28,0.0032725811,0.0,4.5923386,-0.63412476,6.9474063,9.89387264251709,1.0795274,1.9265641450881958,1.4650972,laptev
2020-08-29,0.0026567054,0.0,4.3504486,-1.1121521,7.4502344,10.25108757019043,1.0746714,1.7734124660491943,1.4599228,laptev
2020-08-30,0.002284514,0.0,4.049446,-1.1277771,6.78012,10.172891807556153,1.0320337,1.7518115043640137,1.4678518,laptev
2020-08-31,0.0023203222,0.0,3.840622,-1.5953064,5.65573,8.275854110717773,0.79947245,1.1984964847564696,1.5009389,laptev
2020-09-01,0.0032890288,0.0,3.6778717,-0.9312439,6.1617637,9.36939582824707,0.75945616,1.33214271068573,1.7903478,laptev
2020-09-02,0.0017892149,0.0,3.6562347,-1.2518005,7.452544,10.97766227722168,1.0467758,1.9787760257720954,1.7481301,laptev
2020-09-03,0.0016685699,0.0,3.5278015,-1.7620544,7.3031864,10.888779830932618,1.1908762,1.9448358058929445,1.9077758,laptev
2020-09-04,0.0064486954,0.0,3.6865005,-2.4705505,7.2895927,10.858162689208985,1.2598091,1.9239030838012698,1.7469337,laptev
2020-09-05,0.0035865707,0.0,4.0565033,-0.31307983,6.3325725,9.534696769714357,1.0762236,1.4988028287887574,1.4283006,laptev
2020-09-06,0.002792458,0.0,4.191971,-0.046966553,5.9084263,9.315928268432618,0.8271993,1.2060223102569578,0.8678382,laptev
2020-09-07,0.0021384368,0.0,4.6805496,-0.41342163,7.4049406,9.670830726623535,1.0149581,1.499294924736023,1.002507,laptev
2020-09-08,0.0019484843,0.0,4.862938,-1.410492,6.8094845,8.96770420074463,1.0027654,1.4248973369598388,1.2023191,laptev
2020-09-09,0.00044320326,0.0,5.522667,-0.55184937,7.11521,9.640565490722656,0.92937386,1.4090734481811524,1.3323921,laptev
2020-09-10,0.0007441717,0.0,5.387703,-0.045013428,5.8744364,7.877007293701172,0.7050059,1.0964494705200194,1.113588,laptev
2020-09-11,0.0006801663,0.0,5.551338,-0.36190796,7.109338,10.704021072387695,0.8866442,1.7850692749023438,1.1502546,laptev
2020-09-12,0.00080127316,0.0,5.2322006,-0.61898804,6.011325,10.388568496704101,0.89353395,1.8205213308334351,0.90198827,laptev
2020-09-13,0.00087443436,0.0,4.877762,-0.36825562,3.9882748,8.136802101135254,0.5520345,0.9457744121551512,0.52272886,laptev
2020-09-14,0.0009304697,0.0,4.6105423,-0.1734314,4.218164,7.302643966674805,0.43687713,0.8857841849327084,0.391034,laptev
2020-09-15,0.0010989065,0.0,4.4316406,-0.5332947,5.035135,7.272660446166992,0.53683186,0.889978575706482,0.52897453,laptev
2020-09-16,0.0011669938,0.0,4.2871475,-0.90805054,4.4772754,7.521175193786622,0.49090207,0.8591738343238831,0.65847623,laptev
2020-09-17,0.0013099925,0.0,4.615547,-1.4554138,6.1992784,8.842838668823243,0.7502271,1.2197511196136475,0.7645879,laptev
2020-09-18,0.0016473734,0.0,3.7807388,-2.6766052,5.5142245,8.798114013671876,0.81571656,1.215350866317749,1.2178549,laptev
2020-09-19,0.0008540589,0.0,5.2851257,-0.7293396,7.4489436,10.145725440979003,1.029707,1.6625378131866453,1.4625764,laptev
2020-09-20,0.0010862388,0.0,5.051834,-1.9681091,6.379625,8.704851341247558,0.94711477,1.500858211517334,1.2942815,laptev
2020-09-21,0.001124219,0.0,4.693527,-1.8414001,5.529091,7.812332630157471,0.7727758,1.3174625873565673,1.2153944,laptev
2020-09-22,0.0010875615,0.0,5.0783463,-0.5315857,6.103947,8.457165145874024,0.78865576,1.0352997303009033,1.1953157,laptev
2020-09-23,0.0010419133,0.0,5.032318,-1.1978455,6.887558,9.821330451965332,0.8439661,1.4475359916687012,1.306727,laptev
2020-09-24,0.00081598177,0.0,5.1607666,0.79776,7.688279,10.05101661682129,1.0802727,1.6195205688476562,1.4780123,laptev
2020-09-25,0.0006363539,0.0,4.900917,-0.18710327,8.186184,11.85135726928711,1.1965363,2.0645645618438717,1.707122,laptev
2020-09-26,0.0024619927,0.0,4.1632996,-1.6419373,8.480942,11.147394561767578,1.4134262,2.042198705673218,1.8791512,laptev
2020-09-27,0.0032007883,0.0,2.6813278,-3.4119568,5.911283,10.065604400634765,1.1456176,1.9683281898498535,2.4886763,laptev
2020-09-28,0.0025327709,0.0,2.1278381,-4.241791,6.7351294,10.4054500579834,1.2094616,1.8105023145675658,2.7494738,laptev
2020-09-29,0.0020129003,0.0,1.467392,-7.5589294,7.550641,11.085566520690918,1.4378393,2.232815313339233,3.2629147,laptev
2020-09-30,0.0033254183,0.0,1.1028595,-7.759613,6.2940073,11.381747055053712,1.1809437,1.9093721866607667,3.4296706,laptev
2020-10-01,0.0028109294,0.0,0.7207794,-9.006195,8.089444,13.932140541076661,1.3354919,2.4588962554931646,3.5177276,laptev
2020-10-02,0.00283281,0.0,0.40940857,-5.165619,8.836334,12.127175521850585,1.574354,2.2087217807769783,3.6990166,laptev
2020-10-03,0.0037661246,0.0,0.6338577,-5.065033,7.2484045,11.299010848999023,1.504568,2.187237882614136,3.477692,laptev
2020-10-04,0.004553909,0.0,0.71183777,-5.599457,7.4237976,12.545779037475587,1.4108405,2.6003570556640625,3.242727,laptev
2020-10-05,0.005123504,0.0,0.22459412,-4.408539,6.3688607,12.85012607574463,1.4413692,2.9705323696136476,3.64824,laptev
2020-10-06,0.0056986404,0.0,0.45667267,-8.283295,6.750145,11.479939842224121,1.4169682,2.8449413776397705,3.402627,laptev
2020-10-07,0.006403897,0.0,0.049926758,-8.190247,7.3746314,11.789579010009765,1.3208454,1.9924335479736328,3.3560038,laptev
2020-10-08,0.0071684266,0.0,-0.24289703,-7.066742,7.436373,11.541621398925782,1.4984219,2.5234603881835938,3.524231,laptev
2020-10-09,0.0063776267,0.0,-0.20911407,-10.476898,6.8450437,11.271697044372559,1.4319713,2.3469152450561523,3.5309136,laptev
2020-10-10,0.007256297,0.0,-0.51768494,-7.9873962,5.5477185,9.112205696105956,1.0730029,1.606261229515076,3.7876596,laptev
2020-10-11,0.007499571,0.0,-0.76026917,-11.495941,6.3089657,9.699975776672364,1.0303555,1.523139190673828,3.5293996,laptev
2020-10-12,0.012664852,0.0,-0.9090042,-11.071136,8.607274,11.436668014526367,1.4515461,2.4450392723083496,3.582283,laptev
2020-10-13,0.014633147,0.0,-1.0880432,-11.68045,8.4101515,12.66132640838623,1.7007384,2.9651910305023197,3.622401,laptev
2020-10-14,0.016260048,0.0,-1.5819016,-14.207916,6.152477,10.989548492431641,1.2456646,2.679332447052002,3.433041,laptev
2020-10-15,0.014563555,0.0,-0.30430603,-13.5572815,7.7099705,12.242231750488282,1.3693049,2.549538040161133,3.0548632,laptev
2020-10-16,0.01415018,0.0,0.6124573,-8.47995,9.227331,14.653982543945313,1.9261965,4.597576332092285,1.8834699,laptev
2020-10-17,0.011513205,0.0,0.18328094,-9.577179,11.685258,15.234102821350097,3.146039,4.958950805664063,2.694043,laptev
2020-10-18,0.01141057,0.0,-0.21180725,-9.601227,10.653748,14.300163269042969,3.0133321,4.812791538238526,2.505372,laptev
2020-10-19,0.011722649,0.0,-0.8164673,-7.016083,9.298002,12.587440299987794,2.3366838,3.8664731979370117,2.325607,laptev
2020-10-20,0.015031877,0.0,-1.5143967,-10.558929,7.8499823,10.156929397583008,1.5873964,2.4635586738586426,2.948701,laptev
2020-10-21,0.019071143,0.0,-1.4350815,-14.886017,7.055716,10.170904922485352,1.2826095,1.97700777053833,2.9484189,laptev
2020-10-22,0.028537374,0.0,-2.2930145,-15.200287,5.6810827,8.739770507812501,0.9308189,1.6596788167953491,3.1096458,laptev
2020-10-23,0.03756504,0.061669921875000006,-3.132904,-16.725586,5.893342,11.23055305480957,0.89109117,1.8125029802322388,3.6122367,laptev
2020-10-24,0.04108219,0.14643554687500007,-2.663086,-12.8367,8.387871,12.118022918701172,1.4770055,2.469951915740967,3.840345,laptev
2020-10-25,0.05382299,0.253753662109375,-3.3939896,-17.89891,7.549461,12.512882804870605,1.5631977,2.420998764038086,3.9255853,laptev
2020-10-26,0.07243988,0.35157470703125004,-3.6553879,-18.529114,8.186376,12.114518928527833,1.5957046,2.510189199447632,3.9223785,laptev
2020-10-27,0.08350195,0.3798583984375003,-3.444786,-17.195068,8.141469,11.36375675201416,1.4370649,2.1561273097991944,3.4324262,laptev
2020-10-28,0.10099482,0.48565063476562503,-3.982933,-18.365143,9.710389,12.613740348815918,1.916994,2.6948351860046387,3.1093154,laptev
2020-10-29,0.11011564,0.5121826171875,-4.496689,-20.675598,7.5202675,11.243381309509278,1.6054522,2.6310512542724607,4.553841,laptev
2020-10-30,0.14627191,0.60206298828125,-4.6164093,-22.37474,8.284418,11.807820701599121,1.6435405,2.7279486656188965,4.349923,laptev
2020-10-31,0.20328684,0.69215087890625,-5.751175,-22.041138,8.201952,11.445228767395019,1.7963268,2.6862669944763184,3.829126,laptev
2021-07-01,0.40554044,0.855767822265625,1.3248596,-3.0711365,5.383666,7.77853364944458,0.568231,1.1254052162170411,1.1885793,laptev
2021-07-02,0.34672362,0.80631103515625,3.1822891,-0.77597046,6.250593,8.741555976867676,0.5767126,0.946485960483551,1.0185342,laptev
2021-07-03,0.30867523,0.737042236328125,3.1513977,-0.41610718,6.5529947,10.251264953613282,0.6778534,1.227528238296509,0.7818122,laptev
2021-07-04,0.29846516,0.692340087890625,2.4508362,-1.0628357,6.4081306,9.078696441650392,0.7717577,1.2924232482910156,1.2479362,laptev
2021-07-05,0.28477708,0.7055908203125,1.9280319,-0.98446655,6.9918847,11.657135581970214,0.8991158,1.6292154788970947,1.2288269,laptev
2021-07-06,0.2687365,0.7154541015625,1.5544586,-1.165863,8.477671,13.007483100891113,1.475907,2.8123487949371344,1.793526,laptev
2021-07-07,0.26341194,0.721490478515625,1.5016937,-1.1746521,6.744898,9.778285789489747,1.0885143,2.1603405475616455,1.7911365,laptev
2021-07-08,0.2497124,0.707000732421875,1.5756836,-2.0603943,5.590314,8.340317726135254,0.73468137,1.4008033990859987,1.445271,laptev
2021-07-09,0.24567865,0.717620849609375,1.1594772,-4.4358826,4.927054,7.649433326721192,0.62389135,0.9425699830055237,1.4630685,laptev
2021-07-10,0.24590339,0.740875244140625,1.5440674,-2.8382263,6.590812,12.508442497253418,0.8555764,2.1553042411804197,1.9987988,laptev
2021-07-11,0.23997855,0.753924560546875,1.3531036,-2.8121033,7.8975887,11.910811233520509,1.2867998,2.1759623527526855,2.07866,laptev
2021-07-12,0.23422572,0.7402282714843751,1.7668152,-3.1514587,6.4834704,10.550859832763672,0.9289967,1.972306203842163,1.816848,laptev
2021-07-13,0.22747116,0.7261596679687501,2.4835434,-3.0193787,5.2714286,8.108054161071777,0.57783824,0.8881986021995544,1.4674071,laptev
2021-07-14,0.22747116,0.7261596679687501,2.5869522,-0.7798767,7.934755,12.152537536621095,1.2063243,2.3515705585479734,1.4308336,laptev
2021-07-15,0.20384496,0.68994140625,1.8209457,-1.1121521,7.574711,11.664320373535157,1.3636019,2.382070732116699,1.1986406,laptev
2021-07-16,0.2065425,0.7105163574218751,1.4061584,-1.2974548,7.030652,10.877292251586914,1.0709758,1.9005231857299805,1.2437675,laptev
2021-07-17,0.2112092,0.7123962402343751,1.3339386,-1.4866638,7.4979,10.527549934387206,1.2701143,1.9262645244598389,1.4116495,laptev
2021-07-18,0.21148722,0.712347412109375,1.6295471,-1.9429626,4.616022,9.3709228515625,0.72510266,1.608466672897339,1.2602056,laptev
2021-07-19,0.21264784,0.7022277832031251,2.1060104,-0.84213257,4.873507,8.902070426940918,0.6556661,1.1556106090545655,1.0568119,laptev
2021-07-20,0.2078189,0.701873779296875,1.9431076,-0.77890015,4.0579057,7.451397705078127,0.612928,1.0237871170043946,0.7324461,laptev
2021-07-21,0.20321615,0.6982299804687501,1.6751709,-1.2015076,3.818685,6.175183486938478,0.45369136,0.7275376677513125,0.61503726,laptev
2021-07-22,0.18832439,0.67861328125,2.0255356,-1.2762146,5.69481,8.329779052734375,0.5581471,1.020878100395203,0.73309857,laptev
2021-07-23,0.17041166,0.66981201171875,2.4839172,-0.95321655,7.6261287,10.28116054534912,1.0131571,1.6598137617111206,0.99289477,laptev
2021-07-24,0.15488029,0.652362060546875,2.5077896,-0.9180603,7.695766,10.470296096801759,1.2083362,1.833541250228882,1.0695512,laptev
2021-07-25,0.143053,0.63514404296875,2.596939,-1.2657166,8.588874,12.489415359497071,1.5263319,2.7425664901733398,1.3174814,laptev
2021-07-26,0.13189954,0.6273193359375002,2.4589233,-1.0767517,7.373093,11.789947509765625,1.3795342,2.416615533828735,1.24954,laptev
2021-07-27,0.13012537,0.61959228515625,2.3270035,-1.4666443,5.767847,9.920545196533203,0.8402765,1.480240273475647,1.1885507,laptev
2021-07-28,0.11291952,0.59124755859375,3.1219177,-0.6355896,7.281822,11.216484832763673,1.0706882,2.229601526260376,1.3743582,laptev
2021-07-29,0.10604133,0.53411865234375,4.0769577,-0.6092224,7.664836,11.011562728881836,1.1661342,2.1209778308868406,1.3688307,laptev
2021-07-30,0.10470262,0.51944580078125,3.367569,-1.5120544,6.2347803,10.064029312133789,0.881534,1.678086757659912,1.1941468,laptev
2021-07-31,0.09878019,0.52242431640625,3.160057,-0.64437866,6.526515,10.150534439086915,0.90655375,1.7405378818511963,1.0944301,laptev
2021-08-01,0.08268685,0.44794921875000004,4.148903,-0.5899353,7.7318616,11.207843780517578,1.235442,2.132204151153565,1.1579739,laptev
2021-08-02,0.07376313,0.3922729492187502,4.483551,-0.60409546,6.519493,10.294773292541503,1.0706639,1.8418679237365723,1.1149523,laptev
2021-08-03,0.074284285,0.36754760742187503,3.5298233,-0.59994507,4.5319257,7.5923610687255865,0.67241466,1.1974597454071045,0.88385546,laptev
2021-08-04,0.066384576,0.3478942871093751,3.1194,-1.4097595,4.1833887,7.37374963760376,0.4960914,0.8068468570709229,0.6752985,laptev
2021-08-05,0.061557893,0.2960937500000005,3.5786972,-1.4353943,5.276282,8.813892364501953,0.5622993,1.2286548137664794,0.9262102,laptev
2021-08-06,0.053172585,0.2013061523437504,3.9231262,-0.216156,6.4382734,9.026212310791015,0.74490726,1.291263198852539,1.1499655,laptev
2021-08-07,0.052717123,0.20465087890625,4.155815,-0.9043884,5.680749,8.505549430847168,0.6860682,1.2278894424438476,0.9682885,laptev
2021-08-08,0.05639358,0.2529418945312501,4.1411057,-1.0630798,3.678176,6.160229587554932,0.43426844,0.817387080192566,0.57482857,laptev
2021-08-09,0.055495046,0.2587829589843751,3.5807114,-0.98373413,2.7672782,5.861569786071778,0.29694298,0.4760580778121949,0.38664696,laptev
2021-08-10,0.051089115,0.24360961914062507,4.191635,-0.90805054,4.8154497,7.971739387512208,0.4251923,1.0124425888061526,0.58635247,laptev
2021-08-11,0.058918767,0.28231811523437544,4.7415314,-1.2793884,6.7940235,9.480375671386719,0.8218461,1.3176858901977542,0.67072916,laptev
2021-08-12,0.042750947,0.11067504882812501,4.1234818,-0.8807068,7.972185,12.918185043334962,1.2370007,2.7142935276031492,1.1029621,laptev
2021-08-13,0.04348543,0.164947509765625,3.0516052,-1.0843201,8.420459,13.820517921447754,1.7156013,3.391116428375244,1.6881659,laptev
2021-08-14,0.047677025,0.22764892578125007,2.8428345,-1.2801208,5.7640467,9.799391174316407,0.9749182,1.8671534061431885,2.0509574,laptev
2021-08-15,0.044347145,0.18854980468750032,3.4356918,-1.440033,4.7737093,8.634542465209961,0.71770257,1.2529318332672124,1.8974766,laptev
2021-08-16,0.03913278,0.129571533203125,4.6136093,-0.9307556,6.5384316,9.440443420410157,0.80175996,1.4417533874511719,1.7063262,laptev
2021-08-17,0.042655073,0.1766479492187501,4.8319626,-0.98568726,6.23006,9.761274528503419,0.9614028,1.493326258659363,1.0557827,laptev
2021-08-18,0.03589679,0.08665771484375037,4.2814636,-2.4446716,5.350291,7.826593112945557,0.76323307,1.2488435029983522,0.6444621,laptev
2021-08-19,0.033453353,0.0571105957031251,3.2453613,-3.235199,5.9113574,9.348119735717773,0.77492785,1.4284671306610108,1.4851164,laptev
2021-08-20,0.03283988,0.05439453125000043,2.7103043,-2.4815369,6.483822,10.903264617919922,1.0902798,2.0609747886657717,2.2324028,laptev
2021-08-21,0.033186655,0.07376708984375002,2.5764847,-2.221283,4.817933,8.821206283569337,0.77504206,1.4966147899627686,2.231265,laptev
2021-08-22,0.029076718,0.04793701171875034,3.3042526,-2.5364685,5.3096366,8.987928199768067,0.60495734,1.0904289722442628,1.8931067,laptev
2021-08-23,0.024302574,0.013781738281250205,3.7011185,-2.0472107,5.411645,8.048394012451173,0.6049166,0.9802668809890749,1.4080524,laptev
2021-08-24,0.019915955,0.0,3.0531158,-3.726654,5.413596,7.8383196830749515,0.68319607,1.0271390438079835,1.4225634,laptev
2021-08-25,0.018207638,0.0,2.222435,-3.624115,6.824575,10.36878490447998,0.8980586,1.3516729831695566,2.2767928,laptev
2021-08-26,0.01693374,0.0,1.7331467,-5.2549744,8.469278,12.671480751037597,1.3793404,2.1827090740203867,2.1232333,laptev
2021-08-27,0.016549034,0.0,1.2874985,-5.03598,6.8358383,11.76635684967041,1.2415495,2.2042409420013427,2.7469082,laptev
2021-08-28,0.016359787,0.0,1.6733246,-4.1421814,5.3441095,8.62692928314209,0.7231215,1.2771048069000246,2.9905922,laptev
2021-08-29,0.01850611,0.0,1.6050415,-6.1670837,5.99443,10.186019706726075,0.77142894,1.4690803050994872,2.7933176,laptev
2021-08-30,0.018842824,0.0,1.3710022,-5.8143005,4.809685,7.174922275543213,0.59900844,1.00751371383667,2.9956014,laptev
2021-08-31,0.019294338,0.0,1.3999557,-5.3450623,4.027305,7.997992515563966,0.49529973,1.0953176259994502,3.117691,laptev
2021-09-01,0.021938426,0.0,1.6317444,-5.505707,5.471498,10.517951583862304,0.7551465,1.5560699462890624,3.093081,laptev
2021-09-02,0.021485537,0.0,1.4208145,-6.1333923,6.556223,11.577321052551271,0.9447806,2.034874153137207,3.0938015,laptev
2021-09-03,0.025415042,0.0,0.6503906,-5.7378845,6.673085,11.836803245544434,1.0763118,2.2274168014526365,4.0746946,laptev
2021-09-04,0.026783932,0.0,1.1073608,-6.638275,6.553707,11.198883438110352,0.99602336,1.96891450881958,4.227054,laptev
2021-09-05,0.023567718,0.0,2.7081757,-5.5730896,8.834883,13.8193754196167,1.4023509,3.0473185539245597,1.9832437,laptev
2021-09-06,0.020011157,0.0,1.4658127,-5.259613,8.59313,11.746606826782227,1.5591695,2.6873956680297852,2.6616619,laptev
2021-09-07,0.023041176,0.0,0.499794,-5.200287,8.965883,13.365876197814941,1.6319855,2.877347612380982,3.2922401,laptev
2021-09-08,0.027912518,0.0,0.8535843,-4.9913025,6.316451,11.181308937072755,1.1932592,2.3304629802703865,2.730681,laptev
2021-09-09,0.028755786,0.0,1.8337708,-5.3926697,6.757489,11.21955509185791,1.0974238,2.2132543087005616,2.3702004,laptev
2021-09-10,0.023531971,0.0,3.0478745,-5.776947,6.4855886,9.226456260681152,0.9884301,1.689415693283081,1.4559027,laptev
2021-09-11,0.01747168,0.0,3.7069244,-3.8902283,5.862309,8.999843215942382,0.80686545,1.338338279724121,0.98478854,laptev
2021-09-12,0.017817413,0.0,2.9976654,-4.7017517,5.4772573,8.325029182434083,0.7340312,1.4413945198059082,0.990235,laptev
2021-09-13,0.021857502,0.0,1.6462555,-4.676361,4.4958353,7.3817925453186035,0.60252595,0.9554465889930726,1.5477896,laptev
2021-09-14,0.024570402,0.0,1.048851,-4.637787,5.610819,8.777082824707032,0.67722416,1.2174007415771484,2.2648187,laptev
2021-09-15,0.031680085,0.0,0.76117706,-6.365326,6.801085,10.723851776123047,0.9408942,1.9342249631881714,2.7120068,laptev
2021-09-16,0.035428632,0.0,-0.5040741,-6.9151306,7.656628,10.431578063964844,1.2592034,2.051612663269043,3.560512,laptev
2021-09-17,0.035428632,0.0,-0.45695496,-6.346527,6.9201927,9.721527099609375,1.0856801,1.6902318954467774,3.3544579,laptev
2021-09-18,0.04701792,0.04820556640625023,-0.29244232,-6.2950134,4.7819557,7.266803646087647,0.7519648,1.2329680204391482,3.588823,laptev
2021-09-19,0.045558527,0.04321899414062538,0.182724,-6.792328,3.218896,6.170903301239014,0.5115749,0.8433106422424317,3.5524027,laptev
2021-09-20,0.045981377,0.042962646484375006,0.35733795,-6.4947205,4.082119,7.5776857376098645,0.45915377,0.9676429748535156,3.3866239,laptev
2021-09-21,0.045046847,0.021350097656250067,0.51807404,-5.7903748,5.028908,8.32628345489502,0.5943249,1.099398398399354,3.0868936,laptev
2021-09-22,0.03825698,0.004956054687500183,0.3553772,-6.0362244,5.353934,9.384171295166016,0.70080423,1.4539546966552743,3.200238,laptev
2021-09-23,0.046452142,0.08235473632812501,-0.038269043,-7.7051697,5.371185,8.033833503723145,0.64396715,1.1855955362319945,2.9444394,laptev
2021-09-24,0.046397995,0.09640502929687511,0.7520523,-5.964447,7.994855,11.211651802062988,1.071137,1.942185926437378,1.9666705,laptev
2021-09-25,0.05311367,0.15993652343750034,0.4775772,-9.481537,7.8569927,11.421987152099609,1.255354,2.1135717868804935,1.6364231,laptev
2021-09-26,0.06596927,0.2525756835937501,-1.0739822,-9.881683,7.8701186,11.376790809631348,1.3146555,2.2616605281829845,2.2899985,laptev
2021-09-27,0.08070413,0.3362854003906253,-1.0332718,-9.135101,6.4696336,11.553081130981445,1.113226,2.139829158782959,2.6722908,laptev
2021-09-28,0.07792923,0.3223388671875002,-0.29177094,-7.2061462,5.828869,9.640425109863282,0.84716296,1.3909549713134766,2.582568,laptev
2021-09-29,0.06443831,0.2883911132812501,-0.25143433,-8.396576,6.4781475,10.934692001342775,1.0008013,1.9418217182159418,2.1480656,laptev
2021-09-30,0.052298088,0.22354125976562503,-0.27799225,-7.5481873,7.303224,11.4685791015625,1.2672459,2.249206829071045,2.4766011,laptev
2021-10-01,0.049326736,0.20823974609375,-0.61582184,-7.542755,6.611267,11.693328094482423,1.3039521,2.2416066169738773,2.6429584,laptev
2021-10-02,0.05642932,0.251116943359375,-1.1445389,-11.751068,6.237901,8.480259323120118,1.0707713,1.755173683166504,2.8926098,laptev
2021-10-03,0.06689647,0.3270019531250001,-1.5695343,-8.584808,5.766017,9.139189338684083,0.99161243,1.4074596881866455,3.3182433,laptev
2021-10-04,0.070485696,0.35273437500000016,-1.5903625,-8.200775,6.0811496,10.983511543273925,0.96243787,1.7326534748077402,3.2523086,laptev
2021-10-05,0.08269665,0.4150634765625004,-2.3442535,-12.238861,6.932741,9.98072338104248,1.0879589,1.6337802410125732,3.4737072,laptev
2021-10-06,0.097116865,0.49136962890625013,-3.2350693,-17.498642,7.482199,11.52834701538086,1.2746856,2.212197780609131,3.4181454,laptev
2021-10-07,0.11049142,0.54527587890625,-2.8154755,-17.433777,7.4984393,11.788409805297851,1.4049011,2.4064434528350835,3.6556265,laptev
2021-10-08,0.113284394,0.5751586914062502,-2.1585846,-15.909821,7.8320518,12.160861968994142,1.4654878,2.6865382194519043,3.2845645,laptev
2021-10-09,0.105735354,0.509063720703125,-2.2650223,-13.965546,6.815611,11.224016761779785,1.3030541,2.433851718902588,3.551249,laptev
2021-10-10,0.11516134,0.5521240234375,-2.054802,-11.225433,6.377431,9.069934844970703,1.0792267,1.5325228214263915,3.608647,laptev
2021-10-11,0.12737405,0.5862060546875,-1.9134445,-11.160004,6.9210367,10.101190757751466,1.2038956,1.7972011089324953,3.0298007,laptev
2021-10-12,0.14894871,0.6407470703125,-2.598709,-11.989349,6.1962357,10.131209945678714,1.1639813,1.8012938976287842,2.956084,laptev
2021-10-13,0.17124583,0.6872314453125004,-3.3368073,-13.455688,4.853222,8.32036476135254,0.86573136,1.358969783782959,2.9932156,laptev
2021-10-14,0.184873,0.71298828125,-4.07003,-13.399628,4.8738613,8.714073181152344,0.6341761,0.93037006855011,3.02665,laptev
2021-10-15,0.18348832,0.677337646484375,-4.1606903,-12.329559,8.520238,13.42806739807129,1.4213302,3.1743415832519535,3.3368046,laptev
2021-10-16,0.19768102,0.703173828125,-4.2054214,-14.315399,8.805388,12.839482307434082,1.8853401,3.15418291091919,3.3005507,laptev
2021-10-17,0.23598333,0.741064453125,-5.0168533,-18.259048,7.472742,11.668933296203614,1.6923116,2.73641414642334,3.2578416,laptev
2021-10-18,0.2646161,0.770135498046875,-5.756325,-20.529755,7.9462385,11.193413352966308,1.5990744,2.427107572555542,3.4724498,laptev
2021-10-19,0.31834522,0.7895446777343751,-6.8298416,-21.726639,7.6165285,10.670750617980957,1.3437052,2.1727315902709963,4.065537,laptev
2021-10-20,0.39240143,0.817279052734375,-7.7001038,-21.802551,5.4911337,8.928311920166015,0.83174944,1.2868872642517097,4.4602933,laptev
2021-10-21,0.47873235,0.8453369140625,-8.22403,-22.927551,5.999786,8.614164543151855,0.89023393,1.3727778434753417,3.6574605,laptev
2021-10-22,0.58239174,0.878375244140625,-9.170654,-22.467728,5.1830473,7.3106707572937015,0.78364813,1.2803958415985106,3.2930393,laptev
2021-10-23,0.66369027,0.9046875,-10.043648,-22.0822,5.795091,9.158761978149414,0.89323676,1.2618510246276857,2.9989269,laptev
2021-10-24,0.7165997,0.9194580078125,-11.708649,-24.378677,5.3265085,8.88078784942627,1.1947765,1.5898582935333252,2.9073288,laptev
2021-10-25,0.76607996,0.92369384765625,-12.749847,-24.200012,4.244971,7.808745574951172,0.6973404,1.3147869110107422,3.3247416,laptev
2021-10-26,0.8165399,0.9382568359375,-13.076538,-26.684464,5.081748,8.04823513031006,0.72748303,1.4150089740753176,2.665109,laptev
2021-10-27,0.8555811,0.954766845703125,-13.191742,-24.933167,5.344004,9.622357559204103,0.52056646,0.6827459335327148,2.5189729,laptev
2021-10-28,0.8830127,0.966668701171875,-12.648521,-22.67302,5.648235,9.4280517578125,,,2.2046287,laptev
2021-10-29,0.9012913,0.97381591796875,-13.247574,-26.46347,4.465764,7.900860691070558,,,2.0781956,laptev
2021-10-30,0.92062426,0.978326416015625,-14.1221695,-25.878769,4.685495,7.989115142822266,,,2.1973796,laptev
2021-10-31,0.9402352,0.9865966796875,-13.474007,-21.243256,6.0253763,8.60272331237793,,,2.25305,laptev
2022-07-01,0.6033541,0.934295654296875,0.98028564,-2.8929138,4.893116,8.171107482910157,0.3495596,0.7349087595939636,1.1409167,laptev
2022-07-02,0.5902958,0.956103515625,1.2967606,-1.9414978,4.9492817,8.09576358795166,0.33005956,0.7020249843597413,1.007171,laptev
2022-07-03,0.6043144,0.999993896484375,1.1241074,-1.6582947,4.1778736,6.601741886138917,0.38850453,0.7399006485939026,1.0589447,laptev
2022-07-04,0.598709,0.997454833984375,0.8680954,-1.2791443,4.6182704,8.55702476501465,0.5998277,1.3764459133148192,1.0607805,laptev
2022-07-05,0.585786,0.999542236328125,0.90174866,-2.532074,6.6397977,11.425877761840821,1.0647837,2.1678958415985106,1.1274822,laptev
2022-07-06,0.5778899,1.0,0.92311096,-2.5621033,7.1835403,12.600769996643066,0.73774904,2.1349110126495363,1.5800347,laptev
2022-07-07,0.5560352,0.97821044921875,1.0726395,-2.160736,9.140476,14.194344902038575,0.87808573,1.5401075839996339,1.72932,laptev
2022-07-08,0.5477985,0.94268798828125,1.0080872,-3.617279,8.101482,14.240896224975586,0.79929996,1.6652114391326904,1.7404543,laptev
2022-07-09,0.53738916,0.947430419921875,1.5086594,-2.9031677,6.2671556,12.710416984558107,0.5287858,1.131328010559082,1.6131563,laptev
2022-07-10,0.52061355,0.93868408203125,1.9284134,-2.8086853,4.4850426,8.45510025024414,0.5851688,1.2789088249206544,1.3578248,laptev
2022-07-11,0.5228869,0.9525146484375,1.3187256,-2.1419373,4.949995,8.641435432434083,0.57349676,1.2221335411071776,1.3590491,laptev
2022-07-12,0.5241158,0.942413330078125,1.0967865,-1.3572693,5.5261555,8.863602638244629,0.62780154,1.3538557052612306,1.2704626,laptev
2022-07-13,0.5115096,0.933526611328125,1.1931763,-1.0115662,5.4634533,9.616011238098146,0.36608458,0.6255360007286073,1.1685288,laptev
2022-07-14,0.5057811,0.9259216308593751,1.5409164,-0.9908142,5.177553,9.439039611816408,0.42212358,0.8386863589286805,0.8793252,laptev
2022-07-15,0.49348396,0.945526123046875,1.4220276,-0.8333435,4.641263,7.238310623168946,0.43359137,0.7419672012329103,0.872519,laptev
2022-07-16,0.48027483,0.94710693359375,1.450386,-0.68466187,6.5495095,11.275414657592775,0.6990698,1.6041528701782233,1.044394,laptev
2022-07-17,0.46170208,0.909869384765625,1.4696579,-0.9685974,6.3735623,11.25218677520752,0.6616769,1.3975225687026978,0.95096827,laptev
2022-07-18,0.45427603,0.943231201171875,1.2781906,-0.9078064,6.4665813,9.071550750732422,0.7817654,1.4466344356536864,1.0590285,laptev
2022-07-19,0.45253912,0.96934814453125,1.0481415,-2.0828552,6.6671057,9.297990417480468,0.99598336,1.4515457153320312,1.7321539,laptev
2022-07-20,0.4472638,0.9755126953125,1.1054077,-1.9241638,5.265085,8.259376144409181,0.697243,1.0854010581970215,1.253047,laptev
2022-07-21,0.43286288,0.966241455078125,0.98339844,-1.7190857,6.4345183,10.659240913391114,0.9451964,1.73600172996521,1.1625375,laptev
2022-07-22,0.4243769,0.961846923828125,1.7387695,-1.5059509,7.2014046,10.878854370117187,1.1772256,1.8790457248687744,1.2150068,laptev
2022-07-23,0.40979767,0.9630615234375,2.2176056,-1.097992,7.040143,10.052011299133301,1.1229018,1.7239054679870607,0.91308904,laptev
2022-07-24,0.39695317,0.968341064453125,2.4203644,-0.66122437,6.8908997,8.995832633972169,0.96579766,1.4296834468841553,0.78379667,laptev
2022-07-25,0.3648159,0.944580078125,2.5824661,-0.95687866,7.1917987,9.925405311584473,0.97169626,1.5665503263473515,0.69170433,laptev
2022-07-26,0.35437444,0.949188232421875,2.6880875,-0.9161072,5.896647,9.539367294311523,0.8738932,1.5504246950149538,0.76860607,laptev
2022-07-27,0.30902624,0.879302978515625,3.410843,-0.79696655,5.5675664,8.59699878692627,0.72935116,1.1454161882400513,0.8402094,laptev
2022-07-28,0.27758405,0.815924072265625,4.0102844,0.038970947,6.73111,10.56047706604004,0.8942009,1.59280903339386,1.1079105,laptev
2022-07-29,0.26675278,0.777685546875,3.489029,-0.5923767,5.5323935,10.282017707824707,0.8719235,1.7669623374938968,0.67946947,laptev
2022-07-30,0.25814718,0.75343017578125,3.0766144,-0.6548767,5.127988,7.460672855377198,0.5296921,0.9175307869911195,0.5305742,laptev
2022-07-31,0.2745994,0.793939208984375,2.5576248,-0.55355835,6.1109047,8.437567138671875,0.5496066,0.8837781548500061,0.8848523,laptev
2022-08-01,0.2873905,0.81927490234375,2.1093674,-0.68270874,6.2723083,8.738032722473145,0.6351011,1.0045652389526367,0.9939554,laptev
2022-08-02,0.28765896,0.79996337890625,2.1509094,-1.3955994,7.2815647,9.870564079284668,0.92359346,1.8089283943176269,1.3364503,laptev
2022-08-03,0.28901654,0.782293701171875,2.170433,-2.523529,8.172525,10.979202270507812,1.1061846,2.0439117431640623,1.3665875,laptev
2022-08-04,0.28495383,0.753143310546875,2.177147,-1.6631775,7.211032,10.250666427612307,1.0324178,2.0288928985595702,1.2734039,laptev
2022-08-05,0.28918788,0.756402587890625,2.1093597,-1.8467712,5.252779,8.92527313232422,0.64202064,1.5096945047378543,1.1443292,laptev
2022-08-06,0.29855382,0.78397216796875,2.2810745,-1.2076111,5.0775886,8.40251407623291,0.53068,1.028039813041687,1.0862179,laptev
2022-08-07,0.2785008,0.7641479492187501,3.112152,-0.97543335,6.3405385,9.990326499938964,0.84318537,1.6180335998535156,1.1181638,laptev
2022-08-08,0.26522353,0.752325439453125,3.2670288,-0.9329529,5.572177,9.95937252044678,0.89486676,1.771264171600342,0.76399666,laptev
2022-08-09,0.26101655,0.75753173828125,3.3684235,-0.58309937,5.0737042,9.135850715637208,0.635323,1.7083271741867065,0.59871376,laptev
2022-08-10,0.26103613,0.757940673828125,3.2757874,-0.7029724,6.3329487,8.748087310791016,0.6557694,1.1284046649932862,0.75058657,laptev
2022-08-11,0.26874506,0.7489013671875,2.4173355,-1.0643005,6.9620514,9.945536804199218,0.86474633,1.7200352191925048,1.3644719,laptev
2022-08-12,0.2654015,0.74150390625,2.858818,-0.9981384,5.355532,8.615828704833984,0.6146326,1.294171953201294,1.767708,laptev
2022-08-13,0.2406205,0.71378173828125,4.5607986,-0.8267517,7.0791636,10.511965560913087,0.66066504,1.475900650024414,1.7958963,laptev
2022-08-14,0.20854697,0.64307861328125,4.5973587,-0.41342163,6.4270415,8.92037467956543,0.67402995,1.1289072036743164,1.798728,laptev
2022-08-15,0.20736952,0.652618408203125,4.1067886,-1.7815857,5.431813,8.5516996383667,0.65992254,1.1585399627685549,1.1507308,laptev
2022-08-16,0.21815217,0.71402587890625,3.4909515,-1.533783,5.2005696,9.165037727355958,0.7833135,1.2367635250091553,0.8166554,laptev
2022-08-17,0.22895885,0.732330322265625,2.8027878,-0.8592224,5.394876,8.985162353515625,0.8644418,1.2429236888885502,0.7663635,laptev
2022-08-18,0.22342701,0.70714111328125,2.4782944,-1.7061462,5.980588,9.0839319229126,0.9126529,1.4880388259887696,1.0460992,laptev
2022-08-19,0.22234842,0.70601806640625,2.6259384,-2.504242,4.501361,8.191912651062012,0.717116,1.3085639715194701,1.071045,laptev
2022-08-20,0.23264542,0.729327392578125,2.7558746,-2.0437927,4.4036603,7.535452270507813,0.6401773,1.0167709827423095,1.056513,laptev
2022-08-21,0.22661512,0.710308837890625,2.691391,-1.8223572,5.421932,8.812691497802735,0.7440633,1.3304256677627564,1.0239203,laptev
2022-08-22,0.22082533,0.7183105468750001,2.295723,-2.2391052,5.353307,8.430107879638673,0.71701884,1.2481725215911865,1.4100857,laptev
2022-08-23,0.21586253,0.6978515625,1.945221,-4.2498474,5.2840486,8.147320175170899,0.68344194,1.11141037940979,1.792138,laptev
2022-08-24,0.21151364,0.68604736328125,1.6939011,-4.284027,4.5180755,7.710495567321778,0.5664904,0.9381676793098448,2.3898873,laptev
2022-08-25,0.19846681,0.670562744140625,2.433525,-6.535492,5.4495263,9.24639949798584,0.6388937,1.2401010513305661,1.8625607,laptev
2022-08-26,0.1929193,0.6718017578125,2.40934,-6.9773865,5.034366,7.825275230407715,0.6401111,1.1047342777252198,1.5455385,laptev
2022-08-27,0.18783066,0.67041015625,2.7977295,-5.5679626,6.284346,9.104246520996094,0.794613,1.3591460466384888,1.2612329,laptev
2022-08-28,0.17207976,0.6473388671875002,3.292282,-2.629486,7.3773375,9.95558204650879,1.0658734,1.6816139698028565,1.0067748,laptev
2022-08-29,0.16632266,0.628448486328125,2.8564758,-2.5708923,5.8563995,8.433898735046387,0.7740849,1.3152015924453735,0.897774,laptev
2022-08-30,0.15993457,0.614886474609375,2.0790176,-2.6314392,6.6567245,9.053020095825195,0.87568855,1.3687029838562013,1.3615617,laptev
2022-08-31,0.15371634,0.6112670898437501,1.6029968,-3.821869,7.1910434,9.966612625122071,1.0584183,1.5987046241760254,1.9017258,laptev
2022-09-01,0.15764853,0.621630859375,1.8105164,-3.2957458,7.8304205,10.985849189758301,1.27949,1.914398431777954,1.6563103,laptev
2022-09-02,0.16388336,0.6380126953125,0.9047394,-4.462738,7.663498,11.12672863006592,1.2191554,1.8089799880981445,2.007251,laptev
2022-09-03,0.16646975,0.639202880859375,0.9506302,-4.3245544,7.959105,11.958941650390626,1.3916337,2.303929901123047,2.0942943,laptev
2022-09-04,0.17986043,0.6797119140625001,0.06768036,-7.8301697,5.01838,10.327896881103516,0.9944295,1.6464031219482422,2.8199923,laptev
2022-09-05,0.1895353,0.71175537109375,0.2535782,-8.358002,5.7762074,9.962132835388184,0.819479,1.4699386358261108,2.8081656,laptev
2022-09-06,0.20004758,0.7652770996093752,0.66706085,-6.8992615,5.393199,9.056370544433594,0.79393905,1.3939265727996826,2.1460133,laptev
2022-09-07,0.20864354,0.7848876953125,1.1964188,-5.1668396,5.3816705,8.660355567932129,0.7471248,1.3249701261520386,1.5015178,laptev
2022-09-08,0.20543784,0.79803466796875,0.8897629,-5.8018494,4.5239205,8.044365692138673,0.68220466,1.1514156818389893,1.7654393,laptev
2022-09-09,0.20411046,0.800689697265625,0.7290802,-7.5154724,5.3855953,8.239949226379395,0.77747643,2.018028783798218,1.952023,laptev
2022-09-10,0.19698694,0.796221923828125,0.37151337,-9.004242,5.51919,8.276407241821289,0.8957764,1.5155381202697753,2.1362739,laptev
2022-09-11,0.20397206,0.8166992187500001,0.11824036,-9.318451,4.273058,7.975510787963867,0.77580494,1.5874940872192382,2.0365672,laptev
2022-09-12,0.2076861,0.844671630859375,0.77682495,-8.021332,4.376069,7.1872010231018075,0.64288914,1.1084004402160645,2.3512487,laptev
2022-09-13,0.19442503,0.822576904296875,1.3764343,-6.388031,5.069143,8.002891540527344,0.538337,0.9712116956710816,2.0180397,laptev
2022-09-14,0.1849984,0.8148376464843751,0.9042206,-5.5818787,3.9674742,6.562498188018799,0.4817534,0.7777025103569031,1.6589979,laptev
2022-09-15,0.18592604,0.828125,0.40351105,-6.250824,4.4940405,8.782627487182618,0.6308539,1.1698145866394043,1.8191168,laptev
2022-09-16,0.18005542,0.825799560546875,0.7943802,-7.4080505,6.498881,9.735540580749513,0.9189968,1.5114800930023193,2.0814307,laptev
2022-09-17,0.17920847,0.8248291015625002,0.62036896,-6.1163025,6.005416,9.828454208374025,0.90408444,1.5159539699554443,2.0371568,laptev
2022-09-18,0.19003093,0.8613464355468751,-0.38758087,-7.943695,4.2703185,8.525101280212404,0.6653055,1.3701889514923096,2.4432898,laptev
2022-09-19,0.19651423,0.8736328125000002,-0.90953064,-9.635834,4.4441905,9.957021713256836,0.59046173,1.3529418230056762,2.840286,laptev
2022-09-20,0.20519127,0.88275146484375,-0.93814087,-12.53891,6.347552,11.682478141784669,1.0306342,2.015547180175781,2.3612378,laptev
2022-09-21,0.20606282,0.884747314453125,-0.9524765,-11.997894,7.2723756,11.668158340454102,1.5265052,2.289875030517578,2.2568235,laptev
2022-09-22,0.20484689,0.87288818359375,-0.6933212,-10.996674,6.903188,10.344819450378418,1.4045689,2.298719120025635,2.343344,laptev
2022-09-23,0.20314892,0.868438720703125,-0.5319443,-9.555267,5.9799743,8.456287384033203,0.93776023,1.6185126781463623,2.086896,laptev
2022-09-24,0.20363902,0.8653137207031252,-0.9308319,-10.78598,5.537894,8.850824356079102,0.74280256,1.3030010223388673,2.3206968,laptev
2022-09-25,0.20162755,0.87197265625,-0.48687744,-12.268402,6.099643,9.320927619934082,0.9434897,1.470056700706482,2.4828644,laptev
2022-09-26,0.20904875,0.8769287109375001,-0.6943741,-11.245697,5.389305,10.421882247924804,1.0462396,1.5437434434890749,2.7431517,laptev
2022-09-27,0.20335941,0.8537353515625,-0.7405319,-8.701019,6.735496,12.093662834167482,1.0424643,1.9386505603790285,2.9011707,laptev
2022-09-28,0.21128732,0.8542724609375,-1.1401138,-8.688568,6.6340623,11.016778945922853,1.1100967,2.1718898773193365,2.7624712,laptev
2022-09-29,0.2380252,0.890643310546875,-2.8956528,-10.253754,5.1350937,8.392559814453126,0.8140182,1.3923249244689941,3.27641,laptev
2022-09-30,0.24469018,0.89404296875,-1.9587402,-8.29184,5.8951516,9.821633529663087,0.748672,1.648381543159485,3.127623,laptev
2022-10-01,0.27146173,0.9331298828125,-3.498024,-11.190765,6.2237377,10.4088924407959,0.9661297,1.9592527627944951,2.9924374,laptev
2022-10-02,0.292239,0.922039794921875,-4.9526443,-13.898041,6.5361223,9.597744941711426,0.8735473,1.402459740638733,3.377336,laptev
2022-10-03,0.30175826,0.928448486328125,-3.2698746,-10.728607,7.685448,11.083670616149902,1.021907,2.0444908142089844,3.2694259,laptev
2022-10-04,0.30270353,0.91527099609375,-2.62529,-12.553314,8.4552145,11.402542114257812,1.4113122,2.0691808700561523,2.030881,laptev
2022-10-05,0.33191827,0.929107666015625,-5.590599,-14.31308,9.450466,13.46019630432129,1.8608443,3.3405114650726317,2.8152757,laptev
2022-10-06,0.3374204,0.915277099609375,-2.979477,-14.68515,10.473944,13.613368034362793,1.8282751,3.045440673828125,2.5784101,laptev
2022-10-07,0.36262938,0.9193359375,-6.409012,-16.146576,11.029058,16.036233520507814,2.1662536,4.423424625396728,2.782802,laptev
2022-10-08,0.40523192,0.936407470703125,-6.558136,-16.697784,10.161531,14.846995162963868,1.9732571,3.915613222122192,3.2211962,laptev
2022-10-09,0.4462477,0.95562744140625,-6.25222,-16.509003,8.598751,13.054426002502442,1.55173,2.9390045166015626,2.7200007,laptev
2022-10-10,0.44852072,0.968365478515625,-3.9305954,-14.2708435,6.9206276,11.892778778076172,1.3590653,2.265046405792236,1.840439,laptev
2022-10-11,0.4469554,0.96473388671875,-3.6966019,-12.783783,5.5569263,10.101380348205566,1.1056681,1.7795859336853028,1.4848412,laptev
2022-10-12,0.45252123,0.963909912109375,-3.8458862,-12.912506,5.379764,10.036939430236817,0.65717584,1.2727132320404053,1.3911629,laptev
2022-10-13,0.47618806,0.981982421875,-6.149269,-14.850006,6.0447497,10.094795608520508,0.7740174,1.7519979476928713,1.7646244,laptev
2022-10-14,0.48352993,0.981005859375,-5.8188324,-14.608246,7.4348087,12.08783073425293,1.1610056,2.2675771713256836,2.234263,laptev
2022-10-15,0.45054963,0.95267333984375,-2.5458603,-10.388031,8.21482,11.737913131713867,1.4748949,2.3187519550323485,1.6192614,laptev
2022-10-16,0.4556524,0.971875,-3.2935715,-9.782318,6.869556,11.265684700012207,1.3925442,2.2164254188537593,1.5314977,laptev
2022-10-17,0.47510916,0.962615966796875,-4.862732,-13.76474,7.078158,10.713456916809083,1.2445246,2.0823321342468275,2.2831013,laptev
2022-10-18,0.5157733,0.963519287109375,-6.4006577,-15.75473,5.09155,8.252635765075684,0.8081896,1.3202647209167484,2.5512438,laptev
2022-10-19,0.55349994,0.975823974609375,-6.9897537,-15.808502,5.852792,10.365701293945312,1.0433028,2.0468621253967285,2.3993697,laptev
2022-10-20,0.5688401,0.9662353515625,-6.9211044,-17.723679,6.908609,11.08378200531006,1.276699,2.1245538711547853,2.3237596,laptev
2022-10-21,0.58750796,0.9662353515625,-6.43779,-16.753845,4.9298487,7.9903689384460455,0.8247186,1.4884567022323612,1.9700599,laptev
2022-10-22,0.6079313,0.985162353515625,-6.472557,-15.068817,4.285799,6.624520587921143,0.57744074,0.8911383748054504,1.770106,laptev
2022-10-23,0.63201255,0.99371337890625,-6.357033,-15.0971985,5.7514086,10.288900375366211,0.7660115,1.8177540302276614,1.8598114,laptev
2022-10-24,0.64460504,0.987127685546875,-6.7976456,-15.878693,6.726796,10.305999183654786,1.1143916,2.012281370162965,1.7288826,laptev
2022-10-25,0.6794184,0.988470458984375,-6.889206,-16.345306,5.361539,8.969745254516601,0.9835091,1.4430100440979006,1.9487171,laptev
2022-10-26,0.76612705,0.9990478515625,-7.98629,-17.47647,3.1788158,5.799988079071046,0.5820956,1.0131959438323974,1.8463726,laptev
2022-10-27,0.82612336,0.999908447265625,-9.546013,-17.03537,2.744282,4.894247245788574,0.36065954,0.5678648233413697,1.6414181,laptev
2022-10-28,0.86492354,1.0,-10.843681,-20.852097,3.0222034,5.897170162200928,0.53884226,0.7655518770217896,1.8534374,laptev
2022-10-29,0.9006214,1.0,-11.512367,-21.893494,4.5327253,8.314990615844726,0.6085953,0.7802102088928223,1.8529184,laptev
2022-10-30,0.90908885,0.999908447265625,-11.974525,-23.471634,5.896899,8.704492568969727,0.42496607,0.6268598198890686,1.9247023,laptev
2022-10-31,0.91096324,0.999725341796875,-12.11692,-26.441635,7.280143,11.473784446716309,0.97753495,1.3575191497802734,2.003144,laptev
2023-07-01,0.66356474,0.90888671875,0.9785156,-1.9529724,6.2680316,9.629086303710938,0.42026436,0.9160308361053467,1.1423223,laptev
2023-07-02,0.65261674,0.899822998046875,0.8949127,-1.5301208,5.3420196,9.432271194458007,0.50084156,0.9926345467567443,0.93668306,laptev
2023-07-03,0.6530429,0.9042724609375,0.78206635,-1.0184021,4.6351,6.930304050445557,0.42427295,0.61950341463089,1.0858078,laptev
2023-07-04,0.6467898,0.908087158203125,0.73300934,-1.4900818,4.6555257,8.58088607788086,0.40872872,0.6162250638008117,1.0549809,laptev
2023-07-05,0.6440821,0.9336669921875,0.79341125,-1.4764099,5.736667,10.227290344238282,0.46165782,0.6959786057472229,0.997894,laptev
2023-07-06,0.6314544,0.9203063964843751,1.0255814,-1.5796814,4.4437647,7.179612064361573,0.33202973,0.6127700090408326,1.0349703,laptev
2023-07-07,0.62577116,0.869140625,0.67757416,-1.8482361,6.6600227,12.04622745513916,0.84886265,2.185734272003174,1.3569431,laptev
2023-07-08,0.61521816,0.866961669921875,0.7303009,-1.2476501,8.77198,14.531251335144043,1.0270196,1.9872187376022339,1.4212941,laptev
2023-07-09,0.5940317,0.870562744140625,0.7893219,-2.2981873,7.514909,12.322019386291505,0.7676134,1.9063963890075684,1.2461988,laptev
2023-07-10,0.5812373,0.9093078613281251,1.2224655,-2.3633728,5.478593,9.193829727172853,0.5335351,1.3170193672180173,1.4177334,laptev
2023-07-11,0.56634325,0.8864990234375,1.5739365,-1.5120544,6.520562,9.937164306640625,0.61771536,1.507721996307373,1.0570898,laptev
2023-07-12,0.5632937,0.9310180664062501,1.0659027,-1.3995056,7.821834,12.206275749206544,0.5079822,0.859102725982666,0.78855544,laptev
2023-07-13,0.54470474,0.917694091796875,1.2724838,-1.8912048,7.3609962,13.737114715576173,0.66525495,1.2554249286651618,1.0133685,laptev
2023-07-14,0.5347666,0.9245361328125001,1.7782974,-1.3670349,5.823124,9.469720458984376,0.7053053,1.3866372823715212,1.0475774,laptev
2023-07-15,0.50445694,0.8824462890625,1.8318253,-1.3208923,5.6556077,9.271808624267578,0.60834473,1.232737231254578,1.0073292,laptev
2023-07-16,0.49611738,0.8876892089843751,1.5936584,-1.3274841,5.465437,7.907896327972413,0.5564962,0.9495670199394227,0.80048364,laptev
2023-07-17,0.47863886,0.860302734375,1.1909332,-2.5179138,4.434267,7.035653018951416,0.39782083,0.7163386344909669,0.606225,laptev
2023-07-18,0.44198287,0.802545166015625,1.7816162,-0.7979431,4.4032307,6.580440616607667,0.35455203,0.5929046392440797,0.72988915,laptev
2023-07-19,0.4318688,0.80086669921875,1.8150406,-1.0157166,6.1248617,9.42871379852295,0.57003796,1.1751434326171875,0.7696254,laptev
2023-07-20,0.4168369,0.8111145019531251,1.6709518,-1.2515564,5.591151,8.733352279663086,0.6969979,1.1126111268997192,0.96857995,laptev
2023-07-21,0.42117664,0.8208251953125001,1.59095,-1.1724548,7.050582,10.226086235046386,0.8329891,1.4862939834594728,1.0527529,laptev
2023-07-22,0.41927037,0.842388916015625,1.7448654,-1.297699,6.7702956,9.598257637023927,0.6265413,1.1457047939300538,1.0387741,laptev
2023-07-23,0.4257442,0.85869140625,1.347847,-1.3638611,7.0359554,10.791843795776368,0.97317886,1.9006394863128662,1.2771324,laptev
2023-07-24,0.41941354,0.86815185546875,1.4001541,-1.367279,5.323766,9.10106086730957,0.7215782,1.5236758232116698,1.2530112,laptev
2023-07-25,0.41591683,0.86947021484375,1.2776871,-1.3321228,4.4875803,6.58013391494751,0.3983509,0.6184787273406982,1.116884,laptev
2023-07-26,0.42186803,0.910260009765625,1.547905,-1.5586853,3.4656026,5.78256196975708,0.33473995,0.5544488430023193,0.87409884,laptev
2023-07-27,0.425542,0.929046630859375,1.6873398,-2.1543884,2.8227024,4.573699569702148,0.24245921,0.41116018295288087,0.91913974,laptev
2023-07-28,0.42638564,0.9226928710937501,1.5928726,-1.1697693,3.7972207,6.789287567138672,0.32105297,0.7835246682167054,1.074357,laptev
2023-07-29,0.42231703,0.91632080078125,1.7712021,-0.9895935,5.4142637,11.085482025146485,0.49195126,0.901297390460968,1.3408041,laptev
2023-07-30,0.407308,0.902386474609375,2.4573975,-1.1441345,6.7723417,11.62086887359619,0.63883567,1.3507610321044923,1.5017583,laptev
2023-07-31,0.38321915,0.858502197265625,2.2767334,-0.9512634,5.4199266,9.203536796569825,0.5690285,1.201447081565857,1.1896187,laptev
2023-08-01,0.3888812,0.904345703125,2.1333923,-0.95248413,3.9909656,8.382984352111817,0.36830273,0.6831133365631104,0.7737106,laptev
2023-08-02,0.38340774,0.880364990234375,2.0287094,-1.570404,5.5434513,9.533404159545901,0.5401352,1.5868006944656372,0.9232426,laptev
2023-08-03,0.38688487,0.885125732421875,1.9768677,-1.7310486,6.8569436,10.378605842590332,0.8454887,1.8547098636627197,1.2598914,laptev
2023-08-04,0.36392036,0.83004150390625,1.962944,-1.5310974,5.5796614,8.7509183883667,0.6136539,1.1059230089187622,1.169996,laptev
2023-08-05,0.3699267,0.8832763671875,1.1457367,-1.5066833,5.4933352,8.193355178833007,0.6243814,1.0943841218948365,1.5831819,laptev
2023-08-06,0.34955457,0.82293701171875,2.6646194,-0.9317322,5.352135,8.494104385375978,0.60211754,1.1921326398849488,1.0123897,laptev
2023-08-07,0.3184267,0.74591064453125,3.737503,-0.6023865,5.3170447,8.248171997070314,0.3857793,0.8350398540496826,0.8024266,laptev
2023-08-08,0.30755138,0.7491943359375,4.5529404,-0.68685913,5.0644298,7.639179229736328,0.3192323,0.6220984458923342,1.1539499,laptev
2023-08-09,0.31154788,0.74549560546875,5.1455383,-1.3101501,5.6091805,7.739412021636963,0.42376432,0.7425674200057983,1.3194674,laptev
2023-08-10,0.30749282,0.7920715332031251,3.9502487,-3.2115173,5.898571,9.694958114624024,0.60839576,1.5050103187561028,1.4707386,laptev
2023-08-11,0.33197337,0.8554931640625,2.9190826,-2.8138123,6.515477,11.051053047180178,0.98066485,2.318721675872802,1.893534,laptev
2023-08-12,0.3326491,0.8695495605468752,2.2102737,-3.096527,8.267174,13.063911056518554,1.1873158,2.115093469619751,2.075841,laptev
2023-08-13,0.3192417,0.85406494140625,2.358139,-3.4971619,7.702979,11.765222740173341,1.099402,2.1109530925750732,2.0281374,laptev
2023-08-14,0.31856894,0.82015380859375,2.0817413,-2.4788513,6.9176598,12.236874198913574,0.80659413,2.0114323139190673,1.8551762,laptev
2023-08-15,0.3079333,0.80360107421875,2.3360214,-4.126068,5.814781,8.8489351272583,0.6173033,1.1527593135833742,1.4152802,laptev
2023-08-16,0.30680344,0.794732666015625,1.4947739,-4.290619,5.8058314,8.253610992431641,0.65767497,1.0957510948181153,1.4538618,laptev
2023-08-17,0.3123105,0.820135498046875,1.2491455,-4.516693,5.181699,8.47966651916504,0.5672972,0.9816107869148254,1.4335965,laptev
2023-08-18,0.31504852,0.837713623046875,1.6131821,-1.79599,4.2806234,6.992026329040527,0.435531,0.7665058135986329,1.4624671,laptev
2023-08-19,0.3182464,0.858599853515625,1.7516327,-1.5430603,3.786101,5.754094409942627,0.35234675,0.5974440574645996,1.1934837,laptev
2023-08-20,0.3213933,0.902557373046875,1.41716,-1.5376892,4.719175,6.9575062751770025,0.46678704,0.7307073473930359,1.1012397,laptev
2023-08-21,0.31734124,0.908648681640625,1.4110641,-1.9778748,5.5651045,8.030418205261231,0.69628286,1.0954808235168456,1.0429896,laptev
2023-08-22,0.31475383,0.8853942871093751,1.0476608,-2.2522888,3.7363908,6.148662281036378,0.4524921,0.8121541023254395,1.0923334,laptev
2023-08-23,0.31769267,0.8918029785156251,1.6866226,-2.4063416,3.1621373,5.552058506011964,0.29570383,0.5842556834220884,1.1805094,laptev
2023-08-24,0.31614593,0.898602294921875,2.6544266,-2.5445251,4.4139132,7.573954105377198,0.35134035,0.9161661624908447,1.0824554,laptev
2023-08-25,0.30722675,0.8640686035156251,3.0091782,-3.025238,4.5904517,7.4276707649230955,0.5117581,0.9356490731239319,0.86240286,laptev
2023-08-26,0.30871004,0.851531982421875,2.4953918,-2.5289001,3.4001007,5.70641679763794,0.3829632,0.5859846711158754,0.51339954,laptev
2023-08-27,0.30655754,0.851702880859375,2.4885254,-1.6253357,3.9946868,7.047403812408447,0.33292967,0.7285816669464111,0.5285381,laptev
2023-08-28,0.30102178,0.8546813964843751,3.1058197,-2.2644958,5.487051,8.594808006286621,0.6160227,1.2012786388397219,0.74446523,laptev
2023-08-29,0.29887858,0.8552001953125001,2.7617722,-2.5359802,6.5760136,9.911355018615723,0.83187705,1.3880342960357666,1.1861007,laptev
2023-08-30,0.29575595,0.80606689453125,0.7780304,-4.9048767,9.049701,12.680979537963868,1.3602679,2.5281858444213867,2.0956345,laptev
2023-08-31,0.2891928,0.772637939453125,0.57876587,-4.384369,9.21908,12.64281997680664,1.5550954,2.4554998874664307,1.9840572,laptev
2023-09-01,0.30338836,0.8528381347656251,1.490036,-2.0188904,7.339804,10.646935653686523,1.0593216,1.9274203777313237,1.5852716,laptev
2023-09-02,0.30109572,0.853167724609375,0.9812088,-3.190033,6.6538134,10.075330543518067,0.8287093,1.3992000102996829,1.6271343,laptev
2023-09-03,0.28808063,0.7810058593750001,0.083747864,-3.5203552,5.6949077,8.310006332397462,0.71614856,1.0562164783477783,1.8463513,laptev
2023-09-04,0.29322416,0.799462890625,0.26120758,-5.9058533,4.1943126,6.932953453063966,0.56326693,1.086877202987671,1.8206979,laptev
2023-09-05,0.30924058,0.8442443847656251,0.10900879,-6.117279,4.17924,6.563254928588868,0.4277217,0.8532219052314763,1.8531892,laptev
2023-09-06,0.30245447,0.83624267578125,0.42315674,-3.0469666,5.0021796,7.873172760009766,0.45632505,0.934355616569519,1.8349671,laptev
2023-09-07,0.3042503,0.86951904296875,0.8432007,-3.586029,5.9101744,9.211933517456059,0.5934304,1.2707006931304934,1.8212981,laptev
2023-09-08,0.28930068,0.830743408203125,0.99100494,-3.1192322,6.3874664,9.323264503479004,0.75011224,1.365424633026123,1.6114155,laptev
2023-09-09,0.28903916,0.825775146484375,0.59397125,-2.8960876,4.888854,8.01394443511963,0.603794,1.0943774461746218,1.2012511,laptev
2023-09-10,0.28402367,0.827899169921875,1.4637604,-2.4165955,7.65491,12.116542243957522,1.0625614,2.398113059997559,1.1945237,laptev
2023-09-11,0.26775563,0.810235595703125,1.9184875,-3.3562927,7.4549704,10.96536693572998,1.2302463,2.2018487453460693,1.2791183,laptev
2023-09-12,0.26209274,0.785400390625,1.6743546,-4.6958923,7.470821,11.531374168395995,1.1420202,2.0575887203216556,1.1402795,laptev
2023-09-13,0.26924717,0.76494140625,0.59651184,-5.6026306,4.639292,9.098509788513184,0.7213583,1.6723725318908693,1.4333228,laptev
2023-09-14,0.2681328,0.7685180664062501,-0.023170471,-5.710541,3.378747,5.568493843078614,0.36529827,0.6308441281318662,1.3443902,laptev
2023-09-15,0.2675174,0.7861877441406251,-0.3479309,-6.3265076,3.741338,7.0630419731140135,0.3354296,0.6782196283340454,1.1854577,laptev
2023-09-16,0.2735564,0.78819580078125,-0.56863403,-5.6438904,4.89061,7.667540168762208,0.54607534,0.8974424004554749,1.3496003,laptev
2023-09-17,0.2678337,0.764508056640625,-0.73462677,-9.627533,5.2545185,8.15050811767578,0.6904037,1.3171145915985107,1.7469457,laptev
2023-09-18,0.27479023,0.76790771484375,-1.0564651,-9.524994,4.453936,8.157299995422363,0.6672126,1.3870655298233032,1.8740749,laptev
2023-09-19,0.28244412,0.78927001953125,-1.3623352,-11.0850525,3.0739179,5.301365470886233,0.3951062,0.7381161093711854,1.983805,laptev
2023-09-20,0.3019739,0.823345947265625,-1.2834473,-10.436127,3.9394193,9.563819885253906,0.50632966,1.3947556018829346,2.0425076,laptev
2023-09-21,0.30088264,0.82906494140625,-0.49777985,-8.707611,7.210814,10.473311614990235,1.0817409,1.821784257888794,1.8925521,laptev
2023-09-22,0.29082015,0.816119384765625,0.05214691,-5.627777,8.629593,11.107863426208496,1.3946178,2.0956334114074706,1.8764532,laptev
2023-09-23,0.28191784,0.805755615234375,0.15345764,-5.5103455,7.8170967,10.400814247131349,1.2547598,1.8906188011169434,1.7912097,laptev
2023-09-24,0.27944517,0.7890869140625001,0.090545654,-7.7515564,7.966715,12.227428245544434,1.1905661,2.3419223308563235,1.7039087,laptev
2023-09-25,0.27120742,0.786297607421875,-0.002418518,-7.2486267,9.068437,14.284591865539552,1.6811206,3.1303436279296877,1.3180901,laptev
2023-09-26,0.2633679,0.7698974609375,-0.3513031,-5.865814,10.238435,14.844489669799804,2.1900349,3.6194197177886966,1.6383293,laptev
2023-09-27,0.27549136,0.791650390625,-1.0830231,-7.975189,9.235399,15.113649940490722,2.0525532,3.7906126976013184,1.9364648,laptev
2023-09-28,0.27589983,0.791650390625,-2.3977737,-12.316742,8.068144,11.352565002441407,1.209269,2.1664385318756105,2.4851317,laptev
2023-09-29,0.31956035,0.8596130371093751,-2.5191803,-11.997162,8.669876,12.445045471191406,1.5475339,2.5012290477752686,2.4737117,laptev
2023-09-30,0.34623596,0.8713623046875001,-3.0928116,-12.515625,6.71129,10.889519500732423,1.0689747,2.100402593612671,2.5255713,laptev
2023-10-01,0.3823632,0.908624267578125,-3.822052,-14.545258,5.962835,7.9413617134094245,0.76579225,1.1498486995697021,2.816943,laptev
2023-10-02,0.41257694,0.93145751953125,-4.6645355,-15.016266,6.085105,9.889447402954103,0.72889835,1.5181665420532227,3.0934954,laptev
2023-10-03,0.41257694,0.93145751953125,-4.1121597,-15.410797,6.4893107,10.76861743927002,0.92094415,1.8770170211791992,2.995829,laptev
2023-10-04,0.41257694,0.93145751953125,-2.8324432,-16.238434,6.3984637,9.982988166809083,0.98300797,1.8359689712524414,2.4916716,laptev
2023-10-05,0.3833184,0.90010986328125,-2.8340225,-13.476349,6.64173,11.145266342163087,0.92884606,1.7353562593460083,1.9907566,laptev
2023-10-06,0.3811603,0.9181640625,-2.5684052,-12.337982,7.943128,12.481471633911132,0.9452884,1.8307616710662846,2.1844327,laptev
2023-10-07,0.38253513,0.920654296875,-2.7452774,-9.124115,6.230741,9.571800804138183,0.85007155,1.3663576602935792,2.0198736,laptev
2023-10-08,0.39262655,0.937103271484375,-3.182953,-10.717621,4.897009,7.5668329238891605,0.6706183,1.2094512224197387,1.94234,laptev
2023-10-09,0.41761968,0.964691162109375,-4.29467,-12.645599,5.2911043,9.172299766540528,0.761484,1.7060018062591555,2.1690931,laptev
2023-10-10,0.45381692,0.983233642578125,-6.066902,-14.349274,5.9931345,9.823254013061524,1.0099075,1.6475713253021242,2.5168648,laptev
2023-10-11,0.4704397,0.986383056640625,-6.54747,-14.959778,7.1063085,11.523018455505373,1.2214515,2.213307762145996,2.7388198,laptev
2023-10-12,0.48363253,0.985302734375,-6.466316,-18.182358,7.425721,11.39245319366455,1.2950718,2.2758796691894534,2.5370612,laptev
2023-10-13,0.49700892,0.973919677734375,-5.684967,-16.9133,7.7834234,12.015847396850587,1.4411298,2.23816876411438,1.933599,laptev
2023-10-14,0.51005423,0.97781982421875,-5.942253,-16.308441,8.376404,12.948196029663087,1.7086272,3.050163316726685,2.0348334,laptev
2023-10-15,0.52455795,0.981201171875,-7.704506,-18.860153,8.682765,12.167594718933108,1.636142,2.655965232849121,2.354773,laptev
2023-10-16,0.5541642,0.99013671875,-10.000725,-19.854706,7.005412,10.496019363403322,1.1604385,2.1983040809631347,2.7194433,laptev
2023-10-17,0.59059453,0.9936767578125,-11.5377655,-22.424286,5.3385134,7.6156178474426275,0.75639457,1.401041030883789,2.7658596,laptev
2023-10-18,0.59059453,0.9936767578125,-11.931572,-24.675705,5.6696796,8.147959518432618,0.6486043,0.9511838793754578,2.9353225,laptev
2023-10-19,0.6839186,0.983123779296875,-11.56472,-22.81845,5.4982815,10.560480117797852,0.5896336,1.618539428710938,2.9689696,laptev
2023-10-20,0.687576,0.975421142578125,-7.8792877,-19.871582,10.4945345,15.478910636901855,1.9852564,4.187725067138672,2.472732,laptev
2023-10-21,0.6537485,0.958428955078125,-6.6959076,-19.86084,10.198367,15.257019233703614,1.8829167,3.9815916061401366,2.0756922,laptev
2023-10-22,0.6915287,0.956951904296875,-7.035965,-21.082031,9.241966,11.19012565612793,1.7508861,2.4876649379730225,2.205123,laptev
2023-10-23,0.74652195,0.9656005859375,-9.755455,-17.192444,9.450441,14.075894355773926,1.3975906,2.0983300685882567,2.456514,laptev
2023-10-24,0.83034194,0.9688720703125,-10.834381,-16.587524,9.766241,14.028982734680175,1.2459095,2.1143635749816894,2.553218,laptev
2023-10-25,0.8703991,0.968414306640625,-10.25544,-20.865921,7.9276447,12.512905502319336,1.2145295,1.3520746231079102,2.2792673,laptev
2023-10-26,0.9054462,0.980621337890625,-11.091972,-19.111862,5.404276,8.444879913330078,,,2.2535553,laptev
2023-10-27,0.9361271,0.993988037109375,-12.279739,-18.81961,3.5671906,5.969461917877197,,,2.1171644,laptev
2023-10-28,0.9551889,0.9989013671875,-13.263458,-21.355743,3.1161141,5.461816596984864,,,2.0381348,laptev
2023-10-29,0.9690591,0.999298095703125,-14.444435,-22.796524,3.585216,6.254131412506104,,,1.9804058,laptev
2023-10-30,0.9756255,0.999481201171875,-15.3365555,-23.41803,2.8671148,4.471647262573242,,,2.0860796,laptev
2023-10-31,0.9804879,0.99993896484375,-16.01255,-23.156448,3.8887765,7.090484619140625,,,1.9870167,laptev
2024-07-01,0.40169165,0.7526611328125,2.082901,-0.99594116,6.9065485,11.899483489990235,0.90505326,1.9809354305267333,1.2676718,laptev
2024-07-02,0.37638846,0.74708251953125,2.0018768,-2.5118103,4.9851007,9.607061386108398,0.52102274,1.6389319658279418,1.0830867,laptev
2024-07-03,0.36909628,0.77030029296875,1.6897583,-1.0975037,4.2389717,6.578483963012696,0.40755618,0.6809533238410952,0.77543163,laptev
2024-07-04,0.35637724,0.7660400390625,1.6498795,-1.1099548,3.4711118,5.9577531814575195,0.3209719,0.6016981601715089,0.61518025,laptev
2024-07-05,0.3340184,0.756634521484375,1.8760147,-0.655365,3.6149442,6.7802733421325705,0.3183754,0.7305577397346497,0.5724293,laptev
2024-07-06,0.31585777,0.753973388671875,1.8919601,-1.1934509,4.055032,7.165149211883546,0.4157853,0.7950983047485352,0.6683206,laptev
2024-07-07,0.30177313,0.7428466796875,2.0169983,-1.575531,4.153584,6.956681919097901,0.4199919,0.8035715579986572,0.7340038,laptev
2024-07-08,0.28173366,0.718707275390625,2.3777237,-2.4407654,5.3598785,8.332120323181154,0.5031315,0.8657004237174988,0.8195936,laptev
2024-07-09,0.26333827,0.700042724609375,3.6440048,-1.2193298,4.874666,7.157845592498779,0.46246266,0.7409177422523499,1.3816284,laptev
2024-07-10,0.23639894,0.665643310546875,4.314438,-0.82699585,4.125311,6.694534683227539,0.3483534,0.5867398381233215,1.4615524,laptev
2024-07-11,0.23026137,0.65452880859375,3.4764023,-1.0887146,4.1177015,7.474387168884277,0.35192534,0.7934516429901124,1.1938725,laptev
2024-07-12,0.23521577,0.678662109375,2.4173431,-0.8482361,6.050823,8.639299583435058,0.7175505,1.3005414009094238,1.0595787,laptev
2024-07-13,0.2233006,0.6731201171875,2.7722397,-0.4234314,4.9385843,9.233170700073243,0.5537718,1.1742542028427125,1.0056806,laptev
2024-07-14,0.22153156,0.6731689453125,3.7721558,-0.85043335,8.37756,13.888936996459961,1.1383724,2.853797674179077,1.3747433,laptev
2024-07-15,0.18508193,0.627789306640625,3.8461304,-0.4300232,8.159904,11.612714195251465,1.1306515,2.1487020015716554,1.664709,laptev
2024-07-16,0.17914903,0.63406982421875,3.1959915,-1.0899353,7.6244636,10.883273315429689,1.0138121,1.7889177083969117,1.3964562,laptev
2024-07-17,0.18312117,0.651837158203125,2.4462967,-1.3316345,7.9179215,10.822863006591797,1.2469504,1.9968613147735597,1.6945922,laptev
2024-07-18,0.18312117,0.651837158203125,2.1730804,-1.5918884,7.3858633,9.627971267700195,1.0867208,1.605215835571289,1.6796913,laptev
2024-07-19,0.17800783,0.615777587890625,2.1072845,-1.3194275,7.2365026,10.072155380249024,1.1201093,1.7501083850860597,1.6925584,laptev
2024-07-20,0.17039707,0.600054931640625,2.2012863,-1.2830505,6.30171,9.102355003356934,0.8670543,1.4696010589599608,1.570409,laptev
2024-07-21,0.16523205,0.59227294921875,2.5149002,-1.6031189,4.6831717,7.072049808502197,0.5208919,1.0132002115249634,1.3587383,laptev
2024-07-22,0.15946098,0.5718017578125001,2.5938263,-2.5796814,5.239338,8.128690719604492,0.50160515,0.9414895176887512,1.2027514,laptev
2024-07-23,0.16679384,0.5950927734375,2.3520126,-1.5647888,6.2720523,8.620098686218261,0.7349398,1.2523612976074219,1.4770484,laptev
2024-07-24,0.17525856,0.620037841796875,2.1404724,-1.2742615,5.376054,9.00462646484375,0.5434397,1.0097324848175049,2.0128975,laptev
2024-07-25,0.17023551,0.5956298828125,2.4850082,-0.9529724,6.6967487,9.981133079528808,0.7839018,1.6420672893524175,1.8029748,laptev
2024-07-26,0.16483447,0.575921630859375,3.0617523,-0.6607361,5.2392693,8.680195808410645,0.6213513,1.0980687379837037,1.058653,laptev
2024-07-27,0.16382231,0.575390625,2.9210892,-1.0972595,3.5072393,6.825278186798096,0.34264868,0.6566006898880006,0.76447177,laptev
2024-07-28,0.16557528,0.56934814453125,2.3659363,-0.8199158,4.645965,6.953713130950929,0.40887037,0.7257847785949707,0.74751306,laptev
2024-07-29,0.16292252,0.5710388183593751,2.3266144,-1.1734314,4.297055,7.200625038146972,0.49186832,0.8901721596717834,1.0497988,laptev
2024-07-30,0.16537052,0.5745117187500001,2.3714294,-0.78500366,3.6551955,5.765402030944825,0.3883605,0.7493922710418701,1.4533255,laptev
2024-07-31,0.16547808,0.560711669921875,2.56958,-0.6783142,4.234495,6.274640464782715,0.36996093,0.6367455720901489,1.3895137,laptev
2024-08-01,0.1601405,0.5601745605468751,2.8077621,-0.73373413,4.9431667,8.589937019348145,0.38874114,0.7483685731887819,1.0627716,laptev
2024-08-02,0.16285014,0.5643798828125001,2.856758,-1.3453064,5.556962,9.229988098144531,0.50788474,1.1313624143600465,1.0965815,laptev
2024-08-03,0.16338293,0.5673706054687501,2.515854,-1.1531677,4.485073,7.0047181129455565,0.44977456,0.7235912084579468,1.3516985,laptev
2024-08-04,0.17034137,0.5846374511718752,2.3712616,-1.6936951,5.067906,8.632544708251952,0.46383616,0.9947986602783205,1.549505,laptev
2024-08-05,0.16873205,0.58646240234375,2.649887,-1.542572,5.5588326,9.093641281127931,0.58423364,1.2594790220260623,1.4613194,laptev
2024-08-06,0.1635032,0.577740478515625,2.8302155,-1.186615,4.714683,9.376560592651368,0.6344921,1.4810047149658203,1.3590828,laptev
2024-08-07,0.16715644,0.5859008789062501,2.444191,-1.9942322,4.37721,8.181221771240235,0.5524289,1.2416423559188843,1.590728,laptev
2024-08-08,0.15718108,0.5634399414062501,2.6583328,-1.7220154,4.1720963,8.029095458984377,0.51419884,1.0431797981262205,1.3955247,laptev
2024-08-09,0.15769657,0.57867431640625,2.278656,-1.644867,5.1189275,9.577035331726075,0.70750445,1.372704267501831,1.3524978,laptev
2024-08-10,0.16106348,0.581890869140625,2.1998444,-2.4546814,6.722051,10.636073684692382,0.91430855,1.6823179721832275,1.7886436,laptev
2024-08-11,0.16855882,0.604925537109375,1.2789993,-2.7383728,8.650664,11.457893180847169,1.3170202,2.097470760345459,2.8665075,laptev
2024-08-12,0.16747491,0.61121826171875,1.3186188,-2.011078,7.572083,11.441791725158692,1.2891107,2.2527482032775876,2.614575,laptev
2024-08-13,0.16072054,0.59088134765625,2.0082703,-2.2466736,6.7361903,9.743192100524903,0.88621056,1.5528069734573364,2.111889,laptev
2024-08-14,0.16642146,0.6204956054687503,3.3981247,-1.0779724,7.854616,9.728973197937012,0.9248026,1.4216459751129151,1.7365245,laptev
2024-08-15,0.16170508,0.6038146972656251,3.8008041,-0.87509155,7.8106174,10.012613296508789,1.0040249,1.608551597595215,1.4934402,laptev
2024-08-16,0.16236238,0.6169982910156251,3.082779,-1.1497498,5.248292,8.066425895690918,0.62156355,1.3220887184143066,1.1528575,laptev
2024-08-17,0.16524813,0.6167846679687501,2.837326,-1.2876892,4.0694118,6.180691337585449,0.38276166,0.647894024848938,0.98782974,laptev
2024-08-18,0.15841466,0.5997192382812502,3.301445,-1.3926697,4.287901,9.760012817382814,0.31331286,0.6411716938018799,0.72614783,laptev
2024-08-19,0.17190756,0.6429443359375,1.7814026,-2.7166443,7.630163,13.036534118652344,1.2379584,2.7312066555023193,1.4064173,laptev
2024-08-20,0.17346072,0.68568115234375,1.4227142,-2.7188416,5.0995817,8.273332595825197,0.7251209,1.3272584676742554,1.3777698,laptev
2024-08-21,0.17250113,0.68043212890625,1.7995682,-2.073578,4.8130794,7.773729038238526,0.5583217,0.9456187129020691,1.2812691,laptev
2024-08-22,0.17262504,0.6808593750000003,1.7662125,-1.8611755,4.8888474,8.0646297454834,0.5523445,0.9721510171890259,1.757887,laptev
2024-08-23,0.1665957,0.668408203125,2.6278915,-1.4637146,6.283269,10.104021453857422,0.61294943,1.314746046066284,1.7869773,laptev
2024-08-24,0.15145767,0.62969970703125,3.1357117,-2.832367,6.6539245,10.093560409545898,0.76660305,1.4340266704559326,1.2982783,laptev
2024-08-25,0.15273364,0.6356140136718751,1.6677399,-2.6382751,6.3806643,9.704798889160157,0.7714132,1.5615068435668946,1.8316376,laptev
2024-08-26,0.15752888,0.6513549804687501,1.1059875,-2.9512634,5.659857,9.442584419250489,0.81063956,1.6412116527557374,2.5977235,laptev
2024-08-27,0.15263325,0.6538635253906251,1.9270172,-2.64682,5.851284,9.320397758483887,0.65954506,1.1884862422943117,2.3553345,laptev
2024-08-28,0.13237411,0.5722839355468751,3.1333313,-0.8658142,5.969265,9.60816764831543,0.77329737,1.461530876159668,1.6064217,laptev
2024-08-29,0.12878782,0.574871826171875,3.7625046,-0.57650757,6.667124,9.614458656311035,0.8389724,1.5451457023620605,1.5935707,laptev
2024-08-30,0.12922238,0.5925781250000001,3.1078415,-2.8882751,5.181345,8.763172149658203,0.6771653,1.345913815498352,1.3366615,laptev
2024-08-31,0.13262072,0.6119628906250001,2.6144257,-3.6421814,3.916666,6.527448463439942,0.46701083,0.712192714214325,1.1973506,laptev
2024-09-01,0.1326036,0.624835205078125,2.1307983,-2.8543396,3.737091,7.459919166564942,0.3548469,0.6871524333953858,1.0040478,laptev
2024-09-02,0.12569623,0.598455810546875,1.9169006,-3.521576,5.1492066,8.530088615417482,0.45404327,1.0308408737182617,1.4000049,laptev
2024-09-03,0.127159,0.5929199218750002,0.7725296,-3.4134216,4.3263154,8.173723602294922,0.5936458,1.0285759449005127,2.1616664,laptev
2024-09-04,0.13776998,0.6288635253906251,0.7479553,-3.3094177,5.071707,10.228486824035647,0.70924586,1.6427701473236085,2.320951,laptev
2024-09-05,0.13537158,0.635205078125,1.1547852,-3.7659607,5.5732603,11.469487953186036,0.71568686,1.8025502681732177,2.2472267,laptev
2024-09-06,0.13537158,0.635205078125,1.9515839,-4.0679626,7.920144,11.917668724060059,1.229328,2.250378942489624,1.7799692,laptev
2024-09-07,0.12977058,0.6149108886718752,0.5577774,-4.6316833,5.8765426,10.288231658935548,0.9003467,1.6934449434280396,2.5361257,laptev
2024-09-08,0.14234464,0.6914306640625002,0.83143616,-5.840912,5.9488144,8.81423225402832,0.7470494,1.2551303863525392,2.532718,laptev
2024-09-09,0.14167695,0.7175903320312503,1.7560272,-5.5852966,6.934105,9.65776882171631,0.940691,1.6742435932159427,1.4979875,laptev
2024-09-10,0.13642621,0.6837341308593752,1.5874786,-5.722992,6.323714,9.514671325683594,0.89707005,1.5918749094009401,1.317747,laptev
2024-09-11,0.12733985,0.648052978515625,1.1906357,-5.0591736,6.3239164,10.585297966003418,0.91163194,1.6879357337951661,1.4530303,laptev
2024-09-12,0.12733985,0.648052978515625,1.0361176,-4.983246,9.09653,12.762722396850586,1.3774728,2.4548768997192387,1.7697805,laptev
2024-09-13,0.12733985,0.648052978515625,1.0530167,-4.951996,9.6013975,13.221130180358887,1.6765769,2.692134952545166,1.6628218,laptev
2024-09-14,0.12733985,0.648052978515625,0.23627472,-5.828949,7.3522725,12.159260559082032,1.3355553,2.399324893951416,1.8287257,laptev
2024-09-15,0.12733985,0.648052978515625,0.76699066,-5.696869,7.400524,13.078483581542969,1.2314919,2.431762266159058,1.6526544,laptev
2024-09-16,0.12733985,0.648052978515625,1.1137924,-3.880951,9.036575,13.953406143188477,1.7370806,2.698496103286743,1.3875966,laptev
2024-09-17,0.12733985,0.648052978515625,0.5728073,-4.307953,9.29611,13.234485244750978,1.6456747,3.0856650352478026,1.8247714,laptev
2024-09-18,0.12733985,0.648052978515625,-0.1264801,-7.6514587,8.808661,13.890511131286623,1.7427384,3.401754093170166,2.1665444,laptev
2024-09-19,0.13087091,0.6894653320312502,-0.37978363,-7.461273,6.961526,10.17651653289795,1.0805969,2.2248440265655525,2.449249,laptev
2024-09-20,0.14037731,0.7239929199218751,-0.7672577,-8.256195,6.2548237,8.456246757507325,0.82938004,1.141663789749146,2.4269447,laptev
2024-09-21,0.14823061,0.750860595703125,-0.90628815,-9.194183,5.495248,8.539079666137695,0.76939565,1.242683720588684,2.5089407,laptev
2024-09-22,0.15994602,0.783807373046875,-0.9238205,-9.898285,5.571801,8.611113739013673,0.8153222,1.4437036514282227,2.4304984,laptev
2024-09-23,0.17075077,0.8150207519531252,-1.7141113,-9.666595,4.726529,8.430938529968262,0.75395465,1.3449082374572754,2.6784391,laptev
2024-09-24,0.19419628,0.86153564453125,-2.258957,-9.479095,4.8328385,9.140343475341798,0.6436994,1.2936772108078003,3.4882228,laptev
2024-09-25,0.21179664,0.8794189453125,-1.7603378,-10.3685,6.835039,12.038536071777344,1.0122912,2.097562313079834,3.4043777,laptev
2024-09-26,0.21063721,0.8499877929687502,-1.2542953,-12.703705,6.712837,12.185793685913088,1.2084845,2.435532093048096,2.7701294,laptev
2024-09-27,0.20337416,0.853387451171875,-1.1175995,-10.555725,6.953537,9.579152870178223,1.049344,1.8451356887817387,1.9746399,laptev
2024-09-28,0.2070718,0.87606201171875,-2.0069885,-8.816742,5.856597,9.171785736083985,0.8470469,1.3414223909378051,2.3532033,laptev
2024-09-29,0.22609013,0.911279296875,-2.9116135,-10.759125,4.7769475,7.525838565826416,0.59102005,1.0087271928787231,2.9857779,laptev
2024-09-30,0.24084188,0.92672119140625,-3.0980453,-11.25058,5.5132513,8.846774101257328,0.737286,1.3367720127105716,2.985773,laptev
2024-10-01,0.24882258,0.9401123046875001,-2.6827087,-10.610443,5.387926,8.243937110900879,0.78834796,1.2849072933197023,2.9142213,laptev
2024-10-02,0.25701118,0.947296142578125,-2.656952,-11.439789,5.0073633,8.14718647003174,0.68772113,1.1456681013107302,2.8312883,laptev
2024-10-03,0.26517463,0.946502685546875,-3.0992432,-12.761749,4.163696,6.859191036224366,0.5501803,0.883719313144684,2.57053,laptev
2024-10-04,0.28420997,0.965802001953125,-3.500328,-15.618286,4.0949383,8.720444107055664,0.5631733,1.1724597215652468,3.1277573,laptev
2024-10-05,0.29604638,0.9800048828125,-3.801117,-11.877777,4.7150316,8.202300262451173,0.5989149,1.0956359386444097,3.26045,laptev
2024-10-06,0.2962142,0.979779052734375,-4.6932907,-12.370209,4.698303,7.308482646942139,0.55539,0.9414920806884768,3.1331615,laptev
2024-10-07,0.31013775,0.967156982421875,-5.4653397,-12.095551,5.202959,7.625401020050049,0.5836415,0.999608612060547,3.1132016,laptev
2024-10-08,0.31896082,0.95693359375,-5.0805664,-11.675873,5.256934,7.390553951263429,0.620838,0.9854968070983887,3.222779,laptev
2024-10-09,0.335563,0.9698486328125,-5.4097595,-13.525238,4.5770226,7.302355766296387,0.56981975,0.9543889999389648,3.3347063,laptev
2024-10-10,0.34634227,0.969244384765625,-5.356003,-17.403336,6.4120655,11.161605072021484,0.95233464,1.866561508178711,3.0351439,laptev
2024-10-11,0.3389318,0.964990234375,-4.7813797,-16.9794,6.507256,10.685230255126955,1.0651246,1.9477084636688233,2.4807017,laptev
2024-10-12,0.33217958,0.950439453125,-4.230255,-18.17543,4.7916746,8.662910461425781,0.61854637,1.2592169046401978,2.4998453,laptev
2024-10-13,0.34005773,0.955706787109375,-4.4444427,-17.227585,4.831565,7.173312759399415,0.63231283,1.041564416885376,2.2920153,laptev
2024-10-14,0.34656003,0.9533935546875,-5.207741,-17.365692,6.1158843,11.242225456237794,0.90997124,2.2174745559692384,2.3200357,laptev
2024-10-15,0.3697562,0.95233154296875,-5.976959,-15.326691,8.190675,11.982436561584473,1.5937158,2.692695379257202,2.5372033,laptev
2024-10-16,0.4075199,0.974365234375,-7.1909103,-17.942474,6.13638,10.647735023498536,1.347718,2.341609287261963,3.050259,laptev
2024-10-17,0.44943544,0.9822021484375,-8.006218,-18.83699,4.734255,8.37232894897461,0.81902707,1.3932963609695441,3.6377676,laptev
2024-10-18,0.559542,0.986907958984375,-8.286232,-20.907715,4.237621,6.96025972366333,0.575585,0.9369076490402223,3.568663,laptev
2024-10-19,0.63216263,0.996368408203125,-9.023636,-20.692566,4.7409997,8.118338584899902,0.6931202,1.3890533447265625,2.8925695,laptev
2024-10-20,0.683873,0.99993896484375,-10.076286,-20.85147,5.356584,9.072716331481935,0.9577385,1.723795485496521,2.4970005,laptev
2024-10-21,0.7458959,1.0,-10.579475,-19.37535,6.490349,10.342457008361817,0.86199,1.7947469234466553,2.2657597,laptev
2024-10-22,0.7711124,0.99029541015625,-9.953804,-19.708694,7.911336,12.212497520446778,0.7439253,1.2455120086669922,2.291957,laptev
2024-10-23,0.78405255,0.9720947265625,-11.037926,-21.725754,8.414613,12.294606971740723,1.0223844,1.512090253829956,2.4373493,laptev
2024-10-24,0.80874926,0.971337890625,-11.646858,-23.57608,6.46189,11.30782527923584,0.5570825,1.0215644121170044,2.1770473,laptev
2024-10-25,0.8213169,0.980712890625,-11.421661,-23.048126,5.51942,7.8583649635314945,0.8149767,1.287358283996582,2.1040626,laptev
2024-10-26,0.8405099,0.9875732421875,-11.414581,-25.073212,5.4789696,7.225505256652832,0.57201856,0.7883366346359253,2.1463873,laptev
2024-10-27,0.8608341,0.992388916015625,-12.067741,-25.387863,5.5274963,7.917790222167969,0.6764861,0.9304253458976746,2.2697392,laptev
2024-10-28,0.86981744,0.9923095703125,-12.884277,-24.089355,5.4864326,7.963596343994141,,,2.2119455,laptev
2024-10-29,0.8731678,0.9885498046875,-13.221779,-26.20494,6.2727375,10.118294334411623,,,2.280365,laptev
2024-10-30,0.86914027,0.98360595703125,-13.116013,-27.432755,7.1583753,10.694840621948243,,,2.2436757,laptev
2024-10-31,0.8661385,0.98427734375,-13.233391,-27.300034,6.560692,9.825902557373047,,,2.2298234,laptev
